timestamp,controller_side_or_job_label,position_x,position_y,position_z,rotation_x,rotation_y,rotation_z
0,826959908008575,Left,-1,716826,0,1431734,5,612728,11,67088,184,6925,56,40578
0,875981211662292,Left,-1,641162,0,6767162,5,493907,45,5863,190,25,76,74921
0,889235615730286,Left,-1,620874,0,6860821,5,497233,27,61615,199,2449,99,2944
0,902562499046326,Left,-1,597934,0,6683336,5,501328,23,82053,189,3056,102,6262
0,916857600212097,Left,-1,59882,0,6634198,5,505828,25,96579,187,2393,97,57131
0,931359469890594,Left,-1,597574,0,6649175,5,506087,25,94291,187,1822,97,58639
0,945228397846222,Left,-1,597535,0,6649036,5,506102,25,94144,187,1876,97,58805
0,959180593490601,Left,-1,597301,0,6648941,5,506034,25,94331,187,1288,97,59646
0,972824990749359,Left,-1,597139,0,6649023,5,506024,25,92961,187,0832,97,60687
0,98715341091156,Left,-1,597046,0,6648945,5,506011,25,92897,187,0625,97,61547
1,00127565860748,Left,-1,596825,0,6649198,5,505975,25,92348,187,0154,97,63078
1,01468122005463,Left,-1,596772,0,6649189,5,50599,25,92348,187,0154,97,63078
1,02880358695984,Left,-1,596507,0,6649494,5,505917,25,91907,186,9532,97,65758
1,04236423969269,Left,-1,596394,0,6648999,5,505932,25,91858,186,9565,97,65647
1,05651021003723,Left,-1,596262,0,6648756,5,505882,25,91357,186,9138,97,67329
1,07047235965729,Left,-1,59613,0,6648315,5,505884,25,90722,186,8924,97,68095
1,08431446552277,Left,-1,596071,0,6648291,5,505873,25,90722,186,8924,97,68095
1,09835374355316,Left,-1,595855,0,6648287,5,505792,25,91474,186,8467,97,70367
1,11234188079834,Left,-1,595778,0,6648035,5,505808,25,91623,186,8377,97,70815
1,12620842456818,Left,-1,595697,0,664777,5,50578,25,91623,186,8377,97,70815
1,13999700546265,Left,-1,595512,0,6647248,5,505676,25,91628,186,7808,97,70658
1,1540150642395,Left,-1,595398,0,6647259,5,505666,25,91628,186,7808,97,7066
1,1679904460907,Left,-1,595262,0,6647279,5,505614,25,91628,186,7808,97,7066
1,18188917636871,Left,-1,595041,0,6647442,5,505497,25,9241,186,7148,97,71933
1,19575607776642,Left,-1,594963,0,6647351,5,505521,25,92659,186,7127,97,71996
1,20958995819092,Left,-1,594813,0,6647331,5,505462,25,93557,186,6772,97,73322
1,22374749183655,Left,-1,594733,0,6647241,5,505489,25,93606,186,6756,97,73381
1,23761451244354,Left,-1,59462,0,6647403,5,505464,25,93606,186,6756,97,7338
1,25133740901947,Left,-1,594413,0,6647844,5,505394,25,93227,186,6254,97,74179
1,26536393165588,Left,-1,594359,0,6647949,5,50541,25,93389,186,6284,97,74102
1,27952969074249,Left,-1,594212,0,6648306,5,505389,25,93389,186,6284,97,741
1,29304659366608,Left,-1,594146,0,6648587,5,505363,25,92007,186,5732,97,74746
1,30691540241241,Left,-1,594028,0,6649481,5,505352,25,89175,186,5403,97,75038
1,32108438014984,Left,-1,593742,0,6652271,5,505276,25,80317,186,4769,97,77338
1,33494746685028,Left,-1,593699,0,6652907,5,505261,25,78102,186,4679,97,78198
1,34886455535889,Left,-1,593342,0,6657924,5,505132,25,61415,186,3898,97,82304
1,36270487308502,Left,-1,592965,0,6663175,5,504922,25,39087,186,2658,97,86281
1,37646353244781,Left,-1,592636,0,6667584,5,504765,25,2453,186,1807,97,9217
1,39041531085968,Left,-1,591825,0,6678901,5,504418,24,89087,185,9751,98,08746
1,40467286109924,Left,-1,591282,0,6687806,5,504189,24,64575,185,8679,98,28819
1,41811418533325,Left,-1,589396,0,6716927,5,503488,23,85105,185,5585,99,02474
1,43236923217773,Left,-1,58732,0,6745315,5,502594,22,86597,184,8332,99,61362
1,4459935426712,Left,-1,586566,0,676021,5,50253,22,40782,184,986,100,2967
1,45991826057434,Left,-1,5846,0,6797553,5,502013,21,48449,185,3139,101,5476
1,47400033473969,Left,-1,582107,0,6831838,5,500857,20,56418,184,9859,102,3502
1,48795807361603,Left,-1,579145,0,687416,5,499963,19,23568,184,4532,103,0746
1,50197982788086,Left,-1,575883,0,6922579,5,498598,17,77398,183,7637,103,6771
1,51579999923706,Left,-1,573895,0,6955917,5,497573,16,84054,183,2074,103,5868
1,52990484237671,Left,-1,568262,0,7045138,5,495045,14,57062,181,5647,103,2236
1,54352843761444,Left,-1,564781,0,7110384,5,493343,12,62462,180,1888,102,3006
1,55737626552582,Left,-1,562422,0,716721,5,492414,10,72938,179,2154,101,0003
1,57136940956116,Left,-1,558423,0,7256647,5,490745,7,853087,177,8419,98,9032
1,58544886112213,Left,-1,556827,0,7306206,5,489615,6,135809,177,4126,96,98505
1,59900343418121,Left,-1,552036,0,7412505,5,487224,2,973794,175,7839,92,87174
1,61289978027344,Left,-1,545591,0,7504711,5,484448,0,9565973,173,0058,88,54245
1,62691473960876,Left,-1,540936,0,7571116,5,482956,359,0815,170,5964,84,83107
1,64094293117523,Left,-1,53484,0,7740124,5,482873,352,5043,166,7279,75,77151
1,65479552745819,Left,-1,53253,0,78152,5,483509,350,0162,165,9215,73,15242
1,66858398914337,Left,-1,530687,0,8041652,5,486145,338,4585,163,4724,61,03193
1,68252384662628,Left,-1,529859,0,8289941,5,490819,328,4,161,3867,50,98367
1,6964293718338,Left,-1,52917,0,842605,5,494143,324,094,160,2784,47,68619
1,7101891040802,Left,-1,527621,0,8651098,5,49896,317,5278,158,6472,43,8648
1,7241553068161,Left,-1,527589,0,8725886,5,502546,315,4096,158,2063,43,44695
1,73802125453949,Left,-1,530457,0,8923785,5,511007,307,4834,160,2535,37,89277
1,75192606449127,Left,-1,537459,0,9065341,5,518978,301,3508,166,5143,28,6383
1,76573610305786,Left,-1,542135,0,9119199,5,52223,298,7973,171,398,22,15906
1,78008794784546,Left,-1,553012,0,9199798,5,528158,294,7689,186,2951,3,576645
1,79376375675201,Left,-1,555542,0,9223849,5,529245,294,7725,188,3113,1,029134
1,80762767791748,Left,-1,558293,0,9268456,5,528935,294,6263,194,8897,351,6559
1,82149386405945,Left,-1,556825,0,9308709,5,526866,295,3036,192,5324,352,4481
1,8355610370636,Left,-1,554335,0,9324794,5,525462,295,7149,188,8604,356,0053
1,84928214550018,Left,-1,546018,0,936294,5,522364,297,553,177,2104,8,641253
1,86312472820282,Left,-1,539823,0,9390224,5,521309,298,6001,171,2949,15,17281
1,87699782848358,Left,-1,536673,0,9410368,5,521659,299,0247,168,1963,18,93311
1,89099478721619,Left,-1,533104,0,9443515,5,52342,298,9581,165,6926,21,86977
1,90487146377563,Left,-1,53275,0,9445358,5,52482,298,4308,166,162,21,22783
1,91875433921814,Left,-1,531281,0,9477975,5,527556,297,0103,166,963,19,30827
1,93262255191803,Left,-1,531075,0,9489101,5,530122,295,9273,168,9981,16,10109
1,94670987129211,Left,-1,530428,0,9489794,5,531084,295,6785,169,8656,14,56889
1,96051967144012,Left,-1,528324,0,9490021,5,532276,295,4777,170,6154,12,58834
1,9743047952652,Left,-1,52791,0,9487475,5,532797,295,4992,170,7405,12,085
1,98823511600494,Left,-1,524643,0,9483569,5,533786,296,0172,169,2983,13,34807
2,00228071212769,Left,-1,520617,0,9481802,5,534406,296,7253,166,6777,16,20424
2,01644921302795,Left,-1,518198,0,9475165,5,53469,297,2441,165,297,17,68319
2,03011965751648,Left,-1,514408,0,946728,5,535933,297,7898,163,7948,18,98008
2,04393339157104,Left,-1,513663,0,9462367,5,536491,297,8566,163,7522,18,88717
2,05791449546814,Left,-1,510949,0,9446335,5,538213,298,0497,163,8683,18,13834
2,07182812690735,Left,-1,508679,0,9437308,5,539692,298,2786,163,7868,17,63023
2,08577370643616,Left,-1,507613,0,9431919,5,540639,298,3027,163,7182,17,36074
2,09950113296509,Left,-1,504501,0,9425038,5,542591,298,2701,163,2642,16,99739
2,11324191093445,Left,-1,502059,0,9419915,5,54458,298,2301,162,4356,17,28126
2,12724018096924,Left,-1,499861,0,9418205,5,54599,298,2298,161,2531,18,11301
2,14116907119751,Left,-1,496692,0,9409317,5,548275,298,3877,159,9616,18,87941
2,15502333641052,Left,-1,495388,0,9404846,5,549019,298,7653,159,202,19,54252
2,16906690597534,Left,-1,491587,0,9397915,5,551055,299,5695,157,1482,21,5199
2,1829080581665,Left,-1,488693,0,9393989,5,552996,300,2643,155,2865,23,76032
2,19672465324402,Left,-1,486416,0,9394269,5,554335,301,1744,153,4169,26,22277
2,21103739738464,Left,-1,481908,0,9392904,5,556933,302,6177,150,4029,30,07107
2,22448110580444,Left,-1,480108,0,9390464,5,557957,303,1972,149,2038,31,6787
2,23850750923157,Left,-1,475422,0,9393333,5,561279,304,8113,146,1234,35,84103
2,25249624252319,Left,-1,471094,0,9395665,5,564614,306,3586,143,3219,39,99466
2,26653075218201,Left,-1,468287,0,9396316,5,566736,307,5497,141,6073,42,7822
2,28032279014587,Left,-1,463495,0,940231,5,570975,309,7029,138,9706,47,27567
2,29413175582886,Left,-1,461542,0,9394209,5,572129,310,3793,138,1782,48,70184
2,30806708335876,Left,-1,456933,0,9405558,5,57725,312,9683,136,0357,53,57421
2,32203030586243,Left,-1,45365,0,9403571,5,581738,315,5719,135,1282,58,01884
2,33603835105896,Left,-1,451742,0,9403179,5,584116,317,4016,134,6944,61,02699
2,34967970848083,Left,-1,446598,0,9417019,5,590017,322,1746,133,6484,68,25894
2,36363792419434,Left,-1,440864,0,9400992,5,593472,326,645,132,9693,74,67449
2,37740850448608,Left,-1,43745,0,9397615,5,596309,329,3791,132,7937,78,386
2,39144825935364,Left,-1,431584,0,938499,5,60157,334,6467,133,7466,85,47182
2,4054229259491,Left,-1,430017,0,936068,5,602777,336,5163,134,4221,88,05476
2,41916608810425,Left,-1,425276,0,9349998,5,608712,340,7796,136,4338,94,17883
2,43315744400024,Left,-1,423149,0,9324415,5,612251,343,3047,138,6854,99,08052
2,44692969322205,Left,-1,421355,0,9318562,5,614977,344,5073,139,7876,102,1984
2,46078681945801,Left,-1,416913,0,9313425,5,620626,346,2596,140,5778,107,1813
2,47479367256165,Left,-1,415919,0,930466,5,622441,346,4268,139,9203,108,0398
2,48881530761719,Left,-1,41191,0,9309924,5,629525,347,139,6148,110,8727
2,50282120704651,Left,-1,41058,0,9320901,5,635745,346,1682,139,0581,111,7634
2,51650547981262,Left,-1,410717,0,9333862,5,639672,344,8973,138,5544,111,4593
2,53055596351624,Left,-1,409094,0,9369498,5,648646,342,8089,137,7236,111,5004
2,54474687576294,Left,-1,408787,0,9384203,5,651699,341,8638,137,2613,111,0042
2,55831980705261,Left,-1,408094,0,94096,5,66045,340,6404,137,2976,111,7622
2,57205557823181,Left,-1,40993,0,9439983,5,669239,338,2356,138,6293,112,372
2,58602929115295,Left,-1,411315,0,9453881,5,672791,336,95,139,3775,112,0814
2,59991359710693,Left,-1,410545,0,9480473,5,681741,335,7506,140,0239,113,0524
2,61393690109253,Left,-1,406128,0,9481776,5,686845,336,9088,139,179,115,4058
2,62779712677002,Left,-1,401808,0,9480783,5,690667,338,1137,137,7591,116,9812
2,64167022705078,Left,-1,397261,0,9478093,5,698556,339,3028,135,0536,118,3489
2,65562152862549,Left,-1,396401,0,9481081,5,703279,339,1237,133,7742,118,3335
2,66955471038818,Left,-1,39369,0,9495559,5,713357,338,6459,131,9532,119,0701
2,68332076072693,Left,-1,393506,0,9504945,5,721048,337,4317,131,032,119,1495
2,69738388061523,Left,-1,392641,0,9510567,5,72552,337,1283,130,6415,119,3651
2,71128463745117,Left,-1,391402,0,9514912,5,732763,336,8465,129,9057,119,6836
2,72525978088379,Left,-1,390854,0,9517362,5,73575,336,7399,129,5301,119,879
2,73904275894165,Left,-1,389196,0,9522652,5,743873,336,4366,128,2611,120,4582
2,75314378738403,Left,-1,388157,0,9526597,5,750497,336,0617,127,1388,120,9096
2,7670783996582,Left,-1,387506,0,9528092,5,754868,335,7266,126,2172,121,1196
2,78064608573914,Left,-1,386118,0,9525242,5,762222,335,4273,124,7571,121,4986
2,79470705986023,Left,-1,385424,0,951966,5,764148,335,6779,124,6371,121,5965
2,80863308906555,Left,-1,381859,0,9488376,5,766485,337,9591,123,9157,120,6261
2,8226146697998,Left,-1,379586,0,946514,5,77067,339,2776,122,6957,120,5462
2,8364052772522,Left,-1,378595,0,9451784,5,773804,339,7542,122,0208,120,8887
2,85041189193726,Left,-1,37655,0,9431309,5,779964,340,3307,120,9652,121,8844
2,86447358131409,Left,-1,376425,0,9424187,5,782158,340,328,120,5564,122,4
2,87822508811951,Left,-1,375592,0,9412242,5,789831,339,7886,119,1943,124,0088
2,89228582382202,Left,-1,375124,0,9395471,5,795072,339,36,119,1044,125,972
2,90582728385925,Left,-1,372355,0,9362482,5,797646,340,1163,119,3381,126,8815
2,91971039772034,Left,-1,367119,0,9291283,5,802876,342,1748,118,0286,127,6906
2,93358969688416,Left,-1,351528,0,9216325,5,831387,342,491,116,184,128,579
2,94751358032227,Left,-1,335878,0,9145772,5,858577,342,4563,115,4649,129,2133
2,96134972572327,Left,-1,312889,0,9017902,5,896729,342,8215,114,852,129,4556
2,97523593902588,Left,-1,301754,0,8943763,5,912556,342,9035,114,5803,129,3666
2,98981785774231,Left,-1,270336,0,8743416,5,957527,343,0257,113,831,128,8551
3,00343108177185,Left,-1,248266,0,8580675,5,98684,343,3727,113,3737,128,4711
3,01709222793579,Left,-1,231918,0,8448557,6,006557,343,5926,113,0409,128,2253
3,03098225593567,Left,-1,203045,0,8203025,6,04253,343,787,112,6184,127,7497
3,04498600959778,Left,-1,190961,0,8092262,6,056083,343,7964,112,5323,127,6404
3,0587010383606,Left,-1,15942,0,8009591,6,09333,344,0488,112,1393,127,5555
3,0724835395813,Left,-1,13306,0,7969086,6,124073,344,4534,111,7374,127,6757
3,08648562431335,Left,-1,117124,0,7961062,6,142153,344,6827,111,5215,127,8261
3,10036993026733,Left,-1,085265,0,7941348,6,178973,345,2453,111,1094,128,163
3,11435675621033,Left,-1,075349,0,7933681,6,19012,345,5455,111,3268,128,2687
3,12831521034241,Left,-1,04306,0,7916178,6,226403,345,9117,111,4732,128,3674
3,14215397834778,Left,-1,016614,0,7905858,6,257189,345,8792,111,5308,128,3513
3,15610837936401,Left,-1,003075,0,7902125,6,273118,345,7969,111,6175,128,0476
3,17023062705994,Left,-0,9714849,0,7889243,6,310349,345,8774,111,5411,127,6793
3,18391346931458,Left,-0,9633707,0,7884853,6,320191,345,9492,111,4176,127,4219
3,19784212112427,Left,-0,931982,0,7869818,6,357495,346,1294,111,103,126,5931
3,21177411079407,Left,-0,9050421,0,7858769,6,389813,346,1931,110,8631,125,8295
3,22557497024536,Left,-0,892534,0,7854629,6,40396,346,2009,110,8621,125,547
3,23939061164856,Left,-0,8618695,0,7843022,6,44036,346,3163,110,8022,125,1686
3,25363039970398,Left,-0,8368698,0,7833801,6,467956,346,4811,110,9457,124,9973
3,26744318008423,Left,-0,8187869,0,7827845,6,485589,346,4957,110,8843,124,9098
3,28122687339783,Left,-0,7886204,0,7817895,6,516225,346,6333,110,9613,124,6108
3,29519820213318,Left,-0,7751181,0,7813428,6,527986,346,6389,111,1137,124,3933
3,30893969535828,Left,-0,7405393,0,7801741,6,558187,346,7427,111,4466,123,7537
3,32292580604553,Left,-0,7118118,0,7793977,6,582314,346,7057,111,6821,122,9185
3,33687090873718,Left,-0,6924857,0,7788785,6,595383,346,6234,111,778,122,3726
3,35071134567261,Left,-0,6549295,0,7779765,6,618196,346,6465,111,8958,120,8487
3,36460137367249,Left,-0,6410491,0,7777982,6,626799,346,6137,111,844,120,68
3,37846946716309,Left,-0,5980959,0,7769486,6,647652,346,5638,111,7309,120,4666
3,39230918884277,Left,-0,5613784,0,7759166,6,663186,346,6934,112,1469,121,166
3,40632081031799,Left,-0,5400769,0,7758328,6,670976,346,8608,112,3253,121,806
3,42027759552002,Left,-0,4954596,0,7729316,6,686527,347,5635,112,8882,122,1015
3,4341287612915,Left,-0,4824604,0,7725841,6,691219,347,5307,113,072,122,3011
3,44796442985535,Left,-0,4373798,0,7718479,6,706793,347,4704,113,2767,122,3589
3,46185660362244,Left,-0,3984336,0,7705966,6,719823,347,4552,113,6867,122,2345
3,47582912445068,Left,-0,3788206,0,7700698,6,724551,347,4201,113,7337,121,8439
3,48956680297852,Left,-0,3329741,0,7688648,6,735782,347,5607,113,7572,121,5518
3,50378966331482,Left,-0,2958608,0,7672995,6,741097,347,9984,113,6506,121,4778
3,51754665374756,Left,-0,2701888,0,7654637,6,744393,348,399,113,6743,121,4485
3,53138947486877,Left,-0,226822,0,7634752,6,74877,348,8224,113,7358,121,653
3,54517579078674,Left,-0,2089103,0,7623819,6,748156,349,1078,113,759,121,6707
3,55913758277893,Left,-0,1602342,0,7612234,6,750201,349,3663,113,7943,121,6764
3,57294106483459,Left,-0,1226519,0,7593907,6,750782,349,8214,113,887,121,6187
3,58689260482788,Left,-0,0990518,0,7581822,6,746418,349,9524,113,8258,121,2671
3,60095024108887,Left,-0,05351081,0,7573293,6,742983,350,0178,113,7531,121,0756
3,61477875709534,Left,-0,03803906,0,7572748,6,737856,350,0169,113,6577,121,0791
3,62873864173889,Left,0,009553462,0,7565674,6,727385,350,1267,113,6081,121,0977
3,64253354072571,Left,0,04691288,0,7563176,6,717307,350,1297,113,6279,121,2698
3,6563982963562,Left,0,06811282,0,7558289,6,710227,350,2032,113,6383,121,2665
3,67030692100525,Left,0,1131863,0,754733,6,695678,350,4358,113,63,121,2144
3,68437743186951,Left,0,1277577,0,7542787,6,690284,350,5424,113,6379,121,1689
3,69814872741699,Left,0,1726287,0,7531672,6,674965,350,7824,113,5001,120,9972
3,71223831176758,Left,0,2117035,0,7526228,6,660868,350,8585,113,2912,120,8446
3,72596597671509,Left,0,2304382,0,7522796,6,653797,350,9044,113,1739,120,7418
3,73976874351501,Left,0,27516,0,7517917,6,637157,350,9769,112,9907,120,6603
3,75377058982849,Left,0,3083452,0,7514192,6,624598,351,0437,112,8959,120,7009
3,76777410507202,Left,0,3334826,0,7511067,6,614757,351,0901,112,8016,120,7613
3,78192329406738,Left,0,373411,0,7504435,6,599298,351,2039,112,6524,120,8236
3,79533791542053,Left,0,3893762,0,7498758,6,593558,351,339,112,521,120,9498
3,80924081802368,Left,0,4349176,0,748621,6,57657,351,6475,112,1656,121,2232
3,82325577735901,Left,0,4698916,0,7472627,6,563928,351,9583,111,8152,121,5433
3,83710074424744,Left,0,4923719,0,7467216,6,554924,352,0887,111,7895,121,6378
3,85104250907898,Left,0,5334553,0,746024,6,537575,352,2103,111,8185,121,7148
3,86499404907227,Left,0,5492516,0,7458171,6,530958,352,2154,111,8149,121,7567
3,87880778312683,Left,0,5929868,0,7450508,6,513585,352,2326,111,7567,122,0822
3,89268040657043,Left,0,6284629,0,7446786,6,498837,352,1764,111,7679,122,3196
3,90665602684021,Left,0,650299,0,7438098,6,493847,352,0747,112,0496,123,2154
3,92058730125427,Left,0,6939968,0,74275,6,478692,352,3083,112,4821,124,3821
3,9345178604126,Left,0,710175,0,7422339,6,47952,352,3783,112,6056,124,9792
3,9483630657196,Left,0,7570118,0,7410281,6,47888,352,4785,112,7845,126,3708
3,96215891838074,Left,0,7968243,0,7397795,6,481397,352,6046,112,7166,126,7246
3,97615599632263,Left,0,8174504,0,7390749,6,48981,352,7417,112,5519,126,5818
3,99013638496399,Left,0,8645415,0,7376679,6,501589,353,0471,112,2109,126,3438
4,00391530990601,Left,0,8769537,0,7374317,6,506026,353,1122,112,1091,126,1103
4,01779317855835,Left,0,9235667,0,7364282,6,520789,353,3102,111,7752,125,8
4,03177404403687,Left,0,9637809,0,7361763,6,535446,353,3087,111,4908,125,5932
4,04572057723999,Left,0,9814177,0,7362649,6,545201,353,2356,111,3977,125,5345
4,05952644348145,Left,1,025331,0,7364475,6,564448,353,0686,111,3236,125,4418
4,07351398468018,Left,1,058289,0,7365419,6,580874,353,0056,111,3878,125,5044
4,0874137878418,Left,1,081376,0,7476326,6,592737,353,0056,111,3878,125,5044
4,10128021240234,Left,1,120655,0,7543486,6,613239,353,0254,111,2594,125,394
4,11527872085571,Left,1,137194,0,7551397,6,622702,353,0371,111,1757,125,2835
4,12894725799561,Left,1,179056,0,7596288,6,646262,353,0096,110,8855,124,8538
4,14279556274414,Left,1,213255,0,7602748,6,665721,352,9905,110,6257,124,4485
4,15681028366089,Left,1,234615,0,7601244,6,677971,352,9432,110,5107,124,2338
4,17065620422363,Left,1,275473,0,7600919,6,700325,352,9388,110,2632,123,8847
4,18455696105957,Left,1,289882,0,7600302,6,708425,352,9161,110,0354,123,5857
4,19850778579712,Left,1,333234,0,7601982,6,731831,352,7393,109,6047,123,0102
4,21243047714233,Left,1,36876,0,7606341,6,750177,352,4991,109,6619,122,3031
4,22628450393677,Left,1,388827,0,7605683,6,758724,352,4094,109,5728,122,1258
4,2402811050415,Left,1,432484,0,7608392,6,779203,352,2285,109,4961,121,5966
4,25406646728516,Left,1,445971,0,7610432,6,782651,352,0428,109,5087,121,836
4,26784086227417,Left,1,490565,0,761407,6,79998,351,7667,109,5296,122,1892
4,28176498413086,Left,1,530675,0,7610269,6,812817,351,6077,109,5097,122,3054
4,29569625854492,Left,1,550421,0,7615169,6,815704,351,5228,109,5966,122,7472
4,30953502655029,Left,1,597311,0,7607104,6,819897,351,4271,109,8095,123,3223
4,32350158691406,Left,1,632488,0,7609171,6,821173,350,9489,110,1197,124,0122
4,33740615844727,Left,1,657508,0,7593664,6,814682,351,1908,110,3574,124,2454
4,35134220123291,Left,1,699277,0,7586366,6,802325,351,6067,110,6155,124,4488
4,36537313461304,Left,1,71647,0,7582166,6,794083,351,9245,110,7085,124,4628
4,37935829162598,Left,1,761872,0,7559962,6,775527,352,7511,110,9005,124,627
4,39326620101929,Left,1,79551,0,7537023,6,760354,353,1881,110,6423,124,5589
4,40687084197998,Left,1,816278,0,7533949,6,750654,353,2581,110,4871,124,6547
4,42087888717651,Left,1,857196,0,7504153,6,730896,353,1475,110,3943,124,6385
4,43481397628784,Left,1,864375,0,7478871,6,727617,353,0485,110,4144,124,5631
4,44857454299927,Left,1,894717,0,747121,6,712953,352,8992,110,5011,124,271
4,46256828308105,Left,1,915831,0,7435587,6,703218,353,0362,110,6141,124,1233
4,47642517089844,Left,1,92418,0,7394879,6,699482,353,1262,110,7654,124,0832
4,49040412902832,Left,1,943674,0,7316272,6,690557,353,1507,111,0183,124,1485
4,50423574447632,Left,1,946451,0,7286372,6,690189,351,3577,111,6789,124,8344
4,51804065704346,Left,1,955091,0,7246606,6,688519,341,8526,114,8773,127,8519
4,53201150894165,Left,1,963771,0,7144045,6,682475,331,8707,120,1592,125,288
4,5458869934082,Left,1,979588,0,7124382,6,671581,336,7885,119,7247,120,2512
4,55993270874023,Left,2,011485,0,7195666,6,660475,354,302,112,7746,124,6556
4,57371473312378,Left,2,001613,0,7151289,6,659965,354,0785,112,7273,124,8618
4,58759784698486,Left,1,99973,0,7141131,6,659594,354,1603,112,9096,124,9117
4,60149145126343,Left,1,999726,0,7117491,6,65691,354,5507,113,0332,124,573
4,61532545089722,Left,1,999095,0,7109007,6,656232,354,6597,113,0373,124,3313
4,62916707992554,Left,1,997484,0,708779,6,654479,354,7032,113,2642,124,2373
4,6433482170105,Left,1,996325,0,7068183,6,652871,354,8024,113,6076,124,3217
4,65696048736572,Left,1,99576,0,7052751,6,651605,355,0359,113,8455,124,3321
4,67110538482666,Left,1,994725,0,7024429,6,649397,355,4797,114,252,124,3587
4,68479919433594,Left,1,994368,0,7012762,6,648583,355,73,114,3825,124,3182
4,69866561889648,Left,1,993268,0,6984369,6,646568,356,2227,114,6175,124,0922
4,71253776550293,Left,1,992472,0,6964055,6,645389,356,6384,114,8111,123,9714
4,72652721405029,Left,1,992159,0,6950732,6,644464,357,0654,114,9192,123,7543
4,7403621673584,Left,1,991174,0,6929638,6,642842,357,7644,115,1168,123,1258
4,75431871414185,Left,1,990533,0,693051,6,643096,357,7281,115,1519,123,0703
4,76809692382813,Left,1,988809,0,6930496,6,642754,357,6281,115,3752,123,0268
4,7836389541626,Left,1,987005,0,6937824,6,642259,357,5053,115,7177,122,4445
4,79572582244873,Left,1,986151,0,6937462,6,64185,357,4794,115,8806,122,1322
4,80958318710327,Left,1,983607,0,6944979,6,641079,357,0382,116,2,120,8566
4,82384967803955,Left,1,982265,0,6956982,6,641432,356,4336,116,286,119,8058
4,83757638931274,Left,1,98077,0,6962116,6,641458,355,9985,116,3482,119,13
4,85312223434448,Left,1,978609,0,6977072,6,642196,354,9339,116,5288,118,1951
4,86511611938477,Left,1,978103,0,6980538,6,64252,354,7166,116,742,118,157
4,87899971008301,Left,1,976757,0,6982095,6,64326,354,3711,117,3826,118,4939
4,8928165435791,Left,1,976995,0,6972434,6,644098,354,6515,117,8031,119,3926
4,90706586837769,Left,1,977225,0,6962068,6,644595,354,8817,117,745,119,6227
4,92079973220825,Left,1,977842,0,6948492,6,645646,355,1566,117,7793,120,2413
4,93470573425293,Left,1,978199,0,6943392,6,645437,355,3035,117,7465,120,2688
4,9487738609314,Left,1,976681,0,6921418,6,640265,355,8043,118,0029,120,463
4,96257305145264,Left,1,975065,0,6907565,6,634665,356,1684,118,1254,120,4172
4,9764256477356,Left,1,972304,0,6888251,6,624057,356,7306,118,3363,120,2585
4,99030160903931,Left,1,966279,0,6870534,6,600757,357,3556,118,4078,119,6468
5,00436687469482,Left,1,96401,0,6873282,6,591964,357,2629,118,3598,119,8131
5,01819896697998,Left,1,952504,0,692625,6,556822,357,077,118,2955,120,1199
5,03207874298096,Left,1,936309,0,7081297,6,521781,356,7265,118,1377,120,1739
5,04590559005737,Left,1,928112,0,7069448,6,50422,356,7265,118,1377,120,1739
5,0597996711731,Left,1,911378,0,7131356,6,466268,359,4196,103,6252,111,9574
5,07369470596313,Left,1,9025,0,7129588,6,437817,358,3032,86,34168,106,4115
5,08764314651489,Left,1,896331,0,7091521,6,411668,354,1431,77,33061,96,26981
5,10171985626221,Left,1,884891,0,7154873,6,38134,356,0853,61,23806,96,85672
5,11562299728394,Left,1,860324,0,718006,6,364224,359,8412,53,76586,108,4797
5,12926626205444,Left,1,825722,0,7157923,6,299645,0,3666761,75,95309,115,219
5,14317607879639,Left,1,810977,0,7157471,6,270405,357,4823,110,0952,119,5203
5,15718936920166,Left,1,809852,0,7149936,6,246213,356,4001,118,2835,120,2683
5,17099618911743,Left,1,792817,0,715997,6,204608,356,2367,118,3225,120,2442
5,18502998352051,Left,1,785474,0,7166971,6,187736,356,141,118,3652,120,206
5,19876956939697,Left,1,76582,0,7180779,6,14382,355,9725,118,4762,120,2054
5,21260166168213,Left,1,749445,0,719497,6,107285,355,8551,118,6184,120,2992
5,22648429870605,Left,1,739426,0,7202076,6,086125,355,8204,118,7705,120,3345
5,24040842056274,Left,1,718866,0,7218196,6,041523,355,7475,119,1582,120,3003
5,2543044090271,Left,1,710754,0,7230415,6,027383,355,5362,119,4017,120,2959
5,26817083358765,Left,1,68589,0,7252122,5,982776,355,1302,119,8421,120,0918
5,28221988677979,Left,1,66489,0,7261152,5,945312,354,9774,120,0044,119,9195
5,29600381851196,Left,1,652425,0,7265604,5,927932,354,9651,120,1315,119,8344
5,30999326705933,Left,1,62295,0,7275047,5,885572,354,9338,120,491,119,5049
5,3239917755127,Left,1,601329,0,7282174,5,856325,354,8024,120,8066,119,5611
5,33764839172363,Left,1,583287,0,7287015,5,835961,354,7333,120,8913,119,2642
5,35160970687866,Left,1,551198,0,7298973,5,804367,354,2187,121,1487,118,9183
5,3655948638916,Left,1,533608,0,7303723,5,795467,353,9242,121,556,119,9087
5,37944221496582,Left,1,495648,0,7299373,5,764538,354,3234,122,0525,120,6067
5,39355421066284,Left,1,459774,0,7304188,5,753003,354,2336,121,9819,120,7668
5,40727567672729,Left,1,43482,0,730608,5,750372,354,2699,122,1712,120,9356
5,42106294631958,Left,1,390916,0,7311723,5,741313,354,2135,122,439,121,1319
5,43500852584839,Left,1,37343,0,7311805,5,738201,354,2328,122,641,121,3586
5,44887495040894,Left,1,325698,0,7313319,5,731039,354,4091,123,1893,121,8004
5,46279430389404,Left,1,287709,0,7304114,5,725086,354,6266,123,2555,122,0283
5,47666168212891,Left,1,264793,0,7308078,5,724125,354,5732,123,0527,121,941
5,49053478240967,Left,1,218883,0,7287951,5,721469,354,597,123,027,121,9106
5,50449180603027,Left,1,203337,0,7258785,5,720458,354,6877,122,9664,121,8534
5,51830005645752,Left,1,156062,0,719662,5,720814,354,808,122,7632,121,7111
5,53220748901367,Left,1,115807,0,7118937,5,723226,354,7614,122,6621,121,8663
5,5461597442627,Left,1,094502,0,7099,5,726194,354,729,122,6612,121,9252
5,5600757598877,Left,1,046612,0,7075247,5,730503,354,627,122,635,121,9532
5,57392644882202,Left,1,033336,0,7078106,5,732918,354,5878,122,6271,121,9843
5,58783102035522,Left,0,9855411,0,7088864,5,739747,354,4568,122,591,122,1085
5,6019401550293,Left,0,9432563,0,7092884,5,74548,354,41,122,5768,122,1913
5,61566638946533,Left,0,9247754,0,7098647,5,749557,354,3376,122,5319,122,3198
5,62963199615479,Left,0,877441,0,7109712,5,759582,354,1912,122,2549,122,568
5,64340782165527,Left,0,8426767,0,7112125,5,766326,354,1657,122,0564,122,594
5,65722370147705,Left,0,81855,0,7114493,5,77183,354,1388,121,8584,122,6491
5,67119312286377,Left,0,775718,0,7115887,5,782239,354,1427,121,6124,122,7684
5,68503713607788,Left,0,7589421,0,7115511,5,786092,354,1461,121,5497,122,7987
5,69928741455078,Left,0,7105592,0,7115363,5,799296,354,1101,121,3203,122,9479
5,71294927597046,Left,0,6755476,0,7113905,5,809818,354,1071,121,3075,122,957
5,7268853187561,Left,0,6532575,0,7113169,5,819149,354,1036,121,1655,122,8355
5,7408709526062,Left,0,6104593,0,7113537,5,834957,354,0286,121,0069,122,7715
5,75474119186401,Left,0,5959777,0,7113392,5,842765,354,0031,121,0382,122,7816
5,76851892471313,Left,0,5522341,0,7112051,5,861713,354,0025,121,1372,122,7723
5,78226041793823,Left,0,516875,0,7110236,5,879428,353,9922,121,0642,122,6724
5,79615831375122,Left,0,4979711,0,7110297,5,890045,353,9591,121,0393,122,6724
5,81039428710938,Left,0,4550624,0,7109199,5,913548,353,9002,120,9184,122,6954
5,82396793365479,Left,0,4442331,0,710851,5,919782,353,9053,120,8735,122,6771
5,83790302276611,Left,0,4015496,0,7106429,5,944428,353,8947,120,6749,122,6032
5,8517632484436,Left,0,3658474,0,7105362,5,966407,353,8422,120,5406,122,6478
5,86588048934937,Left,0,3483337,0,710436,5,978053,353,8501,120,5072,122,6683
5,87971496582031,Left,0,3082202,0,7101043,6,004111,353,9008,120,3563,122,7339
5,89347648620605,Left,0,2792161,0,7099154,6,024523,353,9096,120,2814,122,7625
5,90751791000366,Left,0,258819,0,7098847,6,041808,353,8583,120,243,122,7635
5,92136001586914,Left,0,2249739,0,7097823,6,068769,353,7626,120,2065,122,7626
5,93512201309204,Left,0,2135128,0,7095847,6,082163,353,7883,120,1687,122,7088
5,94898557662964,Left,0,182924,0,7085268,6,118469,354,0284,119,9844,122,3698
5,96289396286011,Left,0,1604382,0,7073351,6,149649,354,153,119,4676,121,6707
5,97684288024902,Left,0,1533185,0,7075782,6,174234,353,6548,118,9769,121,3732
5,99073314666748,Left,0,1377797,0,7078305,6,217927,353,1525,118,1827,121,3792
6,00468158721924,Left,0,133592,0,707831,6,234156,353,0819,118,075,121,373
6,01851558685303,Left,0,1253404,0,7073956,6,281737,353,2954,117,9972,121,7965
6,03261137008667,Left,0,1228404,0,7068353,6,322885,353,3703,117,5343,122,0779
6,0462818145752,Left,0,1239898,0,7066584,6,343854,353,4297,117,5783,122,0855
6,06024503707886,Left,0,1242944,0,7059709,6,391785,353,5258,117,3529,121,5851
6,07427978515625,Left,0,1266318,0,7059151,6,407313,353,3829,117,1041,121,0918
6,08797931671143,Left,0,1318675,0,7060555,6,453779,353,1121,116,9308,120,0209
6,10184240341187,Left,0,1385584,0,7063598,6,49499,353,1,116,9842,119,4559
6,11576747894287,Left,0,1464412,0,7064206,6,51407,353,1251,117,0524,119,5144
6,12968683242798,Left,0,162791,0,7066506,6,559216,353,2233,117,391,120,0901
6,14363813400269,Left,0,1774802,0,706347,6,591244,353,3002,117,592,119,6423
6,15744686126709,Left,0,1905634,0,7063873,6,613354,353,2953,117,4631,119,1672
6,17166376113892,Left,0,2148787,0,7068683,6,650415,353,1124,117,4014,118,6441
6,18523216247559,Left,0,2249978,0,7072124,6,664178,352,9634,117,4129,118,5155
6,19912147521973,Left,0,254382,0,7075675,6,702959,352,9264,117,5088,118,5609
6,21321582794189,Left,0,2782069,0,7078449,6,732705,352,8873,117,5766,118,4319
6,2274169921875,Left,0,2972031,0,7080918,6,75109,352,8692,117,6832,118,4312
6,24087381362915,Left,0,3265454,0,7083713,6,781911,352,7793,117,7584,118,3
6,25471258163452,Left,0,341248,0,7085164,6,790518,352,7007,117,7164,118,2231
6,26857948303223,Left,0,3795462,0,7088976,6,818533,352,5541,117,7087,118,2824
6,28254556655884,Left,0,4135357,0,7087889,6,839385,352,629,117,7365,118,379
6,29637670516968,Left,0,4340342,0,7088848,6,84729,352,6094,117,7915,118,3371
6,31023263931274,Left,0,4777879,0,7091651,6,86455,352,5199,117,8512,118,2623
6,32413148880005,Left,0,4917457,0,7091165,6,868651,352,5392,117,8533,118,3012
6,33816576004028,Left,0,5397516,0,7089313,6,87965,352,6463,117,8522,118,4444
6,35208082199097,Left,0,5813394,0,708694,6,886968,352,9206,117,8058,119,0963
6,36587715148926,Left,0,6023674,0,7081711,6,886406,353,2638,117,8069,119,6939
6,37981510162354,Left,0,6523726,0,70632,6,888663,354,1656,117,9692,120,8734
6,39369678497314,Left,0,6884143,0,7046492,6,885261,354,9869,118,0154,121,2273
6,40779781341553,Left,0,7164695,0,7029182,6,879824,355,9141,118,0334,120,9027
6,42151403427124,Left,0,7578989,0,7017389,6,874021,356,3059,117,8706,120,4675
6,43528509140015,Left,0,7725937,0,7022338,6,872545,355,8394,117,5845,121,064
6,44917058944702,Left,0,791082,0,7033239,6,87184,354,5551,117,4291,121,9658
6,46308946609497,Left,0,7990173,0,7042623,6,869031,354,209,117,3417,120,6917
6,47711181640625,Left,0,7973671,0,7045441,6,86909,354,0444,117,0889,120,1557
6,49083614349365,Left,0,7990268,0,7049029,6,868608,354,0797,117,2299,119,8895
6,50524568557739,Left,0,7990304,0,7050083,6,868757,354,1488,117,3379,120,1064
6,51869964599609,Left,0,7988938,0,7050713,6,868429,354,2245,117,4837,120,4207
6,53255128860474,Left,0,7988639,0,7052428,6,867623,354,4449,117,7427,120,9744
6,54634714126587,Left,0,7986768,0,7052551,6,867406,354,4079,117,6888,120,9064
6,56049871444702,Left,0,7985977,0,7055314,6,867481,354,3129,117,5945,120,7763
6,57414150238037,Left,0,7986135,0,705652,6,867479,354,2935,117,5882,120,7421
6,58840703964233,Left,0,7980208,0,7066005,6,866821,354,0933,117,6632,120,5797
6,60193109512329,Left,0,7979294,0,7069479,6,866406,354,0916,117,7594,120,5197
6,61582040786743,Left,0,7978981,0,7070673,6,865995,354,1563,117,7804,120,4047
6,62970018386841,Left,0,7977479,0,7074003,6,865268,354,2917,117,8121,120,1496
6,64360237121582,Left,0,7977347,0,7075164,6,865395,354,2944,117,8126,120,1443
6,65754652023315,Left,0,7975794,0,7079861,6,865642,354,1389,117,7802,120,1986
6,6714916229248,Left,0,7976447,0,708245,6,86563,354,0885,117,7697,120,2162
6,68552446365356,Left,0,7973173,0,7095066,6,865731,354,0496,117,991,120,6284
6,69926881790161,Left,0,7963817,0,7116253,6,866442,353,7976,118,5823,121,4287
6,71313190460205,Left,0,7956325,0,7118568,6,865744,353,5875,118,7324,121,1287
6,72698068618774,Left,0,7951254,0,7120228,6,865434,353,4267,118,5802,120,4571
6,74103021621704,Left,0,7928882,0,714588,6,86646,352,4226,118,7081,119,4023
6,75481605529785,Left,0,7930011,0,7152925,6,866929,352,2403,118,6504,119,3052
6,76862382888794,Left,0,7919774,0,716907,6,867919,351,6286,118,4245,118,6881
6,78261423110962,Left,0,7917088,0,7177275,6,868834,351,4653,118,4177,118,4065
6,79655361175537,Left,0,8027543,0,7179062,6,872149,351,5273,118,3662,118,2867
6,81044626235962,Left,0,8252097,0,717145,6,87632,351,9815,118,2357,118,4785
6,82427883148193,Left,0,8349962,0,7165257,6,877752,352,2194,118,2069,118,7411
6,83824872970581,Left,0,8737308,0,7149391,6,882535,353,1202,117,9979,119,4888
6,85201358795166,Left,0,9082968,0,713158,6,884408,354,1195,117,8388,119,8707
6,8659462928772,Left,0,9271049,0,7118043,6,881258,354,7129,117,8187,120,1493
6,87994289398193,Left,0,9707985,0,7091043,6,877775,355,7346,117,7532,120,321
6,89375162124634,Left,0,9942439,0,7083394,6,875162,355,6755,117,447,120,2995
6,90766382217407,Left,0,995684,0,7090951,6,877753,354,6248,117,2537,121,7141
6,9216194152832,Left,1,008254,0,7088934,6,875782,354,046,117,5624,122,1687
6,93548488616943,Left,1,004661,0,7093993,6,874556,353,9879,117,4998,121,2692
6,94932651519775,Left,1,008099,0,7097466,6,873846,353,9239,117,3777,120,708
6,96323347091675,Left,1,008073,0,7094707,6,874041,353,9081,117,5165,120,4706
6,97713327407837,Left,1,008186,0,7092562,6,874709,353,8738,117,5123,120,3793
6,99136114120483,Left,1,008285,0,7091329,6,875207,353,885,117,538,120,3389
7,00502586364746,Left,1,008333,0,7091232,6,875355,353,9022,117,5431,120,3499
7,01884317398071,Left,1,008515,0,7090206,6,876137,353,9474,117,5241,120,3794
7,03271961212158,Left,1,008688,0,7090214,6,877153,353,9298,117,4459,120,4068
7,04663896560669,Left,1,009064,0,7091561,6,878299,353,9045,117,3416,120,5114
7,06056308746338,Left,1,009739,0,7093002,6,879762,353,9293,117,1126,120,5393
7,07444334030151,Left,1,009821,0,7094803,6,880301,353,8967,117,0284,120,4827
7,08814239501953,Left,1,010038,0,710373,6,882027,353,6271,116,8222,120,3488
7,10207033157349,Left,1,010379,0,7112315,6,883441,353,3702,116,6648,120,344
7,11631441116333,Left,1,010665,0,7113292,6,883678,353,3949,116,5871,120,325
7,12993001937866,Left,1,011484,0,711761,6,884898,353,468,116,2731,120,4182
7,14374685287476,Left,1,012102,0,7124244,6,886548,353,396,115,9587,120,6992
7,15753698348999,Left,1,012185,0,7124537,6,886672,353,3993,115,9216,120,7092
7,17173433303833,Left,1,012986,0,7126353,6,887736,353,5498,115,6242,120,769
7,18562126159668,Left,1,012907,0,7126418,6,88786,353,5786,115,6031,120,7293
7,1991753578186,Left,1,012694,0,7129647,6,888127,353,4674,115,6071,120,6322
7,21307516098022,Left,1,012694,0,7137081,6,889023,353,2029,115,495,120,6696
7,22698640823364,Left,1,012788,0,7139584,6,889369,353,1621,115,4818,120,7706
7,24089288711548,Left,1,012822,0,714025,6,889513,353,1745,115,4831,120,835
7,25494718551636,Left,1,012815,0,7140609,6,889702,353,1863,115,493,120,8851
7,26872110366821,Left,1,012727,0,7142828,6,890414,353,1364,115,465,120,9586
7,28258275985718,Left,1,012602,0,7144457,6,890904,353,0533,115,3903,120,9342
7,29654359817505,Left,1,012552,0,7145151,6,891134,353,0178,115,359,120,9108
7,31350421905518,Left,1,012429,0,7144332,6,891543,353,0172,115,3708,120,9194
7,32739400863647,Left,1,012336,0,7144125,6,891994,352,9607,115,3558,120,921
7,34121990203857,Left,1,012145,0,7143416,6,892676,352,8499,115,386,120,9727
7,35512924194336,Left,1,012163,0,7142823,6,89274,352,843,115,3782,120,9822
7,36919546127319,Left,1,012105,0,7140162,6,893138,352,8329,115,3958,120,9783
7,38296413421631,Left,1,012037,0,7137733,6,893545,352,8113,115,4004,120,9858
7,39695072174072,Left,1,011943,0,7134923,6,893957,352,7704,115,4056,120,9894
7,41971731185913,Left,1,011864,0,7129981,6,894771,352,6957,115,4415,121,0648
7,42513132095337,Left,1,011876,0,7130775,6,89468,352,7221,115,4433,121,0425
7,44239711761475,Left,1,011874,0,7125791,6,895195,352,7372,115,5042,121,0834
7,4526309967041,Left,1,011858,0,7125633,6,8952,352,738,115,5129,121,1037
7,46626424789429,Left,1,011886,0,7123389,6,895505,352,738,115,5129,121,1037
7,48119497299194,Left,1,013565,0,7115294,6,896165,352,9235,115,4904,121,3008
7,49665021896362,Left,1,016069,0,711104,6,895944,353,0611,115,507,121,51
7,5119423866272,Left,1,019667,0,7101449,6,895811,353,3833,115,4637,121,9054
7,52808570861816,Left,1,022052,0,7099095,6,895282,353,4365,115,3972,121,9004
7,5418529510498,Left,1,025122,0,7097563,6,894892,353,4211,115,3163,122,0491
7,55720043182373,Left,1,026896,0,7095068,6,894969,353,5034,115,2612,122,2393
7,57107877731323,Left,1,027874,0,7092833,6,895501,353,5614,115,1335,122,478
7,58532238006592,Left,1,027897,0,7092444,6,896101,353,5109,115,0393,122,674
7,5995922088623,Left,1,027844,0,709249,6,896745,353,377,114,9119,122,7916
7,61407136917114,Left,1,027824,0,7093053,6,89679,353,3428,114,9147,122,6761
7,62834501266479,Left,1,027779,0,7093734,6,897035,353,2969,114,9254,122,6845
7,64224767684937,Left,1,027777,0,7094933,6,897534,353,2342,114,9109,122,7532
7,65631055831909,Left,1,02778,0,7094901,6,897633,353,2342,114,9109,122,7532
7,67035579681396,Left,1,027801,0,7095217,6,898201,353,2083,114,894,122,8382
7,68442535400391,Left,1,027822,0,7094668,6,898369,353,2076,114,8727,122,8569
7,69848299026489,Left,1,02787,0,7093757,6,898987,353,1958,114,8101,122,8864
7,71242761611938,Left,1,027848,0,7093873,6,899682,353,1439,114,735,122,874
7,72639799118042,Left,1,02784,0,709479,6,900236,353,0799,114,6659,122,9004
7,74038600921631,Left,1,027903,0,7095613,6,9011,353,0195,114,5779,122,9921
7,75436973571777,Left,1,027927,0,7094983,6,901339,353,0394,114,5752,123,034
7,76840400695801,Left,1,027972,0,7094418,6,90199,353,0529,114,5553,123,0951
7,78257131576538,Left,1,028105,0,7093554,6,902827,353,0633,114,4564,123,1212
7,79635620117188,Left,1,028245,0,7092693,6,903144,353,0998,114,4066,123,1274
7,81003427505493,Left,1,028666,0,7089421,6,904284,353,2429,114,2423,123,1215
7,82413864135742,Left,1,028627,0,7089449,6,904403,353,238,114,2343,123,128
7,83796739578247,Left,1,028916,0,7088123,6,905172,353,276,114,1472,123,1509
7,85173892974854,Left,1,029147,0,7087418,6,905861,353,2854,114,0564,123,1667
7,86568260192871,Left,1,029269,0,7087082,6,906204,353,2936,114,0185,123,1795
7,87988615036011,Left,1,029643,0,7085885,6,907039,353,3371,113,9081,123,1747
7,89346885681152,Left,1,029918,0,7085168,6,907784,353,3553,113,7886,123,142
7,90744876861572,Left,1,030052,0,7085398,6,908269,353,3324,113,7285,123,1586
7,92148590087891,Left,1,030526,0,7084716,6,909351,353,3506,113,5674,123,2229
7,93518495559692,Left,1,030635,0,7084534,6,909591,353,358,113,5274,123,2434
7,94917678833008,Left,1,031159,0,7084584,6,910916,353,3666,113,2822,123,3309
7,96306133270264,Left,1,031357,0,7084891,6,911681,353,3604,113,1643,123,3431
7,97735643386841,Left,1,03143,0,7085202,6,91199,353,3485,113,1224,123,3366
7,99081754684448,Left,1,031771,0,7086133,6,91305,353,3273,112,9356,123,3639
8,00468444824219,Left,1,031862,0,7086403,6,913415,353,3263,112,8733,123,3922
8,01873302459717,Left,1,032114,0,7087913,6,914758,353,287,112,6561,123,4924
8,03248023986816,Left,1,032124,0,7089502,6,915605,353,2065,112,5636,123,6043
8,04633617401123,Left,1,032171,0,7089657,6,915901,353,1842,112,5356,123,6255
8,06033134460449,Left,1,032285,0,7088768,6,916855,353,1845,112,3954,123,6296
8,07426071166992,Left,1,032324,0,70885,6,917233,353,1785,112,3256,123,6216
8,08811664581299,Left,1,032529,0,7087358,6,918694,353,1479,112,0468,123,6353
8,10200023651123,Left,1,032709,0,7085264,6,919827,353,1722,111,8331,123,6938
8,11599063873291,Left,1,032736,0,7083098,6,920495,353,2019,111,7709,123,7936
8,12992763519287,Left,1,03278,0,7080157,6,921411,353,2156,111,6489,123,8505
8,14393138885498,Left,1,032728,0,7078216,6,92189,353,1966,111,6061,123,8761
8,15763378143311,Left,1,032774,0,7075775,6,922288,353,2162,111,5634,123,8727
8,17182540893555,Left,1,032854,0,7071974,6,922864,353,2691,111,5101,123,872
8,18538665771484,Left,1,032876,0,7070642,6,923073,353,2862,111,4907,123,8769
8,19928455352783,Left,1,033188,0,7063614,6,924069,353,4181,111,3972,123,9514
8,21346473693848,Left,1,033198,0,7059848,6,924625,353,4646,111,3439,123,9936
8,22721576690674,Left,1,03326,0,7057679,6,92506,353,4657,111,2919,124,0113
8,24096488952637,Left,1,033479,0,7053592,6,925653,353,4994,111,2337,124,0267
8,25479602813721,Left,1,033489,0,7052882,6,925768,353,4994,111,2337,124,0267
8,26877689361572,Left,1,033713,0,7049856,6,926315,353,4888,111,1811,124,0355
8,28264141082764,Left,1,033867,0,70473,6,926842,353,4874,111,1739,124,0367
8,29650974273682,Left,1,034166,0,7043959,6,927438,353,5352,111,0782,124,0565
8,31073379516602,Left,1,034589,0,703991,6,928201,353,5931,110,9467,124,0805
8,32431316375732,Left,1,034779,0,70381,6,928552,353,6212,110,8943,124,1152
8,33845996856689,Left,1,035527,0,7032972,6,929467,353,7016,110,7634,124,2162
8,35228061676025,Left,1,03568,0,7032124,6,929722,353,7182,110,7384,124,2464
8,36593818664551,Left,1,035748,0,7032241,6,929924,353,6937,110,711,124,2476
8,37994575500488,Left,1,036005,0,7032456,6,930352,353,6769,110,6923,124,2485
8,39373302459717,Left,1,036337,0,7032079,6,930764,353,6611,110,5887,124,2408
8,4076976776123,Left,1,036506,0,7032089,6,931003,353,6551,110,5406,124,2398
8,42187309265137,Left,1,037005,0,7032732,6,931689,353,6438,110,4051,124,3067
8,43550682067871,Left,1,036995,0,7032799,6,931666,353,6454,110,4108,124,3034
8,44934940338135,Left,1,037225,0,703396,6,931989,353,649,110,3812,124,3209
8,46324157714844,Left,1,037446,0,7036555,6,932392,353,6176,110,2799,124,3986
8,47727489471436,Left,1,037513,0,7038473,6,932607,353,5703,110,2425,124,4368
8,49128723144531,Left,1,037596,0,7040428,6,932788,353,5241,110,2251,124,4775
8,5052375793457,Left,1,037626,0,7041291,6,932837,353,5059,110,2114,124,4722
8,5189094543457,Left,1,037671,0,7043916,6,933029,353,4894,110,199,124,4672
8,53283023834229,Left,1,037662,0,7045803,6,933195,353,4301,110,1572,124,466
8,54663372039795,Left,1,037698,0,7046583,6,933287,353,4301,110,1572,124,466
8,56063079833984,Left,1,037792,0,7047861,6,933614,353,4025,110,0723,124,5252
8,57461547851563,Left,1,037789,0,7047451,6,933614,353,4025,110,0723,124,5252
8,58835220336914,Left,1,037822,0,704658,6,933693,353,4025,110,0723,124,5252
8,60219764709473,Left,1,037836,0,7046422,6,933799,353,4185,110,0567,124,5705
8,6162109375,Left,1,037806,0,7045926,6,933862,353,4185,110,0567,124,5705
8,63008689880371,Left,1,037823,0,7044178,6,934026,353,4595,110,0039,124,5388
8,64419746398926,Left,1,037781,0,7043806,6,93409,353,4595,110,0039,124,5388
8,65791702270508,Left,1,037808,0,7041619,6,934192,353,502,109,9949,124,5418
8,67176055908203,Left,1,037783,0,7039002,6,934336,353,5132,109,9925,124,5426
8,68569469451904,Left,1,037826,0,7037673,6,93441,353,555,109,9844,124,542
8,69949436187744,Left,1,037919,0,7033223,6,934701,353,6332,109,9438,124,5343
8,71333503723145,Left,1,038106,0,7027757,6,935006,353,743,109,8766,124,5041
8,72724151611328,Left,1,038308,0,702318,6,935322,353,8413,109,7963,124,4857
8,74117469787598,Left,1,038582,0,7018151,6,935794,353,9417,109,6855,124,5136
8,75548076629639,Left,1,038596,0,7016703,6,935968,353,9795,109,6483,124,519
8,76913356781006,Left,1,038725,0,7014597,6,936251,354,0291,109,5985,124,5268
8,78302669525146,Left,1,038764,0,70139,6,936435,354,0338,109,5728,124,5209
8,79692840576172,Left,1,038857,0,7012634,6,936666,354,0528,109,5314,124,5186
8,81067085266113,Left,1,039069,0,7009646,6,937202,354,1076,109,4207,124,4974
8,82453060150146,Left,1,039061,0,7009491,6,937241,354,1134,109,418,124,5027
8,83869171142578,Left,1,039336,0,7007086,6,937844,354,1819,109,2844,124,5395
8,85245132446289,Left,1,039422,0,7006195,6,938084,354,2107,109,2327,124,5772
8,86626529693604,Left,1,039454,0,7005638,6,938173,354,2325,109,2177,124,5959
8,8800745010376,Left,1,039513,0,7004508,6,938366,354,2454,109,2088,124,607
8,89400672912598,Left,1,039542,0,7004288,6,93841,354,2513,109,183,124,6131
8,90793895721436,Left,1,039612,0,7002944,6,938547,354,2674,109,141,124,6177
8,921799659729,Left,1,039687,0,7002029,6,938565,354,3106,109,1096,124,5964
8,93570232391357,Left,1,039711,0,7001387,6,938608,354,332,109,0986,124,5922
8,94975185394287,Left,1,039803,0,6999973,6,938633,354,3819,109,0812,124,5819
8,96365261077881,Left,1,039778,0,6999885,6,938673,354,3828,109,081,124,5817
8,97746276855469,Left,1,03977,0,699994,6,938683,354,3828,109,081,124,5817
8,99138927459717,Left,1,039757,0,6999695,6,938654,354,3828,109,081,124,5817
9,00520038604736,Left,1,039779,0,6999568,6,938637,354,4104,109,0846,124,5903
9,0190954208374,Left,1,039764,0,6999062,6,938573,354,4358,109,0879,124,5983
9,03301429748535,Left,1,039748,0,6998682,6,938518,354,4358,109,0879,124,5983
9,04691314697266,Left,1,039739,0,6998476,6,938473,354,4565,109,0889,124,5671
9,06082820892334,Left,1,039672,0,6998235,6,938459,354,4658,109,0893,124,5533
9,07503795623779,Left,1,039655,0,6998178,6,938447,354,4658,109,0894,124,5533
9,08857250213623,Left,1,039585,0,6998034,6,938418,354,4658,109,0893,124,5533
9,10245704650879,Left,1,039507,0,6997576,6,938408,354,4658,109,0893,124,5533
9,11647510528564,Left,1,039506,0,6996212,6,938354,354,4837,109,1241,124,5558
9,13028717041016,Left,1,039567,0,699246,6,938198,354,5531,109,1646,124,5592
9,14451599121094,Left,1,039584,0,6990095,6,93812,354,6065,109,1688,124,5419
9,15820980072021,Left,1,039643,0,6985368,6,937954,354,7167,109,1836,124,4914
9,17215633392334,Left,1,039571,0,698189,6,937904,354,7683,109,1944,124,4178
9,18580532073975,Left,1,039553,0,6980896,6,937904,354,7807,109,1981,124,4046
9,19967460632324,Left,1,039493,0,6975919,6,937762,354,806,109,2181,124,3357
9,21357822418213,Left,1,039504,0,6972761,6,937706,354,8179,109,2235,124,3299
9,22751426696777,Left,1,039577,0,6967794,6,937578,354,8965,109,2026,124,2737
9,24142265319824,Left,1,039723,0,6958911,6,937454,355,0353,109,1362,124,1633
9,25562572479248,Left,1,039696,0,6955914,6,937461,355,0657,109,0915,124,0641
9,26927947998047,Left,1,039581,0,6952078,6,937338,355,0494,109,0046,123,8675
9,28304195404053,Left,1,039286,0,6952559,6,937307,354,8884,109,0088,123,7628
9,29719638824463,Left,1,039265,0,6952981,6,937287,354,8279,109,0276,123,752
9,31089878082275,Left,1,038847,0,695277,6,936905,354,6219,109,0721,123,6164
9,3248176574707,Left,1,038937,0,6953056,6,936857,354,6056,109,0876,123,5856
9,33870315551758,Left,1,038906,0,6953125,6,936789,354,5881,109,1043,123,5526
9,35267066955566,Left,1,038574,0,6953858,6,936356,354,4671,109,1204,123,4148
9,36654090881348,Left,1,038487,0,6955228,6,936099,354,3856,109,1012,123,3726
9,3804349899292,Left,1,038454,0,6956229,6,93584,354,3425,109,0845,123,345
9,39432048797607,Left,1,038379,0,6956882,6,935705,354,3069,109,1048,123,3679
9,40819835662842,Left,1,040267,0,6958231,6,933652,354,2373,109,1619,123,3705
9,4223690032959,Left,1,042111,0,6960449,6,93092,354,1696,109,2699,123,1936
9,43601512908936,Left,1,047007,0,6960772,6,926475,354,1654,109,3048,123,148
9,44997024536133,Left,1,056789,0,6959532,6,915923,354,2528,109,4893,122,9431
9,46383953094482,Left,1,065678,0,6959154,6,906853,354,3155,109,5923,122,8973
9,47781372070313,Left,1,074444,0,6959723,6,897366,354,3172,109,6369,122,9347
9,49153423309326,Left,1,087186,0,6963449,6,881312,354,2592,109,9559,122,9586
9,50548076629639,Left,1,093292,0,6964223,6,87359,354,2537,110,0516,122,946
9,51930809020996,Left,1,107758,0,6967331,6,853677,354,222,110,3933,122,7752
9,53330039978027,Left,1,11891,0,6969705,6,837645,354,2385,110,6673,122,5845
9,54714012145996,Left,1,126029,0,6969799,6,827053,354,2971,110,7971,122,5018
9,56096172332764,Left,1,138865,0,6968843,6,807679,354,3653,111,034,122,3199
9,5749683380127,Left,1,143753,0,6968353,6,79979,354,4143,111,141,122,2664
9,58880233764648,Left,1,157016,0,6966861,6,779071,354,4784,111,3463,122,18
9,60280704498291,Left,1,167597,0,6969075,6,761855,354,5237,111,5412,122,1568
9,61659622192383,Left,1,173404,0,7090619,6,750878,354,6078,111,7944,122,0748
9,63052082061768,Left,1,185348,0,716671,6,729643,354,6725,112,1251,121,9256
9,64444255828857,Left,1,189167,0,7164391,6,722058,354,7017,112,3002,121,8188
9,65832042694092,Left,1,200932,0,7207112,6,699834,354,8018,112,6029,121,6403
9,67225933074951,Left,1,210738,0,7212871,6,681049,354,9332,112,8926,121,5163
9,68610286712646,Left,1,215569,0,7213445,6,671206,354,9753,113,0536,121,5043
9,70005226135254,Left,1,226376,0,7217172,6,648687,354,9001,113,461,121,4407
9,71391677856445,Left,1,229227,0,7218776,6,642087,354,8779,113,5545,121,4185
9,72782135009766,Left,1,239513,0,7222733,6,619256,354,8717,113,9382,121,2689
9,74171161651611,Left,1,248224,0,7226123,6,599178,354,8987,114,2668,121,1811
9,75588798522949,Left,1,252661,0,7229275,6,589036,354,865,114,419,121,1026
9,76945304870605,Left,1,261871,0,7236475,6,566833,354,7277,114,6844,120,9518
9,78331184387207,Left,1,269257,0,7240406,6,549126,354,7411,114,9613,120,8528
9,79727745056152,Left,1,273893,0,7243763,6,536922,354,7417,115,1168,120,7556
9,81113719940186,Left,1,282271,0,724951,6,515836,354,7136,115,3919,120,6508
9,82511043548584,Left,1,28558,0,7253298,6,507286,354,7048,115,5145,120,6274
9,838942527771,Left,1,294055,0,7261153,6,484543,354,6234,115,7883,120,5102
9,85282421112061,Left,1,300631,0,7269038,6,466183,354,5008,116,008,120,3384
9,86671829223633,Left,1,304514,0,7273526,6,454927,354,451,116,1297,120,1944
9,88079929351807,Left,1,312066,0,7283275,6,432718,354,3514,116,4233,119,9379
9,89451026916504,Left,1,314273,0,7287565,6,425834,354,2897,116,4591,119,8648
9,90852642059326,Left,1,322146,0,7296286,6,402302,354,1743,116,7145,119,6498
9,92238903045654,Left,1,32834,0,7301581,6,383646,354,1631,116,8816,119,483
9,93613529205322,Left,1,331502,0,7304258,6,37375,354,1472,116,9739,119,3933
9,95004940032959,Left,1,338704,0,7308991,6,351267,354,1251,117,1966,119,3552
9,96403121948242,Left,1,340948,0,7308328,6,344982,354,1371,117,1814,119,3712
9,97784805297852,Left,1,348067,0,7310521,6,322908,354,1543,117,3433,119,2516
9,99172496795654,Left,1,354055,0,7309424,6,303136,354,2676,117,4653,119,0992
10,0056982040405,Left,1,357144,0,7307711,6,29433,354,3249,117,4623,119,1332
10,0194711685181,Left,1,363953,0,7306794,6,272179,354,455,117,6045,119,0758
10,0333957672119,Left,1,36921,0,730547,6,255526,354,5556,117,6669,119,0717
10,0473251342773,Left,1,37275,0,7304137,6,243585,354,6564,117,7115,119,0529
10,0612735748291,Left,1,378624,0,7302378,6,222741,354,8132,117,8587,118,9794
10,0750799179077,Left,1,380653,0,7301252,6,214303,354,8858,117,9443,118,8961
10,0892190933228,Left,1,387121,0,7298126,6,19009,355,0287,118,208,118,7029
10,1031885147095,Left,1,392388,0,7297329,6,172649,355,072,118,3182,118,6426
10,1167802810669,Left,1,394961,0,7297244,6,16171,355,1148,118,4766,118,5898
10,1306266784668,Left,1,400435,0,7295915,6,13938,355,2797,118,8259,118,4633
10,1445446014404,Left,1,401975,0,7295205,6,130939,355,3959,119,0595,118,3588
10,1583976745605,Left,1,407856,0,7292879,6,107777,355,5429,119,3976,118,1281
10,1723318099976,Left,1,413011,0,7293403,6,089092,355,4926,119,5697,117,9303
10,1862182617188,Left,1,415872,0,7294354,6,079501,355,4835,119,5813,117,902
10,2001419067383,Left,1,421183,0,7295856,6,057826,355,5178,119,7579,117,7987
10,2141132354736,Left,1,422576,0,7296522,6,052028,355,5302,119,8171,117,7892
10,227933883667,Left,1,426989,0,7298963,6,030094,355,6006,120,1871,117,6265
10,2418432235718,Left,1,431164,0,7301184,6,011364,355,6672,120,436,117,4941
10,2558727264404,Left,1,433349,0,7303562,6,002228,355,643,120,4783,117,405
10,2698802947998,Left,1,438099,0,7310011,5,981141,355,5684,120,6378,117,3096
10,2835454940796,Left,1,44147,0,7314169,5,966792,355,5443,120,7225,117,3485
10,297703742981,Left,1,443871,0,7317935,5,955234,355,4978,120,7894,117,3606
10,3116235733032,Left,1,447185,0,7326171,5,936576,355,4084,121,0067,117,3931
10,3250513076782,Left,1,448271,0,7329876,5,928949,355,3762,121,1504,117,4261
10,3389358520508,Left,1,45137,0,7340813,5,906121,355,2789,121,5603,117,414
10,3528432846069,Left,1,454262,0,7344536,5,889709,355,2428,121,6538,117,3727
10,366925239563,Left,1,455741,0,7350084,5,877664,355,2988,121,8938,117,3458
10,3807210922241,Left,1,458884,0,7354505,5,857977,355,3664,122,0871,117,3707
10,3946294784546,Left,1,459793,0,7357985,5,849937,355,41,122,2574,117,4912
10,4090261459351,Left,1,462605,0,7362801,5,827748,355,5773,122,6837,117,6147
10,4225435256958,Left,1,464379,0,7366219,5,811558,355,6606,122,9427,117,5447
10,4364051818848,Left,1,464975,0,7369073,5,804506,355,7269,123,1544,117,6058
10,4502029418945,Left,1,466299,0,735433,5,793451,355,9453,123,5453,118,0746
10,464017868042,Left,1,466427,0,7365687,5,79109,355,9325,123,5975,118,2635
10,4780588150024,Left,1,466306,0,7359678,5,787663,355,887,123,8487,118,7644
10,4920263290405,Left,1,466149,0,7361161,5,784896,355,9388,123,9763,118,8078
10,5059127807617,Left,1,466053,0,7361035,5,784553,355,9446,123,902,118,583
10,5197601318359,Left,1,465523,0,7366022,5,7832,355,8712,124,067,118,4757
10,5335168838501,Left,1,465119,0,7369978,5,782183,355,773,124,2396,118,4894
10,5474491119385,Left,1,464735,0,7373571,5,781431,355,679,124,359,118,4512
10,5614995956421,Left,1,46408,0,7377847,5,780004,355,5948,124,5722,118,2951
10,5752630233765,Left,1,464071,0,737812,5,780048,355,5786,124,5736,118,2502
10,5890808105469,Left,1,463285,0,7381918,5,778666,355,5001,124,8102,118,0647
10,602933883667,Left,1,462957,0,7384303,5,777749,355,5109,124,9629,117,8502
10,616849899292,Left,1,462703,0,7385107,5,777139,355,5596,125,0731,117,7144
10,6308212280273,Left,1,46243,0,7385347,5,776711,355,6443,125,2088,117,6224
10,6446056365967,Left,1,462399,0,7385364,5,776788,355,6241,125,1984,117,6242
10,6585245132446,Left,1,462166,0,7385105,5,776807,355,6331,125,2566,117,5947
10,6727895736694,Left,1,46216,0,7384493,5,776977,355,6468,125,2336,117,5526
10,6864414215088,Left,1,462168,0,7384615,5,777038,355,6513,125,2477,117,5425
10,7001886367798,Left,1,462191,0,7384437,5,777133,355,6574,125,2449,117,6019
10,7141208648682,Left,1,462157,0,7383949,5,777088,355,6574,125,2449,117,6019
10,727970123291,Left,1,462164,0,7382952,5,777085,355,688,125,2562,117,5532
10,741886138916,Left,1,462201,0,7382221,5,777181,355,6957,125,2591,117,5408
10,7557744979858,Left,1,462275,0,7380172,5,777214,355,7771,125,2466,117,4771
10,76966381073,Left,1,462404,0,7377294,5,777379,355,869,125,2141,117,4012
10,7835884094238,Left,1,462487,0,73758,5,777662,355,8911,125,1709,117,374
10,7975149154663,Left,1,462753,0,7372459,5,778008,355,9809,125,0949,117,3695
10,8117151260376,Left,1,463023,0,7368117,5,77846,356,1098,125,0042,117,3593
10,8254528045654,Left,1,463032,0,7366837,5,77866,356,1349,124,9722,117,3484
10,8391418457031,Left,1,463196,0,7363765,5,779128,356,1571,124,8875,117,3286
10,8529968261719,Left,1,463401,0,7360376,5,779554,356,2077,124,8118,117,3472
10,8669557571411,Left,1,463531,0,7357615,5,779788,356,2603,124,7692,117,3485
10,8808317184448,Left,1,463591,0,7355316,5,780042,356,2833,124,7506,117,349
10,8947315216064,Left,1,463735,0,735291,5,780239,356,3258,124,7078,117,36
10,9085836410522,Left,1,464173,0,7343274,5,780942,356,5154,124,5691,117,389
10,9225301742554,Left,1,464141,0,7340983,5,781171,356,5437,124,5344,117,4051
10,9367170333862,Left,1,464093,0,7340379,5,781263,356,5229,124,5418,117,4298
10,9502458572388,Left,1,464172,0,7336342,5,781483,356,5642,124,5568,117,5073
10,9639053344727,Left,1,464173,0,7334878,5,78153,356,5857,124,5516,117,5348
10,9781351089478,Left,1,464305,0,7329839,5,781714,356,6595,124,5161,117,6176
10,991641998291,Left,1,46432,0,7326909,5,781735,356,7049,124,5136,117,6362
11,0055637359619,Left,1,464285,0,732553,5,781748,356,7049,124,5136,117,6362
11,0193719863892,Left,1,464304,0,7322588,5,781757,356,7486,124,5294,117,6642
11,0332860946655,Left,1,464253,0,7319282,5,781753,356,7849,124,5539,117,7204
11,0474081039429,Left,1,464192,0,731775,5,781717,356,7984,124,5758,117,7628
11,0611953735352,Left,1,464104,0,7315391,5,781602,356,831,124,6188,117,8179
11,0752840042114,Left,1,46407,0,731364,5,781526,356,8665,124,6479,117,8555
11,0888690948486,Left,1,463971,0,7311604,5,781459,356,8887,124,6991,117,9277
11,1027536392212,Left,1,463901,0,7311022,5,781397,356,8686,124,7283,117,9576
11,116626739502,Left,1,463847,0,7310218,5,781315,356,8904,124,7551,117,9722
11,1308574676514,Left,1,463734,0,7309065,5,781222,356,9373,124,7962,117,987
11,1444149017334,Left,1,463672,0,7309092,5,781228,356,9373,124,7962,117,987
11,1583213806152,Left,1,463542,0,7309639,5,781283,356,9196,124,8194,118,004
11,1721677780151,Left,1,4635,0,7310153,5,781319,356,9161,124,8241,118,0074
11,1861152648926,Left,1,463457,0,7310759,5,781415,356,8834,124,8364,118,0242
11,2002782821655,Left,1,463414,0,7311997,5,781617,356,814,124,8585,118,1163
11,2139234542847,Left,1,463437,0,7311731,5,781627,356,8086,124,8579,118,1283
11,2278423309326,Left,1,463471,0,7311747,5,781786,356,7784,124,8579,118,1846
11,2418622970581,Left,1,46359,0,7310519,5,782013,356,7726,124,8481,118,2072
11,2556200027466,Left,1,463684,0,7310007,5,782142,356,7807,124,8184,118,2269
11,2694082260132,Left,1,463963,0,7306757,5,78264,356,8073,124,7376,118,2948
11,283411026001,Left,1,464183,0,7303576,5,782954,356,8687,124,6759,118,3208
11,2973318099976,Left,1,464321,0,7302355,5,783191,356,8705,124,6313,118,3541
11,3111524581909,Left,1,464598,0,7299088,5,783772,356,8785,124,5588,118,4736
11,3251399993896,Left,1,464761,0,729643,5,783964,356,9247,124,5198,118,5074
11,3389177322388,Left,1,465155,0,7290937,5,784569,357,0226,124,4236,118,5817
11,3530054092407,Left,1,465285,0,7287396,5,785123,357,0176,124,3524,118,6216
11,3668022155762,Left,1,465343,0,7286015,5,785247,357,0368,124,3332,118,6193
11,3805360794067,Left,1,465476,0,7282941,5,785614,357,0732,124,2962,118,6291
11,394476890564,Left,1,465527,0,7281692,5,785809,357,082,124,2771,118,6443
11,4083309173584,Left,1,46589,0,727665,5,786525,357,1458,124,1986,118,7282
11,4222679138184,Left,1,466094,0,7273898,5,786889,357,1958,124,1465,118,7692
11,4362001419067,Left,1,466137,0,7272592,5,787136,357,2007,124,1179,118,7906
11,4503908157349,Left,1,466227,0,7270736,5,78744,357,2063,124,1077,118,7981
11,4642028808594,Left,1,466336,0,7269843,5,787674,357,2284,124,0869,118,8389
11,4779634475708,Left,1,466432,0,7268198,5,787982,357,2508,124,0715,118,9026
11,4916591644287,Left,1,46656,0,726698,5,788274,357,2577,124,0129,118,9068
11,505539894104,Left,1,466659,0,7266008,5,788575,357,253,124,0033,118,9119
11,5194072723389,Left,1,466867,0,7264833,5,788986,357,2592,123,9333,118,9437
11,5332813262939,Left,1,467007,0,7263646,5,789382,357,262,123,8844,118,9868
11,5473957061768,Left,1,467129,0,7262895,5,789681,357,2643,123,8435,119,0207
11,5611658096313,Left,1,46724,0,7261919,5,790075,357,2652,123,8292,119,0326
11,5749464035034,Left,1,467334,0,7261319,5,790327,357,2581,123,7878,119,0622
11,5889978408813,Left,1,467438,0,7260216,5,790632,357,2433,123,7547,119,0901
11,6027612686157,Left,1,467605,0,725868,5,790945,357,255,123,6946,119,1221
11,616626739502,Left,1,467723,0,7257334,5,791202,357,2674,123,6514,119,1459
11,6306600570679,Left,1,467886,0,7254983,5,791665,357,275,123,6226,119,1726
11,6443557739258,Left,1,467918,0,7255058,5,791724,357,2808,123,6082,119,1923
11,6584396362305,Left,1,467987,0,7254174,5,792111,357,29,123,5807,119,2366
11,6721439361572,Left,1,468043,0,7253882,5,792377,357,2636,123,5487,119,2849
11,6860427856445,Left,1,468071,0,7253498,5,792436,357,2636,123,5487,119,2849
11,6999521255493,Left,1,468234,0,7252206,5,792771,357,2518,123,4893,119,2958
11,7138118743896,Left,1,468267,0,7251365,5,792941,357,2553,123,5004,119,2942
11,72780418396,Left,1,468359,0,7250454,5,79316,357,2626,123,4588,119,3231
11,7417039871216,Left,1,468519,0,7247792,5,793634,357,2875,123,4037,119,39
11,7555294036865,Left,1,468512,0,724685,5,793714,357,2875,123,4037,119,39
11,7693691253662,Left,1,468669,0,724456,5,793957,357,3092,123,3768,119,429
11,7832622528076,Left,1,468723,0,7242489,5,794117,357,3106,123,3751,119,4316
11,7973909378052,Left,1,468832,0,7240508,5,794346,357,3439,123,3318,119,4588
11,8111457824707,Left,1,468906,0,7238381,5,794611,357,3755,123,2965,119,494
11,8249473571777,Left,1,468922,0,7237235,5,794719,357,3929,123,2881,119,5134
11,8388385772705,Left,1,468955,0,7234896,5,794968,357,4169,123,2788,119,5428
11,8527545928955,Left,1,469007,0,7233954,5,795141,357,4421,123,2722,119,5881
11,8666210174561,Left,1,46901,0,7233251,5,795251,357,4542,123,2656,119,6082
11,880482673645,Left,1,469008,0,7232549,5,795404,357,4604,123,2623,119,6184
11,8946943283081,Left,1,469012,0,7232442,5,795463,357,4604,123,2623,119,6184
11,9083595275879,Left,1,46903,0,7232285,5,795647,357,4604,123,2623,119,6184
11,9221744537354,Left,1,469109,0,7232449,5,795801,357,4522,123,2612,119,6994
11,9360160827637,Left,1,469145,0,7232304,5,79582,357,4522,123,2612,119,6994
11,9499025344849,Left,1,469258,0,7233209,5,795982,357,4434,123,2433,119,7467
11,9638261795044,Left,1,469303,0,7234204,5,796072,357,4399,123,2392,119,7495
11,9776525497437,Left,1,469338,0,7235154,5,796135,357,4433,123,2432,119,7472
11,9919128417969,Left,1,469436,0,723761,5,796332,357,371,123,2257,119,7721
12,00563621521,Left,1,469515,0,7238125,5,796365,357,3678,123,2245,119,7784
12,0193328857422,Left,1,469605,0,7239349,5,796518,357,329,123,2211,119,7922
12,0331754684448,Left,1,469705,0,7240801,5,796578,357,3257,123,2198,119,7918
12,0472097396851,Left,1,469729,0,7242224,5,796656,357,2841,123,2157,119,7966
12,0610179901123,Left,1,469818,0,7244216,5,796713,357,268,123,2141,119,7985
12,0747518539429,Left,1,469827,0,7244854,5,796763,357,2439,123,2166,119,8029
12,0885906219482,Left,1,469893,0,7245945,5,796858,357,2174,123,2194,119,8077
12,1025066375732,Left,1,469906,0,7246156,5,796926,357,1808,123,2357,119,8112
12,1163482666016,Left,1,469922,0,7246835,5,796907,357,1841,123,2315,119,8122
12,1303291320801,Left,1,469842,0,7249216,5,796882,357,1258,123,2776,119,804
12,144214630127,Left,1,46989,0,7249219,5,796854,357,1267,123,2717,119,8086
12,1580514907837,Left,1,469815,0,724997,5,796795,357,1155,123,2993,119,7951
12,1719484329224,Left,1,469745,0,7250212,5,796736,357,1107,123,309,119,7885
12,1859178543091,Left,1,469681,0,7250218,5,796702,357,0977,123,3329,119,7749
12,1998271942139,Left,1,469571,0,7250786,5,796602,357,0911,123,3476,119,7672
12,2135581970215,Left,1,469438,0,7251307,5,796538,357,0618,123,3921,119,7665
12,2274694442749,Left,1,469379,0,7251415,5,796458,357,0631,123,3962,119,7666
12,2413549423218,Left,1,469314,0,7251247,5,796391,357,0618,123,3921,119,7665
12,2552547454834,Left,1,469279,0,7251188,5,796371,357,0606,123,4162,119,7657
12,2691440582275,Left,1,46914,0,725113,5,796248,357,0595,123,4422,119,7663
12,2830448150635,Left,1,46902,0,7251096,5,796175,357,0445,123,4822,119,7691
12,2969913482666,Left,1,468944,0,7250912,5,796082,357,0445,123,4822,119,7691
12,3108339309692,Left,1,468753,0,7250248,5,79589,357,0536,123,536,119,7618
12,3247222900391,Left,1,468726,0,7249969,5,795824,357,0536,123,536,119,7618
12,3386287689209,Left,1,468626,0,7248816,5,795615,357,0856,123,5665,119,7465
12,352650642395,Left,1,468539,0,7248069,5,795475,357,0907,123,5714,119,7441
12,366397857666,Left,1,468457,0,724755,5,79534,357,1089,123,6196,119,756
12,3804731369019,Left,1,468298,0,7246612,5,795074,357,1277,123,6918,119,7587
12,3942232131958,Left,1,468245,0,7246521,5,794955,357,1285,123,7094,119,7496
12,4081087112427,Left,1,467974,0,7246333,5,794346,357,1302,123,781,119,701
12,4219198226929,Left,1,467866,0,7246431,5,793949,357,1304,123,7897,119,693
12,4358339309692,Left,1,467792,0,7245969,5,793688,357,154,123,832,119,6458
12,4498062133789,Left,1,467712,0,7245877,5,793292,357,1709,123,8621,119,6122
12,4638891220093,Left,1,467566,0,7246523,5,792881,357,1751,123,9733,119,5618
12,4775819778442,Left,1,467516,0,7247092,5,792781,357,1664,123,9904,119,5592
12,4914951324463,Left,1,467325,0,7249123,5,79233,357,134,124,0648,119,52
12,5054941177368,Left,1,467209,0,725102,5,792035,357,1027,124,1079,119,4724
12,5192232131958,Left,1,467068,0,7252768,5,791748,357,0825,124,1448,119,4228
12,5330963134766,Left,1,467062,0,7253972,5,791658,357,0806,124,1469,119,4187
12,5470142364502,Left,1,467009,0,7255066,5,791553,357,0806,124,1469,119,4186
12,5609321594238,Left,1,466878,0,7257349,5,791387,357,0361,124,1878,119,427
12,5748071670532,Left,1,466884,0,7258052,5,791308,357,0364,124,1874,119,4234
12,5887899398804,Left,1,466807,0,7259865,5,791176,357,0365,124,1874,119,4234
12,6026792526245,Left,1,466715,0,7261239,5,791095,356,9907,124,207,119,4405
12,6165180206299,Left,1,46668,0,7261902,5,790993,356,9907,124,207,119,4405
12,6306390762329,Left,1,46658,0,7262797,5,790853,356,9907,124,207,119,4405
12,6444616317749,Left,1,466525,0,7263014,5,79073,356,9819,124,2259,119,428
12,6582355499268,Left,1,466469,0,7263327,5,790495,356,9703,124,2476,119,4187
12,6724462509155,Left,1,466405,0,7262771,5,790261,356,9703,124,2476,119,4187
12,6860237121582,Left,1,466368,0,7262095,5,790117,357,0049,124,2679,119,4037
12,6997737884521,Left,1,466287,0,7261123,5,789923,357,0175,124,274,119,4018
12,7137908935547,Left,1,466216,0,726048,5,789694,357,0614,124,3163,119,3377
12,7276182174683,Left,1,466183,0,7260838,5,789527,357,0643,124,3198,119,3352
12,7414951324463,Left,1,466128,0,7260957,5,789305,357,0905,124,3595,119,2945
12,7554512023926,Left,1,466096,0,726101,5,789199,357,0905,124,3595,119,2945
12,7692260742188,Left,1,465971,0,7260907,5,788907,357,1038,124,4054,119,2473
12,7831058502197,Left,1,4659,0,7261602,5,788684,357,1049,124,4092,119,2434
12,7971162796021,Left,1,465793,0,7262109,5,788524,357,1038,124,4595,119,2074
12,8111562728882,Left,1,465677,0,7264134,5,788304,357,0945,124,4887,119,1845
12,8249244689941,Left,1,465584,0,7264909,5,78821,357,0744,124,517,119,1667
12,8388357162476,Left,1,465477,0,7267162,5,787913,357,047,124,5684,119,1305
12,8526430130005,Left,1,465423,0,7268368,5,787717,357,039,124,5616,119,1365
12,8665342330933,Left,1,465346,0,7269383,5,787569,357,0217,124,5929,119,1249
12,8804168701172,Left,1,465294,0,7271152,5,787344,357,0216,124,6062,119,1184
12,8943367004395,Left,1,465284,0,7271397,5,787315,357,0216,124,6062,119,1184
12,9082355499268,Left,1,465162,0,7273165,5,787098,356,9849,124,6408,119,1203
12,9221963882446,Left,1,464973,0,7276165,5,786599,356,9447,124,6945,119,0931
12,9360322952271,Left,1,46491,0,7277235,5,786478,356,9253,124,7123,119,0954
12,9499044418335,Left,1,464795,0,7279691,5,786166,356,9063,124,7277,119,0922
12,9641704559326,Left,1,464649,0,7282462,5,785909,356,8708,124,784,119,0961
12,9776935577393,Left,1,464566,0,7283868,5,785771,356,8565,124,8063,119,091
12,9915542602539,Left,1,464469,0,7285827,5,785523,356,8495,124,8171,119,0901
13,0055341720581,Left,1,464359,0,7286696,5,785378,356,8314,124,8494,119,0735
13,0194234848022,Left,1,464121,0,728898,5,784984,356,7991,124,9164,119,0349
13,0332736968994,Left,1,463876,0,729174,5,784748,356,7594,124,9758,119,0098
13,0471630096436,Left,1,463781,0,7293277,5,784688,356,7662,124,9717,119,0026
13,0613994598389,Left,1,463641,0,7294412,5,784633,356,7526,125,0209,118,9871
13,0752792358398,Left,1,463566,0,7295579,5,784478,356,756,125,033,118,9723
13,0889320373535,Left,1,463451,0,7296411,5,78434,356,7599,125,0583,118,9514
13,1028127670288,Left,1,463197,0,7298658,5,784058,356,7449,125,1491,118,9194
13,1167497634888,Left,1,463068,0,7299603,5,783945,356,7349,125,1851,118,8807
13,1305561065674,Left,1,462817,0,7301953,5,783871,356,6865,125,2348,118,842
13,1444721221924,Left,1,462774,0,7303098,5,783844,356,6807,125,2339,118,8331
13,1582851409912,Left,1,462661,0,7303909,5,783828,356,6534,125,246,118,8137
13,1721839904785,Left,1,462631,0,7305055,5,783813,356,6465,125,2484,118,8079
13,1860551834106,Left,1,462603,0,7305608,5,783811,356,6465,125,2484,118,8079
13,1999635696411,Left,1,46257,0,7306879,5,78383,356,644,125,2485,118,8078
13,2138624191284,Left,1,462576,0,7307343,5,783844,356,6465,125,2484,118,8079
13,2280387878418,Left,1,462575,0,7307631,5,783843,356,6465,125,2484,118,8079
13,24169921875,Left,1,462527,0,7308068,5,783793,356,6136,125,2453,118,7466
13,2555780410767,Left,1,462562,0,7308169,5,783792,356,6146,125,2498,118,7583
13,269570350647,Left,1,462558,0,7307804,5,783623,356,6427,125,2456,118,7187
13,2833805084229,Left,1,462367,0,7308784,5,783453,356,7039,125,2589,118,6904
13,2975006103516,Left,1,462281,0,730921,5,783359,356,7221,125,2676,118,68
13,3115549087524,Left,1,461976,0,731077,5,782687,356,7899,125,3272,118,5372
13,3249435424805,Left,1,461972,0,7310719,5,782744,356,782,125,323,118,5506
13,3388328552246,Left,1,461526,0,7314771,5,782018,356,7755,125,4041,118,3713
13,3528747558594,Left,1,461053,0,732079,5,781666,356,7041,125,4744,118,3032
13,3666038513184,Left,1,46057,0,7325609,5,781395,356,6447,125,5277,118,2738
13,3804893493652,Left,1,459483,0,7336419,5,780827,356,535,125,6516,118,229
13,3943881988525,Left,1,459275,0,733973,5,780658,356,4935,125,6802,118,2078
13,4082794189453,Left,1,458673,0,7347493,5,780333,356,391,125,7361,118,1566
13,4223127365112,Left,1,458321,0,7352442,5,78008,356,3395,125,7692,118,1226
13,4362325668335,Left,1,458274,0,7353491,5,780022,356,3433,125,7778,118,1237
13,4500646591187,Left,1,457927,0,7357525,5,779812,356,3433,125,7778,118,1237
13,4639358520508,Left,1,457815,0,7358522,5,779758,356,3297,125,7946,118,1232
13,4781265258789,Left,1,457353,0,7362934,5,779426,356,2872,125,8636,118,1349
13,4919090270996,Left,1,457112,0,7365121,5,779138,356,2823,125,8735,118,1378
13,5059309005737,Left,1,45676,0,7367577,5,778784,356,2552,125,9457,118,1692
13,5195350646973,Left,1,456414,0,7369969,5,778445,356,2291,126,0225,118,2019
13,5333566665649,Left,1,456162,0,7370725,5,777998,356,2271,126,1009,118,2162
13,5473155975342,Left,1,455979,0,7370077,5,777527,356,2607,126,1684,118,1981
13,5611562728882,Left,1,455771,0,73684,5,776829,356,3124,126,245,118,1335
13,5754718780518,Left,1,45563,0,7365566,5,776032,356,4008,126,2899,117,9961
13,589015007019,Left,1,455236,0,7356121,5,773478,356,7479,126,3779,117,3896
13,6028547286987,Left,1,454978,0,7353182,5,772154,357,0799,126,3801,116,7085
13,6167488098145,Left,1,454721,0,7357122,5,771993,357,2227,126,3433,116,3961
13,6306915283203,Left,1,453724,0,7373943,5,772446,357,1427,126,4966,116,3992
13,6445646286011,Left,1,45369,0,7379097,5,773128,356,9169,126,5267,116,6929
13,6584520339966,Left,1,452441,0,740028,5,773675,356,5501,126,7077,116,8272
13,6726675033569,Left,1,450715,0,7426226,5,773955,356,0106,126,8838,116,8684
13,6863927841187,Left,1,449483,0,7451467,5,774734,355,4585,126,9815,116,7894
13,7001285552979,Left,1,448587,0,7469443,5,775438,355,0491,127,0102,116,6746
13,7142658233643,Left,1,448906,0,7467323,5,775645,355,0772,126,9315,116,6672
13,7280492782593,Left,1,449014,0,7467425,5,776361,355,0305,126,7646,116,7005
13,7418451309204,Left,1,449951,0,7455719,5,77703,355,2131,126,5127,116,8896
13,755654335022,Left,1,449977,0,7452648,5,777221,355,2478,126,4745,116,9504
13,7695226669312,Left,1,450466,0,7442836,5,777939,355,3775,126,3388,117,1836
13,7834320068359,Left,1,450978,0,7428226,5,778811,355,5793,126,1613,117,4956
13,7973766326904,Left,1,451487,0,7413575,5,77917,355,8115,126,0452,117,6751
13,8115110397339,Left,1,452354,0,7385989,5,779526,356,2907,125,8561,117,8809
13,8251352310181,Left,1,452746,0,7368618,5,779686,356,5754,125,7241,117,9383
13,8390693664551,Left,1,453835,0,7336317,5,779449,357,0951,125,6217,118,017
13,8529424667358,Left,1,454307,0,7315482,5,779042,357,4514,125,6723,118,0219
13,8669195175171,Left,1,454505,0,7304737,5,778727,357,6059,125,7796,118,0681
13,8808393478394,Left,1,454766,0,7289045,5,778068,357,8115,125,9653,118,1782
13,8946533203125,Left,1,454743,0,7282715,5,777388,357,9017,126,0999,118,1808
13,9085340499878,Left,1,454916,0,7273086,5,776324,358,0914,126,2806,118,1932
13,9223623275757,Left,1,454901,0,7273201,5,77531,358,1948,126,4597,118,1927
13,9362869262695,Left,1,454788,0,7277346,5,775342,358,136,126,4661,118,1909
13,9501848220825,Left,1,454255,0,7289433,5,77494,357,9507,126,5821,118,1603
13,9640817642212,Left,1,454193,0,7293419,5,774804,357,87,126,6137,118,1324
13,9783611297607,Left,1,453211,0,7309521,5,774036,357,5185,126,8273,117,9594
13,9919509887695,Left,1,452097,0,7328836,5,773042,357,0796,127,1098,117,7277
14,0057325363159,Left,1,451609,0,7342973,5,772504,356,8152,127,2802,117,6125
14,0196418762207,Left,1,45016,0,7376862,5,771965,356,1956,127,5435,117,4508
14,0336227416992,Left,1,449715,0,7395014,5,772004,355,8926,127,6019,117,4913
14,0474481582642,Left,1,449472,0,7406097,5,77237,355,7,127,5251,117,5367
14,0613346099854,Left,1,449071,0,7420859,5,772885,355,4105,127,4075,117,5638
14,0752534866333,Left,1,449059,0,7423975,5,773154,355,3299,127,3513,117,6027
14,08909034729,Left,1,448779,0,7431955,5,773733,355,1552,127,2724,117,6648
14,1031932830811,Left,1,448843,0,7430904,5,773855,355,1782,127,2374,117,7104
14,1168699264526,Left,1,449215,0,7424433,5,774177,355,3301,127,1695,117,8207
14,1307926177979,Left,1,449254,0,7419133,5,774557,355,4373,127,1075,117,9298
14,1449909210205,Left,1,44932,0,7417222,5,774763,355,4764,127,0582,117,983
14,1585311889648,Left,1,449683,0,7408345,5,775682,355,7249,126,8611,118,2477
14,1723499298096,Left,1,450536,0,7395079,5,776643,356,1469,126,5683,118,557
14,1864452362061,Left,1,45104,0,7375714,5,777287,356,6439,126,3379,118,6913
14,2001667022705,Left,1,451837,0,7356772,5,777541,357,1371,126,1535,118,6809
14,2141218185425,Left,1,45219,0,7347029,5,777712,357,4322,126,0406,118,5519
14,2279415130615,Left,1,454255,0,731524,5,777527,358,4863,125,501,117,9942
14,2418804168701,Left,1,45576,0,7291892,5,777993,359,3844,125,0205,117,5704
14,2557992935181,Left,1,45734,0,7269932,5,777136,0,4401178,124,7438,116,8179
14,2696847915649,Left,1,461215,0,7223729,5,776365,2,471815,123,4283,115,1301
14,2835474014282,Left,1,464099,0,7192784,5,776872,4,078714,122,2825,113,7458
14,2974309921265,Left,1,465769,0,7175801,5,776688,4,829701,121,4887,112,6654
14,311315536499,Left,1,468761,0,715857,5,776701,5,803445,119,9675,110,3082
14,3251895904541,Left,1,470297,0,7170009,5,777608,5,749045,119,1111,109,4597
14,3392353057861,Left,1,475309,0,7176579,5,778502,6,182041,117,091,108,2953
14,3529605865479,Left,1,478934,0,7184464,5,779741,6,704342,115,5964,107,9256
14,3668336868286,Left,1,482206,0,7194325,5,78055,7,051603,114,2365,107,6144
14,3807077407837,Left,1,487304,0,7196739,5,781333,7,833886,112,0719,106,5187
14,394567489624,Left,1,48861,0,7202268,5,78169,8,114206,111,2979,105,8191
14,4087152481079,Left,1,493516,0,7214629,5,780879,8,436136,109,4729,103,6487
14,4224815368652,Left,1,495921,0,7237891,5,780495,8,306766,108,4585,102,3638
14,4364967346191,Left,1,497611,0,7251885,5,780129,8,239355,107,9589,101,758
14,4501342773438,Left,1,500083,0,7284434,5,778172,7,947432,107,7672,101,1306
14,4640760421753,Left,1,500468,0,7297838,5,777128,7,806405,108,2917,101,8173
14,4779958724976,Left,1,502985,0,7324187,5,775138,7,7703,108,2497,101,8294
14,4921646118164,Left,1,505064,0,7339092,5,771519,8,292702,108,9016,101,9707
14,5056972503662,Left,1,506018,0,7347667,5,769689,8,556566,109,0849,101,8316
14,5195455551147,Left,1,507524,0,738221,5,766347,8,249016,108,8824,101,3361
14,5336847305298,Left,1,508052,0,7415305,5,764145,7,510325,108,7188,100,7396
14,5472841262817,Left,1,507788,0,7447628,5,762302,6,707157,108,9873,100,6474
14,5611429214478,Left,1,506855,0,7501054,5,758186,5,465732,109,9934,100,5853
14,5750913619995,Left,1,506798,0,7521105,5,756499,4,736195,110,1513,100,315
14,5889177322388,Left,1,504785,0,7570648,5,752281,3,133819,110,9878,99,81635
14,6029262542725,Left,1,503508,0,7598374,5,747758,2,172664,111,9696,99,11823
14,6167373657227,Left,1,502551,0,7611576,5,744745,1,66366,112,4772,98,31652
14,6306343078613,Left,1,50058,0,7637213,5,739641,0,8990196,113,626,97,52208
14,6447105407715,Left,1,500635,0,7644806,5,737884,0,7215875,113,8842,97,25581
14,6584529876709,Left,1,498515,0,7648713,5,732752,0,6392661,114,9087,97,17344
14,6723155975342,Left,1,498286,0,7656565,5,728877,0,7045262,115,5195,97,24105
14,6862678527832,Left,1,498371,0,7643455,5,726515,1,370513,115,7065,97,62766
14,700366973877,Left,1,496603,0,7645864,5,721835,1,394394,117,1934,99,11768
14,7139625549316,Left,1,495896,0,764516,5,719806,1,205329,117,662,99,20316
14,7279796600342,Left,1,493007,0,764554,5,713489,0,8314716,119,3302,99,59435
14,7417116165161,Left,1,490223,0,7629732,5,706656,1,185191,120,9294,99,01958
14,7556209564209,Left,1,489286,0,7633071,5,704266,1,07617,121,5085,98,82549
14,7695302963257,Left,1,485151,0,7628049,5,69679,0,8007565,123,4565,98,08452
14,7836294174194,Left,1,482977,0,7631153,5,691493,0,2859658,124,2632,97,48029
14,7974052429199,Left,1,481794,0,7633948,5,688226,0,05486009,124,7004,97,26506
14,8132524490356,Left,1,480526,0,7644716,5,683478,359,62,124,8438,97,49588
14,8289728164673,Left,1,479492,0,765377,5,679972,359,2764,124,7567,97,62857
14,8386459350586,Left,1,477424,0,7661811,5,675703,358,9301,125,2816,97,45766
14,8543910980225,Left,1,474439,0,7670637,5,669778,358,6175,126,376,96,49982
14,8676795959473,Left,1,471683,0,768069,5,666085,358,0637,127,3093,95,81736
14,8817052841187,Left,1,467402,0,7705028,5,660639,356,9276,128,8053,94,33114
14,8948793411255,Left,1,466779,0,7713845,5,658325,356,6389,129,226,93,99642
14,908763885498,Left,1,462371,0,7750978,5,653413,355,0052,130,4694,92,34357
14,9227771759033,Left,1,461609,0,778411,5,649793,354,6073,131,2237,91,6997
14,9361667633057,Left,1,461061,0,7791714,5,647351,354,8727,131,8192,91,79864
14,9501419067383,Left,1,459865,0,7814499,5,642439,354,8951,132,138,90,92781
14,9720582962036,Left,1,458825,0,7823514,5,639023,355,2488,132,5372,90,78314
14,9775991439819,Left,1,456426,0,7792351,5,635972,355,1716,133,1162,90,31017
14,9917259216309,Left,1,455868,0,7847553,5,631629,355,2134,133,6635,90,09984
15,0052900314331,Left,1,454905,0,7854351,5,629855,355,1324,134,1957,90,19686
15,0191345214844,Left,1,451355,0,7871483,5,625538,354,8427,135,8548,90,17858
15,0331344604492,Left,1,4489,0,7886388,5,621868,354,3565,137,3751,90,12056
15,0467700958252,Left,1,447742,0,7892171,5,619423,354,2914,138,0591,89,88809
15,0607070922852,Left,1,445573,0,789831,5,616242,354,311,139,3349,89,62473
15,0745515823364,Left,1,445541,0,7902385,5,615066,354,3051,139,5954,89,68292
15,0886135101318,Left,1,444027,0,7909586,5,611863,354,3552,140,442,89,67409
15,102578163147,Left,1,443309,0,791611,5,609051,354,4109,141,0684,89,65447
15,12464427948,Left,1,443054,0,7915501,5,607815,354,3887,141,4016,89,74901
15,1300249099731,Left,1,443049,0,7916732,5,607378,354,4004,141,4671,89,71294
15,1440410614014,Left,1,441419,0,791995,5,604692,354,3354,142,2451,89,56693
15,1579322814941,Left,1,440546,0,7918168,5,602129,354,4172,142,9018,89,48327
15,1717653274536,Left,1,43981,0,791364,5,600086,354,6099,143,5894,89,56956
15,1858739852905,Left,1,439361,0,7911989,5,599281,354,576,143,9859,89,67583
15,1995315551758,Left,1,43797,0,7913025,5,597307,354,4798,144,8241,89,73554
15,2133808135986,Left,1,437216,0,7913679,5,595805,354,3421,145,4108,89,81763
15,2272577285767,Left,1,436892,0,7911283,5,595007,354,4315,145,7794,89,97555
15,2411403656006,Left,1,436197,0,7908015,5,593343,354,5182,146,4282,90,1136
15,2551946640015,Left,1,436004,0,790551,5,592725,354,5361,146,6344,90,16997
15,2769804000854,Left,1,43525,0,7901834,5,590956,354,5421,147,2699,90,28032
15,2828731536865,Left,1,43583,0,7898648,5,591497,354,5053,146,9154,90,32997
15,2967643737793,Left,1,43524,0,7896172,5,590046,354,5002,147,3951,90,40952
15,3106231689453,Left,1,435069,0,7893037,5,589889,354,1898,147,3967,90,37686
15,3247413635254,Left,1,434871,0,7891143,5,589657,354,1988,147,6035,90,43551
15,3383550643921,Left,1,434109,0,7881973,5,58901,354,4152,148,2785,90,70763
15,3524446487427,Left,1,433549,0,787237,5,588067,354,6671,148,8355,90,92416
15,3661985397339,Left,1,433218,0,7865056,5,587706,354,8102,149,1041,91,03234
15,3800058364868,Left,1,432594,0,7853526,5,58706,354,9892,149,5993,91,22373
15,3941679000854,Left,1,432524,0,7849531,5,586863,355,0345,149,6966,91,2541
15,4079570770264,Left,1,431945,0,7839791,5,586675,355,0876,150,0869,91,28188
15,4295072555542,Left,1,431437,0,7828713,5,586839,355,0413,150,5742,91,23014
15,4355392456055,Left,1,431152,0,7825552,5,586687,355,0713,150,7775,91,286
15,4494819641113,Left,1,430904,0,7808842,5,586444,355,3677,151,1695,91,48119
15,4633474349976,Left,1,430925,0,7795048,5,586289,355,6006,151,3287,91,63791
15,4772567749023,Left,1,430895,0,7787865,5,586494,355,6162,151,4341,91,71465
15,4913005828857,Left,1,430741,0,7774938,5,586877,355,5586,151,6253,91,71781
15,5052690505981,Left,1,430863,0,7767867,5,587002,355,6213,151,6796,91,75511
15,5189752578735,Left,1,431413,0,7745864,5,587282,355,9494,151,6752,91,92412
15,5330190658569,Left,1,431731,0,7734114,5,587564,356,0938,151,5366,91,95575
15,546760559082,Left,1,43192,0,7735417,5,587701,355,9803,151,29,91,8544
15,5607042312622,Left,1,432071,0,7735648,5,587967,355,8801,151,0833,91,72559
15,5823068618774,Left,1,432555,0,7710696,5,589016,356,037,150,9457,91,62589
15,5883836746216,Left,1,435848,0,7668131,5,588745,356,0592,150,9432,91,62479
15,602484703064,Left,1,432973,0,7689815,5,589886,356,2585,150,8996,91,70652
15,6162099838257,Left,1,433184,0,7682359,5,59025,356,3571,150,8777,91,79165
15,6300277709961,Left,1,434067,0,7658163,5,591515,356,6817,150,722,92,1296
15,6439647674561,Left,1,43445,0,76458,5,592517,356,8297,150,5332,92,31194
15,6578779220581,Left,1,435137,0,7635225,5,593791,356,929,150,2333,92,4521
15,6717672348022,Left,1,435352,0,7627259,5,594961,356,9921,150,0578,92,44323
15,6856174468994,Left,1,43565,0,7619776,5,595687,357,0984,149,9419,92,50224
15,6995210647583,Left,1,436182,0,7607676,5,596846,357,2809,149,7789,92,68816
15,7135457992554,Left,1,436516,0,7594652,5,598165,357,5013,149,6305,92,96483
15,7352523803711,Left,1,436674,0,7579179,5,59944,357,8592,149,6081,93,25075
15,7411823272705,Left,1,436687,0,7578008,5,599572,357,8661,149,5774,93,24102
15,7550916671753,Left,1,436986,0,7565406,5,600648,358,0739,149,5297,93,41688
15,7689876556396,Left,1,437175,0,7546083,5,601756,358,4267,149,5223,93,55116
15,7828578948975,Left,1,437256,0,752893,5,602367,358,7512,149,4622,93,49769
15,7967777252197,Left,1,437399,0,7519709,5,602813,358,9742,149,4169,93,49402
15,8107967376709,Left,1,437639,0,7501484,5,603591,359,3783,149,3256,93,47448
15,8247919082642,Left,1,437639,0,7495084,5,603908,359,4899,149,2834,93,41208
15,8387231826782,Left,1,437867,0,7477815,5,604672,359,7586,149,1497,93,24903
15,8522758483887,Left,1,437875,0,7469387,5,60522,359,79,149,0378,92,99536
15,866361618042,Left,1,437833,0,7460967,5,605721,359,8705,148,9847,92,73373
15,8877506256104,Left,1,437927,0,7446078,5,606777,0,1480753,148,8687,92,29656
15,8939332962036,Left,1,438029,0,7441941,5,607039,0,2231445,148,8185,92,22951
15,9078712463379,Left,1,438703,0,7431713,5,608272,0,4136125,148,4763,92,16739
15,9217576980591,Left,1,439306,0,7425238,5,609514,0,5061116,148,1609,92,17177
15,9357023239136,Left,1,439646,0,7422687,5,610217,0,5446833,147,958,92,15255
15,9495801925659,Left,1,440268,0,7414829,5,61171,0,6297271,147,5996,92,09249
15,9634208679199,Left,1,44056,0,741475,5,613302,0,5993379,147,4747,92,49289
15,9773979187012,Left,1,440717,0,7413294,5,613964,0,6681938,147,4122,92,59914
15,9912109375,Left,1,440915,0,7406915,5,615452,0,8036545,147,2333,92,76527
16,0051288604736,Left,1,44085,0,7404442,5,616317,0,7920608,147,1212,92,76797
16,0191440582275,Left,1,440945,0,7397429,5,618332,0,7779961,146,7964,92,75422
16,0406837463379,Left,1,440878,0,7385817,5,620432,0,996703,146,478,92,76452
16,0467681884766,Left,1,441426,0,7310418,5,623557,1,1795,146,2396,92,78883
16,0606136322021,Left,1,441288,0,7367417,5,622993,1,3537,145,916,92,81126
16,0746459960938,Left,1,441305,0,7363271,5,62385,1,404086,145,7146,92,80447
16,0884037017822,Left,1,441675,0,7352141,5,625984,1,54911,145,2056,92,82129
16,1023120880127,Left,1,44173,0,7343788,5,628159,1,666415,144,8707,92,96368
16,1162528991699,Left,1,44159,0,7339758,5,629299,1,717664,144,6885,93,069
16,1301155090332,Left,1,441666,0,7331104,5,631491,1,86077,144,3057,93,26205
16,1439952850342,Left,1,441488,0,7327377,5,632283,1,957273,144,2016,93,35428
16,1578807830811,Left,1,441505,0,7317235,5,634652,2,129966,143,7767,93,43385
16,1719722747803,Left,1,441313,0,7309062,5,636971,2,173826,143,4078,93,24857
16,1933498382568,Left,1,441332,0,7305455,5,639035,2,192346,143,0627,93,13806
16,1995792388916,Left,1,442777,0,7272175,5,635062,2,297396,142,7747,93,14571
16,2134780883789,Left,1,441318,0,7295539,5,6427,2,339004,142,4545,93,13957
16,227258682251,Left,1,44145,0,7291247,5,644046,2,434585,142,2034,93,10193
16,2413749694824,Left,1,441761,0,7284144,5,646485,2,569513,141,7706,93,05042
16,2553424835205,Left,1,441916,0,72827,5,647667,2,555637,141,5617,93,04517
16,2688903808594,Left,1,442572,0,7278548,5,650355,2,553181,141,0399,93,08627
16,2827320098877,Left,1,443032,0,7274724,5,652608,2,587826,140,5869,93,09193
16,2966156005859,Left,1,443645,0,7273135,5,654039,2,598606,140,2058,93,10744
16,3105716705322,Left,1,444492,0,7268177,5,656708,2,689458,139,6325,93,1207
16,3245601654053,Left,1,444695,0,7266033,5,657794,2,732144,139,4115,93,11144
16,3460330963135,Left,1,445703,0,7262923,5,661169,2,728951,138,6909,93,02222
16,3519668579102,Left,1,44572,0,7261885,5,661594,2,762707,138,6076,93,05517
16,3658599853516,Left,1,44671,0,726145,5,664471,2,703145,137,9458,93,01614
16,3796195983887,Left,1,447438,0,7262946,5,667556,2,639697,137,3128,93,04147
16,3934669494629,Left,1,447868,0,7264007,5,669918,2,639413,136,8927,93,0555
16,4074478149414,Left,1,448287,0,7264649,5,671605,2,566313,136,5206,93,06974
16,4213027954102,Left,1,44892,0,7265807,5,674436,2,481668,135,9455,93,0882
16,4352951049805,Left,1,44902,0,7266762,5,675721,2,444428,135,7141,93,09669
16,4491100311279,Left,1,449531,0,7268286,5,678835,2,392995,135,1023,93,1072
16,4631042480469,Left,1,449731,0,7269138,5,681467,2,338358,134,6006,93,11118
16,4770088195801,Left,1,449914,0,7268571,5,683027,2,324413,134,3157,93,16398
16,4989395141602,Left,1,449928,0,7263958,5,68586,2,355164,133,808,93,18345
16,5048007965088,Left,1,450204,0,726521,5,686966,2,333929,133,577,93,19713
16,5185985565186,Left,1,450519,0,7262433,5,690038,2,367951,132,9852,93,23525
16,5324821472168,Left,1,450525,0,7259854,5,692749,2,453708,132,5641,93,31525
16,5463428497314,Left,1,450448,0,7256804,5,694243,2,510985,132,3005,93,27076
16,5601654052734,Left,1,450512,0,7251897,5,697477,2,557789,131,6723,93,1824
16,5741291046143,Left,1,4504,0,7251185,5,698554,2,573765,131,5154,93,20139
16,5879955291748,Left,1,45049,0,7246743,5,701851,2,621043,130,896,93,19236
16,6017951965332,Left,1,450554,0,7245336,5,704895,2,636051,130,3239,93,23535
16,615701675415,Left,1,450542,0,7245253,5,706465,2,634603,130,045,93,29028
16,6299095153809,Left,1,450826,0,7244825,5,710118,2,660463,129,3688,93,42361
16,6512069702148,Left,1,450468,0,724236,5,712715,2,645066,128,8751,93,54659
16,657377243042,Left,1,449227,0,7281653,5,716501,2,642993,128,4454,93,62056
16,6711807250977,Left,1,450838,0,7238187,5,717504,2,663006,127,9715,93,75
16,6852207183838,Left,1,450761,0,7235047,5,718775,2,723142,127,7449,93,76104
16,699125289917,Left,1,45096,0,7224215,5,721743,2,951906,127,2099,93,71438
16,7129917144775,Left,1,450973,0,7216024,5,724213,3,121251,126,7513,93,72582
16,7267894744873,Left,1,451038,0,720598,5,725248,3,269494,126,4822,93,6601
16,7406978607178,Left,1,451216,0,7191034,5,727547,3,503221,125,9261,93,54197
16,7546043395996,Left,1,451149,0,7183982,5,728342,3,662403,125,7147,93,49368
16,7684555053711,Left,1,451328,0,7165413,5,730558,4,062052,125,1627,93,41159
16,7825222015381,Left,1,450984,0,7151172,5,732329,4,326492,124,8009,93,31414
16,8038806915283,Left,1,45045,0,7137615,5,733394,4,588385,124,642,93,22857
16,8101425170898,Left,1,450473,0,7138974,5,733836,4,585342,124,5517,93,26029
16,8240394592285,Left,1,450121,0,7121478,5,735289,4,887199,124,2683,93,10811
16,8379325866699,Left,1,449558,0,710587,5,736615,5,181476,123,9669,92,91693
16,8518753051758,Left,1,449067,0,7094738,5,737862,5,403573,123,6891,92,84537
16,8657264709473,Left,1,448728,0,7089676,5,73824,5,540541,123,6188,92,84001
16,8796215057373,Left,1,44797,0,7079061,5,739001,5,825582,123,4965,92,87032
16,8935585021973,Left,1,447288,0,7073708,5,739474,5,921649,123,403,92,87338
16,9074382781982,Left,1,446831,0,7068102,5,739864,6,054107,123,3251,92,79439
16,9214878082275,Left,1,445992,0,7061105,5,739955,6,212182,123,3085,92,5667
16,9352073669434,Left,1,445765,0,7061354,5,739687,6,233731,123,3582,92,47915
16,9573822021484,Left,1,444732,0,7055022,5,73928,6,41783,123,3959,92,20914
16,962818145752,Left,1,445109,0,7057995,5,739377,6,323728,123,402,92,29666
16,9767551422119,Left,1,444509,0,7054719,5,738989,6,454739,123,4141,92,19437
16,9908657073975,Left,1,4443,0,705498,5,738743,6,458416,123,4216,92,20733
17,0045471191406,Left,1,444167,0,7055129,5,738492,6,496198,123,4282,92,18809
17,0184001922607,Left,1,443951,0,7055292,5,738235,6,534668,123,4046,92,19103
17,032299041748,Left,1,443689,0,7055498,5,737894,6,568815,123,4555,92,13848
17,0463027954102,Left,1,443645,0,705573,5,737827,6,568813,123,4555,92,13848
17,0601100921631,Left,1,443161,0,705456,5,737247,6,706562,123,5366,92,10717
17,0739917755127,Left,1,443055,0,7054396,5,737074,6,757061,123,556,92,10966
17,0879745483398,Left,1,44264,0,7053144,5,736304,6,904413,123,6293,92,09203
17,109395980835,Left,1,442115,0,7055969,5,735296,6,889809,123,7224,91,93535
17,115743637085,Left,1,44214,0,7055248,5,735416,6,895007,123,7142,91,95908
17,1295738220215,Left,1,441301,0,7058725,5,734083,6,840658,123,8991,91,72034
17,1437644958496,Left,1,441089,0,7061065,5,733491,6,825723,123,9922,91,62126
17,1573486328125,Left,1,440827,0,7062658,5,732939,6,839509,124,1076,91,60011
17,1712532043457,Left,1,440577,0,7064552,5,732269,6,854476,124,2534,91,61916
17,1852836608887,Left,1,440445,0,7065682,5,731843,6,859911,124,3394,91,6501
17,1990127563477,Left,1,440201,0,7067064,5,731322,6,857907,124,4645,91,67034
17,2128620147705,Left,1,439914,0,7068499,5,730776,6,841818,124,5854,91,61767
17,22678565979,Left,1,439806,0,7069183,5,730602,6,81874,124,6289,91,58555
17,2407360076904,Left,1,439413,0,7071719,5,729865,6,740234,124,7897,91,47357
17,2624034881592,Left,1,439147,0,7073601,5,72908,6,724497,124,9587,91,35129
17,2684116363525,Left,1,438547,0,7055117,5,731891,6,715917,124,9657,91,34396
17,2825336456299,Left,1,438997,0,7075388,5,728746,6,678997,125,0707,91,33679
17,2962093353271,Left,1,438949,0,7076099,5,728647,6,666348,125,1117,91,34814
17,310094833374,Left,1,438849,0,7077376,5,728421,6,635895,125,1944,91,36307
17,3239936828613,Left,1,43885,0,7077782,5,728353,6,633158,125,2131,91,37461
17,3379192352295,Left,1,43878,0,7079005,5,728202,6,629063,125,2411,91,39191
17,3518695831299,Left,1,43863,0,7080814,5,728141,6,575996,125,3071,91,41006
17,3658294677734,Left,1,43857,0,7081667,5,728115,6,55985,125,3187,91,409
17,3796100616455,Left,1,438385,0,7082587,5,728162,6,511911,125,3644,91,39729
17,3935432434082,Left,1,438232,0,7083381,5,728146,6,47663,125,4507,91,42432
17,4150543212891,Left,1,438137,0,7082301,5,728141,6,481837,125,5324,91,4672
17,4212131500244,Left,1,438184,0,7082732,5,728114,6,477782,125,5054,91,45193
17,4351634979248,Left,1,438144,0,7081959,5,728159,6,48147,125,5246,91,46774
17,4490013122559,Left,1,438173,0,7080773,5,728216,6,486907,125,5435,91,48462
17,4628944396973,Left,1,43821,0,7079718,5,728303,6,498411,125,5534,91,51749
17,4768581390381,Left,1,438218,0,7077887,5,728409,6,498411,125,5534,91,51749
17,4907341003418,Left,1,438268,0,7075946,5,728559,6,53757,125,5411,91,57052
17,5048637390137,Left,1,438219,0,7074329,5,728624,6,537562,125,5411,91,5705
17,5185165405273,Left,1,438196,0,7071738,5,728766,6,597451,125,5686,91,62345
17,5324306488037,Left,1,438139,0,7070116,5,728804,6,656919,125,5931,91,67797
17,5463848114014,Left,1,438124,0,706984,5,728814,6,675954,125,5988,91,69131
17,5677890777588,Left,1,438028,0,7068463,5,728841,6,701693,125,6148,91,70891
17,5739803314209,Left,1,438048,0,7068694,5,728834,6,693132,125,606,91,7078
17,5879650115967,Left,1,437972,0,7068263,5,72885,6,693132,125,606,91,70781
17,6018047332764,Left,1,437814,0,7068448,5,728868,6,708964,125,654,91,70818
17,615686416626,Left,1,437703,0,7069153,5,728862,6,696659,125,6854,91,71692
17,629581451416,Left,1,437545,0,7070361,5,728816,6,687368,125,709,91,7235
17,6434593200684,Left,1,437441,0,7071947,5,728798,6,660064,125,7846,91,74712
17,6573925018311,Left,1,437449,0,7073117,5,728746,6,655106,125,7885,91,7384
17,6712970733643,Left,1,437385,0,7074815,5,728724,6,60405,125,8183,91,69859
17,6851768493652,Left,1,437475,0,7075461,5,728676,6,581827,125,8185,91,68235
17,6991672515869,Left,1,43761,0,7076641,5,728606,6,564184,125,8231,91,66418
17,720552444458,Left,1,437762,0,7079182,5,728621,6,495051,125,8295,91,64265
17,7268199920654,Left,1,444438,0,7029743,5,725326,6,489148,125,8312,91,64326
17,7407035827637,Left,1,437891,0,7081336,5,728657,6,489151,125,8312,91,64326
17,754602432251,Left,1,437921,0,7081767,5,728661,6,465472,125,8299,91,63057
17,7685070037842,Left,1,438108,0,7082865,5,728633,6,437833,125,8283,91,61573
17,7823600769043,Left,1,438244,0,7083019,5,728587,6,437833,125,8283,91,61572
17,7962951660156,Left,1,438337,0,7083614,5,728612,6,407229,125,8091,91,5981
17,8102207183838,Left,1,438472,0,7084627,5,728661,6,389315,125,7978,91,58779
17,824031829834,Left,1,438506,0,7084854,5,728672,6,389315,125,7978,91,58781
17,8380069732666,Left,1,438586,0,7085323,5,728695,6,389312,125,7978,91,58779
17,8518829345703,Left,1,438604,0,7085265,5,728691,6,389463,125,7983,91,58982
17,8739395141602,Left,1,438616,0,7084849,5,728647,6,388268,125,8066,91,57499
17,8795585632324,Left,1,439952,0,7134979,5,733041,6,388268,125,8066,91,57499
17,8934631347656,Left,1,438615,0,7084349,5,728607,6,38827,125,8066,91,57498
17,9073848724365,Left,1,438611,0,7084101,5,728592,6,388258,125,8066,91,57497
17,9212799072266,Left,1,438606,0,7083769,5,72855,6,388261,125,8066,91,57497
17,9351768493652,Left,1,438595,0,7083546,5,728514,6,38826,125,8066,91,57498
17,9490585327148,Left,1,438532,0,7083171,5,728433,6,382928,125,8536,91,62457
17,962963104248,Left,1,438493,0,7082074,5,728317,6,382384,125,8584,91,62965
17,9768466949463,Left,1,438454,0,7081522,5,728262,6,38238,125,8584,91,62965
17,9906978607178,Left,1,438381,0,7080808,5,728204,6,401719,125,9117,91,63461
18,0047740936279,Left,1,438393,0,708066,5,728125,6,401721,125,9117,91,6346
18,0261421203613,Left,1,438365,0,7079316,5,727801,6,438699,125,9724,91,62463
18,0324363708496,Left,1,438377,0,7079856,5,727866,6,417395,125,9578,91,62663
18,0463600158691,Left,1,438376,0,7078497,5,72774,6,447641,125,9705,91,62218
18,0602188110352,Left,1,438373,0,7077669,5,727681,6,464585,125,9783,91,61906
18,0740776062012,Left,1,438364,0,7077665,5,727674,6,464859,125,9777,91,61964
18,0880069732666,Left,1,438152,0,7078193,5,727633,6,45815,125,9848,91,62331
18,1019191741943,Left,1,437992,0,7078522,5,727632,6,437707,126,0125,91,6237
18,1158447265625,Left,1,437987,0,7077979,5,7276,6,439996,126,0153,91,62916
18,1296463012695,Left,1,43797,0,7077588,5,727605,6,456754,126,0395,91,6628
18,1436347961426,Left,1,43798,0,7076296,5,727594,6,458076,126,0394,91,66643
18,1575889587402,Left,1,43796,0,7076058,5,727588,6,457871,126,0388,91,66586
18,1788444519043,Left,1,437866,0,7075425,5,727575,6,48886,125,9994,91,68272
18,1853008270264,Left,1,437885,0,7075474,5,727578,6,487407,126,0154,91,69024
18,1991844177246,Left,1,437846,0,7074842,5,727613,6,487407,126,0154,91,69024
18,2130489349365,Left,1,437811,0,7074105,5,727675,6,489247,126,0186,91,69717
18,2268943786621,Left,1,437766,0,7074022,5,727762,6,492014,126,0362,91,77549
18,2408313751221,Left,1,437669,0,7074253,5,727827,6,470347,126,0707,91,85426
18,2547264099121,Left,1,437548,0,7075101,5,727805,6,403073,126,1179,91,9026
18,2686138153076,Left,1,437422,0,7076499,5,727829,6,340487,126,1644,91,96292
18,2825145721436,Left,1,437362,0,7077351,5,727824,6,318931,126,1915,92,0498
18,2964649200439,Left,1,437317,0,7077656,5,727874,6,402965,126,2284,92,25223
18,3104209899902,Left,1,437532,0,7073618,5,727854,6,807505,126,2066,92,81945
18,3318176269531,Left,1,440882,0,704035,5,728144,8,881132,124,4224,93,95837
18,3380470275879,Left,1,446324,0,7011943,5,730418,9,569963,123,7462,94,37508
18,3525047302246,Left,1,443513,0,701712,5,729428,10,34237,122,56,95,63363
18,3664112091064,Left,1,443577,0,7017088,5,730354,10,18526,121,9883,96,43386
18,3797130584717,Left,1,444041,0,703899,5,732291,9,588793,121,2722,97,43266
18,393533706665,Left,1,443691,0,7063712,5,732384,8,60784,121,2956,97,73855
18,4074993133545,Left,1,443286,0,7093515,5,733495,7,562931,121,2242,98,1362
18,4213695526123,Left,1,441985,0,7138343,5,73322,5,759996,121,8158,98,12483
18,4352493286133,Left,1,441957,0,7147489,5,732681,5,570566,122,2025,98,10732
18,4491024017334,Left,1,439186,0,7168786,5,731356,5,08307,123,5312,97,8648
18,4632663726807,Left,1,438289,0,7183322,5,730257,4,825177,124,2874,97,81398
18,4845275878906,Left,1,437684,0,7183809,5,729321,5,011461,124,5195,97,34592
18,4908580780029,Left,1,437746,0,7189873,5,729383,4,80757,124,6041,97,55161
18,5049667358398,Left,1,436936,0,7195717,5,728833,4,609247,124,7128,97,16624
18,5188484191895,Left,1,436393,0,7200341,5,728568,4,188071,124,8522,96,75715
18,5325164794922,Left,1,436239,0,7207532,5,728627,3,725306,124,8217,96,52265
18,5464839935303,Left,1,436293,0,7211956,5,729107,3,243514,124,6992,96,32186
18,5603008270264,Left,1,435904,0,7224578,5,730054,2,129287,124,586,95,71316
18,5742359161377,Left,1,436475,0,7228439,5,730283,1,835436,124,4517,95,1259
18,5881042480469,Left,1,436718,0,7229657,5,730525,1,386626,124,2739,94,4106
18,602180480957,Left,1,438203,0,7219458,5,730615,1,637445,123,6227,93,28203
18,616003036499,Left,1,438784,0,7217637,5,73085,1,806146,123,4428,93,05576
18,6297912597656,Left,1,439936,0,7199978,5,730508,2,462633,123,0602,92,43755
18,6436805725098,Left,1,440019,0,7192312,5,730393,2,747633,123,0211,91,97083
18,6576690673828,Left,1,43937,0,719309,5,73034,2,679769,123,511,92,0201
18,671745300293,Left,1,438522,0,7193482,5,729964,2,520348,124,4735,92,38419
18,6854419708252,Left,1,438564,0,71931,5,729819,2,530339,124,5644,92,70001
18,6992588043213,Left,1,438498,0,7188615,5,729618,2,647362,124,7363,92,84499
18,7131023406982,Left,1,438555,0,7184069,5,729368,2,84709,124,7531,92,74569
18,7269840240479,Left,1,438547,0,7182093,5,729182,2,951898,124,7906,92,64063
18,7409477233887,Left,1,438739,0,7174652,5,728471,3,267573,124,7604,92,19896
18,754997253418,Left,1,438578,0,7174336,5,728245,3,323333,124,8251,91,9919
18,7687931060791,Left,1,438199,0,7172823,5,727529,3,332378,124,9604,91,63247
18,7825908660889,Left,1,437632,0,7177517,5,727049,3,210937,125,2515,91,57244
18,7966117858887,Left,1,437636,0,7179344,5,72694,3,152817,125,3009,91,60407
18,8104343414307,Left,1,436647,0,7187795,5,726316,2,90698,125,7918,91,78053
18,82448387146,Left,1,436654,0,7188048,5,725855,2,883121,125,9384,91,81461
18,8382949829102,Left,1,435772,0,7190342,5,724833,2,910277,126,5296,91,94615
18,8520927429199,Left,1,435197,0,7188703,5,723684,2,984236,126,9728,91,89587
18,866060256958,Left,1,435234,0,7188137,5,723585,2,977364,126,9332,91,82919
18,8798637390137,Left,1,434899,0,7187583,5,72299,2,916918,127,0606,91,66623
18,8937721252441,Left,1,434923,0,718639,5,722444,2,938204,127,113,91,53504
18,9077491760254,Left,1,434886,0,718455,5,722076,2,983663,127,1416,91,43947
18,9216632843018,Left,1,434662,0,7181854,5,721535,3,029868,127,232,91,25469
18,9354858398438,Left,1,434502,0,7181771,5,721303,2,995879,127,3105,91,16406
18,9494228363037,Left,1,434084,0,7181007,5,720687,2,906137,127,5293,90,99301
18,9632587432861,Left,1,434226,0,7181404,5,72047,2,91888,127,6075,91,05054
18,9773063659668,Left,1,434388,0,718152,5,720385,2,96024,127,6416,91,17848
18,9910850524902,Left,1,434513,0,7179533,5,720156,3,069678,127,6958,91,28014
19,004976272583,Left,1,434523,0,717911,5,720092,3,080651,127,7201,91,30209
19,0188636779785,Left,1,434651,0,7178756,5,719983,3,091669,127,7446,91,32416
19,0327320098877,Left,1,434713,0,7178537,5,71991,3,049709,127,7402,91,29725
19,0466804504395,Left,1,434754,0,7177944,5,719783,3,06218,127,768,91,2747
19,0605278015137,Left,1,434898,0,7176253,5,719431,3,079223,127,8367,91,1936
19,0746746063232,Left,1,434897,0,7176633,5,719476,3,079973,127,8293,91,20062
19,0886554718018,Left,1,435088,0,717537,5,719188,3,077857,127,8919,91,15285
19,1022281646729,Left,1,43533,0,7175099,5,718999,3,078165,127,8986,91,14796
19,1161155700684,Left,1,435364,0,7175119,5,718885,3,073119,127,936,91,15467
19,1298923492432,Left,1,435441,0,7175003,5,71862,3,069935,127,9596,91,15891
19,1437873840332,Left,1,435431,0,7174884,5,718276,3,095852,128,0997,91,2185
19,1576976776123,Left,1,435469,0,7174343,5,717922,3,103839,128,2306,91,25687
19,1718826293945,Left,1,435549,0,7173418,5,717461,3,118178,128,3549,91,25456
19,1854934692383,Left,1,435565,0,7173556,5,71738,3,113128,128,3808,91,25635
19,1993427276611,Left,1,435587,0,7173004,5,716985,3,124978,128,4767,91,23541
19,2132511138916,Left,1,435603,0,7172248,5,716531,3,133101,128,5728,91,18932
19,2273273468018,Left,1,435595,0,7171706,5,716348,3,145508,128,615,91,17898
19,2410755157471,Left,1,435569,0,7169492,5,715456,3,176353,128,8115,91,09905
19,2550525665283,Left,1,435556,0,7169329,5,715331,3,186469,128,8456,91,10085
19,2691173553467,Left,1,435493,0,7167704,5,71455,3,217756,129,044,91,07827
19,2828788757324,Left,1,435409,0,7165645,5,713687,3,28338,129,2211,91,09824
19,296760559082,Left,1,435282,0,7164885,5,713059,3,280252,129,3291,91,05788
19,3106708526611,Left,1,435085,0,7163298,5,712281,3,297985,129,4758,90,99123
19,3245010375977,Left,1,435041,0,7163408,5,711882,3,28861,129,5525,90,95483
19,3382987976074,Left,1,434813,0,7163178,5,711029,3,260391,129,7255,90,87717
19,3524055480957,Left,1,434415,0,7163685,5,709891,3,287364,130,0069,90,88181
19,3661327362061,Left,1,434372,0,7164402,5,70973,3,280642,130,0348,90,88952
19,3800678253174,Left,1,43389,0,7165608,5,708816,3,288475,130,2659,90,91536
19,3939399719238,Left,1,433847,0,7165613,5,70845,3,281429,130,3331,90,90226
19,4078521728516,Left,1,433439,0,7165378,5,707503,3,261233,130,5493,90,79359
19,4217910766602,Left,1,433285,0,7165504,5,706766,3,275364,130,7281,90,6972
19,4357395172119,Left,1,433181,0,7166239,5,706391,3,271731,130,8527,90,68958
19,4495239257813,Left,1,433155,0,7167301,5,705952,3,270181,130,972,90,68282
19,4634304046631,Left,1,433235,0,7167584,5,705773,3,26406,130,9642,90,68167
19,4772796630859,Left,1,433326,0,7168323,5,705568,3,250061,131,0081,90,65006
19,4914245605469,Left,1,433417,0,71695,5,705257,3,2079,131,0724,90,59505
19,5052452087402,Left,1,433453,0,7170263,5,70516,3,189869,131,1039,90,59445
19,5191555023193,Left,1,433568,0,717274,5,704764,3,140685,131,202,90,58767
19,533073425293,Left,1,433638,0,7173559,5,704549,3,143365,131,195,90,59145
19,5468978881836,Left,1,433643,0,7174476,5,704335,3,125497,131,2835,90,58972
19,560661315918,Left,1,433802,0,717536,5,703976,3,109814,131,3728,90,57794
19,5744743347168,Left,1,433914,0,7175726,5,703877,3,109811,131,3728,90,57793
19,5883617401123,Left,1,434154,0,7177206,5,703559,3,063527,131,3989,90,54282
19,6022052764893,Left,1,434272,0,717863,5,703381,3,032211,131,4236,90,51443
19,6163291931152,Left,1,434338,0,7179732,5,703254,3,010081,131,4478,90,49641
19,6300582885742,Left,1,434433,0,7182315,5,702994,2,943252,131,4958,90,46881
19,6439323425293,Left,1,43452,0,7183827,5,702889,2,906122,131,4976,90,47199
19,6578426361084,Left,1,434631,0,7188012,5,702741,2,786384,131,5013,90,4873
19,671781539917,Left,1,435076,0,7202173,5,702765,2,355964,131,3737,90,67545
19,6860675811768,Left,1,435576,0,7213891,5,703122,2,076989,131,1929,90,91933
19,6995544433594,Left,1,436382,0,7231078,5,703667,1,672369,130,9128,91,33655
19,713436126709,Left,1,436894,0,7244927,5,704318,1,3163,130,6758,91,6927
19,7274322509766,Left,1,437581,0,7261481,5,705277,0,8127122,130,3228,92,02589
19,7415084838867,Left,1,439296,0,7292081,5,707129,359,9226,129,4477,92,63399
19,7552318572998,Left,1,440891,0,731934,5,708849,359,0579,128,5256,93,0388
19,7690258026123,Left,1,443372,0,736792,5,71183,357,6272,127,093,93,75345
19,7829036712646,Left,1,446741,0,7435868,5,716301,355,6544,124,9836,94,81654
19,7967910766602,Left,1,448052,0,7467778,5,718396,354,7856,124,1346,95,37223
19,8106536865234,Left,1,449964,0,7547257,5,72332,352,6761,122,8159,96,6404
19,8245296478271,Left,1,450286,0,7566922,5,72439,351,9941,122,4815,96,98281
19,8385124206543,Left,1,449508,0,7644167,5,728261,349,8021,122,6837,98,32086
19,8523368835449,Left,1,449991,0,7692434,5,730387,348,578,122,6195,99,19953
19,8663158416748,Left,1,450299,0,7712691,5,731179,348,2955,122,7648,99,61629
19,8802394866943,Left,1,450576,0,7761632,5,733891,347,253,122,646,100,4798
19,894079208374,Left,1,450486,0,7770744,5,734102,346,9631,122,7293,100,6785
19,9079399108887,Left,1,449842,0,7809398,5,73604,345,9951,123,0271,101,1898
19,9218139648438,Left,1,449661,0,7834896,5,73697,345,4514,123,2508,101,3585
19,9357299804688,Left,1,449957,0,7845429,5,737947,345,2097,122,9069,101,6117
19,9495887756348,Left,1,450432,0,788271,5,74072,344,3279,122,3998,102,461
19,9635219573975,Left,1,451129,0,7892441,5,741876,344,2195,122,1346,103,2729
19,9775199890137,Left,1,45126,0,7901199,5,742612,344,0689,122,0914,103,6616
19,9913711547852,Left,1,451092,0,7917638,5,743762,343,5772,122,118,104,1259
20,0052013397217,Left,1,451202,0,7927589,5,744333,343,3059,122,0554,104,3981
20,0190410614014,Left,1,450791,0,7932695,5,744731,343,1845,122,8033,104,9063
20,0329093933105,Left,1,450968,0,7944001,5,74528,342,9562,123,0087,105,3679
20,0468139648438,Left,1,451081,0,7944582,5,745536,343,0206,123,3408,105,9574
20,060718536377,Left,1,451511,0,7953962,5,746538,342,9519,123,6393,106,9885
20,074556350708,Left,1,451617,0,795693,5,746631,342,8701,123,6746,107,2801
20,0884876251221,Left,1,452314,0,7963468,5,74781,343,0801,124,1332,108,8257
20,1023902893066,Left,1,452617,0,7966876,5,748257,343,2614,124,7056,110,2017
20,1162300109863,Left,1,452786,0,7967918,5,748356,343,3987,125,1415,110,9948
20,1301403045654,Left,1,453216,0,7972146,5,748937,343,6357,125,9377,112,5293
20,1442012786865,Left,1,453069,0,797029,5,748627,343,6457,126,1928,112,9501
20,1580181121826,Left,1,453239,0,797699,5,749699,343,6378,126,943,114,3773
20,1717796325684,Left,1,453444,0,7979355,5,750065,343,639,127,4134,115,57
20,1857471466064,Left,1,453627,0,7976833,5,749949,343,7371,127,4724,115,9799
20,1996173858643,Left,1,454317,0,7973071,5,750031,344,0888,127,8347,116,7515
20,2135028839111,Left,1,454611,0,7968503,5,749789,344,3588,128,1766,117,3508
20,2273769378662,Left,1,45487,0,7963129,5,749571,344,5836,128,2766,117,5547
20,2413005828857,Left,1,455284,0,7961352,5,749923,344,6876,128,3417,118,1291
20,2553234100342,Left,1,45532,0,7959883,5,749943,344,6731,128,2595,118,2521
20,2690315246582,Left,1,455704,0,7960549,5,750651,344,6068,128,3249,118,839
20,2829170227051,Left,1,455819,0,7958937,5,751049,344,5542,128,4305,119,3355
20,2969379425049,Left,1,455856,0,7957664,5,751259,344,4905,128,5141,119,6205
20,3106536865234,Left,1,456222,0,7955116,5,751568,344,5591,128,666,120,2315
20,3246059417725,Left,1,45619,0,7952287,5,75121,344,6306,128,6342,120,26
20,3385448455811,Left,1,456422,0,7950482,5,751304,344,7019,128,7368,120,7195
20,3524875640869,Left,1,456204,0,7949643,5,75109,344,7342,128,9197,121,0511
20,3664722442627,Left,1,456021,0,7948777,5,750935,344,7701,129,111,121,2826
20,3801155090332,Left,1,455812,0,7948516,5,750939,344,7776,129,4077,121,7584
20,3940048217773,Left,1,455567,0,7948607,5,750763,344,7045,129,4702,121,8835
20,4079074859619,Left,1,455251,0,7951179,5,751067,344,5413,129,6989,122,4814
20,4216804504395,Left,1,455042,0,7951781,5,750925,344,4958,129,8361,122,9066
20,4355926513672,Left,1,455114,0,7953132,5,750923,344,5078,129,6906,122,9473
20,4497108459473,Left,1,455177,0,7955362,5,751017,344,5063,129,6597,123,2451
20,4635925292969,Left,1,455168,0,7957317,5,750978,344,5282,129,5717,123,1891
20,4772891998291,Left,1,455047,0,7958266,5,750864,344,4809,129,4183,122,857
20,4912166595459,Left,1,454709,0,7962868,5,750682,344,3528,129,4728,122,5527
20,5053806304932,Left,1,454662,0,7966198,5,750646,344,3248,129,5902,122,5373
20,5190448760986,Left,1,454407,0,7970294,5,75048,344,2747,129,7042,122,4965
20,5332717895508,Left,1,454278,0,7973207,5,750168,344,3082,129,8033,122,3594
20,5468311309814,Left,1,454115,0,7979079,5,748229,344,9303,130,0885,121,5464
20,5605888366699,Left,1,455107,0,7979463,5,749287,345,0197,129,5725,121,9652
20,5744514465332,Left,1,454718,0,7980101,5,74963,345,0688,129,6154,121,8268
20,5883693695068,Left,1,454352,0,7983381,5,74997,344,6288,129,8708,122,2425
20,6023654937744,Left,1,453997,0,798952,5,749885,344,3755,130,0398,122,2367
20,6161289215088,Left,1,454186,0,7989352,5,74974,344,3998,129,9961,122,2037
20,6300525665283,Left,1,45427,0,7988766,5,749716,344,4497,129,9517,122,1464
20,6439266204834,Left,1,454214,0,798956,5,7497,344,4651,129,9486,122,0787
20,6578502655029,Left,1,454132,0,7991256,5,749743,344,4901,129,9432,121,9722
20,6717166900635,Left,1,454141,0,7991476,5,749792,344,4888,129,9438,121,9748
20,6856594085693,Left,1,45421,0,7992476,5,749845,344,4832,129,9471,122,011
20,6995258331299,Left,1,454332,0,7994182,5,750038,344,4522,129,9688,122,125
20,7134265899658,Left,1,454399,0,7994505,5,750024,344,4447,130,024,122,2626
20,7272968292236,Left,1,454518,0,7994292,5,749983,344,4839,130,09,122,353
20,7411918640137,Left,1,454659,0,7992973,5,749843,344,5685,130,155,122,4207
20,7553939819336,Left,1,454676,0,7992184,5,74978,344,596,130,1549,122,4081
20,769006729126,Left,1,454921,0,7989641,5,749608,344,713,130,1307,122,3794
20,7828273773193,Left,1,455057,0,7987726,5,749571,344,7896,130,1002,122,3769
20,7967128753662,Left,1,455046,0,7987643,5,7496,344,8165,130,1099,122,3955
20,8106575012207,Left,1,45513,0,7987689,5,749563,344,8817,130,118,122,4325
20,8244915008545,Left,1,455073,0,7987255,5,749496,344,923,130,1334,122,4188
20,8387870788574,Left,1,45509,0,7984651,5,749088,345,0915,130,1716,122,2932
20,8523559570313,Left,1,454947,0,7981724,5,748632,345,2429,130,1678,121,9978
20,866174697876,Left,1,454835,0,7981165,5,748449,345,3029,130,2698,121,8855
20,8801651000977,Left,1,45483,0,7973691,5,747126,345,8483,130,4597,121,4397
20,8940334320068,Left,1,454706,0,7972541,5,747205,345,9826,130,4342,121,307
20,9080429077148,Left,1,454731,0,7969447,5,746708,346,2072,130,4837,121,1709
20,9217662811279,Left,1,454706,0,7963737,5,74592,346,6357,130,6497,121,0059
20,9355869293213,Left,1,45476,0,795813,5,745154,347,0435,130,7741,120,867
20,9494476318359,Left,1,455159,0,7948643,5,743779,347,7984,130,806,120,5522
20,9633293151855,Left,1,455465,0,794283,5,743413,348,3102,130,6329,120,3243
20,9774150848389,Left,1,455588,0,7940015,5,743252,348,4958,130,4883,120,1683
20,9914169311523,Left,1,455613,0,7933534,5,742556,348,8084,130,5009,119,7573
21,0055255889893,Left,1,455608,0,7930771,5,742375,348,9365,130,4571,119,5543
21,0189304351807,Left,1,455504,0,792309,5,741506,349,2008,130,5973,119,3263
21,0327243804932,Left,1,455811,0,7914611,5,740747,349,6634,130,7858,119,2719
21,0465812683105,Left,1,456298,0,7903077,5,739656,350,2557,130,8595,119,1435
21,0606307983398,Left,1,456916,0,7885451,5,738548,350,868,130,9762,119,5102
21,0744457244873,Left,1,456652,0,7885844,5,738943,350,6642,131,0315,119,8478
21,0883502960205,Left,1,45627,0,7888288,5,73928,349,862,131,2837,121,0501
21,1022548675537,Left,1,456019,0,7893232,5,739396,349,2288,131,5526,122,1842
21,1161766052246,Left,1,455625,0,7895837,5,739574,348,8346,131,426,122,6401
21,130090713501,Left,1,453583,0,7901632,5,739029,348,4736,132,0354,122,9514
21,1438961029053,Left,1,453368,0,7902063,5,738487,348,507,132,2099,123,1176
21,1577930450439,Left,1,451995,0,7904975,5,73756,348,874,132,9188,123,3307
21,1718864440918,Left,1,451145,0,7903012,5,736429,349,2467,133,2317,123,268
21,1856079101563,Left,1,4508,0,7902097,5,736191,349,3669,133,284,123,1339
21,1994380950928,Left,1,451302,0,7901022,5,736531,349,3082,132,6861,122,5386
21,213399887085,Left,1,451247,0,789925,5,73618,349,4557,132,6181,122,1791
21,2273025512695,Left,1,450888,0,7895361,5,735244,349,7881,132,7411,121,8552
21,2411918640137,Left,1,451952,0,7883108,5,733963,350,8874,132,3041,121,5494
21,2550296783447,Left,1,452151,0,788346,5,734717,350,7953,131,8731,121,6872
21,2688941955566,Left,1,452428,0,7884528,5,734968,350,4494,130,9222,121,3755
21,2830638885498,Left,1,452521,0,7883857,5,734625,350,4067,130,5311,121,0163
21,2967338562012,Left,1,452461,0,7885001,5,734751,350,3164,130,4131,120,9211
21,310567855835,Left,1,451873,0,7888911,5,735267,349,9091,130,5646,121,131
21,3244647979736,Left,1,451678,0,7890763,5,735309,349,7662,130,8809,121,2857
21,3384590148926,Left,1,450156,0,7901998,5,735804,348,7786,131,4353,121,6801
21,3523368835449,Left,1,45003,0,7906451,5,73533,348,4858,131,6199,121,8469
21,3665504455566,Left,1,450285,0,7904063,5,735045,348,7576,131,5391,121,8977
21,3876113891602,Left,1,450055,0,7903149,5,734794,348,9,131,5539,121,9434
21,3939437866211,Left,1,450113,0,7902682,5,734884,348,9037,131,5173,121,9486
21,4078540802002,Left,1,449345,0,7906129,5,734829,348,7148,131,7023,121,8246
21,4220409393311,Left,1,448616,0,7912189,5,734936,348,2975,131,7667,121,4842
21,4356384277344,Left,1,447892,0,7921064,5,735484,347,5708,131,7442,120,9417
21,4495220184326,Left,1,447363,0,7928035,5,736354,346,7803,131,6699,120,3459
21,4633712768555,Left,1,448986,0,7917417,5,736171,347,1906,131,3823,119,3851
21,4772663116455,Left,1,450171,0,7909888,5,735521,347,6654,131,0016,118,7295
21,4911689758301,Left,1,452053,0,7895873,5,734955,348,5053,130,1104,117,3518
21,5051078796387,Left,1,452904,0,7890077,5,735075,348,921,129,5809,116,4698
21,5190944671631,Left,1,453578,0,7880079,5,734833,348,8898,128,508,114,739
21,5407314300537,Left,1,452925,0,7883823,5,736088,348,1663,128,8022,115,3048
21,5468139648438,Left,1,449894,0,7883955,5,745747,348,0664,128,6534,114,9512
21,5606842041016,Left,1,452349,0,7879772,5,736079,348,057,129,2003,115,1668
21,5745048522949,Left,1,452089,0,7880235,5,735642,348,151,129,5563,115,5505
21,5883522033691,Left,1,45166,0,7880001,5,735187,348,3409,130,0989,115,949
21,6023025512695,Left,1,451253,0,7879208,5,734863,348,3706,130,2054,116,0188
21,6162567138672,Left,1,450627,0,7876291,5,734348,348,4837,130,3779,115,8279
21,630090713501,Left,1,45001,0,7872704,5,733672,348,5792,130,4545,115,5675
21,6439418792725,Left,1,44995,0,787371,5,733755,348,5938,130,4274,115,4521
21,6578178405762,Left,1,449641,0,7872109,5,733212,348,7452,130,3799,115,1076
21,6718158721924,Left,1,449388,0,7869241,5,732644,348,9814,130,1911,114,7041
21,6934833526611,Left,1,449069,0,7875648,5,733165,348,7343,130,3638,114,979
21,6994667053223,Left,1,446878,0,7945911,5,736582,348,7466,130,3847,114,9986
21,7133522033691,Left,1,448891,0,7876916,5,732877,348,8272,130,4928,115,0713
21,7271900177002,Left,1,448771,0,7876792,5,732677,348,8824,130,5342,115,0769
21,7412796020508,Left,1,448496,0,7876762,5,732128,349,0839,130,7515,115,1747
21,7551021575928,Left,1,448574,0,7876358,5,7321,349,1405,130,74,115,1899
21,7689170837402,Left,1,448692,0,7874862,5,731995,349,2687,130,6822,115,2387
21,7832469940186,Left,1,448724,0,7874314,5,732038,349,2937,130,5904,115,2029
21,7968063354492,Left,1,448754,0,7873768,5,731888,349,3615,130,5743,115,1754
21,810489654541,Left,1,448815,0,7872452,5,731505,349,4861,130,5842,115,0993
21,8244400024414,Left,1,448714,0,7872322,5,731504,349,5036,130,6055,115,0679
21,8459892272949,Left,1,448406,0,7870879,5,731204,349,5186,130,7121,115,0066
21,8523540496826,Left,1,448486,0,7871333,5,73127,349,5108,130,6873,115,007
21,8661136627197,Left,1,448341,0,7870742,5,731212,349,5088,130,7136,115,041
21,8799495697021,Left,1,447956,0,787148,5,73108,349,4504,130,8312,115,1955
21,8938541412354,Left,1,44776,0,7872242,5,730934,349,4269,130,9715,115,3773
21,9077472686768,Left,1,447848,0,787304,5,731069,349,4536,130,9754,115,6011
21,9216194152832,Left,1,448008,0,7872195,5,73112,349,5547,131,0171,115,8813
21,9355621337891,Left,1,448003,0,7871226,5,731067,349,5657,130,9829,115,8787
21,9494495391846,Left,1,448011,0,7870961,5,731055,349,5482,130,9656,115,7908
21,9633541107178,Left,1,448041,0,7871668,5,731053,349,5426,130,9939,115,7484
21,9774227142334,Left,1,448069,0,7871971,5,731062,349,5412,130,985,115,7502
21,9988975524902,Left,1,448159,0,787279,5,731087,349,5438,130,9805,115,7446
22,0052814483643,Left,1,448144,0,7872657,5,73107,349,5415,130,9865,115,7213
22,018928527832,Left,1,448336,0,7873246,5,731149,349,5504,130,9443,115,6928
22,032886505127,Left,1,448635,0,7874131,5,731301,349,5728,130,8486,115,713
22,04665184021,Left,1,448673,0,7874333,5,731354,349,5728,130,8486,115,713
22,0605087280273,Left,1,448813,0,7875053,5,731406,349,5939,130,815,115,7623
22,0743980407715,Left,1,448794,0,7875155,5,731424,349,5938,130,815,115,7623
22,0886154174805,Left,1,448854,0,7876265,5,731509,349,5866,130,7611,115,745
22,1023101806641,Left,1,448726,0,7878758,5,731652,349,5022,130,6787,115,5942
22,116189956665,Left,1,448782,0,787936,5,731718,349,501,130,6966,115,6232
22,13010597229,Left,1,448764,0,7879549,5,731695,349,5002,130,7075,115,6409
22,1518516540527,Left,1,448687,0,7880238,5,731677,349,4969,130,7456,115,6325
22,157735824585,Left,1,45631,0,790755,5,732207,349,4957,130,7565,115,6218
22,1716690063477,Left,1,448582,0,7880806,5,731683,349,4737,130,7654,115,5486
22,1855487823486,Left,1,448618,0,7881161,5,731714,349,4737,130,7655,115,5486
22,1994209289551,Left,1,448585,0,7880818,5,731684,349,4737,130,7655,115,5486
22,2133483886719,Left,1,448506,0,7880257,5,731644,349,4633,130,8313,115,5632
22,227222442627,Left,1,448498,0,7879704,5,731603,349,4737,130,853,115,5878
22,2411727905273,Left,1,448522,0,7878081,5,731587,349,4974,130,8957,115,6408
22,2550373077393,Left,1,448554,0,7877223,5,731551,349,5194,130,9025,115,6518
22,2689208984375,Left,1,448679,0,7874569,5,731442,349,6064,130,8936,115,6374
22,2828941345215,Left,1,448618,0,7872876,5,731359,349,6346,130,9038,115,5859
22,3043422698975,Left,1,448589,0,7870642,5,731205,349,6951,130,9249,115,5479
22,3105850219727,Left,1,448593,0,7871636,5,731278,349,6654,130,922,115,549
22,324577331543,Left,1,448615,0,787019,5,731161,349,7149,130,9267,115,5568
22,3383407592773,Left,1,448578,0,7869146,5,731083,349,7732,130,9322,115,566
22,3524398803711,Left,1,448678,0,7867599,5,730944,349,9276,130,9721,115,6521
22,3661270141602,Left,1,448681,0,7866562,5,73091,349,9837,130,9814,115,7072
22,3799514770508,Left,1,44883,0,7864891,5,730821,350,1163,131,0475,115,9153
22,3938293457031,Left,1,448932,0,7863413,5,730786,350,2008,131,1761,116,3325
22,4077129364014,Left,1,44942,0,7862048,5,730738,350,4443,131,4193,117,0975
22,4215660095215,Left,1,44963,0,7862277,5,731143,350,439,131,5585,118,1505
22,4355430603027,Left,1,449502,0,7862374,5,731112,350,3766,131,677,118,4792
22,4571056365967,Left,1,449751,0,7874725,5,73247,349,6696,131,1754,119,1459
22,4630317687988,Left,1,449693,0,7872385,5,732186,349,818,131,3717,119,2461
22,4769439697266,Left,1,450002,0,7885245,5,733178,349,2466,130,4899,119,2684
22,4907093048096,Left,1,449931,0,7884013,5,732422,349,5852,130,5855,118,4832
22,5045680999756,Left,1,450082,0,7887456,5,732831,349,5715,130,4782,118,4093
22,5183486938477,Left,1,449972,0,7894145,5,73318,349,4094,130,3063,118,1889
22,5322456359863,Left,1,449816,0,7896703,5,733168,349,3439,130,4331,118,0019
22,5462951660156,Left,1,44963,0,7899734,5,73329,349,2338,130,513,117,8554
22,5600700378418,Left,1,449217,0,7909479,5,733879,348,7601,130,6313,117,5163
22,5738105773926,Left,1,449536,0,7911933,5,733917,348,6837,130,6022,117,4391
22,5879650115967,Left,1,449559,0,791968,5,734824,348,1532,130,3937,117,04
22,609447479248,Left,1,451975,0,7912282,5,735227,348,8835,129,6941,115,6701
22,6155529022217,Left,1,452083,0,79131,5,734977,348,7748,129,6749,115,5377
22,629415512085,Left,1,454394,0,7900412,5,734451,349,7545,128,4795,114,3106
22,6432628631592,Left,1,454463,0,7900128,5,735466,349,7484,127,8828,113,8255
22,6570987701416,Left,1,453782,0,7901035,5,735465,349,5811,128,3017,113,8786
22,6711120605469,Left,1,452672,0,7900448,5,735048,349,4526,129,2124,114,6819
22,6848793029785,Left,1,452203,0,7900125,5,734677,349,3669,129,5385,114,984
22,6988277435303,Left,1,45098,0,7898074,5,734212,349,3009,130,2618,115,3559
22,7126502990723,Left,1,45087,0,7896321,5,733711,349,3325,130,4209,115,3993
22,7265720367432,Left,1,451108,0,7895045,5,733553,349,4032,130,2802,115,3988
22,7405815124512,Left,1,451388,0,7893057,5,733466,349,4996,130,0306,115,4048
22,7543487548828,Left,1,451323,0,789251,5,733496,349,5186,130,0043,115,3993
22,7682132720947,Left,1,451283,0,7891263,5,733422,349,543,129,9704,115,3923
22,7824630737305,Left,1,451169,0,7890521,5,733253,349,6235,129,9808,115,3479
22,7961864471436,Left,1,451054,0,789049,5,733208,349,6168,130,0002,115,3305
22,8099040985107,Left,1,450405,0,7890598,5,732745,349,5608,130,1983,115,2701
22,8238258361816,Left,1,450256,0,7891064,5,732469,349,522,130,2508,115,2189
22,8376903533936,Left,1,450206,0,7892122,5,732425,349,522,130,2508,115,219
22,8515777587891,Left,1,450034,0,789304,5,732331,349,4758,130,3055,115,2035
22,8655452728271,Left,1,450002,0,7893814,5,732285,349,4649,130,3302,115,2284
22,8793525695801,Left,1,44999,0,7893088,5,732063,349,4561,130,35,115,2483
22,8932952880859,Left,1,450024,0,7891421,5,731878,349,4281,130,395,115,2647
22,9071388244629,Left,1,449955,0,7890731,5,731688,349,3934,130,4337,115,2097
22,9209804534912,Left,1,449821,0,789134,5,731558,349,3222,130,4709,115,1405
22,934886932373,Left,1,449898,0,7891529,5,731561,349,3222,130,4709,115,1405
22,9488124847412,Left,1,44989,0,7891332,5,73151,349,3222,130,4709,115,1405
22,962703704834,Left,1,449785,0,7888917,5,73122,349,3623,130,6015,115,1547
22,9766254425049,Left,1,449752,0,7886473,5,731034,349,3829,130,6504,115,1031
22,9905090332031,Left,1,449663,0,7882423,5,730827,349,3703,130,6877,114,9181
23,0044841766357,Left,1,449654,0,7882127,5,730884,349,3297,130,7078,114,8571
23,0182857513428,Left,1,449654,0,7879857,5,730892,349,2561,130,672,114,6942
23,0324020385742,Left,1,449725,0,7878848,5,730958,349,2699,130,6802,114,6943
23,0461463928223,Left,1,449759,0,7878463,5,73097,349,2812,130,6891,114,7055
23,0598907470703,Left,1,449954,0,7874086,5,730975,349,379,130,7457,114,8024
23,0737857818604,Left,1,450171,0,7870407,5,730966,349,5195,130,7251,114,9162
23,0876560211182,Left,1,450165,0,7869055,5,730914,349,5772,130,7181,114,9226
23,1017150878906,Left,1,450013,0,7868366,5,730865,349,5906,130,7604,114,8694
23,115421295166,Left,1,450003,0,7868605,5,730886,349,5906,130,7604,114,8694
23,1292934417725,Left,1,449801,0,7868496,5,730946,349,5883,130,8262,114,848
23,1432151794434,Left,1,449713,0,7868326,5,730925,349,6314,130,8699,114,8292
23,1570777893066,Left,1,449643,0,7868302,5,730917,349,6334,130,9048,114,8313
23,1710166931152,Left,1,449556,0,7868409,5,730903,349,636,130,9223,114,8335
23,1848945617676,Left,1,449545,0,7868453,5,730907,349,6371,130,9204,114,8316
23,1988792419434,Left,1,449452,0,7868592,5,730946,349,6211,130,9604,114,8341
23,2127380371094,Left,1,449332,0,7867976,5,730873,349,6478,131,0657,114,8596
23,2265758514404,Left,1,449332,0,7867823,5,730866,349,6411,131,0433,114,8498
23,240514755249,Left,1,449262,0,7867903,5,730861,349,6498,131,0965,114,8969
23,2543811798096,Left,1,449245,0,7867718,5,730815,349,6489,131,0941,114,8941
23,26828956604,Left,1,449192,0,7867629,5,73077,349,6488,131,0941,114,8941
23,2821350097656,Left,1,449087,0,7867491,5,730698,349,6446,131,1069,114,8398
23,2962493896484,Left,1,449059,0,7867967,5,730717,349,6446,131,1069,114,8398
23,3098812103271,Left,1,448887,0,7868502,5,730723,349,6028,131,1435,114,8015
23,3240489959717,Left,1,448865,0,786904,5,730719,349,6024,131,1439,114,8011
23,3376407623291,Left,1,448764,0,7869295,5,730747,349,5715,131,1854,114,8093
23,3515911102295,Left,1,448753,0,7868831,5,730694,349,562,131,1981,114,8118
23,3653717041016,Left,1,448781,0,7868367,5,730705,349,5916,131,2246,114,8339
23,3792743682861,Left,1,448815,0,7867308,5,730735,349,6169,131,2473,114,8528
23,3931922912598,Left,1,448851,0,7866192,5,730788,349,6169,131,2473,114,8528
23,4073486328125,Left,1,448866,0,78653,5,730784,349,6248,131,2213,114,8135
23,4209728240967,Left,1,448905,0,7864096,5,730868,349,625,131,218,114,8051
23,434907913208,Left,1,448905,0,7863643,5,73089,349,625,131,218,114,8051
23,4487686157227,Left,1,4489,0,7861906,5,730961,349,6664,131,1845,114,7623
23,4626293182373,Left,1,448804,0,786102,5,731142,349,6569,131,2235,114,7728
23,4765510559082,Left,1,448813,0,7860679,5,731144,349,6569,131,2235,114,7728
23,4909229278564,Left,1,448765,0,7859155,5,731212,349,6569,131,2235,114,7728
23,5047912597656,Left,1,448701,0,7858648,5,731222,349,6569,131,2235,114,7728
23,5184898376465,Left,1,448538,0,7857598,5,731282,349,6706,131,3018,114,745
23,5323963165283,Left,1,448555,0,785741,5,731354,349,6754,131,3223,114,7352
23,5463562011719,Left,1,448531,0,7857319,5,731392,349,6752,131,322,114,7357
23,5599708557129,Left,1,448465,0,7857078,5,731455,349,696,131,3639,114,6934
23,5736083984375,Left,1,44845,0,7857159,5,731534,349,6983,131,3633,114,7009
23,5875244140625,Left,1,448445,0,7856964,5,731571,349,7007,131,3646,114,7036
23,6014366149902,Left,1,44851,0,7855846,5,731657,349,7363,131,4068,114,7359
23,6153526306152,Left,1,448538,0,7855382,5,731662,349,7527,131,4184,114,7586
23,6292495727539,Left,1,448679,0,7853453,5,731641,349,8139,131,4481,114,8481
23,6431198120117,Left,1,448672,0,7852688,5,731598,349,8061,131,4419,114,8335
23,657112121582,Left,1,448723,0,7852231,5,731527,349,8536,131,4676,114,8755
23,6710681915283,Left,1,448688,0,7851568,5,731439,349,8727,131,478,114,8925
23,6847724914551,Left,1,448656,0,7851661,5,731415,349,8727,131,478,114,8925
23,6987209320068,Left,1,44851,0,7851837,5,73129,349,8865,131,5267,114,892
23,7125778198242,Left,1,4483,0,7851026,5,730976,349,9533,131,6092,114,9352
23,726505279541,Left,1,448268,0,7850879,5,730919,349,972,131,6286,114,9558
23,7407169342041,Left,1,447888,0,7849922,5,730529,350,0625,131,7822,115,0758
23,754301071167,Left,1,447815,0,7849508,5,730453,350,0626,131,7929,115,0897
23,7681274414063,Left,1,447523,0,7848834,5,730206,350,062,131,9078,115,1325
23,782018661499,Left,1,447458,0,784835,5,730035,350,0591,131,9245,115,1356
23,7959499359131,Left,1,447289,0,7847737,5,729886,350,0651,131,9647,115,0929
23,8099231719971,Left,1,446946,0,7847067,5,729611,350,0815,132,0208,115,0228
23,8237648010254,Left,1,446608,0,7846701,5,729399,350,0875,132,0819,114,9646
23,8378772735596,Left,1,446487,0,7846449,5,729313,350,0878,132,0874,114,9586
23,8514995574951,Left,1,446282,0,7845381,5,729176,350,079,132,1203,114,8882
23,8654594421387,Left,1,446228,0,7845266,5,729143,350,0786,132,1166,114,8542
23,8792591094971,Left,1,446089,0,7844306,5,729056,350,0909,132,1097,114,7963
23,8934555053711,Left,1,446049,0,7843999,5,729059,350,1007,132,0987,114,7577
23,9070720672607,Left,1,446043,0,784385,5,729073,350,1039,132,0846,114,7311
23,9209213256836,Left,1,446116,0,7842982,5,729091,350,1153,132,0468,114,6627
23,9348526000977,Left,1,446158,0,7842841,5,729124,350,1167,132,0299,114,6327
23,9487724304199,Left,1,446269,0,7842198,5,729169,350,1021,131,9932,114,5414
23,9627151489258,Left,1,446347,0,7842764,5,729288,350,0843,131,9723,114,4911
23,9765682220459,Left,1,446384,0,7843097,5,729338,350,0843,131,9723,114,4911
23,9903411865234,Left,1,446458,0,7843597,5,729431,350,0843,131,9722,114,4911
24,0044784545898,Left,1,446484,0,7843908,5,729459,350,0652,131,9573,114,4635
24,0181827545166,Left,1,446538,0,7845045,5,72955,350,0094,131,9387,114,4156
24,0322895050049,Left,1,44658,0,7846107,5,72961,350,0022,131,9387,114,4124
24,045919418335,Left,1,446515,0,784719,5,72969,349,9392,131,9383,114,3717
24,0598011016846,Left,1,446385,0,7849752,5,72984,349,8189,131,939,114,2758
24,0736427307129,Left,1,446459,0,785098,5,729852,349,8173,131,9369,114,2731
24,0875396728516,Left,1,446437,0,7851484,5,729871,349,7793,131,9262,114,2515
24,1014461517334,Left,1,446305,0,785394,5,729934,349,6813,131,97,114,2227
24,1154804229736,Left,1,446191,0,7855126,5,729992,349,6352,131,997,114,2096
24,1292743682861,Left,1,445917,0,7858766,5,730107,349,5001,132,079,114,1786
24,1431255340576,Left,1,445924,0,785965,5,730118,349,5048,132,0869,114,174
24,1570377349854,Left,1,445872,0,785989,5,73017,349,4327,132,1078,114,15
24,1709957122803,Left,1,445852,0,7860227,5,730217,349,3489,132,1302,114,1195
24,1848392486572,Left,1,445892,0,7860364,5,730237,349,3125,132,1374,114,1091
24,1986770629883,Left,1,445903,0,7860521,5,730282,349,2739,132,1451,114,0981
24,2125835418701,Left,1,445884,0,7860624,5,730307,349,2739,132,1451,114,0981
24,2265033721924,Left,1,445844,0,7860556,5,730359,349,237,132,1664,114,1098
24,2404327392578,Left,1,445877,0,7859991,5,730371,349,2151,132,1797,114,1165
24,2544002532959,Left,1,445889,0,7859675,5,730378,349,2173,132,1777,114,116
24,2682056427002,Left,1,445987,0,7857488,5,730428,349,2211,132,1761,114,1172
24,2820892333984,Left,1,446058,0,7856294,5,730401,349,2662,132,1485,114,1236
24,2958869934082,Left,1,446087,0,7855217,5,730405,349,2955,132,1472,114,1404
24,3097476959229,Left,1,446131,0,7852963,5,7304,349,3273,132,1492,114,1663
24,3240928649902,Left,1,446155,0,7852868,5,730428,349,3691,132,1492,114,2127
24,3376483917236,Left,1,446126,0,7852478,5,730431,349,3652,132,1476,114,2106
24,3513774871826,Left,1,44613,0,785197,5,730441,349,3652,132,1476,114,2106
24,3652362823486,Left,1,446163,0,785161,5,730441,349,3921,132,1549,114,24
24,3791580200195,Left,1,446208,0,7850661,5,730451,349,4407,132,1753,114,3192
24,3930912017822,Left,1,44624,0,7850052,5,730452,349,4789,132,1895,114,4042
24,4069957733154,Left,1,44623,0,785006,5,730457,349,4926,132,218,114,4768
24,4209842681885,Left,1,446177,0,7849926,5,730364,349,4984,132,2302,114,5077
24,4347438812256,Left,1,446189,0,7850071,5,730371,349,5113,132,2378,114,5281
24,4486503601074,Left,1,446177,0,7850127,5,730364,349,5254,132,2462,114,5504
24,4625186920166,Left,1,44615,0,7850322,5,73035,349,5254,132,2462,114,5505
24,4764289855957,Left,1,446131,0,7850552,5,730336,349,5254,132,2462,114,5504
24,4903526306152,Left,1,446068,0,7851408,5,730258,349,5252,132,2612,114,553
24,5042285919189,Left,1,446055,0,7851431,5,730275,349,5172,132,2747,114,5478
24,5180835723877,Left,1,446007,0,7852257,5,730246,349,5031,132,3159,114,5452
24,5320224761963,Left,1,445983,0,7852644,5,730247,349,506,132,3134,114,5441
24,5459327697754,Left,1,445959,0,7852982,5,730267,349,5047,132,3409,114,5671
24,5600414276123,Left,1,445936,0,7852845,5,730231,349,5038,132,3596,114,5828
24,5738506317139,Left,1,445942,0,7852738,5,73023,349,5038,132,3596,114,5828
24,5875434875488,Left,1,44596,0,7852533,5,730241,349,5038,132,3596,114,5828
24,6019649505615,Left,1,445944,0,785301,5,73031,349,4858,132,4031,114,6043
24,6161556243896,Left,1,445969,0,785305,5,730307,349,4881,132,4024,114,6047
24,6295280456543,Left,1,44613,0,7853309,5,730439,349,4982,132,4038,114,6913
24,6434783935547,Left,1,446268,0,78529,5,730462,349,5137,132,41,114,7708
24,6569766998291,Left,1,446431,0,7852498,5,730491,349,5388,132,4346,114,8879
24,6707725524902,Left,1,446819,0,7851462,5,730538,349,6415,132,5279,115,2251
24,6846237182617,Left,1,446852,0,7850718,5,730492,349,6924,132,6108,115,3671
24,6985549926758,Left,1,447251,0,7851104,5,730658,349,8382,132,9701,116,0247
24,7124805450439,Left,1,44778,0,784952,5,73059,350,0352,133,0315,116,5654
24,7264938354492,Left,1,447992,0,7849104,5,730753,350,105,133,125,116,9139
24,7403526306152,Left,1,448513,0,7848881,5,731003,350,2608,133,3313,117,5172
24,7541904449463,Left,1,44859,0,7848625,5,731062,350,2999,133,4024,117,7718
24,7680721282959,Left,1,449283,0,7852574,5,731804,350,361,133,5899,118,5473
24,7819786071777,Left,1,449762,0,7855555,5,732427,350,3848,133,8151,119,2822
24,7959690093994,Left,1,45008,0,7855282,5,732701,350,432,134,0316,119,7943
24,8098163604736,Left,1,45097,0,7856725,5,733575,350,5691,134,3629,120,7035
24,8236408233643,Left,1,451797,0,7854801,5,73427,350,6874,134,5533,121,7231
24,8377227783203,Left,1,452516,0,7856083,5,734981,350,7152,134,6168,122,3605
24,8515205383301,Left,1,453615,0,7857113,5,736216,350,73,134,8471,123,6144
24,8655414581299,Left,1,454007,0,7856223,5,73652,350,749,135,0074,124,2112
24,8794422149658,Left,1,455812,0,7857408,5,738301,350,7692,135,2528,125,7475
24,8932399749756,Left,1,456961,0,7856563,5,739292,350,769,135,3061,126,8809
24,9070796966553,Left,1,458186,0,7856126,5,740231,350,8527,135,2824,127,689
24,9209728240967,Left,1,460281,0,7854778,5,741941,350,9652,135,286,129,0035
24,9348278045654,Left,1,460844,0,7852852,5,742314,351,0074,135,3271,129,5133
24,9488162994385,Left,1,463549,0,7851108,5,744325,351,1584,135,373,131,06
24,9626331329346,Left,1,466013,0,7847311,5,745986,351,1839,134,9545,132,2563
24,9765148162842,Left,1,467299,0,7845982,5,746843,351,218,134,7355,132,8083
24,9903793334961,Left,1,470611,0,7844735,5,749169,351,2721,133,9481,133,6999
25,0043087005615,Left,1,471616,0,7842899,5,749868,351,3525,133,4864,133,7346
25,0181846618652,Left,1,475116,0,7842202,5,752392,351,4932,132,2816,133,7103
25,0322036743164,Left,1,478363,0,7848184,5,755355,351,402,130,6027,132,735
25,0459995269775,Left,1,47978,0,7852259,5,756906,351,2888,129,9085,132,4155
25,0601692199707,Left,1,483698,0,7874229,5,761541,350,527,127,5514,130,5307
25,0738353729248,Left,1,485303,0,7879024,5,763134,350,5129,127,1342,130,4202
25,0876903533936,Left,1,489729,0,7893905,5,767431,350,3878,125,2918,129,5761
25,1015472412109,Left,1,494242,0,7913649,5,772482,350,2247,123,9117,129,2361
25,1154670715332,Left,1,496458,0,7923608,5,774994,350,1594,123,4287,129,3836
25,1293601989746,Left,1,501619,0,7949119,5,781117,349,8466,122,1664,129,9693
25,1432113647461,Left,1,505665,0,7968899,5,785913,349,7056,121,3456,130,6347
25,1571655273438,Left,1,508615,0,7981689,5,789151,349,7235,120,6964,130,9292
25,171070098877,Left,1,513701,0,8005365,5,7954,349,6483,119,3576,131,2326
25,1852111816406,Left,1,515773,0,801589,5,798171,349,5789,118,66,131,1822
25,1988182067871,Left,1,521217,0,804164,5,805093,349,4655,116,7851,130,8365
25,2126598358154,Left,1,525383,0,806477,5,8112,349,2751,115,2428,130,4233
25,2264385223389,Left,1,52755,0,8082764,5,81508,348,9927,114,2912,130,0163
25,2403354644775,Left,1,531867,0,8119799,5,822859,348,4112,112,5081,129,4436
25,2545166015625,Left,1,532503,0,8139109,5,82513,348,0247,111,3484,127,9476
25,2681560516357,Left,1,535153,0,8188161,5,835082,346,5608,110,4731,128,8017
25,2820072174072,Left,1,539695,0,820837,5,841292,346,5137,110,1263,130,4797
25,2959861755371,Left,1,541421,0,822202,5,844251,346,4822,109,2064,130,2877
25,30979347229,Left,1,545431,0,8252819,5,852724,346,2953,107,4608,130,3255
25,3238391876221,Left,1,547304,0,8276803,5,858634,345,8743,106,4995,130,2575
25,3378162384033,Left,1,548884,0,8294564,5,862682,345,5844,105,884,130,1169
25,3514957427979,Left,1,551659,0,8312395,5,868108,345,679,105,123,129,629
25,3654403686523,Left,1,553052,0,8308816,5,869391,346,3363,104,8868,128,4718
25,3793334960938,Left,1,556484,0,8322184,5,873763,346,6398,103,5336,126,7596
25,3932094573975,Left,1,557986,0,8338661,5,87856,346,6024,102,3253,124,9174
25,4070987701416,Left,1,559216,0,8349325,5,881776,346,5319,101,4684,124,0328
25,4209690093994,Left,1,561275,0,8369792,5,888602,346,3024,99,27923,122,703
25,4354038238525,Left,1,561659,0,8385433,5,893846,345,9143,97,88805,122,9549
25,4488315582275,Left,1,563406,0,8410443,5,902872,345,5152,95,3109,123,1385
25,4627265930176,Left,1,565106,0,8419809,5,908945,345,9053,93,28823,122,5145
25,4765663146973,Left,1,566196,0,8423936,5,912005,346,189,92,14893,121,7998
25,4905033111572,Left,1,56829,0,8425931,5,917016,346,9055,90,00697,119,7344
25,504373550415,Left,1,568257,0,8428045,5,919394,347,0633,89,24048,118,9493
25,5182132720947,Left,1,570334,0,8427997,5,924331,347,2176,86,35163,116,222
25,5323696136475,Left,1,570781,0,8435996,5,929658,346,8967,83,8256,113,7576
25,5460891723633,Left,1,570907,0,8438345,5,932197,346,6124,82,32983,112,3059
25,5599613189697,Left,1,571139,0,8442655,5,936557,345,7679,79,48843,109,5798
25,573917388916,Left,1,56967,0,8458416,5,939652,344,7975,78,26398,108,9473
25,5876598358154,Left,1,569546,0,8464823,5,941405,344,4249,77,71379,108,3022
25,6015453338623,Left,1,569727,0,8469642,5,942921,344,4563,78,1151,108,4375
25,6153736114502,Left,1,569612,0,8467255,5,942824,344,567,78,98647,109,1055
25,6292362213135,Left,1,570319,0,8468536,5,945289,344,3315,78,46802,108,6339
25,6432495117188,Left,1,568848,0,8466792,5,943947,344,1413,81,02017,109,1902
25,6571521759033,Left,1,569566,0,8462648,5,943536,343,9998,81,27245,108,5979
25,6709938049316,Left,1,570654,0,8453842,5,944086,344,3491,80,94389,107,4804
25,6848754882813,Left,1,570521,0,8453713,5,945108,344,3,80,21609,107,146
25,6987571716309,Left,1,570785,0,8451071,5,946693,343,994,79,05345,106,3598
25,712776184082,Left,1,570654,0,8449948,5,947279,343,8672,78,55479,105,6935
25,7264785766602,Left,1,570558,0,845065,5,947637,343,7973,78,38737,105,6344
25,7401676177979,Left,1,570525,0,8448163,5,948082,343,7994,78,33119,105,8015
25,7540740966797,Left,1,570416,0,8445046,5,947407,343,829,78,67225,105,9394
25,7679634094238,Left,1,570437,0,8438361,5,946278,343,8377,79,28945,105,952
25,7818126678467,Left,1,570534,0,8437375,5,945829,344,0977,79,5523,106,4519
25,7957248687744,Left,1,57093,0,8433816,5,946116,344,2888,79,45496,106,5352
25,8195819854736,Left,1,57255,0,8402106,5,948726,345,7585,78,17986,106,136
25,8234272003174,Left,1,572784,0,8401651,5,948582,345,6509,78,29816,106,2022
25,8372364044189,Left,1,573958,0,8384027,5,949825,346,202,77,04919,105,1344
25,8513431549072,Left,1,573259,0,8379337,5,950423,345,9169,76,33545,104,264
25,865062713623,Left,1,573224,0,8378257,5,950058,345,8118,76,38162,104,127
25,8788509368896,Left,1,573729,0,83706,5,95022,345,9056,76,04932,103,9181
25,8929824829102,Left,1,574065,0,8365095,5,949783,346,0453,75,85435,104,2852
25,9066143035889,Left,1,574093,0,8362639,5,948632,346,194,76,36698,104,5918
25,920446395874,Left,1,573579,0,8367069,5,947466,346,2033,77,15745,104,9243
25,9343719482422,Left,1,574053,0,8362583,5,946788,346,2986,77,34857,104,9171
25,9483127593994,Left,1,574472,0,8348618,5,944403,346,7198,78,06813,104,9234
25,9698162078857,Left,1,574701,0,8340675,5,942768,346,8624,78,28636,104,473
25,9762420654297,Left,1,574652,0,8340321,5,942784,346,8308,78,25935,104,5592
25,989896774292,Left,1,574438,0,8342244,5,942696,346,7196,78,15484,104,4173
26,0037879943848,Left,1,574299,0,8339324,5,941534,346,7588,78,33688,104,1845
26,0176544189453,Left,1,574003,0,8338796,5,940846,346,6688,78,47149,104,0545
26,0316467285156,Left,1,573608,0,8335493,5,938601,346,5954,79,15022,103,8885
26,0454883575439,Left,1,573768,0,8331758,5,93721,346,6584,79,59792,103,7988
26,0593605041504,Left,1,573744,0,8327274,5,935741,346,8463,80,24174,104,0068
26,0732440948486,Left,1,574273,0,8320228,5,935073,347,1241,80,2559,103,9878
26,0871696472168,Left,1,574221,0,832104,5,935665,347,1321,80,04426,104,0279
26,1011924743652,Left,1,574183,0,8320448,5,936149,347,1894,79,80305,104,0918
26,1226596832275,Left,1,574095,0,8317102,5,93554,347,2699,79,9978,104,3978
26,1288356781006,Left,1,587286,0,8292028,5,929129,347,2817,80,03017,104,4248
26,1427116394043,Left,1,574014,0,8317051,5,934944,347,1627,80,10194,104,2632
26,1566314697266,Left,1,57385,0,8316678,5,934126,347,1196,80,41489,104,2715
26,1704368591309,Left,1,573767,0,8313632,5,933046,347,2576,80,82255,104,187
26,1842861175537,Left,1,573889,0,8311743,5,9327,347,3581,81,0026,104,2614
26,1982269287109,Left,1,57379,0,8309338,5,932245,347,5128,81,2484,104,3749
26,2120628356934,Left,1,573896,0,8305446,5,931519,347,687,81,5172,104,4483
26,2260513305664,Left,1,57369,0,8306224,5,931296,347,6311,81,62016,104,4901
26,239839553833,Left,1,573636,0,8306479,5,931344,347,5617,81,5514,104,5418
26,2538414001465,Left,1,573549,0,8307111,5,93178,347,5825,81,31944,104,4917
26,2752532958984,Left,1,573204,0,8306836,5,93141,347,5433,81,42249,104,3699
26,2815074920654,Left,1,573291,0,8307333,5,931664,347,5557,81,34279,104,4179
26,2954235076904,Left,1,573002,0,8306074,5,931069,347,5316,81,52945,104,3086
26,3093185424805,Left,1,572775,0,8305274,5,930568,347,5029,81,68526,104,1864
26,3232574462891,Left,1,572412,0,8303574,5,929766,347,4992,82,02756,104,0513
26,3372993469238,Left,1,572098,0,8300944,5,928998,347,5827,82,46218,104,0118
26,350980758667,Left,1,57177,0,8298343,5,928419,347,6766,82,8942,104,0903
26,3648128509521,Left,1,571906,0,829544,5,92803,347,8082,83,18037,104,1485
26,3786716461182,Left,1,571739,0,8291411,5,927434,347,9615,83,63026,104,2342
26,3925361633301,Left,1,571457,0,8289418,5,926952,347,8692,83,91224,104,2179
26,4064388275146,Left,1,571118,0,8287163,5,926341,347,8232,84,31872,104,2685
26,4278163909912,Left,1,571106,0,8282458,5,925573,347,8172,84,45159,104,1098
26,4337768554688,Left,1,571096,0,828315,5,925721,347,8119,84,38637,104,1281
26,4477291107178,Left,1,570663,0,8277548,5,924487,347,7688,84,93175,103,8989
26,4615898132324,Left,1,570238,0,8274955,5,923686,347,6727,85,51534,103,9256
26,475622177124,Left,1,570242,0,8272937,5,923231,347,7115,85,79963,104,0132
26,4893054962158,Left,1,569905,0,8268302,5,922143,347,7405,86,25193,104,068
26,5034008026123,Left,1,56931,0,8266501,5,920645,347,5651,86,84092,104,0167
26,5171203613281,Left,1,569187,0,8263992,5,919677,347,7053,87,46992,104,15
26,5310039520264,Left,1,569018,0,8259745,5,918389,347,868,88,10445,104,4467
26,5448608398438,Left,1,568908,0,8258709,5,917825,347,8915,88,38322,104,5925
26,5589370727539,Left,1,567947,0,825786,5,91582,347,8568,89,33495,104,9984
26,5806102752686,Left,1,567621,0,8255602,5,913172,347,7943,90,51357,105,2964
26,5866298675537,Left,1,571182,0,8279576,5,914839,347,7909,91,12355,105,452
26,6006240844727,Left,1,566042,0,8255414,5,910233,347,7708,91,94629,105,821
26,6143054962158,Left,1,566136,0,8253834,5,909213,347,7959,92,21531,105,8667
26,6283683776855,Left,1,56514,0,8252117,5,906423,347,9137,92,94611,105,9448
26,6422863006592,Left,1,564249,0,8249993,5,903824,347,8885,93,70748,105,9306
26,6559314727783,Left,1,56394,0,8249497,5,902609,347,8771,94,13143,105,9795
26,6698417663574,Left,1,562975,0,8248541,5,899991,347,932,94,76286,106,0114
26,6836986541748,Left,1,562192,0,824989,5,898141,347,894,95,20197,106,0472
26,6976528167725,Left,1,561491,0,8250405,5,896623,347,9749,95,65872,106,0671
26,7116355895996,Left,1,560403,0,8250214,5,894063,348,0508,96,3455,105,9427
26,7330341339111,Left,1,559535,0,8252394,5,892232,348,0686,96,82864,105,9895
26,7392559051514,Left,1,552819,0,828545,5,88829,348,0977,97,3505,106,0548
26,7532081604004,Left,1,55796,0,8253767,5,888734,348,1136,97,8137,106,1251
26,7671413421631,Left,1,55755,0,8253057,5,887597,348,241,98,0732,106,1667
26,7809371948242,Left,1,556826,0,8249717,5,885711,348,4608,98,40755,106,2294
26,7950077056885,Left,1,556534,0,8248416,5,884823,348,5179,98,61034,106,2702
26,8087482452393,Left,1,555896,0,824168,5,882528,348,7666,99,05233,106,2506
26,8225898742676,Left,1,555196,0,8238386,5,880919,348,7704,99,37302,106,4237
26,8364944458008,Left,1,554714,0,8237386,5,880028,348,7203,99,61435,106,7528
26,850471496582,Left,1,553268,0,823799,5,878226,348,4892,100,1003,107,3068
26,8644733428955,Left,1,552684,0,8238617,5,877191,348,2254,100,2718,107,4202
26,8857612609863,Left,1,55067,0,8247225,5,874338,347,4166,100,8474,107,2691
26,8921241760254,Left,1,550601,0,8246113,5,873955,347,4744,100,9134,107,3778
26,9060001373291,Left,1,549687,0,8245852,5,872492,347,4375,101,0023,107,1782
26,9198513031006,Left,1,549032,0,8244287,5,871127,347,4406,101,0117,106,9865
26,9337329864502,Left,1,548457,0,8242449,5,870101,347,525,101,1905,106,7079
26,947639465332,Left,1,548023,0,8240716,5,869272,347,5715,101,4367,106,5982
26,9615631103516,Left,1,547793,0,8238027,5,868283,347,7442,101,7917,106,7598
26,9754199981689,Left,1,548334,0,823436,5,868253,348,0964,101,8565,107,2129
26,989315032959,Left,1,548755,0,822751,5,867692,348,5889,101,9339,107,9233
27,0031623840332,Left,1,54804,0,8224508,5,866508,348,4389,102,1194,107,8336
27,0171890258789,Left,1,547718,0,8224968,5,865983,348,3005,102,2219,107,669
27,0386295318604,Left,1,546803,0,8231141,5,864255,347,8985,102,9376,107,288
27,0448379516602,Left,1,546418,0,8229836,5,863735,347,9473,102,9983,107,3422
27,0587120056152,Left,1,545542,0,8234342,5,862867,347,5912,103,4894,107,1217
27,0726680755615,Left,1,5447,0,8240961,5,862103,347,0954,103,6453,106,6065
27,0864849090576,Left,1,543563,0,8247723,5,861376,346,565,103,9086,105,9917
27,1004047393799,Left,1,541893,0,8256201,5,859722,346,0492,104,7629,105,0946
27,1143398284912,Left,1,542375,0,8255542,5,859347,346,3159,105,0707,104,9438
27,1281967163086,Left,1,543301,0,8244689,5,858651,347,287,105,3986,104,7492
27,1421089172363,Left,1,544227,0,8233435,5,859047,347,9693,105,1495,104,9026
27,1559467315674,Left,1,544279,0,8229778,5,859108,348,0644,104,958,104,7656
27,1698760986328,Left,1,544365,0,8227379,5,859269,347,953,104,6433,104,505
27,183687210083,Left,1,544146,0,8226846,5,859388,347,7033,104,5061,104,3342
27,1977787017822,Left,1,54409,0,8224678,5,859153,347,6851,104,595,104,2626
27,211498260498,Left,1,544155,0,8217557,5,858305,347,8841,104,8366,104,0984
27,2252941131592,Left,1,544046,0,8215581,5,858039,347,9363,104,9174,104,0809
27,2392406463623,Left,1,54319,0,8212164,5,857095,347,8888,105,2488,104,0453
27,2531280517578,Left,1,542006,0,8210489,5,855719,347,6667,105,7295,103,8612
27,26708984375,Left,1,540366,0,8211046,5,854028,347,3075,106,4075,103,5282
27,2809562683105,Left,1,538793,0,8212786,5,852239,347,0398,107,414,103,5037
27,294994354248,Left,1,538778,0,8211373,5,851459,347,1272,107,7235,103,6246
27,3086776733398,Left,1,53793,0,8206041,5,849883,347,374,108,2536,103,8719
27,3226547241211,Left,1,536838,0,8200838,5,848341,347,4341,108,755,103,9785
27,336446762085,Left,1,536227,0,8197093,5,847332,347,4427,109,0196,103,8872
27,3503971099854,Left,1,535148,0,8189784,5,845326,347,6375,109,6273,103,8241
27,3643245697021,Left,1,535156,0,8186833,5,844779,347,6573,109,5787,103,7357
27,3781242370605,Left,1,534241,0,8178663,5,843193,347,7714,109,7497,103,5206
27,3922157287598,Left,1,533375,0,8172777,5,84181,347,7646,109,9688,103,2161
27,4060096740723,Left,1,532795,0,8169738,5,841011,347,6608,110,0987,102,9156
27,419771194458,Left,1,53157,0,8162809,5,839161,347,6794,110,668,102,6567
27,4339866638184,Left,1,531233,0,8156279,5,837882,347,7988,110,8904,102,5036
27,4475898742676,Left,1,530908,0,8150975,5,837121,347,8629,111,0502,102,4652
27,4614238739014,Left,1,530375,0,8142612,5,835894,347,9608,111,3785,102,4512
27,4753742218018,Left,1,530292,0,8139441,5,835286,348,1013,111,5886,102,5977
27,489185333252,Left,1,530242,0,8131011,5,833878,348,4683,111,7646,102,8988
27,5031337738037,Left,1,529802,0,812574,5,832845,348,5227,111,7648,102,8912
27,5170478820801,Left,1,529228,0,812197,5,831841,348,5315,112,0258,102,8485
27,5311470031738,Left,1,528391,0,8115439,5,830054,348,5756,112,5602,102,6937
27,5449199676514,Left,1,528269,0,811339,5,829392,348,6094,112,6692,102,5676
27,5586986541748,Left,1,527497,0,8108206,5,827746,348,6297,112,9345,102,2235
27,5725765228271,Left,1,527007,0,8107175,5,826575,348,6667,113,1975,102,0895
27,5864543914795,Left,1,526855,0,8108119,5,826251,348,6432,113,2152,102,0483
27,6004867553711,Left,1,52634,0,8107451,5,825453,348,6262,113,3832,101,9621
27,6142330169678,Left,1,526189,0,8108767,5,825311,348,571,113,4625,101,9898
27,6281967163086,Left,1,525668,0,8110909,5,824675,348,5193,113,727,102,1709
27,6419582366943,Left,1,52558,0,8111259,5,824169,348,5873,113,7817,102,2356
27,6559925079346,Left,1,525316,0,8111544,5,823837,348,5776,113,885,102,223
27,6697330474854,Left,1,525071,0,8112738,5,823425,348,5049,113,949,102,1183
27,6836490631104,Left,1,524911,0,8113037,5,82316,348,4707,113,9802,101,9782
27,697582244873,Left,1,52481,0,8113078,5,82291,348,495,114,0545,101,9318
27,7116928100586,Left,1,524751,0,8113104,5,822645,348,524,114,0619,101,8364
27,7253456115723,Left,1,524691,0,8113143,5,822662,348,5202,114,0707,101,8409
27,7391567230225,Left,1,524291,0,811439,5,822142,348,4642,114,2139,101,7559
27,7531032562256,Left,1,524333,0,8114761,5,822044,348,4608,114,2251,101,7507
27,7670478820801,Left,1,524247,0,8114932,5,821997,348,4607,114,2251,101,7507
27,7809963226318,Left,1,523917,0,8115008,5,821728,348,4367,114,361,101,7713
27,7947845458984,Left,1,523919,0,8114526,5,821541,348,4524,114,4152,101,789
27,8086528778076,Left,1,523836,0,8112005,5,821101,348,5367,114,5272,101,7487
27,8225917816162,Left,1,523814,0,8111265,5,821018,348,5569,114,5352,101,7097
27,8364219665527,Left,1,523738,0,8111497,5,820974,348,5551,114,5469,101,7127
27,8503227233887,Left,1,523604,0,8111351,5,820917,348,5097,114,5946,101,7036
27,864221572876,Left,1,523632,0,8111045,5,820837,348,5097,114,5946,101,7036
27,8781204223633,Left,1,523535,0,8108573,5,820556,348,5502,114,6661,101,6321
27,8920116424561,Left,1,523505,0,8106613,5,820379,348,5944,114,7287,101,5571
27,9058704376221,Left,1,523497,0,810671,5,820381,348,5944,114,7287,101,5571
27,9197406768799,Left,1,523432,0,8106192,5,820333,348,5944,114,7287,101,5571
27,9337596893311,Left,1,523361,0,8105581,5,820291,348,5944,114,7287,101,5571
27,9475650787354,Left,1,523292,0,8105028,5,820244,348,606,114,7641,101,5386
27,9615039825439,Left,1,52325,0,8104579,5,820174,348,6096,114,7753,101,5328
27,9754276275635,Left,1,523237,0,810455,5,820158,348,6217,114,8045,101,5448
27,9892520904541,Left,1,523229,0,8104403,5,820075,348,6318,114,8289,101,5549
28,0030937194824,Left,1,523133,0,8104222,5,819966,348,6318,114,8289,101,5549
28,0169792175293,Left,1,52296,0,8104491,5,819828,348,5989,114,8713,101,4717
28,0308837890625,Left,1,522822,0,8105295,5,819726,348,5661,114,9008,101,4027
28,0447654724121,Left,1,522835,0,8105984,5,819704,348,566,114,9008,101,4027
28,0586471557617,Left,1,522702,0,8106612,5,819563,348,5497,114,9575,101,3861
28,0725345611572,Left,1,522686,0,8106797,5,819367,348,553,114,9768,101,3826
28,0866641998291,Left,1,522673,0,8106598,5,819319,348,5619,115,0114,101,3954
28,1005897521973,Left,1,522706,0,810536,5,81904,348,5727,115,0372,101,4068
28,1142349243164,Left,1,522696,0,8105442,5,818992,348,5878,115,0637,101,4304
28,1280899047852,Left,1,522665,0,8105217,5,818821,348,614,115,0963,101,4516
28,1419849395752,Left,1,522633,0,8104916,5,8187,348,6116,115,0969,101,4555
28,1558742523193,Left,1,522554,0,8104795,5,818574,348,6224,115,1361,101,444
28,1697406768799,Left,1,522338,0,8104675,5,818237,348,6084,115,2446,101,4221
28,1835956573486,Left,1,522237,0,8104565,5,818057,348,61,115,3018,101,4153
28,197546005249,Left,1,522122,0,8104627,5,817895,348,609,115,3458,101,4045
28,2114238739014,Left,1,521862,0,8105088,5,817619,348,5942,115,4234,101,3793
28,2253112792969,Left,1,52177,0,8105444,5,817485,348,5883,115,4666,101,3743
28,2392902374268,Left,1,521514,0,8105768,5,817191,348,5662,115,5515,101,355
28,2531299591064,Left,1,521376,0,8105768,5,81691,348,5415,115,6231,101,3178
28,2670288085938,Left,1,521283,0,8105652,5,816687,348,5437,115,6877,101,297
28,2809028625488,Left,1,521233,0,8105432,5,816522,348,5506,115,7326,101,2932
28,2947368621826,Left,1,521222,0,8105423,5,816443,348,5529,115,7392,101,2888
28,3086585998535,Left,1,521173,0,8105334,5,816292,348,5506,115,7325,101,2932
28,3224792480469,Left,1,521098,0,8104936,5,81609,348,5739,115,7894,101,268
28,3364124298096,Left,1,521067,0,8104781,5,81593,348,5739,115,7894,101,268
28,3502922058105,Left,1,520983,0,8104568,5,815674,348,6174,115,8649,101,3374
28,3642044067383,Left,1,520956,0,810413,5,815562,348,6254,115,893,101,3658
28,3780994415283,Left,1,520849,0,8103523,5,815321,348,6637,115,9977,101,475
28,3923168182373,Left,1,520796,0,8102445,5,815121,348,689,116,05,101,5031
28,4058589935303,Left,1,520756,0,810207,5,815032,348,6959,116,0888,101,5206
28,4197025299072,Left,1,520712,0,8101279,5,814878,348,7227,116,1609,101,562
28,4336585998535,Left,1,520704,0,8100132,5,814755,348,7621,116,1898,101,5941
28,4475841522217,Left,1,520651,0,8099077,5,814663,348,7621,116,1898,101,5941
28,4613494873047,Left,1,520488,0,8097457,5,814466,348,8107,116,292,101,6126
28,4753856658936,Left,1,520469,0,8096961,5,814394,348,8107,116,292,101,6126
28,4891796112061,Left,1,52034,0,8095963,5,814295,348,8174,116,3561,101,5997
28,5032444000244,Left,1,520291,0,8095098,5,8142,348,8199,116,3623,101,5985
28,516975402832,Left,1,520205,0,8094397,5,814147,348,8132,116,4028,101,5849
28,5307750701904,Left,1,520118,0,8093127,5,81403,348,8111,116,4205,101,579
28,5448150634766,Left,1,520054,0,8091977,5,813952,348,8059,116,4414,101,5328
28,5585498809814,Left,1,519953,0,8089698,5,813774,348,8253,116,4865,101,4506
28,5724391937256,Left,1,519973,0,8087817,5,813672,348,9127,116,502,101,4973
28,5863285064697,Left,1,519961,0,80867,5,813622,348,9468,116,4879,101,5184
28,600378036499,Left,1,519931,0,8084146,5,81353,349,0003,116,5123,101,5469
28,614278793335,Left,1,519933,0,8083036,5,813487,349,0064,116,5083,101,538
28,6280345916748,Left,1,519942,0,8081315,5,813404,349,0354,116,5242,101,5119
28,6419105529785,Left,1,519891,0,8079826,5,813386,349,0874,116,5275,101,4678
28,655891418457,Left,1,519857,0,807973,5,813439,349,0917,116,5228,101,4738
28,6696643829346,Left,1,519886,0,8078518,5,813463,349,0941,116,5239,101,4707
28,6834888458252,Left,1,519972,0,8077409,5,813476,349,1491,116,4772,101,468
28,6975536346436,Left,1,519965,0,8076238,5,81349,349,1582,116,4799,101,4773
28,7113857269287,Left,1,520061,0,807425,5,813482,349,2523,116,5217,101,5547
28,7252388000488,Left,1,52003,0,8073453,5,813443,349,2794,116,53,101,5703
28,7391452789307,Left,1,519946,0,8073235,5,813431,349,3039,116,5374,101,5844
28,7529773712158,Left,1,519899,0,8073466,5,813431,349,3039,116,5374,101,5844
28,7670860290527,Left,1,519837,0,8073604,5,813416,349,3061,116,5726,101,5719
28,7808609008789,Left,1,519681,0,8074413,5,813381,349,2542,116,583,101,49
28,7947196960449,Left,1,519689,0,8075075,5,813414,349,2498,116,6026,101,5094
28,8086223602295,Left,1,519665,0,8075315,5,813386,349,2552,116,647,101,562
28,8227195739746,Left,1,519634,0,8075004,5,813306,349,2576,116,666,101,577
28,8363647460938,Left,1,519618,0,8075203,5,813334,349,2654,116,6817,101,5906
28,8503456115723,Left,1,51956,0,807543,5,813297,349,2691,116,7051,101,6083
28,8641757965088,Left,1,519557,0,8075448,5,813296,349,2702,116,6994,101,604
28,8784770965576,Left,1,519513,0,807555,5,813291,349,2702,116,6994,101,604
28,8920059204102,Left,1,519453,0,8075419,5,813302,349,2596,116,7464,101,6105
28,9059658050537,Left,1,519438,0,8075122,5,81327,349,2596,116,7464,101,6105
28,9197330474854,Left,1,519342,0,8074797,5,813254,349,2994,116,8129,101,6736
28,9338474273682,Left,1,519275,0,8073803,5,81315,349,3004,116,8146,101,6751
28,9474906921387,Left,1,519217,0,8073766,5,813127,349,3178,116,8498,101,7105
28,9612998962402,Left,1,519099,0,8072617,5,813059,349,3641,116,9101,101,7538
28,9753608703613,Left,1,519039,0,8071889,5,813029,349,3766,116,9161,101,756
28,9891376495361,Left,1,518948,0,8071145,5,81296,349,4268,116,9532,101,7852
29,0031509399414,Left,1,518827,0,807018,5,812856,349,4685,117,0044,101,8364
29,0169639587402,Left,1,518731,0,8069507,5,812765,349,5028,117,0586,101,9004
29,0307922363281,Left,1,518633,0,806807,5,812567,349,5588,117,1082,101,9537
29,0447654724121,Left,1,518629,0,8067819,5,812522,349,5588,117,1082,101,9537
29,0589923858643,Left,1,518669,0,8067796,5,812458,349,5637,117,1069,101,9576
29,0725040435791,Left,1,518691,0,8067676,5,812392,349,6114,117,1034,102,0033
29,086519241333,Left,1,518649,0,806728,5,812341,349,6114,117,1034,102,0033
29,1004657745361,Left,1,518716,0,8067065,5,812247,349,6548,117,0651,102,0641
29,1141834259033,Left,1,518708,0,8066832,5,812233,349,6657,117,0403,102,0788
29,1280574798584,Left,1,518732,0,8067498,5,812243,349,6808,117,0061,102,0991
29,1422100067139,Left,1,518737,0,8068199,5,812236,349,6835,116,9977,102,137
29,1560153961182,Left,1,518735,0,8067955,5,812167,349,6835,116,9977,102,137
29,1697196960449,Left,1,518855,0,8068473,5,812097,349,7557,116,9615,102,2223
29,1835746765137,Left,1,518857,0,8068628,5,81209,349,7828,116,9434,102,3142
29,1975135803223,Left,1,518884,0,8068961,5,81215,349,7878,116,9208,102,3497
29,2114429473877,Left,1,51889,0,806974,5,812296,349,7686,116,8935,102,4191
29,2255668640137,Left,1,518898,0,8070144,5,812366,349,7629,116,894,102,4671
29,2391986846924,Left,1,518963,0,8071185,5,81251,349,765,116,8845,102,6249
29,2530994415283,Left,1,518921,0,8070769,5,812482,349,7684,116,9007,102,7534
29,2674236297607,Left,1,518873,0,8070856,5,812421,349,7654,116,9295,102,7985
29,2809143066406,Left,1,518843,0,8072697,5,812454,349,7026,116,9579,102,9597
29,294750213623,Left,1,518818,0,8073077,5,812416,349,6758,116,989,103,0394
29,3087368011475,Left,1,518538,0,808399,5,813293,349,3211,117,0798,103,8394
29,32248878479,Left,1,518401,0,8091879,5,813979,348,7785,116,8992,104,757
29,3365421295166,Left,1,518317,0,8097689,5,814342,348,4996,116,7156,105,0108
29,3505382537842,Left,1,518101,0,8106877,5,814818,348,1361,116,3884,105,0836
29,36448097229,Left,1,517998,0,8112477,5,815332,347,951,116,2333,105,1945
29,3781585693359,Left,1,51763,0,8122479,5,815997,347,5496,115,9829,105,3767
29,3924522399902,Left,1,51755,0,8127339,5,81596,347,5045,115,7766,105,173
29,4062690734863,Left,1,517506,0,8126339,5,815701,347,6063,115,8291,104,9134
29,419849395752,Left,1,517537,0,8130412,5,815894,347,5401,115,6429,104,8997
29,433687210083,Left,1,518053,0,8134766,5,816613,347,6038,115,2823,105,189
29,4477596282959,Left,1,518182,0,8136061,5,81692,347,6363,115,1802,105,3726
29,461597442627,Left,1,518621,0,8138759,5,817541,347,7051,115,0246,105,9188
29,4754734039307,Left,1,518527,0,8138723,5,817557,347,6764,115,0004,105,9344
29,4893817901611,Left,1,518312,0,8141016,5,817526,347,4742,114,9305,105,9128
29,5032043457031,Left,1,518234,0,8142459,5,817374,347,4107,114,9232,105,7082
29,5170364379883,Left,1,518058,0,8141735,5,817111,347,4457,115,0848,105,5897
29,5309753417969,Left,1,517851,0,8142658,5,816886,347,4355,115,2448,105,4983
29,5448589324951,Left,1,517542,0,8145023,5,816788,347,3553,115,4011,105,4338
29,5587406158447,Left,1,516652,0,8150413,5,816434,347,0841,115,8737,105,1586
29,572660446167,Left,1,517308,0,8148309,5,816215,347,3092,115,9631,105,0995
29,5866527557373,Left,1,517908,0,8142476,5,816066,347,7667,116,1365,105,1481
29,6004943847656,Left,1,519565,0,8123257,5,815867,349,0555,116,5987,105,5583
29,6153469085693,Left,1,52045,0,8104491,5,815551,349,8719,116,7668,105,899
29,636625289917,Left,1,520541,0,8079045,5,814535,350,1126,116,5444,105,2573
29,642183303833,Left,1,520599,0,8077918,5,814659,350,263,116,5107,105,1968
29,6565227508545,Left,1,519743,0,8065475,5,813183,349,9986,116,6019,104,313
29,6701717376709,Left,1,518692,0,8057852,5,811883,349,8492,116,9692,103,3062
29,6837120056152,Left,1,518356,0,8058668,5,81152,349,8233,117,2203,103,0897
29,6975688934326,Left,1,517099,0,8049487,5,809988,349,8576,117,7399,102,532
29,7114543914795,Left,1,51605,0,804613,5,809,349,9023,118,1458,102,4085
29,7255821228027,Left,1,515616,0,804488,5,808511,349,9168,118,2314,102,3137
29,7393016815186,Left,1,514471,0,8043499,5,807683,349,9345,118,506,102,3051
29,7532062530518,Left,1,514,0,8043095,5,807115,350,0665,118,6372,102,4858
29,7672119140625,Left,1,513842,0,8043629,5,807023,350,1002,118,6632,102,6243
29,7885723114014,Left,1,51275,0,803938,5,805628,350,2371,119,1689,102,7764
29,7950096130371,Left,1,51259,0,8038226,5,805423,350,3333,119,1708,102,616
29,8087673187256,Left,1,512181,0,8034089,5,80456,350,4634,119,3567,102,5513
29,8227634429932,Left,1,511138,0,8032585,5,803401,350,3757,119,664,101,9586
29,8365516662598,Left,1,510975,0,8033507,5,80328,350,2946,119,6742,101,8229
29,8504619598389,Left,1,510847,0,8036278,5,802976,350,1377,119,6816,101,5238
29,8646221160889,Left,1,511305,0,8039641,5,803435,350,1061,119,5309,101,648
29,8783550262451,Left,1,511729,0,8043435,5,803922,350,0356,119,3065,101,8333
29,8922061920166,Left,1,511707,0,8044057,5,803922,350,0287,119,2867,101,8543
29,9060916900635,Left,1,511654,0,804435,5,803873,349,9991,119,2898,101,85
29,9200344085693,Left,1,511711,0,8045152,5,803831,349,9892,119,3212,101,9095
29,941463470459,Left,1,511738,0,8045387,5,8036,349,9987,119,325,101,8833
29,9477806091309,Left,1,511414,0,8057634,5,806274,349,9963,119,334,101,8689
29,9615936279297,Left,1,511586,0,8045651,5,803257,350,0017,119,3812,101,8025
29,9755668640137,Left,1,511495,0,8045689,5,803094,349,9898,119,4245,101,7249
29,9894065856934,Left,1,511457,0,8045999,5,802907,349,9787,119,472,101,6625
30,0033702850342,Left,1,511474,0,8045328,5,802829,349,9931,119,5203,101,604
30,0172557830811,Left,1,511515,0,8044386,5,802692,350,0231,119,5598,101,5387
30,0312843322754,Left,1,511518,0,8043519,5,802588,350,0295,119,6044,101,4352
30,0449905395508,Left,1,511554,0,8043758,5,802613,350,0085,119,6023,101,3886
30,0590114593506,Left,1,511591,0,8043813,5,802639,350,0016,119,6019,101,3602
30,072847366333,Left,1,511631,0,8043566,5,802661,350,0016,119,6019,101,3602
30,0943603515625,Left,1,511626,0,804418,5,802714,350,0395,119,6101,101,4053
30,1005764007568,Left,1,511631,0,8043786,5,80269,350,0317,119,6011,101,3999
30,1145153045654,Left,1,511615,0,8044065,5,802736,350,0289,119,6028,101,3906
30,1283588409424,Left,1,511618,0,8044058,5,80276,350,0317,119,6011,101,3999
30,142219543457,Left,1,511613,0,8043787,5,802764,350,0362,119,6382,101,367
30,1561450958252,Left,1,511633,0,8043836,5,802771,350,0362,119,6382,101,367
30,1700611114502,Left,1,511561,0,8043259,5,80267,350,0773,119,6523,101,3023
30,1839733123779,Left,1,511508,0,8043686,5,80268,350,0801,119,6669,101,2969
30,1978645324707,Left,1,511429,0,8043775,5,802585,350,0846,119,6934,101,2761
30,2117786407471,Left,1,511311,0,8043244,5,802368,350,0867,119,7324,101,1944
30,2257843017578,Left,1,51131,0,8043453,5,802382,350,0881,119,7394,101,1989
30,2479877471924,Left,1,51102,0,8043385,5,801908,350,0999,119,857,101,0695
30,2534103393555,Left,1,511098,0,8043179,5,802016,350,103,119,8348,101,1131
30,2673397064209,Left,1,510863,0,8043523,5,801752,350,0854,119,8895,101,0128
30,2812309265137,Left,1,510701,0,8045552,5,801564,350,0724,119,9179,100,9769
30,2951202392578,Left,1,510645,0,8045592,5,801549,350,0641,119,9402,100,9676
30,3090057373047,Left,1,510398,0,8047564,5,801347,350,0247,120,0381,100,9252
30,3228874206543,Left,1,510284,0,8048741,5,801211,350,0014,120,1133,100,9379
30,336841583252,Left,1,51032,0,8048524,5,80119,350,0003,120,1034,100,9338
30,3506565093994,Left,1,51028,0,8048924,5,801107,350,0003,120,1034,100,9338
30,364501953125,Left,1,510222,0,8049716,5,801002,349,9965,120,1147,100,8852
30,3785381317139,Left,1,510162,0,8050745,5,80088,349,9852,120,1263,100,829
30,399974822998,Left,1,510188,0,8051869,5,800803,349,9816,120,1188,100,8252
30,4062309265137,Left,1,510187,0,8051764,5,800813,349,982,120,1257,100,8204
30,4201068878174,Left,1,510157,0,8052558,5,800623,349,982,120,1257,100,8204
30,4339542388916,Left,1,510125,0,8052906,5,800583,349,9806,120,139,100,8255
30,4478340148926,Left,1,510034,0,8053976,5,800403,349,9786,120,1591,100,8334
30,4617443084717,Left,1,509932,0,8054658,5,800229,349,975,120,2238,100,8256
30,475658416748,Left,1,509943,0,8054729,5,800183,349,9757,120,2154,100,8234
30,4895477294922,Left,1,509804,0,8054926,5,799969,349,9735,120,278,100,7983
30,5034580230713,Left,1,509761,0,8055294,5,799815,349,9734,120,2808,100,7972
30,5173797607422,Left,1,509633,0,8055848,5,799671,349,9614,120,3457,100,7775
30,5313091278076,Left,1,509548,0,8057044,5,799477,349,9506,120,3672,100,7633
30,5527248382568,Left,1,509401,0,8058036,5,799325,349,9254,120,4375,100,7346
30,5588932037354,Left,1,509674,0,8017206,5,80266,349,9232,120,4394,100,7318
30,5728302001953,Left,1,509361,0,805891,5,79922,349,9254,120,4375,100,7346
30,5868873596191,Left,1,509306,0,8059077,5,799156,349,907,120,4659,100,7063
30,6007137298584,Left,1,509283,0,8060262,5,799064,349,8991,120,4725,100,6889
30,6145133972168,Left,1,509271,0,8060497,5,799046,349,8991,120,4725,100,6889
30,6286582946777,Left,1,509107,0,8062693,5,798918,349,8513,120,5247,100,6989
30,642520904541,Left,1,509133,0,806378,5,798733,349,8446,120,5613,100,7308
30,6561641693115,Left,1,509154,0,8063923,5,798612,349,8446,120,5613,100,7308
30,6700096130371,Left,1,509125,0,8064941,5,798416,349,8446,120,5613,100,7308
30,684024810791,Left,1,509083,0,806536,5,798386,349,837,120,5865,100,7356
30,7053470611572,Left,1,508906,0,806774,5,798083,349,7871,120,6713,100,7022
30,7116298675537,Left,1,50895,0,8067496,5,798128,349,7937,120,6608,100,7148
30,7255115509033,Left,1,508905,0,8068039,5,797984,349,7799,120,6771,100,685
30,7394142150879,Left,1,508979,0,8068503,5,797868,349,7689,120,6902,100,661
30,7533302307129,Left,1,508994,0,8068754,5,797785,349,7689,120,6902,100,661
30,7672805786133,Left,1,508968,0,8068996,5,797704,349,7656,120,7195,100,6677
30,7811908721924,Left,1,508971,0,8068966,5,79753,349,7644,120,7304,100,6702
30,7950897216797,Left,1,508971,0,8068742,5,797453,349,7694,120,7565,100,6841
30,8090324401855,Left,1,509031,0,806739,5,797208,349,7742,120,7814,100,6974
30,8227977752686,Left,1,509144,0,8064636,5,796903,349,8513,120,8366,100,7071
30,8368015289307,Left,1,509295,0,8059941,5,796515,349,9189,120,8809,100,7106
30,858455657959,Left,1,509878,0,8039643,5,795091,350,2159,121,0547,100,7388
30,8646087646484,Left,1,509774,0,8043883,5,795367,350,1601,121,0247,100,7375
30,878568649292,Left,1,510462,0,8022506,5,793969,350,5002,121,1719,100,7774
30,8923282623291,Left,1,511021,0,8002987,5,79279,350,8195,121,247,100,8451
30,9061908721924,Left,1,511474,0,7983368,5,791644,351,063,121,3889,101,0274
30,9200000762939,Left,1,512287,0,7949237,5,789541,351,4837,121,6213,101,3479
30,933931350708,Left,1,512509,0,7938374,5,788957,351,5918,121,6405,101,5433
30,9479427337646,Left,1,513349,0,7908829,5,787383,351,8976,121,7467,102,2179
30,9619483947754,Left,1,514105,0,7874824,5,785575,352,3528,121,826,103,0861
30,9755802154541,Left,1,514518,0,7851714,5,784403,352,7975,121,735,103,4809
30,9894866943359,Left,1,515061,0,7797998,5,781487,354,0005,121,546,103,8821
31,0109596252441,Left,1,512951,0,7770774,5,779709,354,35,121,3668,103,2002
31,017219543457,Left,1,503978,0,7706995,5,775822,354,1294,120,8645,102,409
31,0311222076416,Left,1,509127,0,7764817,5,777506,353,2735,120,1855,101,1473
31,0451622009277,Left,1,507567,0,7790878,5,778168,352,3433,119,792,100,5343
31,0588836669922,Left,1,503929,0,7833625,5,778349,350,5458,118,8894,99,56996
31,0727977752686,Left,1,501837,0,7864338,5,778569,349,5363,118,153,99,18029
31,0867042541504,Left,1,500698,0,7883498,5,778801,349,1241,117,7716,99,23331
31,1005611419678,Left,1,498488,0,7914405,5,778976,348,4083,117,2777,99,49514
31,1144466400146,Left,1,497793,0,7922765,5,778851,348,1301,117,1672,99,57448
31,1283740997314,Left,1,495863,0,795329,5,779047,347,2608,116,764,99,82017
31,1423625946045,Left,1,494565,0,7969744,5,778687,346,6648,116,5098,99,8254
31,1641330718994,Left,1,493868,0,7976012,5,777936,346,3627,116,6328,99,68616
31,1701507568359,Left,1,493802,0,7978746,5,778061,346,2983,116,5088,99,70573
31,1839160919189,Left,1,492286,0,7986317,5,777047,345,772,116,5039,99,37748
31,1977958679199,Left,1,491054,0,7988392,5,775626,345,5066,116,6559,98,84507
31,2116546630859,Left,1,490067,0,7977462,5,773471,345,7752,117,3173,98,08997
31,2255210876465,Left,1,489713,0,7977689,5,772826,345,7385,117,3886,97,86546
31,2394371032715,Left,1,488707,0,7967421,5,770722,345,9073,117,702,97,13025
31,2533531188965,Left,1,48789,0,7963334,5,769341,345,9291,117,8868,96,54234
31,2672958374023,Left,1,48712,0,7961087,5,768441,345,8838,118,1322,96,253
31,2811660766602,Left,1,485869,0,7958779,5,767112,345,8287,118,5925,95,99122
31,2950973510742,Left,1,485502,0,7958227,5,76659,345,8901,118,8711,95,98237
31,3164386749268,Left,1,484615,0,7955542,5,765603,346,0985,119,3003,96,18723
31,3229160308838,Left,1,484353,0,7955614,5,765268,346,0765,119,3718,96,05099
31,3366756439209,Left,1,483615,0,7955148,5,764627,346,1842,119,5507,96,20553
31,3505020141602,Left,1,483217,0,7955251,5,764288,346,2323,119,6406,96,27122
31,36452293396,Left,1,483345,0,7955673,5,764353,346,2244,119,6232,96,27731
31,3783493041992,Left,1,483065,0,7956521,5,764261,346,2228,119,6308,96,31873
31,3922023773193,Left,1,483,0,795661,5,764263,346,2085,119,6313,96,25466
31,4061222076416,Left,1,483011,0,7956929,5,764287,346,2085,119,6313,96,25466
31,4199523925781,Left,1,483011,0,7956929,5,764287,346,2085,119,6313,96,25466
31,4339447021484,Left,1,483011,0,7956929,5,764287,346,2085,119,6313,96,25466
31,4479522705078,Left,1,481507,0,7961407,5,763154,346,1022,119,868,95,91648
31,4693470001221,Left,1,480831,0,7967575,5,762422,346,0741,120,1066,95,73651
31,4755249023438,Left,1,480835,0,7967427,5,76248,346,0749,120,0982,95,74786
31,4895210266113,Left,1,480411,0,7969419,5,761889,346,1418,120,3255,95,78722
31,5033435821533,Left,1,480156,0,7970316,5,761396,346,1744,120,4879,95,80182
31,5172557830811,Left,1,479903,0,7970442,5,761018,346,187,120,6322,95,79099
31,5310955047607,Left,1,47931,0,7969329,5,759703,346,3124,121,1186,95,77444
31,545072555542,Left,1,479329,0,7967601,5,759119,346,3876,121,2355,95,74062
31,5589141845703,Left,1,478946,0,7964922,5,757963,346,4532,121,5297,95,66793
31,5728931427002,Left,1,478797,0,7963558,5,757004,346,4168,121,6414,95,55315
31,5866928100586,Left,1,478578,0,7961642,5,756102,346,4568,121,7915,95,42664
31,6007556915283,Left,1,477792,0,7955061,5,753007,346,7068,122,5932,95,31243
31,6220645904541,Left,1,477327,0,7950778,5,751161,346,8298,122,9723,95,18613
31,6283264160156,Left,1,464669,0,7987697,5,756792,346,8791,123,2011,95,09987
31,6425609588623,Left,1,476623,0,7947168,5,748366,346,8123,123,1918,94,99318
31,6563930511475,Left,1,476625,0,7946968,5,748236,346,822,123,1163,94,98043
31,6702423095703,Left,1,47577,0,7942486,5,74578,346,951,123,3915,94,80869
31,6838321685791,Left,1,475552,0,7941917,5,74516,346,9662,123,5023,94,77465
31,6976280212402,Left,1,475231,0,7940404,5,744347,346,9863,123,642,94,7309
31,7116966247559,Left,1,473859,0,7935286,5,74088,347,0674,124,1352,94,44901
31,7257404327393,Left,1,473346,0,7932904,5,740064,347,2563,124,2581,94,53194
31,739330291748,Left,1,471939,0,7927706,5,736635,347,6401,124,7256,94,47094
31,7533416748047,Left,1,471079,0,7927471,5,734982,347,827,125,029,94,58016
31,7748565673828,Left,1,470866,0,7924444,5,733464,348,5631,125,6752,95,82374
31,7810935974121,Left,1,470652,0,7923204,5,733071,348,4358,125,6549,95,52282
31,7949886322021,Left,1,470113,0,7920616,5,73124,349,1825,125,9877,96,03952
31,8088531494141,Left,1,469098,0,7914833,5,729099,349,6485,126,2824,96,18718
31,8227367401123,Left,1,468033,0,7914398,5,727687,349,7406,126,5677,96,03751
31,8367099761963,Left,1,467568,0,7914293,5,72673,349,7585,126,6593,95,84124
31,8505668640137,Left,1,466414,0,7916808,5,725116,349,5376,126,7525,95,41866
31,864559173584,Left,1,466091,0,791953,5,724757,349,4089,126,7958,95,29536
31,8784008026123,Left,1,464594,0,7920687,5,72317,349,2787,127,0857,95,02172
31,8925437927246,Left,1,463396,0,7920677,5,721813,349,3686,127,6055,95,04829
31,9061985015869,Left,1,462803,0,7919961,5,721143,349,4346,127,8097,94,9839
31,9276752471924,Left,1,461651,0,7920108,5,71982,349,3834,128,2232,94,83368
31,93381690979,Left,1,461238,0,7920118,5,719294,349,4558,128,305,94,78574
31,947826385498,Left,1,460016,0,7921755,5,718264,349,355,128,7428,94,78133
31,9619159698486,Left,1,45919,0,7923349,5,717205,349,3407,129,0118,94,66182
31,9755516052246,Left,1,458998,0,792551,5,716917,349,355,129,1109,94,75858
31,9894866943359,Left,1,458445,0,7928066,5,716102,349,438,129,3675,94,94201
32,0033836364746,Left,1,458245,0,7927527,5,715476,349,4758,129,4466,94,91361
32,0173263549805,Left,1,457793,0,7929263,5,714699,349,5447,129,7555,95,09608
32,0311470031738,Left,1,457223,0,793128,5,713744,349,5491,130,0865,95,26073
32,0450630187988,Left,1,457288,0,7931091,5,713524,349,5615,130,0886,95,20037
32,0590629577637,Left,1,456826,0,7934346,5,712502,349,6171,130,3253,95,24229
32,080638885498,Left,1,456256,0,7937936,5,711526,349,5631,130,5853,95,28395
32,0866889953613,Left,1,456929,0,8013631,5,707879,349,5312,130,738,95,30094
32,1006813049316,Left,1,455189,0,7943075,5,710698,349,42,130,9524,95,3364
32,1145362854004,Left,1,454867,0,7944443,5,710258,349,4084,131,1025,95,32993
32,1284332275391,Left,1,453687,0,7948961,5,709418,349,3658,131,5746,95,44707
32,1423149108887,Left,1,45318,0,7948343,5,708845,349,4931,131,8846,95,749
32,1562042236328,Left,1,452936,0,7946584,5,708539,349,5609,131,9509,95,79276
32,1700706481934,Left,1,452408,0,7944395,5,708172,349,6959,132,0989,95,84306
32,1839942932129,Left,1,452052,0,7943107,5,707952,349,7643,132,2469,95,92793
32,1978797912598,Left,1,451542,0,794228,5,707786,349,8092,132,4042,96,01492
32,2118759155273,Left,1,450993,0,7940901,5,707566,349,8511,132,5562,95,99928
32,2334022521973,Left,1,450031,0,7941731,5,707414,349,8582,132,8941,96,00209
32,2395515441895,Left,1,449403,0,8003727,5,714172,349,8589,133,0092,96,06354
32,2534561157227,Left,1,449441,0,7943758,5,707503,349,8471,133,1854,96,18478
32,2674102783203,Left,1,449533,0,7943052,5,707503,349,8429,133,138,96,17351
32,281681060791,Left,1,449471,0,7943864,5,70778,349,8727,133,2202,96,30129
32,2952346801758,Left,1,449514,0,7942969,5,707796,349,8727,133,2202,96,3013
32,3090362548828,Left,1,449789,0,7941533,5,70798,349,8495,133,1122,96,22062
32,3228569030762,Left,1,449787,0,7940785,5,708083,349,8264,133,1122,96,16824
32,3368873596191,Left,1,449746,0,7939562,5,708254,349,7815,133,1803,96,13386
32,3506126403809,Left,1,449732,0,7937188,5,708486,349,761,133,3246,96,16308
32,3645858764648,Left,1,449847,0,7936851,5,708395,349,7694,133,2851,96,14756
32,3867340087891,Left,1,450221,0,793134,5,708564,349,796,133,2534,96,10452
32,392333984375,Left,1,450132,0,7932588,5,708529,349,7907,133,2643,96,10748
32,4062652587891,Left,1,450846,0,7924,5,708841,349,811,133,1728,96,08327
32,420093536377,Left,1,45185,0,7912447,5,709301,349,8632,132,9558,96,02306
32,4340286254883,Left,1,452052,0,7909722,5,709498,349,8719,132,8773,95,99044
32,4479141235352,Left,1,453035,0,7898672,5,71007,349,8513,132,5354,95,86536
32,4618301391602,Left,1,45326,0,789419,5,71055,349,8407,132,4562,95,84045
32,4756851196289,Left,1,453317,0,7892795,5,71055,349,8502,132,4397,95,8522
32,4895477294922,Left,1,453549,0,7888455,5,710709,349,8952,132,3693,95,87039
32,5034828186035,Left,1,45379,0,7880554,5,710887,349,9818,132,2632,95,82853
32,517520904541,Left,1,453771,0,787881,5,710965,349,9953,132,2412,95,79531
32,5387535095215,Left,1,453837,0,7872978,5,71125,350,1087,132,1807,95,678
32,5450592041016,Left,1,453851,0,7873359,5,711176,350,0914,132,1836,95,67445
32,5589599609375,Left,1,453968,0,7868108,5,711346,350,1927,132,0809,95,54288
32,5729675292969,Left,1,45398,0,7867947,5,711586,350,1983,132,0713,95,53072
32,5867614746094,Left,1,454134,0,7865791,5,711689,350,1922,131,9869,95,45525
32,600715637207,Left,1,454341,0,7862925,5,711743,350,1886,131,8859,95,34988
32,614574432373,Left,1,454461,0,7862017,5,711809,350,2144,131,8572,95,30628
32,6284866333008,Left,1,454792,0,7858762,5,71178,350,2722,131,7871,95,21266
32,6426124572754,Left,1,455095,0,7856132,5,71173,350,2765,131,7087,95,087
32,6562271118164,Left,1,455159,0,7855531,5,711712,350,284,131,6957,95,048
32,6701774597168,Left,1,455925,0,7849618,5,711364,350,3502,131,5204,94,77498
32,691520690918,Left,1,456715,0,7849469,5,711436,350,3808,131,3074,94,67554
32,6982498168945,Left,1,457674,0,7826183,5,7082,350,3808,131,3074,94,67554
32,711799621582,Left,1,457186,0,7849974,5,711398,350,3612,131,1595,94,61043
32,7255897521973,Left,1,457199,0,785065,5,711436,350,3759,131,1806,94,64314
32,7393760681152,Left,1,45762,0,7850131,5,71123,350,5274,131,2858,94,88221
32,7531547546387,Left,1,458401,0,7851099,5,711027,350,7719,131,4141,95,30858
32,7670211791992,Left,1,45888,0,785114,5,710709,351,1052,131,6528,95,92335
32,7808876037598,Left,1,459127,0,7852508,5,710491,351,3053,131,8311,96,38461
32,7948265075684,Left,1,459221,0,7851729,5,710293,351,4415,131,9006,96,61011
32,8087577819824,Left,1,459598,0,7855694,5,710307,351,6491,131,934,97,1118
32,8227500915527,Left,1,459657,0,7857271,5,710157,351,6956,131,8975,97,26183
32,8444023132324,Left,1,45974,0,7856625,5,710111,351,7665,131,7265,97,05257
32,8503646850586,Left,1,459599,0,785633,5,710114,351,7086,131,8282,97,1502
32,8642807006836,Left,1,45971,0,7855554,5,710013,351,7563,131,6818,96,97383
32,878173828125,Left,1,459753,0,7857217,5,71016,351,693,131,6164,96,93781
32,8920211791992,Left,1,460413,0,7859482,5,710152,351,9119,131,6613,97,36541
32,9060173034668,Left,1,460527,0,7859102,5,710177,351,9416,131,6451,97,59166
32,9198532104492,Left,1,460509,0,7858505,5,710073,351,9924,131,705,97,7795
32,9336700439453,Left,1,460119,0,7857752,5,710025,351,8439,131,7196,97,41718
32,9476203918457,Left,1,460106,0,7861169,5,710132,351,7403,131,734,97,36809
32,9615325927734,Left,1,459985,0,7868502,5,710037,351,4483,131,7486,97,17142
32,9755249023438,Left,1,459462,0,7883577,5,710044,350,613,131,7363,96,48813
32,9971351623535,Left,1,458892,0,7906102,5,710841,349,289,131,6983,96,14505
33,0032234191895,Left,1,458971,0,790695,5,71072,349,3586,131,7042,96,01501
33,0171585083008,Left,1,458004,0,7920023,5,711221,348,4585,131,6671,95,75726
33,0310249328613,Left,1,457987,0,793556,5,712007,347,8644,131,3701,96,00978
33,0448265075684,Left,1,458099,0,7941871,5,712452,347,6392,131,1691,96,29778
33,0587310791016,Left,1,459169,0,7957875,5,713654,347,4008,130,4191,97,07026
33,0725440979004,Left,1,460674,0,7966588,5,714971,347,5588,129,5086,97,99809
33,0865364074707,Left,1,461082,0,7971804,5,71545,347,4892,129,1961,98,22059
33,1003189086914,Left,1,462283,0,7980172,5,716367,347,6331,128,4937,98,63982
33,1142539978027,Left,1,462204,0,7978419,5,716269,347,8015,128,4898,98,55148
33,1282157897949,Left,1,46286,0,7982281,5,716342,348,075,128,2587,98,55061
33,1495971679688,Left,1,462915,0,7977514,5,715943,348,622,128,615,98,55552
33,156120300293,Left,1,462718,0,7977376,5,715894,348,5763,128,77,98,57378
33,1697425842285,Left,1,462644,0,7978526,5,71593,348,7401,129,063,98,76653
33,1835899353027,Left,1,463274,0,7983568,5,716172,349,1126,129,4681,99,56713
33,1975860595703,Left,1,464208,0,7977474,5,71618,349,7134,129,7093,100,1811
33,211483001709,Left,1,465595,0,7965128,5,716137,350,7686,130,1726,101,0713
33,2254371643066,Left,1,466647,0,7951708,5,715828,351,5742,130,2874,101,4223
33,2392959594727,Left,1,469115,0,7923169,5,71522,353,1678,130,2971,101,8789
33,2530822753906,Left,1,469618,0,7910141,5,715193,353,5179,129,9837,101,5167
33,2669944763184,Left,1,469506,0,7907747,5,715376,353,1426,129,7734,101,1497
33,2809829711914,Left,1,468701,0,7906642,5,714966,352,4602,129,6109,100,2787
33,294792175293,Left,1,468129,0,7912718,5,714948,352,0644,129,6647,99,92739
33,3087387084961,Left,1,467098,0,7911684,5,714386,351,496,129,9025,99,04429
33,3226585388184,Left,1,465953,0,7910644,5,713755,351,1654,130,4004,98,45847
33,3364105224609,Left,1,46596,0,7910408,5,71361,351,2442,130,4653,98,49117
33,3503265380859,Left,1,4656,0,7907193,5,713369,351,4467,130,5726,98,56187
33,3644866943359,Left,1,465473,0,7907739,5,713462,351,4754,130,6166,98,6852
33,3781127929688,Left,1,4653,0,7908102,5,713499,351,5321,130,6229,98,91507
33,391918182373,Left,1,465023,0,7907274,5,713449,351,5372,130,6121,98,93336
33,4058723449707,Left,1,464488,0,7905383,5,713303,351,5277,130,7046,98,8236
33,4197540283203,Left,1,463223,0,7902518,5,712997,351,4252,130,9723,98,49869
33,4337844848633,Left,1,462716,0,7901425,5,712671,351,4817,131,3496,98,62698
33,4476203918457,Left,1,46299,0,7899591,5,712366,351,5641,131,1603,98,51957
33,4614677429199,Left,1,462376,0,7894422,5,711938,351,6888,131,2228,98,29707
33,4753379821777,Left,1,46172,0,788994,5,711538,351,8093,131,5008,98,09766
33,4894599914551,Left,1,460856,0,788309,5,710835,351,9846,131,9687,97,77625
33,5031776428223,Left,1,461207,0,7885575,5,71116,351,8542,131,8487,97,72157
33,5170364379883,Left,1,461561,0,788781,5,711349,351,8502,131,7618,97,89482
33,5310249328613,Left,1,461839,0,7888805,5,711425,351,8229,131,6364,97,99036
33,5447578430176,Left,1,461878,0,7887082,5,711409,351,8546,131,5658,97,95927
33,558666229248,Left,1,462083,0,7885594,5,711438,351,8979,131,4725,97,9211
33,5728492736816,Left,1,462254,0,7884833,5,7116,351,9316,131,4488,97,96434
33,5866546630859,Left,1,462356,0,7883992,5,711651,351,9316,131,4488,97,96434
33,6002998352051,Left,1,462589,0,7883136,5,711634,351,9928,131,4058,97,94438
33,6142463684082,Left,1,462586,0,7883087,5,711667,351,9877,131,393,97,90482
33,6281890869141,Left,1,462755,0,7882753,5,71171,351,9742,131,3515,97,77932
33,6421165466309,Left,1,462969,0,7882875,5,711869,351,9727,131,3462,97,7636
33,6559448242188,Left,1,463151,0,7882489,5,711934,351,9891,131,3049,97,75037
33,669864654541,Left,1,463595,0,7881618,5,712173,352,0082,131,1902,97,68907
33,6839752197266,Left,1,463559,0,7882055,5,712281,352,0083,131,1892,97,68849
33,697509765625,Left,1,463633,0,7881907,5,712359,352,0126,131,1856,97,68319
33,7114448547363,Left,1,463821,0,788146,5,712451,352,0462,131,1276,97,69352
33,7253684997559,Left,1,463848,0,7881176,5,712529,352,0462,131,1276,97,69352
33,7391777038574,Left,1,464012,0,7880909,5,712638,352,0795,131,1239,97,73405
33,752986907959,Left,1,464038,0,7880269,5,712686,352,0853,131,1216,97,73918
33,7670440673828,Left,1,464055,0,7879878,5,712717,352,0824,131,1235,97,73756
33,7807502746582,Left,1,464078,0,7879331,5,712737,352,117,131,108,97,73566
33,7946472167969,Left,1,464072,0,7878771,5,712771,352,117,131,108,97,73566
33,8085823059082,Left,1,464107,0,7876679,5,712756,352,1599,131,0843,97,71304
33,8224754333496,Left,1,464036,0,7875559,5,712764,352,1668,131,0805,97,70938
33,8363380432129,Left,1,463965,0,7874666,5,712728,352,1807,131,1021,97,67916
33,850269317627,Left,1,463829,0,7872656,5,712626,352,2186,131,1415,97,63056
33,8641929626465,Left,1,463812,0,7872102,5,712589,352,2329,131,1522,97,62029
33,8781318664551,Left,1,463714,0,7868794,5,712379,352,2965,131,1865,97,58305
33,8920555114746,Left,1,463621,0,7866542,5,712218,352,3219,131,1957,97,5279
33,905891418457,Left,1,463514,0,7865363,5,712093,352,3352,131,2345,97,48747
33,9197807312012,Left,1,463001,0,7861767,5,711575,352,4144,131,4879,97,38339
33,933650970459,Left,1,462585,0,7859517,5,71102,352,5678,131,8213,97,35465
33,9475517272949,Left,1,462265,0,7859075,5,710805,352,6841,132,0357,97,45516
33,9616813659668,Left,1,461712,0,7859227,5,710454,352,8488,132,4524,97,6065
33,9753189086914,Left,1,461042,0,7859281,5,710046,353,0533,133,0418,97,90264
33,9892578125,Left,1,459991,0,7863601,5,71015,353,3132,134,0827,98,84604
34,0030746459961,Left,1,458067,0,7867514,5,710043,353,3138,135,923,100,1633
34,0169639587402,Left,1,455645,0,7868163,5,709732,353,2522,137,7799,100,7676
34,0308799743652,Left,1,453302,0,7873411,5,709962,352,9606,139,6892,101,5833
34,0448837280273,Left,1,453203,0,7879415,5,710238,352,5176,139,6926,101,7537
34,0586967468262,Left,1,452743,0,7887888,5,710756,352,0813,139,7965,101,9854
34,0725898742676,Left,1,456367,0,7891557,5,711431,352,3214,137,5199,102,0224
34,0865097045898,Left,1,459029,0,7885711,5,712482,352,7947,135,5806,101,8115
34,1003684997559,Left,1,46033,0,7888243,5,714834,352,4393,134,0616,101,1785
34,1142578125,Left,1,460418,0,7887703,5,715087,352,4284,134,0156,100,6923
34,1281509399414,Left,1,461204,0,7886372,5,715818,352,2527,133,5111,99,81194
34,1420249938965,Left,1,461801,0,7894148,5,71717,351,8221,133,1236,99,64615
34,1558952331543,Left,1,461482,0,7900571,5,717719,351,5498,133,4013,99,90537
34,1698341369629,Left,1,461153,0,7904768,5,717659,351,4811,133,8642,100,3073
34,1837387084961,Left,1,461281,0,7903376,5,717387,351,6399,133,9333,100,5546
34,1977081298828,Left,1,462643,0,7904755,5,718139,351,7662,133,3766,100,8191
34,2115097045898,Left,1,463787,0,7905681,5,719083,351,7861,132,5471,100,8079
34,2253303527832,Left,1,463949,0,790718,5,719316,351,6586,132,1662,100,4972
34,2392616271973,Left,1,464075,0,7910392,5,7192,351,1797,131,3156,99,42992
34,253231048584,Left,1,463612,0,7915178,5,718586,350,9254,131,4389,98,72036
34,2670669555664,Left,1,463389,0,7911727,5,717819,351,118,131,5653,98,22865
34,2809638977051,Left,1,462849,0,7899547,5,715872,351,931,132,1478,97,24696
34,2948684692383,Left,1,462499,0,7898744,5,715718,352,127,132,3205,97,31779
34,3087005615234,Left,1,461752,0,7893668,5,715617,352,5916,132,6176,97,26209
34,3226051330566,Left,1,460885,0,7889445,5,714103,352,8102,133,3872,97,29072
34,3365097045898,Left,1,460372,0,789164,5,713682,352,6378,133,5201,97,00584
34,350471496582,Left,1,46046,0,7891808,5,713322,352,4414,133,2142,96,78931
34,3643035888672,Left,1,460655,0,7895359,5,71406,352,3262,133,1486,97,14581
34,3783264160156,Left,1,461009,0,7897843,5,714714,352,0882,132,7821,97,53754
34,3921432495117,Left,1,459805,0,7896337,5,713764,352,0946,133,2479,97,48299
34,4059791564941,Left,1,459491,0,7895799,5,713302,352,107,133,4365,97,61918
34,419921875,Left,1,458541,0,7895802,5,712584,352,1196,133,7917,97,78481
34,4337387084961,Left,1,458101,0,7894009,5,711831,352,2234,133,974,97,78226
34,4477958679199,Left,1,45802,0,7893976,5,711701,352,2623,133,9728,97,85037
34,4615478515625,Left,1,458022,0,7894099,5,711712,352,2165,133,8712,97,86395
34,4754905700684,Left,1,458127,0,7893668,5,711743,352,2063,133,8051,97,82333
34,4893341064453,Left,1,458078,0,7892708,5,711567,352,198,133,7514,97,79024
34,5033149719238,Left,1,457628,0,7890494,5,710943,352,2151,133,7407,97,63095
34,5171051025391,Left,1,457486,0,7891051,5,71085,352,2102,133,7465,97,62376
34,5309829711914,Left,1,45718,0,7890772,5,710641,352,2136,133,8032,97,56279
34,544864654541,Left,1,457045,0,7891327,5,710515,352,2153,133,8282,97,55972
34,5587921142578,Left,1,456775,0,7891361,5,710408,352,2144,133,9088,97,56064
34,5726890563965,Left,1,456615,0,7891311,5,710252,352,2132,133,9838,97,55603
34,5869255065918,Left,1,456444,0,7891645,5,710151,352,2112,134,0604,97,53332
34,6005020141602,Left,1,456277,0,789206,5,710115,352,1957,134,1149,97,50944
34,6142921447754,Left,1,456325,0,7892427,5,710092,352,1957,134,1149,97,50944
34,6282615661621,Left,1,456307,0,7892989,5,710107,352,1957,134,1149,97,50944
34,6421241760254,Left,1,456342,0,7892941,5,710114,352,1957,134,1149,97,50944
34,6566467285156,Left,1,456398,0,7892834,5,710135,352,1957,134,1149,97,50945
34,6699867248535,Left,1,456524,0,7892919,5,7102,352,1957,134,1149,97,50944
34,683765411377,Left,1,456543,0,7893144,5,710218,352,1957,134,1149,97,50945
34,6976280212402,Left,1,456625,0,7894108,5,710274,352,1891,134,1026,97,47092
34,7115440368652,Left,1,456711,0,7895082,5,710333,352,187,134,0989,97,45911
34,7255477905273,Left,1,456723,0,7894744,5,710395,352,187,134,0989,97,45911
34,7393531799316,Left,1,456784,0,7895083,5,710594,352,2135,134,1293,97,54811
34,753231048584,Left,1,456822,0,7895842,5,710653,352,2251,134,1341,97,61952
34,767162322998,Left,1,456825,0,7896652,5,710674,352,2296,134,1439,97,6872
34,7810325622559,Left,1,456786,0,7899286,5,71074,352,2761,134,279,97,96745
34,7949752807617,Left,1,456856,0,7898472,5,710574,352,5472,134,6009,98,76342
34,8092727661133,Left,1,457464,0,789233,5,710033,353,1646,134,8217,99,9985
34,8227310180664,Left,1,457429,0,7884497,5,709502,353,4875,134,7134,100,941
34,8366088867188,Left,1,457037,0,78866,5,709441,353,3869,134,7164,101,1362
34,8505020141602,Left,1,455625,0,7908062,5,710198,351,8784,134,2902,101,399
34,8646011352539,Left,1,454635,0,7925113,5,710207,350,8024,134,5307,101,0786
34,878303527832,Left,1,452122,0,795251,5,710608,348,9503,134,8906,100,5843
34,8921508789063,Left,1,451831,0,798273,5,711074,347,3304,134,2599,99,62389
34,9061050415039,Left,1,45373,0,7994077,5,711977,347,3445,133,2272,99,67139
34,9199981689453,Left,1,45607,0,8012326,5,713672,347,011,131,7727,100,1968
34,9338874816895,Left,1,456773,0,8007956,5,714442,347,4771,131,3896,100,7243
34,9477882385254,Left,1,458791,0,8003761,5,715255,348,5895,131,2624,102,0279
34,9619560241699,Left,1,459103,0,7992464,5,715253,349,4153,131,8741,102,8814
34,9756355285645,Left,1,459693,0,7986845,5,71505,349,735,131,8985,103,0927
34,9895553588867,Left,1,461443,0,7976937,5,715228,350,458,132,1198,103,6538
35,0033836364746,Left,1,462186,0,7972783,5,715432,350,6615,132,2251,103,9429
35,017276763916,Left,1,462463,0,7967244,5,715329,350,7179,132,4727,103,8045
35,0312042236328,Left,1,463275,0,7956241,5,714897,351,1006,132,9026,103,4219
35,0451927185059,Left,1,464007,0,7946414,5,714366,351,5329,132,8372,103,0767
35,0589599609375,Left,1,466455,0,792063,5,713505,352,722,132,1891,101,9026
35,0728149414063,Left,1,467788,0,7907511,5,713221,353,3598,131,7333,101,2255
35,0866851806641,Left,1,468119,0,7904426,5,71363,353,3452,131,2527,100,6364
35,100643157959,Left,1,467699,0,7906258,5,714663,352,6485,130,9211,100,1194
35,1146850585938,Left,1,467562,0,7906775,5,714794,352,5612,130,9279,99,94169
35,1360473632813,Left,1,465023,0,7916932,5,714852,351,5027,131,6308,99,52937
35,1424140930176,Left,1,465513,0,7915162,5,714907,351,6114,131,4861,99,44405
35,1561660766602,Left,1,463479,0,7919465,5,714969,351,0274,132,0763,99,24993
35,1700096130371,Left,1,461963,0,7923419,5,714346,350,7464,132,5198,98,87075
35,183952331543,Left,1,462476,0,7925095,5,714311,350,9202,132,5079,99,21273
35,1978302001953,Left,1,463196,0,7926296,5,714155,351,2791,132,2907,99,67665
35,2117729187012,Left,1,463164,0,7922927,5,714456,351,3962,132,0829,99,88203
35,2256088256836,Left,1,46273,0,7921868,5,714374,351,4322,132,0952,99,82998
35,2396202087402,Left,1,462068,0,7920806,5,714016,351,504,132,1267,99,67136
35,253490447998,Left,1,461349,0,7921165,5,713648,351,4772,132,1819,99,45724
35,2673683166504,Left,1,461376,0,7922721,5,713738,351,4765,132,2332,99,53101
35,2887878417969,Left,1,460706,0,7921014,5,713034,351,5381,132,3594,99,41303
35,2950096130371,Left,1,460877,0,7921118,5,713186,351,5183,132,3313,99,45963
35,3089942932129,Left,1,459898,0,7920718,5,712551,351,5004,132,5249,99,27277
35,3228034973145,Left,1,459534,0,7922449,5,712233,351,4912,132,6956,99,32868
35,3366851806641,Left,1,459703,0,7922332,5,712121,351,5566,132,6495,99,42683
35,3506774902344,Left,1,459587,0,7921395,5,711782,351,7253,132,6198,99,58759
35,3644866943359,Left,1,459567,0,7920977,5,71177,351,7229,132,606,99,57799
35,3783798217773,Left,1,459504,0,7920141,5,711514,351,7544,132,5942,99,60611
35,3922500610352,Left,1,459219,0,7920917,5,711213,351,8391,132,7569,99,72587
35,4061546325684,Left,1,459247,0,7920424,5,711108,351,8557,132,7431,99,71506
35,4201545715332,Left,1,459135,0,7919958,5,710882,351,9145,132,7341,99,64269
35,441478729248,Left,1,45906,0,7918999,5,710748,351,9315,132,7897,99,65797
35,4478187561035,Left,1,466456,0,7920438,5,709447,351,9353,132,803,99,65688
35,4616851806641,Left,1,459153,0,7916772,5,7107,351,9565,132,8221,99,60394
35,4756507873535,Left,1,459208,0,791661,5,710644,351,9945,132,8365,99,62022
35,4894866943359,Left,1,459312,0,7916253,5,71057,352,0496,132,8355,99,65417
35,5034294128418,Left,1,459613,0,7915361,5,710535,352,1671,132,7602,99,73524
35,517276763916,Left,1,459773,0,7915051,5,710617,352,225,132,7152,99,78444
35,5312118530273,Left,1,460047,0,7918239,5,71109,352,1588,132,6439,100,0113
35,5450057983398,Left,1,460102,0,7919957,5,711253,352,0819,132,614,100,1101
35,5589370727539,Left,1,460258,0,7923535,5,711529,351,9876,132,5793,100,2623
35,5728988647461,Left,1,460379,0,7925633,5,711676,352,0126,132,64,100,4094
35,5943565368652,Left,1,461381,0,7933691,5,712566,351,757,132,4303,100,9246
35,6005706787109,Left,1,461058,0,793133,5,712287,351,8259,132,525,100,8428
35,6145324707031,Left,1,463288,0,7952551,5,714509,350,9733,131,5851,101,75
35,6284370422363,Left,1,464784,0,7977589,5,717386,349,3005,130,0827,102,4042
35,6424026489258,Left,1,466198,0,799365,5,719335,348,1027,128,8297,102,1517
35,6561470031738,Left,1,467555,0,7994495,5,719949,348,1705,128,1778,101,9247
35,6702041625977,Left,1,468888,0,7995261,5,7212,348,2118,127,5176,101,711
35,6841468811035,Left,1,468823,0,7991849,5,720964,348,5498,127,7696,101,6838
35,6977653503418,Left,1,469439,0,7992654,5,7211,348,7521,127,8593,101,7682
35,7116622924805,Left,1,468263,0,7985419,5,719625,349,2048,128,7245,101,6636
35,7257385253906,Left,1,467757,0,7982407,5,719116,349,284,128,9701,101,5819
35,7472190856934,Left,1,467266,0,7986507,5,718663,349,2557,129,7452,101,1431
35,753303527832,Left,1,466963,0,7984326,5,718422,349,2655,129,7677,101,041
35,7670707702637,Left,1,466129,0,7985882,5,71773,349,1837,130,443,100,2439
35,7809791564941,Left,1,466053,0,7978281,5,716422,349,7352,130,6995,99,44279
35,7946929931641,Left,1,466284,0,7976081,5,716067,349,9376,130,687,99,22501
35,8089561462402,Left,1,467104,0,7957262,5,714106,351,0758,130,2578,97,98634
35,8227310180664,Left,1,467676,0,7959279,5,714565,351,1548,129,4573,97,10005
35,8365058898926,Left,1,468446,0,7963592,5,715445,351,0077,128,9198,97,24574
35,8504676818848,Left,1,469151,0,7966582,5,716671,350,6993,128,4183,97,87491
35,8641586303711,Left,1,468455,0,7967043,5,71673,350,5703,128,8573,98,4547
35,8783531188965,Left,1,468572,0,7959276,5,716768,350,9678,129,5656,100,4512
35,891902923584,Left,1,467862,0,7952132,5,716844,350,9166,130,1521,102,29
35,9056549072266,Left,1,465806,0,7959035,5,716809,349,9553,130,6073,102,7943
35,9194564819336,Left,1,46254,0,7971461,5,715128,348,5345,131,0673,101,7835
35,9334106445313,Left,1,462183,0,7979681,5,714491,348,0742,130,5312,100,4638
35,9472923278809,Left,1,462358,0,7978974,5,714445,348,1869,130,1547,99,84475
35,961254119873,Left,1,462196,0,7982697,5,714763,348,1123,129,7989,99,43215
35,9752922058105,Left,1,463083,0,7985473,5,715165,348,1215,129,1105,99,40817
35,9890060424805,Left,1,464677,0,7987108,5,715731,348,5315,128,3171,99,59265
36,0031051635742,Left,1,465837,0,7983796,5,716405,349,1276,128,2568,100,4591
36,0166549682617,Left,1,466168,0,7983925,5,716727,349,2396,128,1281,100,8286
36,0307235717773,Left,1,466161,0,7979097,5,716615,349,5604,128,716,101,5172
36,0524711608887,Left,1,46503,0,797668,5,715915,349,1888,129,2736,100,7159
36,0585823059082,Left,1,47391,0,7953206,5,712641,349,1888,129,2736,100,7159
36,0722961425781,Left,1,464672,0,7977506,5,715515,349,0581,129,6777,100,292
36,0860595703125,Left,1,464543,0,7975498,5,714978,349,14,130,0608,99,79951
36,0999526977539,Left,1,465716,0,7963941,5,713885,350,0555,130,631,99,08815
36,1138572692871,Left,1,46778,0,7948405,5,713814,351,2138,130,1212,99,1046
36,1277656555176,Left,1,468942,0,7938107,5,713933,351,7389,129,6125,98,96867
36,1416893005371,Left,1,469113,0,7930726,5,714754,351,6346,129,264,98,73005
36,1557884216309,Left,1,468051,0,7938387,5,715114,351,0886,129,573,98,95373
36,1694412231445,Left,1,467787,0,7938513,5,714989,350,8134,129,7025,98,97466
36,1833648681641,Left,1,46758,0,7938728,5,715066,350,8052,129,6945,99,10638
36,2049674987793,Left,1,467328,0,7934119,5,715036,350,933,129,9906,99,27532
36,2112503051758,Left,1,467404,0,7935731,5,715058,350,8947,129,8782,99,23879
36,225227355957,Left,1,467523,0,7929696,5,715197,351,1992,130,0626,99,58751
36,2388381958008,Left,1,467457,0,7930079,5,715313,351,1441,129,8785,99,53421
36,2530555725098,Left,1,467354,0,7931395,5,715416,351,0811,129,8788,99,50036
36,2666664123535,Left,1,467414,0,7929603,5,715577,351,1681,129,9425,99,67058
36,2806243896484,Left,1,467513,0,7922297,5,715225,351,4683,129,8984,99,70628
36,2943305969238,Left,1,467282,0,7923009,5,715331,351,4416,129,938,99,69633
36,308235168457,Left,1,46707,0,7924209,5,715286,351,3959,130,0197,99,65891
36,3221168518066,Left,1,466929,0,7925379,5,715344,351,3061,130,0598,99,62442
36,336124420166,Left,1,466842,0,7926747,5,715494,351,2126,130,0918,99,65424
36,3575248718262,Left,1,467349,0,7925023,5,715715,351,3378,129,9376,99,93362
36,3638610839844,Left,1,467234,0,7925886,5,715653,351,2703,129,9948,99,87708
36,3777770996094,Left,1,467631,0,7925021,5,715847,351,3914,129,9083,100,1007
36,391731262207,Left,1,46772,0,7923856,5,715879,351,4445,129,958,100,2587
36,4055061340332,Left,1,467688,0,7922966,5,715841,351,4624,129,9452,100,2364
36,4194755554199,Left,1,467595,0,7923066,5,715938,351,4768,129,9348,100,2183
36,4333152770996,Left,1,467574,0,7923082,5,715998,351,4768,129,9348,100,2183
36,4472808837891,Left,1,46761,0,7922784,5,716033,351,4595,129,936,100,1873
36,461181640625,Left,1,467801,0,7922278,5,716158,351,4457,129,8704,100,1277
36,4749946594238,Left,1,467831,0,7922237,5,716243,351,4392,129,8507,100,1171
36,4890556335449,Left,1,467957,0,7921107,5,716399,351,4572,129,8075,100,1294
36,5106430053711,Left,1,468308,0,7915114,5,716616,351,6541,129,7457,100,2571
36,5170288085938,Left,1,459306,0,7893084,5,723663,351,6736,129,7457,100,2544
36,5305557250977,Left,1,468316,0,7912968,5,716578,351,6982,129,7804,100,2225
36,5446357727051,Left,1,468333,0,7912838,5,71659,351,6982,129,7804,100,2225
36,5583114624023,Left,1,468338,0,7910758,5,716608,351,7261,129,8053,100,1917
36,5721282958984,Left,1,468328,0,7910275,5,716668,351,7402,129,8313,100,1895
36,5861396789551,Left,1,468337,0,7909783,5,716716,351,7394,129,843,100,2233
36,6000099182129,Left,1,468415,0,7907825,5,7169,351,7495,129,8898,100,3923
36,6138229370117,Left,1,468433,0,7907807,5,716911,351,7737,129,9131,100,4373
36,6277008056641,Left,1,468484,0,7906544,5,716963,351,8208,130,0052,100,6692
36,6419296264648,Left,1,468215,0,7907741,5,717028,351,7229,130,1468,100,8461
36,663200378418,Left,1,467796,0,7914515,5,717496,351,3895,130,2532,101,244
36,6694297790527,Left,1,468753,0,7873716,5,715325,351,3276,130,3174,101,2458
36,6834754943848,Left,1,467293,0,7917814,5,717359,351,2355,130,4072,101,318
36,6972045898438,Left,1,467083,0,7919345,5,717316,351,2007,130,4703,101,3297
36,711051940918,Left,1,466717,0,7921253,5,717143,351,1766,130,5663,101,2184
36,7249298095703,Left,1,466587,0,7922614,5,717136,351,1371,130,5984,101,157
36,7388610839844,Left,1,465981,0,7926604,5,717106,350,9592,130,7255,100,9578
36,7527542114258,Left,1,46626,0,7927447,5,71706,350,972,130,6294,100,8926
36,7666130065918,Left,1,466346,0,7927564,5,71715,350,9871,130,5838,100,9114
36,7805023193359,Left,1,466506,0,7927421,5,717249,351,0309,130,5294,100,9731
36,7945251464844,Left,1,466581,0,7926989,5,717264,351,0666,130,4995,100,9989
36,8158988952637,Left,1,466743,0,79229,5,71712,351,1765,130,5196,101,0426
36,8221778869629,Left,1,46673,0,7923361,5,71715,351,1661,130,5011,101,0543
36,836067199707,Left,1,466626,0,7920515,5,716942,351,2255,130,5963,100,9846
36,8499641418457,Left,1,466566,0,7918631,5,716811,351,2578,130,6669,100,9093
36,863956451416,Left,1,466621,0,7918993,5,716876,351,2578,130,6669,100,9093
36,8777923583984,Left,1,466703,0,7918087,5,716874,351,2595,130,6175,100,9096
36,8917770385742,Left,1,466804,0,7916607,5,716893,351,2667,130,5591,100,9015
36,9055290222168,Left,1,466827,0,7915905,5,716918,351,2694,130,559,100,9044
36,9193801879883,Left,1,466869,0,7915369,5,716949,351,2884,130,5483,100,9422
36,9332580566406,Left,1,466787,0,7915019,5,716967,351,2897,130,5476,100,9447
36,9472541809082,Left,1,466727,0,7915399,5,717023,351,2806,130,5904,100,9784
36,9685974121094,Left,1,466716,0,7915349,5,716816,351,2554,130,6167,100,9827
36,9750061035156,Left,1,466694,0,7915405,5,716826,351,2419,130,6264,100,9811
36,9888305664063,Left,1,466685,0,7915881,5,716745,351,2304,130,6332,100,9891
37,0026779174805,Left,1,466635,0,791627,5,716741,351,1876,130,6406,100,9493
37,016674041748,Left,1,466629,0,7917366,5,716763,351,1876,130,6406,100,9493
37,0305099487305,Left,1,466601,0,7918669,5,716789,351,1876,130,6406,100,9493
37,0443725585938,Left,1,466612,0,7918856,5,716796,351,1707,130,643,100,969
37,0583038330078,Left,1,466644,0,7919079,5,716743,351,1492,130,646,100,994
37,0722770690918,Left,1,46665,0,7919294,5,716686,351,1492,130,646,100,994
37,086124420166,Left,1,466604,0,791971,5,716685,351,1238,130,6607,100,9838
37,1001205444336,Left,1,466571,0,7920944,5,716668,351,1079,130,6698,100,9774
37,121509552002,Left,1,466362,0,7924431,5,716796,351,0508,130,6812,100,9403
37,1276931762695,Left,1,461711,0,7979521,5,717113,351,0442,130,6867,100,9436
37,1418800354004,Left,1,466294,0,7925138,5,716881,351,0442,130,6867,100,9436
37,1554870605469,Left,1,466272,0,7925749,5,716934,351,0461,130,689,100,9466
37,169319152832,Left,1,46624,0,7927001,5,717052,351,0274,130,7065,100,9909
37,1832160949707,Left,1,46629,0,7927173,5,717115,351,0263,130,7079,100,9942
37,1971702575684,Left,1,466383,0,7926936,5,717167,351,0635,130,6735,101,0304
37,2110557556152,Left,1,466393,0,7926401,5,717206,351,0566,130,6732,101,0431
37,2251319885254,Left,1,466443,0,7926286,5,717221,351,0783,130,66,101,0555
37,2388038635254,Left,1,466826,0,7924454,5,717364,351,1505,130,5479,101,0799
37,2528190612793,Left,1,467062,0,7922418,5,717519,351,2068,130,4794,101,096
37,2744750976563,Left,1,467528,0,7919361,5,717705,351,3156,130,36,101,1788
37,2805099487305,Left,1,467239,0,7921019,5,717613,351,2488,130,4219,101,1117
37,294303894043,Left,1,467806,0,7918127,5,717766,351,4033,130,3076,101,2223
37,3084373474121,Left,1,468128,0,7915487,5,717847,351,5288,130,2461,101,2789
37,3220710754395,Left,1,468398,0,7913705,5,717906,351,6159,130,2318,101,3846
37,3360176086426,Left,1,468464,0,7912512,5,717861,351,6455,130,2238,101,4116
37,350154876709,Left,1,468457,0,7911569,5,717803,351,6656,130,2682,101,4188
37,3640518188477,Left,1,468489,0,7911935,5,71782,351,6602,130,2508,101,4209
37,3776702880859,Left,1,468491,0,791238,5,717852,351,6646,130,2582,101,4146
37,3914527893066,Left,1,468545,0,7911977,5,717797,351,7159,130,2827,101,3793
37,4054527282715,Left,1,46854,0,7912087,5,717796,351,7175,130,286,101,3723
37,4267501831055,Left,1,468523,0,7912734,5,71767,351,7228,130,3146,101,3388
37,4330635070801,Left,1,468516,0,7912681,5,717693,351,7229,130,315,101,3401
37,446949005127,Left,1,468444,0,791395,5,717669,351,7115,130,36,101,3167
37,4608306884766,Left,1,468437,0,7915189,5,717664,351,7073,130,3694,101,3194
37,4748764038086,Left,1,468311,0,7916625,5,717591,351,7049,130,4027,101,324
37,488712310791,Left,1,468199,0,7917991,5,717588,351,6986,130,4231,101,3399
37,5026397705078,Left,1,468037,0,7920061,5,717545,351,6506,130,4443,101,3264
37,516471862793,Left,1,468015,0,7920738,5,717513,351,6505,130,4443,101,3264
37,5303726196289,Left,1,468012,0,7920669,5,71749,351,6503,130,4442,101,3256
37,5442848205566,Left,1,467967,0,7920775,5,717486,351,6346,130,4619,101,3151
37,5582809448242,Left,1,467879,0,7921537,5,717476,351,6178,130,4791,101,2949
37,5799179077148,Left,1,46767,0,7922829,5,717503,351,6024,130,5452,101,2963
37,5860023498535,Left,1,467668,0,7922655,5,717515,351,6086,130,5451,101,3024
37,5998687744141,Left,1,467564,0,792272,5,717482,351,6025,130,5928,101,3002
37,6137046813965,Left,1,467487,0,792243,5,717477,351,6121,130,6564,101,3009
37,6275978088379,Left,1,467427,0,7921889,5,71744,351,6111,130,7029,101,2781
37,6416053771973,Left,1,467353,0,7921849,5,717463,351,6088,130,7218,101,2713
37,6554527282715,Left,1,46733,0,7921528,5,717479,351,6188,130,7182,101,2758
37,6693153381348,Left,1,46729,0,7920451,5,717511,351,6521,130,7637,101,2782
37,6833763122559,Left,1,467297,0,7919647,5,71747,351,6415,130,7639,101,2784
37,697265625,Left,1,467313,0,7919059,5,717431,351,6694,130,8002,101,2632
37,7110900878906,Left,1,467312,0,7918879,5,717422,351,6784,130,8065,101,2666
37,7325477600098,Left,1,467208,0,7918873,5,717409,351,6702,130,8661,101,202
37,7387313842773,Left,1,467206,0,7870934,5,705879,351,6736,130,868,101,1939
37,7526550292969,Left,1,467177,0,7919092,5,717381,351,672,130,872,101,1922
37,766788482666,Left,1,467123,0,7919046,5,717379,351,6691,130,8958,101,1772
37,780517578125,Left,1,467041,0,7919334,5,717336,351,667,130,9088,101,1694
37,7942085266113,Left,1,467038,0,7919422,5,717327,351,667,130,9088,101,1694
37,8082237243652,Left,1,466994,0,7920784,5,717285,351,6769,130,9626,101,2204
37,8220252990723,Left,1,466948,0,792157,5,717216,351,6783,130,993,101,2479
37,8358955383301,Left,1,466886,0,7921145,5,717076,351,6766,131,0179,101,2399
37,8497734069824,Left,1,466726,0,7919991,5,716745,351,6812,131,0918,101,2027
37,8638305664063,Left,1,466644,0,7918261,5,716411,351,7262,131,155,101,1841
37,8854179382324,Left,1,466442,0,7917118,5,716015,351,7697,131,2491,101,1379
37,8915061950684,Left,1,466532,0,7917611,5,716172,351,7512,131,2111,101,1618
37,9054183959961,Left,1,466276,0,791703,5,715851,351,7611,131,2837,101,0954
37,919246673584,Left,1,466041,0,7917605,5,715613,351,7314,131,3483,101,0737
37,9331588745117,Left,1,465776,0,7917398,5,715296,351,7284,131,4287,101,0334
37,9472618103027,Left,1,465421,0,7917457,5,715038,351,718,131,5486,100,997
37,9609794616699,Left,1,465135,0,7918104,5,714781,351,7061,131,6678,100,971
37,9748115539551,Left,1,465006,0,7918617,5,714677,351,6891,131,7008,100,9514
37,9887428283691,Left,1,464443,0,7919846,5,714337,351,6357,131,8243,100,8342
38,002742767334,Left,1,464222,0,7921104,5,714155,351,5911,131,8918,100,7829
38,0166511535645,Left,1,464152,0,7921381,5,714049,351,5911,131,8918,100,7829
38,0382385253906,Left,1,463906,0,7921843,5,713893,351,5782,131,9761,100,7977
38,044361114502,Left,1,463924,0,7921822,5,713888,351,5759,131,9712,100,7933
38,0583457946777,Left,1,463785,0,7922255,5,713822,351,5759,131,9712,100,7932
38,0721282958984,Left,1,463635,0,7922586,5,713785,351,5646,132,0261,100,7715
38,0859680175781,Left,1,463653,0,7922561,5,713592,351,5646,132,0261,100,7715
38,0998878479004,Left,1,463613,0,7921884,5,713252,351,5615,132,0986,100,7458
38,1137924194336,Left,1,463612,0,7921525,5,713105,351,5597,132,0943,100,7487
38,127799987793,Left,1,463568,0,7921149,5,713054,351,5788,132,1339,100,7308
38,1416091918945,Left,1,463543,0,7920968,5,712969,351,5851,132,1488,100,7244
38,1554641723633,Left,1,463564,0,7920711,5,712932,351,5841,132,1448,100,7259
38,1695747375488,Left,1,463634,0,7919952,5,712808,351,5841,132,1448,100,7259
38,1909980773926,Left,1,463732,0,791979,5,712711,351,5788,132,1433,100,7249
38,1972579956055,Left,1,46971,0,7902588,5,706545,351,5768,132,1426,100,7263
38,2112426757813,Left,1,463797,0,7920153,5,712638,351,576,132,1454,100,7291
38,2249069213867,Left,1,463802,0,7920196,5,712622,351,5768,132,1426,100,7264
38,2388076782227,Left,1,463775,0,7920682,5,712522,351,5728,132,1865,100,7102
38,2527389526367,Left,1,463745,0,7921581,5,712458,351,5723,132,1923,100,708
38,2665100097656,Left,1,46369,0,7922287,5,712434,351,539,132,1915,100,6831
38,2805366516113,Left,1,463694,0,7923842,5,712378,351,5213,132,1911,100,6699
38,2943992614746,Left,1,463692,0,7924216,5,712357,351,5213,132,1911,100,6699
38,3082504272461,Left,1,463649,0,7925506,5,71229,351,4865,132,2022,100,6782
38,3222236633301,Left,1,463648,0,7926432,5,712133,351,4762,132,204,100,677
38,3437690734863,Left,1,463652,0,7927102,5,712022,351,4568,132,202,100,6678
38,3498916625977,Left,1,467605,0,7858412,5,714826,351,4529,132,2033,100,6619
38,3638038635254,Left,1,46361,0,7927315,5,711939,351,4529,132,2033,100,6619
38,3777198791504,Left,1,463519,0,7926955,5,711877,351,4198,132,2403,100,63
38,3915748596191,Left,1,463529,0,7926925,5,711818,351,4102,132,2511,100,6207
38,405689239502,Left,1,463547,0,7925921,5,711795,351,4284,132,2617,100,6432
38,4194564819336,Left,1,463559,0,7924497,5,711765,351,4333,132,2647,100,6429
38,433219909668,Left,1,463601,0,7923331,5,711756,351,4765,132,2722,100,6794
38,4471817016602,Left,1,463582,0,7922169,5,711736,351,4765,132,2722,100,6794
38,4610710144043,Left,1,463597,0,7920719,5,711723,351,4765,132,2722,100,6794
38,4750823974609,Left,1,463603,0,7919847,5,711707,351,4994,132,2695,100,661
38,4969787597656,Left,1,463438,0,7918593,5,711811,351,5345,132,2652,100,6462
38,5027236938477,Left,1,463476,0,7918757,5,711785,351,5308,132,2667,100,6426
38,5168762207031,Left,1,463446,0,7917831,5,71185,351,5562,132,2636,100,6397
38,5305824279785,Left,1,463475,0,791702,5,711896,351,5557,132,2661,100,6408
38,5444564819336,Left,1,463513,0,7916574,5,711923,351,5557,132,2661,100,6408
38,5583343505859,Left,1,463585,0,7915973,5,711983,351,5836,132,2312,100,634
38,5722312927246,Left,1,463531,0,7916743,5,712182,351,5933,132,2194,100,6404
38,5863418579102,Left,1,463528,0,7916884,5,712195,351,5891,132,2243,100,6327
38,5999870300293,Left,1,46371,0,7917025,5,712292,351,6236,132,1614,100,6712
38,6139373779297,Left,1,463697,0,7916819,5,71234,351,6214,132,1603,100,6726
38,6279411315918,Left,1,463775,0,7916856,5,712395,351,6208,132,169,100,6703
38,6495094299316,Left,1,463791,0,7918181,5,712505,351,6214,132,1329,100,6858
38,6555709838867,Left,1,463784,0,7917848,5,712485,351,618,132,1235,100,6833
38,6695251464844,Left,1,463769,0,7918531,5,712542,351,618,132,1235,100,6833
38,6835823059082,Left,1,463793,0,7918513,5,712533,351,618,132,1235,100,6833
38,6973571777344,Left,1,463784,0,7918901,5,712505,351,612,132,1234,100,6778
38,7111549377441,Left,1,463722,0,7919581,5,712482,351,618,132,1235,100,6833
38,725040435791,Left,1,463674,0,791997,5,712505,351,618,132,1235,100,6833
38,7389373779297,Left,1,463549,0,7920749,5,712568,351,618,132,1235,100,6833
38,7528228759766,Left,1,463407,0,7921175,5,712592,351,5935,132,1746,100,7228
38,7671203613281,Left,1,463391,0,7920958,5,71255,351,5963,132,1674,100,7187
38,7808074951172,Left,1,463223,0,7920159,5,712466,351,5973,132,1724,100,7036
38,8022842407227,Left,1,462911,0,7918237,5,712456,351,5895,132,2365,100,5883
38,8083381652832,Left,1,46245,0,7963126,5,712359,351,59,132,262,100,559
38,8222579956055,Left,1,462443,0,791524,5,712343,351,6165,132,3807,100,4726
38,8361206054688,Left,1,462027,0,7912365,5,71215,351,6362,132,5116,100,3733
38,849983215332,Left,1,461331,0,7907787,5,711815,351,6715,132,7584,100,2262
38,8639602661133,Left,1,461061,0,7905563,5,711626,351,6992,132,8767,100,1646
38,8778533935547,Left,1,45997,0,789739,5,711059,351,7799,133,2529,99,92776
38,8917388916016,Left,1,459037,0,7891985,5,710603,351,798,133,6082,99,67377
38,9056549072266,Left,1,459036,0,7892162,5,710538,351,7935,133,6449,99,64764
38,9195747375488,Left,1,459058,0,7892031,5,710491,351,8146,133,6248,99,68178
38,9336242675781,Left,1,458957,0,7891695,5,710453,351,8156,133,6228,99,68402
38,9550819396973,Left,1,45853,0,7890623,5,710222,351,8852,133,806,99,68841
38,9612464904785,Left,1,45879,0,7891027,5,710346,351,8512,133,7022,99,70727
38,9751853942871,Left,1,45837,0,7890773,5,710212,351,8771,133,8396,99,6667
38,9890518188477,Left,1,458111,0,7892056,5,710152,351,8461,133,9127,99,60632
39,0029602050781,Left,1,457892,0,7894769,5,710077,351,7925,133,9677,99,53639
39,0168380737305,Left,1,457874,0,7895266,5,710081,351,7835,133,9736,99,53884
39,0307693481445,Left,1,457758,0,7898407,5,710064,351,7638,133,9824,99,52217
39,0446891784668,Left,1,457752,0,7899199,5,710086,351,7302,133,9836,99,51753
39,0587921142578,Left,1,45778,0,7901137,5,710112,351,7031,133,9881,99,49309
39,0726699829102,Left,1,45776,0,7903252,5,71017,351,6508,133,9719,99,50861
39,08642578125,Left,1,457743,0,7903789,5,710172,351,6571,133,9701,99,50784
39,1080284118652,Left,1,457513,0,7909545,5,710355,351,5744,133,9859,99,51796
39,1140441894531,Left,1,457531,0,7909306,5,710341,351,5796,133,9808,99,51559
39,1279754638672,Left,1,457388,0,7911229,5,71041,351,5643,133,9942,99,50648
39,1418266296387,Left,1,457169,0,791262,5,710512,351,4794,134,0477,99,46546
39,155818939209,Left,1,457226,0,7912893,5,710493,351,4966,134,0347,99,47185
39,1696357727051,Left,1,457057,0,7913899,5,710632,351,4534,134,0587,99,45336
39,1835746765137,Left,1,457028,0,7914141,5,710674,351,453,134,0604,99,45356
39,1976089477539,Left,1,45701,0,7913682,5,710684,351,4519,134,0596,99,45272
39,2117118835449,Left,1,456985,0,7912859,5,710682,351,4519,134,0596,99,45272
39,2253761291504,Left,1,456982,0,791176,5,710661,351,4542,134,0812,99,4404
39,2392654418945,Left,1,456957,0,7910207,5,710665,351,4576,134,1017,99,42487
39,2609024047852,Left,1,456892,0,7909224,5,710657,351,4648,134,1066,99,416
39,2670059204102,Left,1,468833,0,7965684,5,706676,351,4709,134,1164,99,41218
39,2808380126953,Left,1,45682,0,790803,5,710552,351,4751,134,1342,99,40506
39,2951774597168,Left,1,456779,0,7907739,5,710503,351,4786,134,1642,99,38749
39,3087348937988,Left,1,456712,0,7907435,5,71042,351,4781,134,2065,99,36471
39,3224563598633,Left,1,456668,0,7908273,5,710367,351,472,134,2168,99,36318
39,3363304138184,Left,1,456616,0,790886,5,710375,351,4575,134,2265,99,35773
39,3501892089844,Left,1,456528,0,7910662,5,710353,351,4462,134,2341,99,35435
39,3643608093262,Left,1,456533,0,7911035,5,710335,351,4295,134,2511,99,37733
39,3783264160156,Left,1,456584,0,791203,5,71029,351,3947,134,2815,99,4353
39,392261505127,Left,1,45662,0,7912326,5,71025,351,3916,134,2835,99,44462
39,4136009216309,Left,1,456591,0,7913592,5,710279,351,3766,134,2849,99,43806
39,419620513916,Left,1,460227,0,7904433,5,714713,351,3729,134,2853,99,43677
39,433708190918,Left,1,456581,0,791401,5,710295,351,3729,134,2853,99,43677
39,4474601745605,Left,1,456676,0,7912686,5,710275,351,386,134,2776,99,45362
39,4613075256348,Left,1,456817,0,7911472,5,710272,351,3771,134,2336,99,50504
39,4752616882324,Left,1,456779,0,7911326,5,710279,351,3736,134,2401,99,49656
39,4892349243164,Left,1,456864,0,791082,5,710385,351,3701,134,2354,99,48743
39,5030975341797,Left,1,456897,0,7910665,5,710438,351,3624,134,2021,99,47744
39,5170478820801,Left,1,456948,0,7910604,5,710543,351,3609,134,1953,99,47724
39,5308532714844,Left,1,457019,0,7910395,5,710639,351,3624,134,2021,99,47743
39,5449180603027,Left,1,457079,0,7910306,5,71069,351,3573,134,1729,99,48145
39,5663261413574,Left,1,457441,0,7909445,5,711095,351,347,134,0524,99,48032
39,5726928710938,Left,1,457342,0,7909698,5,710989,351,348,134,0846,99,48376
39,5863952636719,Left,1,457639,0,7909121,5,711267,351,3463,134,0031,99,49076
39,600269317627,Left,1,457723,0,7909512,5,711476,351,3442,133,9781,99,5004
39,6142730712891,Left,1,457719,0,7909535,5,711474,351,345,133,9835,99,49609
39,6284637451172,Left,1,457725,0,7910433,5,711616,351,347,133,9774,99,49914
39,6420059204102,Left,1,457768,0,7910836,5,711701,351,3466,133,9207,99,5182
39,655876159668,Left,1,457733,0,7910933,5,711759,351,3454,133,9214,99,51811
39,6697463989258,Left,1,457712,0,7911249,5,711825,351,3466,133,9207,99,5182
39,6838569641113,Left,1,457684,0,7911596,5,711852,351,3466,133,9207,99,51821
39,6979103088379,Left,1,457635,0,7911825,5,711863,351,3171,133,9306,99,50832
39,719409942627,Left,1,4576,0,7912045,5,711839,351,3146,133,9333,99,50667
39,7254867553711,Left,1,457601,0,791204,5,711838,351,3127,133,933,99,50721
39,7392730712891,Left,1,457529,0,7912032,5,711805,351,3124,133,932,99,5071
39,7531700134277,Left,1,457491,0,7912281,5,711823,351,3127,133,9335,99,5094
39,7670822143555,Left,1,457498,0,7912413,5,711861,351,3124,133,932,99,5071
39,7808532714844,Left,1,457518,0,7912574,5,711931,351,3137,133,9332,99,50898
39,7947044372559,Left,1,457516,0,7912591,5,711928,351,3171,133,9501,99,52413
39,8086853027344,Left,1,457514,0,7912335,5,711887,351,3233,133,9695,99,5402
39,8225593566895,Left,1,457511,0,7912043,5,711844,351,3233,133,9695,99,54018
39,8364219665527,Left,1,457517,0,7912147,5,71185,351,3233,133,9695,99,54019
39,8506507873535,Left,1,457531,0,7913126,5,711917,351,3233,133,9695,99,54019
39,8725471496582,Left,1,457485,0,7914402,5,711985,351,3123,133,9795,99,52644
39,8781623840332,Left,1,457375,0,7896395,5,718148,351,3123,133,9795,99,52644
39,8922958374023,Left,1,457444,0,7915003,5,712007,351,3123,133,9795,99,52645
39,9059181213379,Left,1,457402,0,7915227,5,712033,351,2859,134,0001,99,51373
39,9197044372559,Left,1,457405,0,7915661,5,712016,351,2666,134,0108,99,50614
39,9335632324219,Left,1,457442,0,79153,5,711976,351,2783,134,0124,99,50701
39,9475288391113,Left,1,457484,0,7915012,5,711963,351,3084,134,0287,99,50417
39,9614410400391,Left,1,457683,0,7913364,5,712017,351,3321,134,0249,99,50314
39,9753303527832,Left,1,457792,0,7912657,5,712012,351,3713,133,9975,99,50684
39,9892082214355,Left,1,458124,0,790965,5,712055,351,4966,133,9246,99,50458
40,0032424926758,Left,1,458181,0,7908782,5,712068,351,5339,133,9077,99,5076
40,0248832702637,Left,1,458848,0,7897411,5,71188,352,0244,133,7684,99,41459
40,0310249328613,Left,1,458498,0,7904049,5,712059,351,7474,133,8153,99,49781
40,0449409484863,Left,1,45909,0,7890862,5,711555,352,2285,133,7795,99,33368
40,058780670166,Left,1,459731,0,7873321,5,71113,352,85,133,7415,99,13599
40,0726203918457,Left,1,460024,0,7867293,5,711001,352,9978,133,5918,98,9437
40,0865478515625,Left,1,459767,0,7870167,5,711262,352,8781,133,6503,98,97682
40,1006660461426,Left,1,459639,0,7870364,5,711139,352,7991,133,7516,99,01038
40,1143531799316,Left,1,459624,0,7869395,5,711017,352,8208,133,796,99,00621
40,1282691955566,Left,1,459529,0,7865601,5,710773,352,9282,133,8911,98,96945
40,1421432495117,Left,1,459447,0,7860596,5,710479,353,1063,134,0219,98,95677
40,1562690734863,Left,1,459529,0,785894,5,710385,353,176,134,0244,98,93353
40,1776733398438,Left,1,459722,0,7847983,5,709824,353,4718,133,9663,98,59576
40,1837921142578,Left,1,459678,0,7849131,5,709877,353,4417,133,9788,98,66326
40,1976623535156,Left,1,459585,0,7843128,5,709425,353,5373,133,9528,98,26739
40,2115669250488,Left,1,459476,0,7843946,5,709386,353,523,133,9741,98,08073
40,2254753112793,Left,1,459436,0,7845095,5,709373,353,5046,133,9907,98,05904
40,2394065856934,Left,1,459362,0,7846159,5,709263,353,4896,134,0043,98,0413
40,25341796875,Left,1,459268,0,7845239,5,70908,353,5683,134,07,97,99915
40,2673072814941,Left,1,459229,0,7845434,5,709038,353,5683,134,07,97,99917
40,2811393737793,Left,1,459047,0,7847158,5,708995,353,5348,134,1256,97,95387
40,2949714660645,Left,1,459045,0,7848122,5,708961,353,5348,134,1256,97,95388
40,308952331543,Left,1,458718,0,7850626,5,708842,353,504,134,2364,97,93359
40,3303871154785,Left,1,458565,0,7851455,5,708622,353,4696,134,3076,97,93285
40,336597442627,Left,1,456054,0,7771315,5,711511,353,4651,134,3251,97,92821
40,3505096435547,Left,1,458316,0,785279,5,708499,353,4243,134,3651,97,8958
40,3643951416016,Left,1,458263,0,7853864,5,708464,353,401,134,3813,97,87212
40,3783073425293,Left,1,458053,0,7856771,5,70843,353,3279,134,4192,97,81746
40,3922576904297,Left,1,457982,0,785863,5,708391,353,3192,134,4227,97,81252
40,4061164855957,Left,1,457903,0,7858538,5,708388,353,2758,134,4442,97,80255
40,4199562072754,Left,1,457701,0,7859418,5,708353,353,1676,134,4873,97,79684
40,4338531494141,Left,1,457601,0,7860699,5,708326,353,1142,134,5197,97,80477
40,4477958679199,Left,1,457407,0,7862989,5,70837,353,0349,134,5575,97,80878
40,4618072509766,Left,1,457242,0,7866751,5,708441,352,8914,134,5647,97,80197
40,4830894470215,Left,1,456816,0,7874632,5,708577,352,4256,134,4789,97,60374
40,4895210266113,Left,1,452696,0,7868776,5,706915,352,3549,134,4677,97,57417
40,5033950805664,Left,1,456209,0,7883993,5,708704,351,8309,134,3857,97,22793
40,5171928405762,Left,1,455743,0,7892721,5,708886,351,2856,134,3098,96,95839
40,5310821533203,Left,1,455723,0,7903703,5,709192,350,6951,134,0206,96,74709
40,5449676513672,Left,1,455979,0,7906111,5,709308,350,576,133,8812,96,76327
40,5588836669922,Left,1,456131,0,7911451,5,709604,350,2305,133,6068,96,73204
40,5728645324707,Left,1,456137,0,7914053,5,7097,349,9961,133,4857,96,75528
40,5867462158203,Left,1,456102,0,7911937,5,709522,350,0472,133,5108,96,73248
40,6006698608398,Left,1,456181,0,7906018,5,70926,350,4126,133,7186,96,833
40,6145629882813,Left,1,456184,0,7904619,5,709171,350,4772,133,766,96,86362
40,6358604431152,Left,1,45622,0,7899644,5,708978,350,7599,133,8813,96,93481
40,6421928405762,Left,1,456202,0,7899974,5,709016,350,7402,133,8828,96,92911
40,6560745239258,Left,1,45629,0,7898349,5,708871,350,7861,133,8556,96,94252
40,6699714660645,Left,1,456254,0,7897388,5,708822,350,8154,133,8382,96,95105
40,6838760375977,Left,1,456245,0,7897376,5,708799,350,8154,133,8382,96,95104
40,697826385498,Left,1,45614,0,7897388,5,708685,350,8167,133,8524,96,956
40,7119522094727,Left,1,456026,0,7897133,5,708618,350,8026,133,8841,96,96222
40,7255554199219,Left,1,456006,0,7896786,5,708553,350,8232,133,914,97,00654
40,7394027709961,Left,1,4559,0,7896055,5,708428,350,8397,133,9758,97,09267
40,7532386779785,Left,1,455851,0,7895662,5,708343,350,8397,133,978,97,09576
40,7672462463379,Left,1,455807,0,7895686,5,708322,350,8397,133,978,97,09575
40,7887496948242,Left,1,455611,0,7895729,5,708206,350,8521,134,0501,97,131
40,7949409484863,Left,1,45564,0,7895469,5,708193,350,8502,134,0345,97,12257
40,8088836669922,Left,1,455591,0,7894666,5,708093,350,8651,134,0846,97,14841
40,8227195739746,Left,1,455628,0,7893087,5,707943,350,8894,134,1208,97,20127
40,8366470336914,Left,1,455615,0,7892908,5,707917,350,9021,134,1363,97,22524
40,8504943847656,Left,1,455587,0,7891318,5,707789,350,9448,134,18,97,28336
40,8644599914551,Left,1,45559,0,7890315,5,707724,350,9767,134,2042,97,31768
40,8786201477051,Left,1,4557,0,7887557,5,707582,351,0766,134,2441,97,45145
40,8923950195313,Left,1,455748,0,7885836,5,707504,351,1131,134,2427,97,49793
40,9060516357422,Left,1,45574,0,788454,5,707467,351,1131,134,2401,97,48676
40,9200553894043,Left,1,455742,0,7882759,5,707398,351,1161,134,2442,97,48625
40,9415893554688,Left,1,455718,0,7878715,5,707256,351,1561,134,2487,97,38547
40,9477920532227,Left,1,450129,0,7871171,5,710011,351,1607,134,2491,97,37069
40,961612701416,Left,1,455885,0,7873126,5,707098,351,2416,134,2242,97,32081
40,9756469726563,Left,1,455952,0,7871714,5,707073,351,273,134,2138,97,31123
40,9893798828125,Left,1,456131,0,7867206,5,706965,351,3688,134,1826,97,30453
41,0032806396484,Left,1,456197,0,7864678,5,706957,351,43,134,1623,97,30029
41,0173873901367,Left,1,456177,0,7864693,5,706979,351,43,134,1623,97,30029
41,0310668945313,Left,1,456326,0,7862655,5,707047,351,4659,134,1244,97,33535
41,044921875,Left,1,456312,0,7862102,5,707088,351,4659,134,1244,97,33533
41,0588150024414,Left,1,456443,0,7861084,5,70717,351,5063,134,102,97,37976
41,0729370117188,Left,1,456437,0,7860375,5,707221,351,5128,134,0993,97,38438
41,0944213867188,Left,1,45658,0,7859588,5,707384,351,5136,134,0793,97,40449
41,100513458252,Left,1,456503,0,7859939,5,707303,351,5125,134,0972,97,38737
41,1143951416016,Left,1,456704,0,7859517,5,707468,351,5156,134,0347,97,40636
41,1282577514648,Left,1,456767,0,7859929,5,707587,351,5199,134,0171,97,42148
41,1422233581543,Left,1,456803,0,7860872,5,707708,351,5199,134,0171,97,42149
41,156120300293,Left,1,4568,0,7860886,5,70775,351,4998,134,0004,97,40279
41,1700172424316,Left,1,456793,0,7861169,5,707874,351,4836,133,9909,97,38762
41,1838493347168,Left,1,456794,0,7861158,5,707873,351,4871,133,99,97,3911
41,1977691650391,Left,1,456789,0,7861032,5,707942,351,4703,133,9837,97,36942
41,2116737365723,Left,1,456834,0,7860679,5,707989,351,4744,133,9824,97,35139
41,2256393432617,Left,1,456829,0,7860562,5,707974,351,4737,133,9803,97,34592
41,2471008300781,Left,1,456769,0,7859206,5,707991,351,4907,133,9851,97,32777
41,2532730102539,Left,1,45678,0,7859405,5,707989,351,4854,133,9803,97,3307
41,2671394348145,Left,1,456705,0,7858115,5,707968,351,5139,134,0129,97,30717
41,2810325622559,Left,1,456656,0,785798,5,70797,351,5272,134,0263,97,29711
41,2951202392578,Left,1,456642,0,7858118,5,707972,351,5272,134,0263,97,29711
41,3091201782227,Left,1,456656,0,785781,5,707988,351,5284,134,025,97,29617
41,3227195739746,Left,1,456734,0,7856722,5,708001,351,5288,134,018,97,2928
41,336612701416,Left,1,45677,0,7856414,5,707985,351,5403,134,0048,97,2873
41,3504447937012,Left,1,456882,0,785504,5,708011,351,5469,133,9939,97,28234
41,364372253418,Left,1,456903,0,7855121,5,708013,351,5616,133,9796,97,29112
41,3783569335938,Left,1,45691,0,7855613,5,708083,351,5821,133,9561,97,30588
41,3997917175293,Left,1,456942,0,7855464,5,708106,351,5864,133,9592,97,31059
41,4059867858887,Left,1,456937,0,7855492,5,708104,351,5804,133,9614,97,30227
41,4198875427246,Left,1,456935,0,7855131,5,708077,351,5804,133,9614,97,30226
41,4337730407715,Left,1,456921,0,7855283,5,708085,351,5804,133,9614,97,30225
41,4479446411133,Left,1,456928,0,7855677,5,708132,351,5804,133,9614,97,30227
41,4615821838379,Left,1,456948,0,7856441,5,708226,351,5804,133,9614,97,30226
41,4755058288574,Left,1,456937,0,7856641,5,708239,351,5804,133,9614,97,30225
41,489429473877,Left,1,4569,0,7856902,5,708243,351,5804,133,9614,97,30225
41,5032920837402,Left,1,456885,0,7856709,5,708229,351,5804,133,9614,97,30226
41,5171699523926,Left,1,456882,0,7856296,5,708235,351,5804,133,9614,97,30226
41,5310897827148,Left,1,45688,0,7855724,5,708339,351,5804,133,9614,97,30226
41,5529861450195,Left,1,456896,0,7854258,5,708432,351,6308,133,9551,97,25185
41,5588989257813,Left,1,457367,0,7877429,5,712952,351,6422,133,9418,97,23731
41,5728225708008,Left,1,456925,0,785291,5,70844,351,6422,133,9418,97,23734
41,5865783691406,Left,1,456931,0,7852111,5,708432,351,6475,133,9389,97,23155
41,600471496582,Left,1,45688,0,785125,5,708411,351,6816,133,9232,97,18786
41,6144790649414,Left,1,456828,0,7851375,5,708468,351,6843,133,9257,97,18509
41,6284828186035,Left,1,456762,0,7851014,5,708481,351,6816,133,9232,97,18786
41,6421165466309,Left,1,456684,0,7849527,5,708419,351,7283,133,973,97,13379
41,6564292907715,Left,1,456674,0,7849227,5,708405,351,7363,133,9838,97,12155
41,6699028015137,Left,1,456671,0,7848266,5,708371,351,745,133,9942,97,10991
41,6837844848633,Left,1,456722,0,7846844,5,708304,351,7464,133,9908,97,10827
41,7053489685059,Left,1,456957,0,7843946,5,708222,351,8198,133,9265,97,07956
41,7115211486816,Left,1,456848,0,784518,5,708257,351,7926,133,9521,97,0779
41,7258186340332,Left,1,457052,0,7843351,5,708231,351,8291,133,9212,97,07462
41,7393646240234,Left,1,457149,0,7842712,5,708226,351,85,133,8912,97,06109
41,7532119750977,Left,1,457258,0,7842292,5,708271,351,8588,133,8559,97,03472
41,7671127319336,Left,1,457309,0,7842051,5,708307,351,8575,133,8537,97,0369
41,7810974121094,Left,1,457371,0,7841723,5,70833,351,8559,133,8611,97,03395
41,7948188781738,Left,1,457432,0,7841957,5,708367,351,8555,133,8323,97,04647
41,8087310791016,Left,1,457532,0,7842449,5,70849,351,8551,133,8017,97,0598
41,8225898742676,Left,1,457713,0,7842922,5,708625,351,8422,133,7331,97,06097
41,8365936279297,Left,1,457733,0,7842694,5,708642,351,845,133,7451,97,05961
41,858226776123,Left,1,457953,0,7841182,5,708666,351,8613,133,6419,97,04447
41,8643531799316,Left,1,45791,0,7841508,5,70867,351,8582,133,6733,97,0508
41,8782119750977,Left,1,458011,0,7840835,5,70868,351,8643,133,6268,97,03577
41,8920783996582,Left,1,458012,0,784086,5,708761,351,8631,133,6144,97,02847
41,9059791564941,Left,1,458009,0,7840882,5,708767,351,8657,133,6169,97,03255
41,9198951721191,Left,1,458012,0,7840494,5,708819,351,868,133,617,97,03506
41,9338417053223,Left,1,458014,0,784023,5,708834,351,8656,133,6169,97,03255
41,9477233886719,Left,1,458055,0,783959,5,708829,351,9066,133,6029,97,0495
41,9615898132324,Left,1,45802,0,7839198,5,708835,351,9103,133,5983,97,06959
41,9755592346191,Left,1,458005,0,7839271,5,708831,351,9103,133,5983,97,06959
41,9896354675293,Left,1,457981,0,7839442,5,70882,351,9103,133,5983,97,06959
42,0109214782715,Left,1,458015,0,7838956,5,708809,351,9242,133,5955,97,08688
42,0170516967773,Left,1,445434,0,7830615,5,712331,351,9242,133,5955,97,08688
42,0309600830078,Left,1,458084,0,783875,5,708812,351,9242,133,5955,97,08687
42,0448417663574,Left,1,458125,0,7838794,5,708815,351,9242,133,5955,97,08688
42,0588111877441,Left,1,45826,0,783884,5,708787,351,9503,133,5584,97,06457
42,0727882385254,Left,1,458305,0,7839497,5,708855,351,9486,133,5431,97,05854
42,0865364074707,Left,1,458292,0,7839577,5,708863,351,9537,133,5516,97,06163
42,1003952026367,Left,1,458277,0,7840167,5,708905,351,9537,133,5535,97,06163
42,1143074035645,Left,1,458289,0,7840426,5,708914,351,9537,133,5535,97,06165
42,1282768249512,Left,1,45833,0,7841299,5,708932,351,9496,133,5149,97,07944
42,1422462463379,Left,1,458291,0,7842597,5,708984,351,9449,133,5088,97,08322
42,1636695861816,Left,1,45826,0,7842867,5,708977,351,9323,133,5171,97,09
42,1699447631836,Left,1,461471,0,7902637,5,702714,351,9323,133,5171,97,09
42,1837463378906,Left,1,458255,0,7842656,5,708975,351,9289,133,5178,97,0933
42,1976051330566,Left,1,458254,0,7843294,5,709044,351,9078,133,5247,97,13194
42,2114906311035,Left,1,458278,0,7843704,5,7091,351,8955,133,5239,97,18868
42,2257118225098,Left,1,45827,0,7843587,5,709106,351,8973,133,523,97,18245
42,2393569946289,Left,1,458304,0,7844307,5,709256,351,8666,133,5449,97,30498
42,2531585693359,Left,1,458286,0,7842811,5,709152,351,8584,133,5535,97,33189
42,26708984375,Left,1,458273,0,7842691,5,70918,351,8582,133,5862,97,35812
42,280933380127,Left,1,458277,0,7842155,5,709146,351,8521,133,6,97,37717
42,2949600219727,Left,1,458283,0,7842269,5,709171,351,8537,133,6056,97,40721
42,3164863586426,Left,1,458345,0,7841045,5,709153,351,8962,133,6098,97,53059
42,3228416442871,Left,1,458333,0,7841311,5,709154,351,8897,133,617,97,51629
42,3365287780762,Left,1,458427,0,7840683,5,709146,351,929,133,616,97,60596
42,3503227233887,Left,1,458458,0,7839402,5,709088,351,9803,133,6548,97,73468
42,3643493652344,Left,1,458432,0,7838925,5,709061,351,9819,133,6597,97,74757
42,3781967163086,Left,1,458426,0,7838542,5,709019,351,9867,133,6824,97,7694
42,3920593261719,Left,1,458488,0,7838335,5,709036,352,0158,133,705,97,88028
42,4059562683105,Left,1,458469,0,7837836,5,709003,352,0085,133,7045,97,87233
42,4198570251465,Left,1,458517,0,7838305,5,709051,352,0406,133,7153,97,93552
42,433967590332,Left,1,458554,0,7837866,5,70905,352,0521,133,7081,97,96475
42,4477653503418,Left,1,458678,0,783754,5,709064,352,0671,133,6877,98,007
42,4692268371582,Left,1,459063,0,7835518,5,709136,352,1256,133,6002,98,12875
42,475456237793,Left,1,459043,0,7835941,5,709128,352,1213,133,6064,98,11008
42,4894332885742,Left,1,459434,0,783459,5,709245,352,1824,133,5093,98,15327
42,503231048584,Left,1,459755,0,7834033,5,709486,352,1929,133,4115,98,18337
42,516975402832,Left,1,459953,0,7833703,5,709553,352,1985,133,371,98,1977
42,5308609008789,Left,1,460787,0,78317,5,709894,352,2613,133,1765,98,26703
42,544792175293,Left,1,46102,0,7830755,5,710068,352,282,133,1004,98,29775
42,558765411377,Left,1,46179,0,782869,5,710429,352,3551,132,9155,98,39323
42,5726890563965,Left,1,462261,0,7827563,5,710714,352,3893,132,7909,98,4295
42,5864868164063,Left,1,462412,0,7827079,5,710793,352,4056,132,7416,98,43149
42,6004295349121,Left,1,462801,0,782647,5,711061,352,4392,132,6256,98,45698
42,6218338012695,Left,1,463411,0,7825453,5,711494,352,5212,132,4031,98,5508
42,6281623840332,Left,1,471395,0,7877624,5,712501,352,5251,132,3882,98,55347
42,6423110961914,Left,1,463274,0,7826229,5,71158,352,5148,132,3922,98,54975
42,6560020446777,Left,1,463274,0,7826442,5,711624,352,4976,132,4042,98,5503
42,6699295043945,Left,1,463386,0,7827597,5,711757,352,4795,132,4148,98,54823
42,6836853027344,Left,1,463416,0,7828372,5,711828,352,4617,132,3618,98,5726
42,6975936889648,Left,1,463443,0,7828777,5,711908,352,4625,132,3619,98,56852
42,7114448547363,Left,1,463575,0,7829905,5,712032,352,4711,132,2912,98,6282
42,7253608703613,Left,1,46355,0,7829772,5,712056,352,4711,132,2912,98,6282
42,7393531799316,Left,1,463656,0,7830909,5,712141,352,4438,132,2468,98,64143
42,753246307373,Left,1,463674,0,7831747,5,712167,352,4395,132,2413,98,64305
42,7751007080078,Left,1,463742,0,7833248,5,712182,352,4318,132,214,98,67672
42,781005859375,Left,1,463713,0,7832693,5,712178,352,4238,132,2123,98,659
42,7947692871094,Left,1,463794,0,783372,5,712181,352,4241,132,1856,98,69806
42,8089370727539,Left,1,463845,0,7834231,5,712161,352,4155,132,1696,98,71103
42,8227691650391,Left,1,46387,0,7834696,5,712126,352,4156,132,1685,98,71328
42,8364181518555,Left,1,463876,0,7835422,5,712106,352,4156,132,1685,98,71328
42,8502731323242,Left,1,463888,0,7837154,5,71207,352,3711,132,1388,98,73003
42,8643760681152,Left,1,463891,0,7837558,5,712054,352,3698,132,1359,98,72999
42,8781089782715,Left,1,463921,0,7838189,5,71202,352,3722,132,1387,98,72329
42,8919334411621,Left,1,463959,0,7838758,5,712001,352,3362,132,1477,98,75701
42,9062347412109,Left,1,46398,0,7838913,5,711945,352,3334,132,1497,98,75762
42,9274711608887,Left,1,463936,0,7841021,5,711905,352,2829,132,1859,98,76834
42,9336585998535,Left,1,463953,0,7840599,5,711903,352,2981,132,177,98,76248
42,947624206543,Left,1,463909,0,7842761,5,711925,352,261,132,1882,98,76833
42,9614486694336,Left,1,463897,0,7843425,5,71194,352,2635,132,1874,98,7743
42,9753608703613,Left,1,463893,0,7843532,5,711951,352,2654,132,1877,98,77261
42,9894409179688,Left,1,463844,0,7844222,5,712014,352,2099,132,197,98,77463
43,0030860900879,Left,1,463855,0,7844998,5,712002,352,2068,132,1975,98,77474
43,0170402526855,Left,1,463844,0,7845457,5,71201,352,2068,132,1975,98,77477
43,0308952331543,Left,1,463773,0,7846423,5,712043,352,1811,132,2327,98,79767
43,0449676513672,Left,1,463778,0,7846365,5,712009,352,1834,132,2298,98,79975
43,058952331543,Left,1,463692,0,7846093,5,71199,352,1834,132,2298,98,79975
43,0804443359375,Left,1,463644,0,7846454,5,711977,352,1454,132,2645,98,78387
43,0864028930664,Left,1,470512,0,7918163,5,70946,352,1458,132,2666,98,78529
43,1005363464355,Left,1,463621,0,7846823,5,711957,352,1458,132,2666,98,78528
43,114200592041,Left,1,463604,0,7846943,5,711939,352,1458,132,2666,98,78529
43,1283569335938,Left,1,463502,0,7847202,5,71188,352,1143,132,2938,98,78005
43,1419677734375,Left,1,463463,0,7847037,5,711771,352,1083,132,299,98,77905
43,1558532714844,Left,1,463423,0,7847343,5,711744,352,1083,132,299,98,77905
43,1697082519531,Left,1,463264,0,7848207,5,711702,352,0754,132,3693,98,76608
43,183666229248,Left,1,463289,0,7848594,5,711637,352,0745,132,3712,98,76573
43,1975402832031,Left,1,463276,0,78488,5,711574,352,0745,132,3712,98,76573
43,2115211486816,Left,1,463301,0,7848513,5,711424,352,0714,132,3688,98,76585
43,2328987121582,Left,1,463242,0,7849739,5,711299,352,0383,132,3864,98,74747
43,2392234802246,Left,1,460847,0,7850317,5,708004,352,0383,132,3864,98,74747
43,2530784606934,Left,1,46311,0,7851154,5,711267,351,99,132,4357,98,74818
43,2669258117676,Left,1,463087,0,7851899,5,711199,351,9839,132,445,98,75101
43,2808570861816,Left,1,463033,0,7852138,5,711148,351,9588,132,4851,98,74918
43,2947463989258,Left,1,463072,0,7852229,5,711043,351,9456,132,4921,98,75168
43,3086395263672,Left,1,463071,0,7852497,5,71098,351,9564,132,4894,98,74937
43,3225402832031,Left,1,46304,0,7853197,5,710955,351,9143,132,5077,98,76295
43,3365058898926,Left,1,463002,0,785401,5,710874,351,9021,132,5221,98,76081
43,3503341674805,Left,1,462954,0,7854561,5,710832,351,9143,132,5077,98,76295
43,3644409179688,Left,1,46292,0,7854339,5,710748,351,8937,132,5453,98,76501
43,3858413696289,Left,1,462819,0,7853863,5,710515,351,845,132,6241,98,76134
43,3919067382813,Left,1,462849,0,7853942,5,710542,351,8579,132,6085,98,76239
43,4058494567871,Left,1,462736,0,7853774,5,710464,351,8466,132,6329,98,75455
43,4197463989258,Left,1,462586,0,7853447,5,710297,351,837,132,6544,98,74596
43,4336166381836,Left,1,462476,0,7852818,5,710207,351,8387,132,7298,98,73443
43,4475364685059,Left,1,462446,0,7852231,5,710095,351,8387,132,7298,98,73441
43,4613800048828,Left,1,462347,0,7851452,5,70994,351,8387,132,7298,98,73442
43,475284576416,Left,1,462271,0,78512,5,709901,351,8297,132,7662,98,71347
43,4891395568848,Left,1,462119,0,7850903,5,709758,351,8063,132,8349,98,67071
43,5031051635742,Left,1,462068,0,7850823,5,709637,351,8052,132,8467,98,66901
43,5170860290527,Left,1,462005,0,7850839,5,709585,351,798,132,8817,98,66534
43,5385704040527,Left,1,46194,0,7851184,5,70938,351,794,132,8978,98,66587
43,5448608398438,Left,1,461955,0,785112,5,709387,351,7942,132,8939,98,66069
43,558708190918,Left,1,461944,0,7851301,5,709289,351,7963,132,8923,98,6616
43,5724983215332,Left,1,461912,0,7851517,5,709199,351,766,132,938,98,65772
43,5865859985352,Left,1,461913,0,7851968,5,709078,351,7608,132,9479,98,66217
43,6003150939941,Left,1,461836,0,7852848,5,708981,351,732,132,9906,98,65471
43,6141586303711,Left,1,461867,0,7852942,5,708949,351,7353,132,9841,98,65274
43,6280288696289,Left,1,46177,0,7854316,5,70885,351,6999,133,0166,98,65296
43,6419296264648,Left,1,461758,0,7855,5,708743,351,6914,133,0245,98,65302
43,6562156677246,Left,1,461698,0,7855325,5,708694,351,6651,133,0462,98,64053
43,6699180603027,Left,1,46166,0,7855824,5,708567,351,6493,133,0593,98,63301
43,6914558410645,Left,1,461675,0,7855369,5,70845,351,6388,133,1279,98,66328
43,6974678039551,Left,1,464329,0,7881066,5,710577,351,6378,133,1318,98,66537
43,7114105224609,Left,1,461672,0,7854738,5,708391,351,6378,133,1318,98,66538
43,7253150939941,Left,1,461655,0,7854068,5,708347,351,6378,133,1318,98,66537
43,7393264770508,Left,1,461593,0,7851505,5,708225,351,653,133,1662,98,62865
43,7531394958496,Left,1,461585,0,7850634,5,708202,351,654,133,1685,98,62613
43,7669525146484,Left,1,461556,0,7849907,5,708192,351,654,133,1685,98,62611
43,7808609008789,Left,1,461508,0,7848517,5,70817,351,721,133,198,98,65753
43,7948150634766,Left,1,461475,0,7847748,5,708166,351,721,133,198,98,65753
43,8086471557617,Left,1,461462,0,7845448,5,708146,351,721,133,198,98,65753
43,8226165771484,Left,1,461494,0,7842736,5,708113,351,7616,133,1985,98,62963
43,844181060791,Left,1,461426,0,7841269,5,708207,351,78,133,1917,98,62701
43,8502807617188,Left,1,461478,0,7841545,5,708154,351,763,133,198,98,62927
43,8642578125,Left,1,461397,0,7840974,5,708241,351,8109,133,1865,98,62155
43,8780555725098,Left,1,461468,0,7838973,5,708285,351,8551,133,1866,98,64598
43,8921546936035,Left,1,461581,0,7836155,5,708285,351,909,133,1803,98,67403
43,9058609008789,Left,1,461603,0,7835176,5,708282,351,909,133,1803,98,67406
43,9196853637695,Left,1,461617,0,7833956,5,708312,351,9172,133,1738,98,66901
43,9335861206055,Left,1,4616,0,7833818,5,708309,351,9746,133,1504,98,63998
43,9474983215332,Left,1,46153,0,7834167,5,708365,351,9746,133,1504,98,63998
43,9615058898926,Left,1,461548,0,7833569,5,708356,351,9746,133,1504,98,63998
43,9754791259766,Left,1,461561,0,7833341,5,708353,351,9746,133,1504,98,63998
43,9971733093262,Left,1,46153,0,78339,5,708377,351,9871,133,1857,98,68668
44,0031776428223,Left,1,461553,0,7833464,5,708365,351,9982,133,1648,98,66813
44,0170364379883,Left,1,461472,0,7834709,5,708401,351,9975,133,1661,98,66975
44,0308303833008,Left,1,461438,0,7835132,5,708407,351,9982,133,1648,98,66814
44,0450286865234,Left,1,461423,0,7835088,5,708395,351,9982,133,1648,98,66813
44,0587463378906,Left,1,461314,0,7834786,5,708374,351,9832,133,2124,98,66603
44,0725059509277,Left,1,461281,0,783468,5,708336,351,9789,133,2105,98,6698
44,0863647460938,Left,1,461164,0,7834861,5,708352,351,9849,133,249,98,65887
44,1002197265625,Left,1,460997,0,7835526,5,708389,351,9883,133,2708,98,65271
44,1141624450684,Left,1,460946,0,7835495,5,708406,351,9872,133,2907,98,64968
44,1281433105469,Left,1,460816,0,7834676,5,70842,351,9856,133,3183,98,64548
44,1493682861328,Left,1,460691,0,7832671,5,708438,352,0402,133,3822,98,6499
44,1553153991699,Left,1,460681,0,7832999,5,70846,352,0269,133,3659,98,6473
44,1692848205566,Left,1,460578,0,7832501,5,708521,352,0723,133,3974,98,63064
44,1831474304199,Left,1,460495,0,7832556,5,7086,352,0678,133,3956,98,63547
44,1971817016602,Left,1,46043,0,7831634,5,708623,352,0832,133,4298,98,59937
44,2109718322754,Left,1,460411,0,7830891,5,708682,352,0895,133,4469,98,58617
44,2249374389648,Left,1,46042,0,7830333,5,708716,352,0891,133,443,98,5854
44,2387313842773,Left,1,460439,0,7829501,5,708801,352,1302,133,466,98,6057
44,2526016235352,Left,1,4604,0,7829606,5,708885,352,1362,133,468,98,60872
44,2665977478027,Left,1,46042,0,7829386,5,708932,352,1444,133,4683,98,6096
44,2804412841797,Left,1,46049,0,7829069,5,70897,352,1812,133,4491,98,62238
44,3022003173828,Left,1,460533,0,7828121,5,709054,352,1879,133,4518,98,61273
44,3081092834473,Left,1,452865,0,7786174,5,707819,352,1893,133,4535,98,60771
44,3220024108887,Left,1,460492,0,7828468,5,709115,352,1893,133,4535,98,60771
44,3360786437988,Left,1,460422,0,7828811,5,709146,352,2027,133,4779,98,58372
44,3498115539551,Left,1,460349,0,7829717,5,709202,352,2115,133,4885,98,57024
44,3636589050293,Left,1,460322,0,7830178,5,709225,352,2126,133,4886,98,57042
44,3776626586914,Left,1,460312,0,7830387,5,709236,352,2115,133,4886,98,57024
44,3914833068848,Left,1,460235,0,7831143,5,709277,352,2231,133,544,98,58164
44,405330657959,Left,1,46023,0,7831313,5,709276,352,2266,133,5525,98,59711
44,419620513916,Left,1,460167,0,7831356,5,709275,352,2363,133,5698,98,62215
44,4334144592285,Left,1,46016,0,7831502,5,709292,352,2571,133,5929,98,67623
44,4549217224121,Left,1,460154,0,7829741,5,70925,352,3415,133,6362,98,78857
44,4608764648438,Left,1,460133,0,7830034,5,709252,352,3142,133,625,98,7767
44,4747505187988,Left,1,460137,0,7828805,5,709207,352,3354,133,6389,98,78702
44,4887619018555,Left,1,460196,0,7826155,5,70913,352,4162,133,6711,98,84052
44,5026969909668,Left,1,460197,0,7824056,5,709078,352,4241,133,6735,98,84633
44,516429901123,Left,1,46025,0,7822921,5,709066,352,4761,133,6886,98,88869
44,5303192138672,Left,1,46048,0,781827,5,70907,352,6682,133,7392,99,16224
44,5441818237305,Left,1,460446,0,7815782,5,709095,352,7262,133,7948,99,35968
44,5580940246582,Left,1,460288,0,7815624,5,709723,352,5769,134,0244,100,0721
44,5720405578613,Left,1,459801,0,7825118,5,710706,351,8247,134,3339,101,1903
44,5860214233398,Left,1,459638,0,7827166,5,710011,351,6472,133,9623,100,5921
44,6073951721191,Left,1,458252,0,7843241,5,709957,350,7892,133,711,99,49324
44,6135864257813,Left,1,45847,0,7841889,5,710229,350,8773,133,6054,99,72857
44,627555847168,Left,1,456453,0,784921,5,709519,350,4403,134,0123,98,68201
44,6414604187012,Left,1,455986,0,7856398,5,709066,350,4966,134,1237,98,16245
44,6553268432617,Left,1,456243,0,7856932,5,708988,350,7195,134,012,98,2513
44,6692581176758,Left,1,455819,0,7859489,5,708683,350,9543,134,1826,98,1903
44,6830863952637,Left,1,456913,0,7856207,5,709054,351,1541,134,1351,98,69579
44,6970024108887,Left,1,457002,0,7861442,5,70962,351,1453,134,0713,99,19519
44,7109298706055,Left,1,457914,0,787818,5,711666,350,7426,133,5484,100,8781
44,7247505187988,Left,1,457813,0,7876585,5,711601,350,533,133,4882,101,085
44,7388954162598,Left,1,457974,0,7880409,5,711554,350,1195,133,3793,100,879
44,7607269287109,Left,1,458061,0,7879815,5,711364,350,1664,133,5978,100,5547
44,7667274475098,Left,1,45465,0,7856026,5,710805,350,1852,133,6061,100,5438
44,7803192138672,Left,1,458386,0,7881045,5,711626,350,1832,133,5677,100,6292
44,7941055297852,Left,1,458314,0,7881653,5,711723,350,134,133,6246,100,6581
44,8079986572266,Left,1,458217,0,7883875,5,712086,349,9286,133,7853,100,6427
44,8218841552734,Left,1,458479,0,7883478,5,712269,349,9217,133,8945,100,6455
44,8360176086426,Left,1,459419,0,7880921,5,712344,350,2274,133,7837,100,7958
44,8496856689453,Left,1,462579,0,7866045,5,712699,351,5785,133,4611,101,4652
44,8635292053223,Left,1,464285,0,7846964,5,71241,352,6924,132,7349,101,2203
44,8774681091309,Left,1,465003,0,7835314,5,71208,353,0278,132,2884,100,5849
44,8913993835449,Left,1,465227,0,7827245,5,712207,353,0954,131,9613,99,90478
44,9052658081055,Left,1,465018,0,7827744,5,712181,352,9325,131,9716,99,37069
44,9192504882813,Left,1,464263,0,7823871,5,71173,352,582,132,0075,98,16475
44,9329833984375,Left,1,463273,0,7828817,5,711988,352,0944,132,3127,97,74124
44,946891784668,Left,1,462715,0,7829328,5,711846,351,9474,132,5832,97,60394
44,9607963562012,Left,1,46183,0,7826697,5,711564,351,8596,132,9637,97,42533
44,9746704101563,Left,1,461904,0,7828091,5,71155,351,9095,133,0028,97,73194
44,988597869873,Left,1,461723,0,7824718,5,711394,352,0587,133,0543,97,91157
45,0024490356445,Left,1,461338,0,7822325,5,711291,352,1327,133,1177,97,96637
45,0164794921875,Left,1,461203,0,7821457,5,711194,352,1545,133,1467,97,94011
45,0302429199219,Left,1,460766,0,7819461,5,710954,352,1913,133,2083,97,82282
45,0442543029785,Left,1,46041,0,7818627,5,71077,352,1976,133,2902,97,67521
45,0581130981445,Left,1,459937,0,7816609,5,71052,352,2249,133,3838,97,5099
45,0722236633301,Left,1,459386,0,7814669,5,710135,352,2892,133,5263,97,27639
45,0857925415039,Left,1,459169,0,7813672,5,709943,352,3392,133,5978,97,17117
45,0996856689453,Left,1,458648,0,7809272,5,709411,352,4801,133,7546,96,90888
45,1135902404785,Left,1,458071,0,7800436,5,708634,352,7592,133,9395,96,44373
45,1275100708008,Left,1,457912,0,7796776,5,70838,352,8493,133,9671,96,27576
45,1413459777832,Left,1,457518,0,7785932,5,707709,353,0868,134,0821,95,72765
45,1552581787109,Left,1,457535,0,7782536,5,707579,353,1555,134,1094,95,57153
45,169132232666,Left,1,457564,0,7771363,5,706985,353,4066,134,1274,95,27469
45,1831398010254,Left,1,457659,0,776024,5,706575,353,7482,134,0995,95,02083
45,1972465515137,Left,1,457688,0,7752119,5,706275,353,9749,134,154,94,9096
45,2110137939453,Left,1,457812,0,7739476,5,705883,354,3106,134,2748,94,93155
45,224666595459,Left,1,457818,0,7737178,5,705804,354,366,134,2675,94,87202
45,238597869873,Left,1,457908,0,7724403,5,705331,354,6588,134,3003,94,70098
45,2527160644531,Left,1,457724,0,7716495,5,705073,354,7855,134,3714,94,47278
45,2663803100586,Left,1,457513,0,7711585,5,704881,354,8357,134,4528,94,28437
45,2805213928223,Left,1,457207,0,7701804,5,704419,354,9932,134,6386,94,05804
45,2940902709961,Left,1,457305,0,7703618,5,704482,354,9501,134,5967,94,04722
45,3079490661621,Left,1,457309,0,7700219,5,704422,354,987,134,5857,94,02245
45,3218574523926,Left,1,457359,0,7699576,5,704476,355,013,134,5755,94,06555
45,3359222412109,Left,1,457351,0,7695931,5,704401,355,145,134,6191,94,09302
45,3497085571289,Left,1,457338,0,7692378,5,704278,355,2408,134,6359,94,05263
45,3637809753418,Left,1,457352,0,7690154,5,704212,355,2741,134,6167,93,97236
45,37744140625,Left,1,457398,0,7686998,5,704095,355,3321,134,5894,93,85075
45,3913078308105,Left,1,45744,0,7685212,5,70404,355,3409,134,5358,93,69992
45,4051856994629,Left,1,457455,0,7686901,5,704156,355,3409,134,5358,93,69992
45,4192352294922,Left,1,457461,0,7688751,5,704225,355,2834,134,521,93,68867
45,4330444335938,Left,1,457481,0,7689714,5,704225,355,2775,134,5237,93,68516
45,4469261169434,Left,1,457474,0,7689894,5,704215,355,2788,134,5198,93,68777
45,4608039855957,Left,1,457464,0,7690555,5,704179,355,2788,134,5198,93,68777
45,4746932983398,Left,1,457473,0,7690761,5,70417,355,2788,134,5198,93,68777
45,4886474609375,Left,1,457538,0,769192,5,704125,355,2762,134,5116,93,67223
45,5026512145996,Left,1,457549,0,7692327,5,704071,355,2512,134,511,93,59962
45,5164489746094,Left,1,457587,0,769286,5,70403,355,2364,134,4849,93,55247
45,5302124023438,Left,1,457614,0,7692977,5,703919,355,2051,134,42,93,46362
45,5443000793457,Left,1,457596,0,7692996,5,703895,355,2009,134,4103,93,43774
45,5579986572266,Left,1,457535,0,7692638,5,703771,355,1953,134,3975,93,40384
45,571907043457,Left,1,457398,0,7690881,5,703555,355,1933,134,3957,93,29781
45,5857582092285,Left,1,457364,0,768988,5,703449,355,2253,134,3999,93,26265
45,5996322631836,Left,1,457066,0,7684192,5,702962,355,3875,134,4934,93,16935
45,6135177612305,Left,1,456345,0,7678878,5,702473,355,5864,134,9133,93,19347
45,6274223327637,Left,1,455243,0,7671192,5,701771,356,0196,135,8297,93,62817
45,6413040161133,Left,1,454479,0,7662407,5,701205,356,9615,137,3925,95,26933
45,6553077697754,Left,1,454292,0,7653084,5,700686,357,5287,138,1052,96,41508
45,6691131591797,Left,1,452424,0,7645917,5,70061,358,0954,139,7614,98,46151
45,6829833984375,Left,1,450252,0,7641674,5,700257,358,0587,141,2514,99,77499
45,6969680786133,Left,1,44942,0,7639774,5,699698,358,1086,141,7061,100,0156
45,7108612060547,Left,1,450902,0,7647547,5,69988,358,2767,141,2825,101,0227
45,7246627807617,Left,1,453006,0,7644482,5,700305,358,5445,139,9251,101,1247
45,7385597229004,Left,1,45691,0,7650502,5,702435,358,7244,137,6332,101,4357
45,7526779174805,Left,1,457229,0,7659729,5,703732,358,2441,137,0939,101,1628
45,7664031982422,Left,1,456337,0,766881,5,703983,357,6772,137,4389,100,6887
45,7802276611328,Left,1,455141,0,767026,5,703273,357,4398,138,0137,99,91988
45,7944946289063,Left,1,455237,0,767463,5,703236,357,4068,138,1277,99,9182
45,8081855773926,Left,1,455626,0,768463,5,703385,357,3056,138,0819,100,1482
45,8218803405762,Left,1,456932,0,7696704,5,703931,357,1548,137,4392,100,5273
45,8357391357422,Left,1,457547,0,7702803,5,70435,357,0201,136,9865,100,6878
45,8495979309082,Left,1,458746,0,7709315,5,704821,356,8908,136,2935,100,7782
45,863525390625,Left,1,459258,0,7710724,5,705132,356,8607,135,9143,100,7926
45,87744140625,Left,1,459651,0,7710192,5,705103,356,6468,135,4191,100,5348
