timestamp,controller_side_or_job_label,position_x,position_y,position_z,rotation_x,rotation_y,rotation_z
0,826959908008575,Right,-1,738709,0,1166076,5,613519,3,450951,181,0901,42,16865
0,875981211662292,Right,-1,664578,0,6445916,5,498787,2,940652,145,8086,0,1872866
0,889235615730286,Right,-1,668965,0,6596187,5,491758,352,8859,148,0727,318,1402
0,902562499046326,Right,-1,711581,0,6470512,5,478009,10,90619,158,3356,297,3076
0,916857600212097,Right,-1,720314,0,6520517,5,470459,25,82054,163,4989,263,7582
0,931359469890594,Right,-1,715063,0,6386658,5,483604,29,05446,163,3594,256,5848
0,945228397846222,Right,-1,71505,0,6386907,5,483625,29,05097,163,344,256,5682
0,959180593490601,Right,-1,714965,0,6386708,5,483613,29,04525,163,3238,256,5474
0,972824990749359,Right,-1,714945,0,6386531,5,483592,29,04084,163,3053,256,5099
0,98715341091156,Right,-1,714911,0,6386041,5,483593,29,04085,163,3053,256,51
1,00127565860748,Right,-1,714895,0,6385717,5,483615,29,05259,163,283,256,4669
1,01468122005463,Right,-1,714869,0,6385344,5,483638,29,05259,163,283,256,4669
1,02880358695984,Right,-1,714812,0,6384583,5,48368,29,05349,163,282,256,4671
1,04236423969269,Right,-1,714722,0,6384094,5,483681,29,05259,163,283,256,4669
1,05651021003723,Right,-1,714612,0,638354,5,483692,29,05312,163,2813,256,4654
1,07047235965729,Right,-1,714476,0,6382718,5,483699,29,09814,163,252,256,4571
1,08431446552277,Right,-1,714423,0,638244,5,48371,29,09814,163,252,256,4571
1,09835374355316,Right,-1,714209,0,6381152,5,483732,29,1217,163,235,256,494
1,11234188079834,Right,-1,714134,0,6381082,5,483701,29,12635,163,2316,256,5013
1,12620842456818,Right,-1,714049,0,6381075,5,483661,29,12634,163,2316,256,5013
1,13999700546265,Right,-1,71387,0,6381069,5,483572,29,12635,163,2316,256,5013
1,1540150642395,Right,-1,713734,0,6380627,5,483536,29,1538,163,1904,256,5238
1,1679904460907,Right,-1,713636,0,6380388,5,483477,29,1538,163,1904,256,5238
1,18188917636871,Right,-1,713497,0,6379955,5,483421,29,1538,163,1904,256,5238
1,19575607776642,Right,-1,713412,0,6379873,5,48339,29,1554,163,1895,256,5248
1,20958995819092,Right,-1,713267,0,6379712,5,483361,29,17956,163,1484,256,5287
1,22374749183655,Right,-1,713136,0,6379815,5,483304,29,18066,163,1466,256,5289
1,23761451244354,Right,-1,713016,0,637967,5,483275,29,18066,163,1466,256,5289
1,25133740901947,Right,-1,712788,0,6379324,5,483267,29,18951,163,0913,256,5416
1,26536393165588,Right,-1,712732,0,6379269,5,483236,29,18945,163,0977,256,5398
1,27952969074249,Right,-1,712517,0,6378534,5,483241,29,19768,163,0557,256,5621
1,29304659366608,Right,-1,712449,0,6378102,5,483184,29,19809,163,0537,256,5632
1,30691540241241,Right,-1,712348,0,6377408,5,483192,29,21103,163,03,256,5785
1,32108438014984,Right,-1,712179,0,6376811,5,483201,29,21831,163,0148,256,591
1,33494746685028,Right,-1,712146,0,6376725,5,483221,29,22277,163,0025,256,5967
1,34886455535889,Right,-1,712,0,6376696,5,483249,29,22886,162,9852,256,6084
1,36270487308502,Right,-1,711942,0,637666,5,483252,29,22851,162,9844,256,6096
1,37646353244781,Right,-1,711907,0,6376982,5,483299,29,20077,162,9752,256,6315
1,39041531085968,Right,-1,711835,0,6378869,5,483388,29,14091,162,9881,256,6809
1,40467286109924,Right,-1,7118,0,6380726,5,483466,29,09281,163,0065,256,7172
1,41811418533325,Right,-1,71172,0,6388142,5,48373,28,90828,163,0942,256,8585
1,43236923217773,Right,-1,711824,0,6396233,5,483755,28,74047,163,2249,257,0044
1,4459935426712,Right,-1,711925,0,6401835,5,483708,28,6337,163,3021,257,0935
1,45991826057434,Right,-1,71229,0,6421614,5,483449,28,23919,163,5821,257,3557
1,47400033473969,Right,-1,712971,0,645963,5,482558,27,45763,164,2196,257,9766
1,48795807361603,Right,-1,71324,0,6483591,5,481944,27,01066,164,3664,258,2756
1,50197982788086,Right,-1,713612,0,6517326,5,481038,26,35446,164,6722,258,849
1,51579999923706,Right,-1,714035,0,6542688,5,480273,25,83582,164,938,259,3583
1,52990484237671,Right,-1,714866,0,6615093,5,478594,24,0037,165,6561,261,3441
1,54352843761444,Right,-1,715386,0,6672587,5,477335,22,49495,166,1658,264,3825
1,55737626552582,Right,-1,716296,0,6718997,5,4759,20,83875,167,2183,268,1901
1,57136940956116,Right,-1,718604,0,6809952,5,473257,17,86674,168,6765,273,4877
1,58544886112213,Right,-1,721084,0,6870354,5,470547,15,78721,169,9904,277,114
1,59900343418121,Right,-1,725263,0,6996453,5,466319,10,79355,172,7399,285,2506
1,61289978027344,Right,-1,729686,0,7146068,5,462794,5,662224,174,878,292,4189
1,62691473960876,Right,-1,731654,0,7254469,5,461271,1,573502,175,6674,297,3227
1,64094293117523,Right,-1,733905,0,7481152,5,45904,352,9632,176,6756,306,1934
1,65479552745819,Right,-1,735187,0,7574066,5,45794,350,3018,177,0462,308,7637
1,66858398914337,Right,-1,736704,0,7843167,5,456368,339,1894,178,175,318,0775
1,68252384662628,Right,-1,733347,0,8095195,5,461519,330,8053,176,4855,325,9219
1,6964293718338,Right,-1,729501,0,8214936,5,465719,327,222,173,4728,330,5066
1,7101891040802,Right,-1,719895,0,8410064,5,47373,321,7716,165,3872,341,1078
1,7241553068161,Right,-1,716118,0,8489275,5,476237,320,0662,162,937,344,8765
1,73802125453949,Right,-1,708451,0,8638963,5,483009,315,6523,155,0955,357,0122
1,75192606449127,Right,-1,702008,0,8756792,5,489338,313,3199,148,7861,6,411797
1,76573610305786,Right,-1,69926,0,8803668,5,491928,313,0817,146,3235,9,348743
1,78008794784546,Right,-1,694412,0,8893172,5,495691,313,0746,142,7979,12,85817
1,79376375675201,Right,-1,693546,0,8923684,5,495773,312,929,142,885,12,57313
1,80762767791748,Right,-1,694752,0,9032192,5,491382,312,2297,146,5349,9,465217
1,82149386405945,Right,-1,697537,0,912613,5,485231,312,5929,153,1333,2,125677
1,8355610370636,Right,-1,697956,0,9137779,5,484258,312,8509,154,2422,0,01121555
1,84928214550018,Right,-1,696706,0,9171611,5,482345,313,3971,155,3554,357,7189
1,86312472820282,Right,-1,695328,0,919821,5,480037,313,9857,155,7717,356,4413
1,87699782848358,Right,-1,694602,0,9218625,5,478353,313,6681,155,6166,357,0066
1,89099478721619,Right,-1,692499,0,9249133,5,476743,313,0484,154,7021,358,9898
1,90487146377563,Right,-1,691269,0,9255704,5,47693,312,7497,154,1634,359,8144
1,91875433921814,Right,-1,688658,0,9293263,5,47667,311,8767,152,8411,1,592356
1,93262255191803,Right,-1,686563,0,9320296,5,477295,311,2472,152,0502,1,946746
1,94670987129211,Right,-1,685671,0,9333032,5,477512,310,9951,151,8612,1,679411
1,96051967144012,Right,-1,684313,0,9358577,5,477282,310,7749,151,8927,0,9871856
1,9743047952652,Right,-1,684228,0,936113,5,476908,310,8764,152,1508,0,4504568
1,98823511600494,Right,-1,683038,0,9378752,5,476293,310,9921,152,4691,359,5583
2,00228071212769,Right,-1,681588,0,9386864,5,476057,311,0407,152,208,359,4221
2,01644921302795,Right,-1,680547,0,9386348,5,476108,311,1538,151,9193,359,3585
2,03011965751648,Right,-1,678607,0,9401118,5,476114,311,0553,151,3774,359,4321
2,04393339157104,Right,-1,678101,0,9403011,5,476047,310,9853,151,1334,359,5376
2,05791449546814,Right,-1,676025,0,9409726,5,476519,310,8505,150,4363,359,5831
2,07182812690735,Right,-1,674419,0,9416916,5,476461,310,834,150,0947,359,2795
2,08577370643616,Right,-1,673597,0,9416887,5,476356,310,9001,150,079,358,8851
2,09950113296509,Right,-1,671333,0,9418374,5,476472,310,8409,149,7161,358,4801
2,11324191093445,Right,-1,669876,0,9419174,5,476274,310,8652,149,4323,358,1932
2,12724018096924,Right,-1,668695,0,9416276,5,476206,310,9922,149,2358,357,9989
2,14116907119751,Right,-1,666407,0,9410502,5,476125,311,1937,148,7334,357,9582
2,15502333641052,Right,-1,665202,0,9404821,5,476138,311,388,148,4106,358,0513
2,16906690597534,Right,-1,661963,0,9396931,5,476781,311,7758,147,7098,357,9568
2,1829080581665,Right,-1,659429,0,9393614,5,477319,311,9536,147,2595,357,555
2,19672465324402,Right,-1,65787,0,9391816,5,477791,312,0732,147,21,356,7997
2,21103739738464,Right,-1,654947,0,9387677,5,478602,312,5109,147,2891,354,9865
2,22448110580444,Right,-1,65406,0,9385137,5,478445,312,7973,147,6198,353,6228
2,23850750923157,Right,-1,650509,0,9382794,5,479773,313,6774,148,5595,349,4836
2,25249624252319,Right,-1,647842,0,9374885,5,479782,314,8721,149,7713,344,7273
2,26653075218201,Right,-1,646326,0,9367625,5,479359,316,1563,150,9424,340,5038
2,28032279014587,Right,-1,642672,0,9362597,5,480361,318,5754,152,3039,333,8622
2,29413175582886,Right,-1,642011,0,9343837,5,478281,319,5334,152,675,331,6123
2,30806708335876,Right,-1,637371,0,9341758,5,48076,323,9075,153,6046,322,2771
2,32203030586243,Right,-1,633148,0,9316904,5,480365,328,6376,153,5043,312,5338
2,33603835105896,Right,-1,63066,0,9299696,5,480046,331,2592,152,9773,307,0096
2,34967970848083,Right,-1,625581,0,9304777,5,48347,336,517,150,8273,295,8712
2,36363792419434,Right,-1,620463,0,9281929,5,484899,340,1714,148,4324,287,5271
2,37740850448608,Right,-1,6176,0,9281763,5,48685,341,9813,146,8576,283,0006
2,39144825935364,Right,-1,612629,0,9292675,5,491629,344,3323,143,4929,275,6524
2,4054229259491,Right,-1,609212,0,9283111,5,493164,345,0995,141,9149,272,7013
2,41916608810425,Right,-1,605266,0,9318536,5,497693,346,6978,137,9425,265,0804
2,43315744400024,Right,-1,600096,0,9324396,5,501187,347,2732,135,506,260,0195
2,44692969322205,Right,-1,597311,0,933239,5,50343,347,5592,134,1124,257,5903
2,46078681945801,Right,-1,592516,0,9351019,5,508041,347,6935,131,7015,254,7082
2,47479367256165,Right,-1,589744,0,9348121,5,509255,347,5388,131,0738,254,8267
2,48881530761719,Right,-1,584439,0,9355641,5,512927,347,2954,129,2186,254,0265
2,50282120704651,Right,-1,579967,0,9361713,5,515038,346,9918,127,9946,254,0374
2,51650547981262,Right,-1,576563,0,9359232,5,517479,346,7355,127,3815,254,8332
2,53055596351624,Right,-1,571643,0,9375707,5,521548,346,5338,125,7537,255,0677
2,54474687576294,Right,-1,56918,0,9376227,5,52292,346,518,125,2432,255,514
2,55831980705261,Right,-1,56454,0,9389719,5,527166,346,5008,123,2932,254,4528
2,57205557823181,Right,-1,560012,0,939086,5,52963,346,7825,121,6208,253,1519
2,58602929115295,Right,-1,557727,0,9388108,5,530666,346,9902,120,8355,252,3314
2,59991359710693,Right,-1,553846,0,9397236,5,533823,347,1375,119,0758,250,4377
2,61393690109253,Right,-1,550905,0,9401515,5,536187,347,0758,117,8955,248,9951
2,62779712677002,Right,-1,548774,0,9406312,5,537835,347,1924,116,8949,247,8769
2,64167022705078,Right,-1,545156,0,9406096,5,540345,347,5316,115,4368,246,4033
2,65562152862549,Right,-1,543213,0,9401809,5,541658,347,6804,114,9079,246,1893
2,66955471038818,Right,-1,539365,0,9405423,5,544817,347,8077,113,4219,245,2788
2,68332076072693,Right,-1,536425,0,9403626,5,547093,347,7343,112,8769,245,7697
2,69738388061523,Right,-1,534679,0,9405836,5,54831,347,7468,112,4594,245,8534
2,71128463745117,Right,-1,531429,0,9404594,5,550512,347,8165,111,8575,246,1536
2,72525978088379,Right,-1,530001,0,9401498,5,551116,347,8337,111,7296,246,5004
2,73904275894165,Right,-1,526371,0,9391637,5,553192,347,9202,111,3025,247,3584
2,75314378738403,Right,-1,523769,0,9387286,5,554946,347,9868,110,9908,248,2104
2,7670783996582,Right,-1,522114,0,9381036,5,556262,348,0778,110,8775,249,0222
2,78064608573914,Right,-1,519819,0,937528,5,558529,348,0835,110,4624,249,8133
2,79470705986023,Right,-1,519047,0,9374452,5,559102,348,0815,110,1907,249,7882
2,80863308906555,Right,-1,516602,0,9362167,5,561378,348,2191,109,401,249,5224
2,8226146697998,Right,-1,514347,0,9350247,5,563271,348,4952,108,6367,249,2551
2,8364052772522,Right,-1,513252,0,9343294,5,564505,348,6175,108,2387,249,0235
2,85041189193726,Right,-1,511131,0,9329287,5,566947,348,8671,107,4978,248,5973
2,86447358131409,Right,-1,510262,0,9321098,5,567852,349,0412,107,2833,248,5475
2,87822508811951,Right,-1,508108,0,9300564,5,570031,349,461,106,673,248,5535
2,89228582382202,Right,-1,506466,0,9277185,5,571129,349,8155,106,4189,248,7852
2,90582728385925,Right,-1,504586,0,9248667,5,573167,350,0033,106,3165,248,9581
2,91971039772034,Right,-1,501815,0,9191452,5,57618,350,3869,106,1022,249,239
2,93358969688416,Right,-1,486486,0,9123686,5,600212,350,5072,106,0273,249,3951
2,94751358032227,Right,-1,470724,0,9054559,5,624671,350,5895,105,9673,249,4815
2,96134972572327,Right,-1,448045,0,8930552,5,660476,350,8134,105,7097,249,4608
2,97523593902588,Right,-1,436719,0,8855831,5,675481,350,9374,105,5266,249,4107
2,98981785774231,Right,-1,404891,0,8655917,5,718497,351,2184,105,0176,249,3166
3,00343108177185,Right,-1,382828,0,8497235,5,746699,351,3049,104,741,249,3748
3,01709222793579,Right,-1,366483,0,8368471,5,765543,351,3464,104,5754,249,3955
3,03098225593567,Right,-1,337014,0,8127742,5,799924,351,4576,104,4146,249,5322
3,04498600959778,Right,-1,324855,0,8017471,5,81269,351,4947,104,3644,249,5589
3,0587010383606,Right,-1,293547,0,7942054,5,847693,351,527,104,2583,249,5256
3,0724835395813,Right,-1,267651,0,791603,5,876015,351,4759,104,3721,249,4553
3,08648562431335,Right,-1,251975,0,7914651,5,892805,351,5096,104,3425,249,454
3,10036993026733,Right,-1,220528,0,7913058,5,927266,351,5142,104,3562,249,4403
3,11435675621033,Right,-1,21034,0,7910202,5,938498,351,5298,104,3302,249,3598
3,12831521034241,Right,-1,177482,0,7900953,5,973894,351,6405,104,2514,249,1797
3,14215397834778,Right,-1,150437,0,7893702,6,003529,351,7058,104,2585,249,0887
3,15610837936401,Right,-1,136024,0,7886657,6,01925,351,8268,104,277,248,9512
3,17023062705994,Right,-1,103256,0,7874959,6,055094,352,043,104,3664,248,7583
3,18391346931458,Right,-1,095151,0,7873574,6,064875,352,0524,104,385,248,7505
3,19784212112427,Right,-1,062869,0,7861859,6,101149,352,2121,104,5173,248,627
3,21177411079407,Right,-1,035127,0,7850201,6,13256,352,394,104,6273,248,5955
3,22557497024536,Right,-1,02222,0,7842876,6,146497,352,5089,104,6592,248,6257
3,23939061164856,Right,-0,990669,0,7831835,6,182318,352,6801,104,7312,248,6783
3,25363039970398,Right,-0,9646772,0,7818044,6,209637,352,9106,104,799,248,7591
3,26744318008423,Right,-0,9460484,0,7810262,6,227055,353,0647,104,8206,248,7882
3,28122687339783,Right,-0,9149944,0,7793338,6,257682,353,3835,104,818,248,8344
3,29519820213318,Right,-0,9009873,0,7786868,6,269633,353,5071,104,8404,248,8809
3,30893969535828,Right,-0,8651561,0,7773762,6,300608,353,748,104,9147,248,9647
3,32292580604553,Right,-0,8350544,0,7757509,6,325276,354,1029,105,0738,249,2489
3,33687090873718,Right,-0,8147138,0,7743522,6,338643,354,4373,105,2251,249,6414
3,35071134567261,Right,-0,7760531,0,7730281,6,363198,354,7588,105,4301,250,1949
3,36460137367249,Right,-0,7622554,0,7727781,6,371167,354,8842,105,5252,250,3818
3,37846946716309,Right,-0,7186387,0,7712775,6,391951,355,228,105,7394,250,9863
3,39230918884277,Right,-0,6818687,0,7704477,6,407223,355,3896,105,8653,251,4607
3,40632081031799,Right,-0,6610224,0,7702435,6,415058,355,3803,105,9099,251,7433
3,42027759552002,Right,-0,6164218,0,7694004,6,431977,355,4125,106,0004,252,1983
3,4341287612915,Right,-0,6032128,0,7693551,6,436649,355,4231,106,0097,252,306
3,44796442985535,Right,-0,5579338,0,7682289,6,452498,355,5349,106,1107,252,6125
3,46185660362244,Right,-0,5185162,0,7671999,6,46574,355,6766,106,2256,252,828
3,47582912445068,Right,-0,4987345,0,7666332,6,470648,355,8121,106,2969,252,9606
3,48956680297852,Right,-0,4527156,0,7651213,6,481962,356,042,106,4277,253,3485
3,50378966331482,Right,-0,415928,0,763932,6,486732,356,2867,106,5636,253,7596
3,51754665374756,Right,-0,390272,0,7630007,6,48976,356,4966,106,6546,254,0341
3,53138947486877,Right,-0,346877,0,7614142,6,493379,356,8239,106,8036,254,4741
3,54517579078674,Right,-0,3289856,0,7610133,6,49253,356,9109,106,8615,254,668
3,55913758277893,Right,-0,2800099,0,7594419,6,494122,357,1651,107,0178,255,1329
3,57294106483459,Right,-0,2421728,0,7584112,6,494163,357,3783,107,1765,255,4905
3,58689260482788,Right,-0,2175007,0,7580894,6,489388,357,4428,107,1243,255,7219
3,60095024108887,Right,-0,1705741,0,75725,6,484589,357,5692,107,1513,256,1366
3,61477875709534,Right,-0,1545927,0,7572649,6,478673,357,6425,107,1382,256,28
3,62873864173889,Right,-0,1057552,0,7563878,6,467047,357,8376,107,1669,256,7704
3,64253354072571,Right,-0,06709296,0,7561431,6,455737,358,0912,107,1774,257,2874
3,6563982963562,Right,-0,04499851,0,7563671,6,448265,358,2778,107,1082,257,7087
3,67030692100525,Right,0,001803204,0,7567785,6,432647,358,5167,107,0198,258,6163
3,68437743186951,Right,0,01711792,0,7578852,6,426352,358,4452,107,0816,259,0241
3,69814872741699,Right,0,06414212,0,7600055,6,408813,358,2626,107,3767,260,1655
3,71223831176758,Right,0,1048859,0,7627655,6,392226,357,9519,107,7617,261,1737
3,72596597671509,Right,0,1245093,0,7649446,6,38376,357,6383,107,98,261,8384
3,73976874351501,Right,0,1714244,0,7692236,6,364809,356,9594,108,3138,263,3156
3,75377058982849,Right,0,206458,0,7732372,6,350646,356,3624,108,3247,264,4641
3,76777410507202,Right,0,2332798,0,7764219,6,340229,355,8937,108,1831,265,2996
3,78192329406738,Right,0,2757377,0,7810289,6,32337,355,275,108,0383,266,4914
3,79533791542053,Right,0,2927772,0,7839032,6,316437,354,8415,108,0367,266,9927
3,80924081802368,Right,0,3407874,0,7897323,6,295806,353,8097,109,3183,268,8348
3,82325577735901,Right,0,3776724,0,7954178,6,282032,353,0387,108,7639,270,2454
3,83710074424744,Right,0,4016956,0,7989299,6,272697,352,731,108,3668,270,3669
3,85104250907898,Right,0,4469118,0,8047354,6,255159,352,0348,108,5576,271,6269
3,86499404907227,Right,0,4642364,0,8076531,6,248927,351,6022,108,519,272,3634
3,87880778312683,Right,0,5119122,0,8147113,6,232147,350,6024,108,3049,274,1503
3,89268040657043,Right,0,5505638,0,8203389,6,217704,349,936,108,1305,275,4617
3,90665602684021,Right,0,5752122,0,8245781,6,212951,349,3629,107,8016,276,4954
3,92058730125427,Right,0,6229758,0,8325896,6,200366,348,2915,107,2365,278,081
3,9345178604126,Right,0,6410158,0,8356978,6,202109,347,868,106,9556,278,5791
3,9483630657196,Right,0,6924739,0,843924,6,204978,346,5563,106,0834,280,4292
3,96215891838074,Right,0,7365347,0,8510478,6,211044,345,4415,105,3799,282,2732
3,97615599632263,Right,0,7593176,0,8547317,6,222161,344,8136,104,8144,283,5283
3,99013638496399,Right,0,8107799,0,8620865,6,239445,343,6611,103,5747,286,0573
4,00391530990601,Right,0,8249786,0,8650898,6,245283,343,3264,103,1534,286,7908
4,01779317855835,Right,0,8757458,0,8719383,6,266279,342,1199,101,9636,289,0834
4,03177404403687,Right,0,9199827,0,8789394,6,285477,341,1442,101,115,290,763
4,04572057723999,Right,0,9396054,0,8824535,6,297106,340,6377,100,8557,291,4816
4,05952644348145,Right,0,9875961,0,8895968,6,321924,339,3286,100,16,293,3875
4,07351398468018,Right,1,023629,0,895688,6,342772,338,3429,99,52707,294,8234
4,0874137878418,Right,1,048737,0,9107174,6,357894,337,6438,99,02821,295,8326
4,10128021240234,Right,1,091345,0,9242036,6,383553,336,4409,98,16662,297,4892
4,11527872085571,Right,1,109351,0,9282917,6,39452,335,9075,97,90307,298,0056
4,12894725799561,Right,1,154416,0,9395895,6,422051,334,7777,97,20414,298,9484
4,14279556274414,Right,1,191512,0,9450951,6,444415,334,1365,96,56017,299,6921
4,15681028366089,Right,1,214785,0,9471417,6,458612,333,908,96,07616,300,3154
4,17065620422363,Right,1,259048,0,9515633,6,485721,333,338,95,08765,301,8167
4,18455696105957,Right,1,274565,0,9531657,6,494779,333,1066,94,75816,302,4399
4,19850778579712,Right,1,321013,0,9573445,6,522678,332,2978,93,84225,304,1072
4,21243047714233,Right,1,359426,0,9611091,6,544315,331,9044,93,25282,305,1359
4,22628450393677,Right,1,381081,0,9634364,6,554694,331,6216,92,87232,305,7603
4,2402811050415,Right,1,427912,0,9677839,6,579026,330,9914,92,09404,307,011
4,25406646728516,Right,1,442604,0,9694122,6,582571,330,8496,92,04417,307,1499
4,26784086227417,Right,1,491028,0,973448,6,602659,330,434,91,59341,308,0578
4,28176498413086,Right,1,534807,0,9764207,6,618662,330,3083,91,12359,308,8394
4,29569625854492,Right,1,55667,0,9780521,6,622449,330,5254,90,87302,309,0419
4,30953502655029,Right,1,608601,0,980127,6,630352,330,7168,90,15584,309,86
4,32350158691406,Right,1,649026,0,9823661,6,633357,330,806,89,57811,310,5828
4,33740615844727,Right,1,676983,0,9825931,6,62955,330,9104,89,08324,311,1159
4,35134220123291,Right,1,723416,0,9848442,6,622035,331,0893,88,20818,312,0934
4,36537313461304,Right,1,742948,0,9857647,6,616012,331,2028,87,79759,312,5184
4,37935829162598,Right,1,793765,0,9866883,6,602805,331,5675,86,87794,313,5542
4,39326620101929,Right,1,831839,0,9865118,6,591078,331,9775,86,33518,314,2825
4,40687084197998,Right,1,855533,0,9870247,6,583108,332,075,86,10381,314,8102
4,42087888717651,Right,1,902105,0,9859953,6,567202,331,8494,85,77435,315,9442
4,43481397628784,Right,1,911301,0,9840434,6,565387,331,6625,85,69996,316,5113
4,44857454299927,Right,1,947996,0,9845591,6,554896,331,4928,85,52007,318,0028
4,46256828308105,Right,1,974353,0,9831161,6,548642,331,7041,85,33147,318,9361
4,47642517089844,Right,1,986091,0,9799267,6,547174,332,0601,85,17287,319,2379
4,49040412902832,Right,2,012428,0,9732123,6,543225,332,7973,84,67512,319,5899
4,50423574447632,Right,2,019774,0,9702604,6,543081,333,1202,84,4865,319,5722
4,51804065704346,Right,2,04429,0,965999,6,541308,334,4908,83,75965,319,5099
4,53201150894165,Right,2,064453,0,9617056,6,541165,336,2158,82,88627,319,4188
4,5458869934082,Right,2,07257,0,9590598,6,542854,337,2892,82,2904,319,5742
4,55993270874023,Right,2,093603,0,9523358,6,546144,339,2702,80,79771,320,6813
4,57371473312378,Right,2,100814,0,9471987,6,553289,339,9321,79,26917,322,5516
4,58759784698486,Right,2,102047,0,9448194,6,557981,340,5133,78,60553,323,1417
4,60149145126343,Right,2,105486,0,9389749,6,567564,341,4774,77,28239,323,801
4,61532545089722,Right,2,106514,0,9360913,6,572259,342,032,76,72189,323,8059
4,62916707992554,Right,2,107929,0,9274074,6,584219,343,8259,75,16441,323,7803
4,6433482170105,Right,2,109492,0,9192501,6,594509,345,7367,73,63698,324,0588
4,65696048736572,Right,2,108905,0,9110723,6,60196,347,8369,72,10484,324,5174
4,67110538482666,Right,2,109452,0,8967591,6,614727,351,2049,69,82421,326,5645
4,68479919433594,Right,2,110944,0,8917536,6,618832,352,1317,69,25256,328,2693
4,69866561889648,Right,2,111525,0,877039,6,62762,354,3854,68,24754,332,8533
4,71253776550293,Right,2,112463,0,8679826,6,633621,356,2694,68,24791,334,6927
4,72652721405029,Right,2,112624,0,8651416,6,635513,356,606,68,37073,336,022
4,7403621673584,Right,2,112397,0,8608253,6,636707,357,0792,68,5013,338,9186
4,75431871414185,Right,2,112272,0,8653759,6,63893,356,3978,68,55634,336,4207
4,76809692382813,Right,2,113112,0,8727587,6,641587,352,4782,70,32087,330,0838
4,7836389541626,Right,2,107288,0,8817093,6,640471,355,3197,68,68002,328,2191
4,79572582244873,Right,2,108859,0,8865436,6,64201,356,1456,69,57772,326,663
4,80958318710327,Right,2,108125,0,9013995,6,644533,353,7466,71,29058,319,4873
4,82384967803955,Right,2,10517,0,9066939,6,643648,351,7978,71,33553,316,5009
4,83757638931274,Right,2,10202,0,9128836,6,643773,351,4967,70,29726,315,814
4,85312223434448,Right,2,099272,0,9240026,6,643773,350,007,69,07456,311,3757
4,86511611938477,Right,2,099034,0,9285623,6,644068,349,6152,69,02229,309,0849
4,87899971008301,Right,2,098075,0,940182,6,642494,345,6675,69,99848,307,0237
4,8928165435791,Right,2,096241,0,9544797,6,639083,340,6045,73,04753,300,2845
4,90706586837769,Right,2,094908,0,9551368,6,637055,338,7368,73,30968,300,7907
4,92079973220825,Right,2,092707,0,9653849,6,632783,338,9201,74,76354,296,0169
4,93470573425293,Right,2,092076,0,963043,6,632727,338,2522,74,60592,294,7338
4,9487738609314,Right,2,088853,0,9665137,6,625334,338,2596,74,31408,295,0262
4,96257305145264,Right,2,086934,0,9697323,6,618746,338,8623,74,55859,293,8135
4,9764256477356,Right,2,08318,0,9689184,6,608121,339,7743,73,64172,294,0549
4,99030160903931,Right,2,075564,0,9735157,6,584725,339,3065,73,65549,292,3833
5,00436687469482,Right,2,07224,0,9752471,6,57548,338,1252,73,48004,291,506
5,01819896697998,Right,2,057898,0,9857482,6,539707,336,6912,73,4995,289,5629
5,03207874298096,Right,2,04075,1,001852,6,506265,336,6082,73,31129,288,722
5,04590559005737,Right,2,031285,1,001939,6,489065,336,7789,73,09245,288,4146
5,0597996711731,Right,2,01049,1,009478,6,447064,338,4784,73,87116,287,2951
5,07369470596313,Right,1,992481,1,009801,6,416612,337,3772,72,01122,288,4373
5,08764314651489,Right,1,98128,1,010366,6,39456,337,468,71,75542,288,9737
5,10171985626221,Right,1,962368,1,010079,6,358911,337,8272,71,486,291,066
5,11562299728394,Right,1,953983,1,010635,6,342093,338,086,71,52076,291,6921
5,12926626205444,Right,1,933412,1,011558,6,301727,337,8946,71,3022,294,2399
5,14317607879639,Right,1,917385,1,013545,6,268868,337,1723,71,18924,296,3553
5,15718936920166,Right,1,906434,1,014898,6,246669,336,58,70,98035,297,6103
5,17099618911743,Right,1,887623,1,016319,6,208288,335,4052,70,56096,300,0017
5,18502998352051,Right,1,880461,1,016825,6,19269,334,9038,70,07336,301,4806
5,19876956939697,Right,1,860832,1,018157,6,151723,334,1584,69,95151,302,8732
5,21260166168213,Right,1,844826,1,019169,6,117846,333,9825,69,9651,303,3641
5,22648429870605,Right,1,83523,1,019891,6,098253,334,079,70,1532,303,0998
5,24040842056274,Right,1,815808,1,021591,6,057137,334,4734,70,46938,301,8624
5,2543044090271,Right,1,809264,1,021211,6,043446,334,9891,70,90867,300,457
5,26817083358765,Right,1,786398,1,022767,6,004074,336,0286,70,94507,298,0684
5,28221988677979,Right,1,766286,1,022756,5,969836,336,6165,70,76502,297,0908
5,29600381851196,Right,1,753657,1,022079,5,95445,336,7772,69,75452,296,8599
5,30999326705933,Right,1,726198,1,021839,5,91677,337,3786,68,65029,296,465
5,3239917755127,Right,1,705878,1,021696,5,890468,337,2455,68,41454,296,416
5,33764839172363,Right,1,688429,1,022289,5,872298,336,5791,68,44215,296,2107
5,35160970687866,Right,1,65787,1,023679,5,84357,335,5014,68,91977,295,741
5,3655948638916,Right,1,640277,1,023699,5,832817,334,636,69,50045,295,4782
5,37944221496582,Right,1,601143,1,025525,5,809574,333,5907,69,90316,296,0684
5,39355421066284,Right,1,56477,1,025517,5,801028,333,4216,69,65923,297,0428
5,40727567672729,Right,1,539074,1,025105,5,801035,333,3954,69,20515,298,7486
5,42106294631958,Right,1,494858,1,025317,5,795534,333,6613,68,69089,300,2108
5,43500852584839,Right,1,476482,1,025895,5,794176,333,2032,68,26923,301,7851
5,44887495040894,Right,1,427401,1,026414,5,791326,332,5418,67,84618,304,5927
5,46279430389404,Right,1,387922,1,026807,5,788147,332,4007,67,86362,306,5572
5,47666168212891,Right,1,363845,1,028415,5,788167,332,0421,68,33409,306,3436
5,49053478240967,Right,1,314505,1,026546,5,788034,329,8138,65,49738,306,8324
5,50449180603027,Right,1,301583,1,029508,5,789425,317,1411,73,9651,296,7316
5,51830005645752,Right,1,252962,1,019702,5,796547,309,5366,80,41798,289,1174
5,53220748901367,Right,1,215491,1,015495,5,803372,304,3445,87,63899,287,9147
5,5461597442627,Right,1,187081,1,005471,5,80636,316,821,75,66426,301,4937
5,5600757598877,Right,1,134627,1,002153,5,808826,328,0018,64,58107,316,9569
5,57392644882202,Right,1,121362,1,0066,5,811949,328,0064,63,84888,318,6153
5,58783102035522,Right,1,071835,1,005494,5,820763,328,0806,62,7998,321,0912
5,6019401550293,Right,1,028122,1,00531,5,828804,328,5779,61,95018,323,2932
5,61566638946533,Right,1,009245,1,005119,5,832704,329,4891,62,01548,324,1178
5,62963199615479,Right,0,9601524,1,002959,5,842612,330,7607,61,8779,325,2321
5,64340782165527,Right,0,9244221,1,001726,5,850399,331,6964,61,53466,326,3999
5,65722370147705,Right,0,8993387,1,001173,5,856107,331,7506,61,40827,327,1473
5,67119312286377,Right,0,8527538,1,00266,5,866901,330,4689,60,52013,325,3463
5,68503713607788,Right,0,8363742,1,003433,5,871112,327,7191,61,39177,322,6141
5,69928741455078,Right,0,7867911,1,001107,5,884594,327,9061,61,07539,322,9177
5,71294927597046,Right,0,7514558,1,000624,5,895769,327,9004,60,9828,323,2542
5,7268853187561,Right,0,7289203,1,000315,5,905069,327,7834,60,97941,323,6603
5,7408709526062,Right,0,685495,0,9998376,5,920877,327,5229,61,16922,324,0953
5,75474119186401,Right,0,6708012,0,9996757,5,928823,327,4013,61,14967,324,3261
5,76851892471313,Right,0,626933,0,9986573,5,94909,327,4995,61,13161,324,9365
5,78226041793823,Right,0,5910157,0,9981104,5,967373,327,6971,60,99556,324,9615
5,79615831375122,Right,0,5718478,0,998292,5,978316,327,5446,61,04743,324,5607
5,81039428710938,Right,0,5284053,0,9980537,6,002226,327,4514,60,75257,324,1658
5,82396793365479,Right,0,517816,0,9982362,6,007734,327,3565,60,75875,323,8888
5,83790302276611,Right,0,4750027,0,9983715,6,032096,327,2601,60,60437,323,5333
5,8517632484436,Right,0,4393552,0,998008,6,05417,327,1476,60,48772,323,5388
5,86588048934937,Right,0,4220438,0,9974756,6,066398,327,2325,60,52814,323,8499
5,87971496582031,Right,0,381891,0,9968785,6,093451,327,6297,60,44601,324,5135
5,89347648620605,Right,0,3533489,0,9973074,6,114388,328,0023,61,71869,322,8135
5,90751791000366,Right,0,3332964,0,9961481,6,131733,329,3049,61,80644,322,3856
5,92136001586914,Right,0,2996206,0,9953055,6,158712,331,0512,59,91305,323,3228
5,93512201309204,Right,0,2895712,0,9961821,6,172607,328,8317,59,24223,323,278
5,94898557662964,Right,0,2603218,0,9994738,6,210469,318,8267,63,63017,316,1799
5,96289396286011,Right,0,239816,0,9980788,6,245043,316,9289,75,42711,303,0933
5,97684288024902,Right,0,2300563,0,9828562,6,265673,327,6845,64,63513,319,6556
5,99073314666748,Right,0,2158785,0,9952,6,305997,330,5406,60,2051,327,8189
6,00468158721924,Right,0,2119802,0,9954516,6,32163,330,3697,60,60744,327,7068
6,01851558685303,Right,0,2051368,0,9950198,6,367336,330,6001,61,26151,327,6226
6,03261137008667,Right,0,2035384,0,994522,6,406604,330,7952,61,34031,327,6677
6,0462818145752,Right,0,2057471,0,994563,6,427374,330,5731,61,32447,327,4771
6,06024503707886,Right,0,2078827,0,994023,6,474661,330,2539,61,22079,327,5313
6,07427978515625,Right,0,2106582,0,9939992,6,489489,330,2458,61,14311,327,5413
6,08797931671143,Right,0,2187225,0,9936274,6,535553,330,1813,61,22689,327,8585
6,10184240341187,Right,0,2278595,0,992883,6,575964,330,6796,61,7568,328,4191
6,11576747894287,Right,0,2369445,0,9919988,6,594424,331,5029,62,10386,329,3656
6,12968683242798,Right,0,2571794,0,9907261,6,639075,332,6209,63,38883,330,418
6,14363813400269,Right,0,2731323,0,9906839,6,671588,333,0449,63,1526,330,5829
6,15744686126709,Right,0,2875739,0,9907959,6,693238,330,1104,60,4664,331,3228
6,17166376113892,Right,0,3151993,0,9972512,6,731978,319,0055,64,56548,322,413
6,18523216247559,Right,0,3286838,0,9962612,6,746873,309,189,69,17616,315,5309
6,19912147521973,Right,0,3605389,0,9983613,6,787563,305,6914,78,00069,303,0293
6,21321582794189,Right,0,3861376,0,9819521,6,812284,326,5987,67,71247,325,8446
6,2274169921875,Right,0,4044669,0,9880785,6,827738,332,7591,64,8258,335,4505
6,24087381362915,Right,0,4372008,0,9891481,6,857918,333,8939,65,41507,338,6168
6,25471258163452,Right,0,4523045,0,989464,6,866384,334,8282,65,47803,340,4427
6,26857948303223,Right,0,492637,0,9899637,6,892615,335,006,65,60387,342,1969
6,28254556655884,Right,0,5271482,0,9918104,6,912308,333,9648,65,2923,341,8467
6,29637670516968,Right,0,5487954,0,9924921,6,918941,333,1363,65,65633,340,5354
6,31023263931274,Right,0,5955896,0,99428,6,93365,332,3082,66,87096,338,6051
6,32413148880005,Right,0,6103618,0,9934162,6,93676,332,5604,67,26057,338,1266
6,33816576004028,Right,0,6603138,0,9950913,6,944237,333,1543,68,61692,335,683
6,35208082199097,Right,0,7026368,0,9949657,6,946171,334,4141,68,61198,336,0853
6,36587715148926,Right,0,7248945,0,9963462,6,944837,333,3776,69,43545,336,0764
6,37981510162354,Right,0,7758124,0,9962548,6,943511,333,2401,69,25484,339,1254
6,39369678497314,Right,0,8118798,0,9983534,6,940822,332,5647,68,70955,339,1566
6,40779781341553,Right,0,8404619,0,9979627,6,936916,333,5929,69,3117,338,6819
6,42151403427124,Right,0,8828517,0,9998319,6,930869,333,8547,69,29565,337,3879
6,43528509140015,Right,0,8996791,0,9997699,6,926126,333,4456,69,56156,338,5616
6,44917058944702,Right,0,9215703,1,002758,6,921579,332,8776,70,27197,339,2756
6,46308946609497,Right,0,9316972,1,006045,6,920076,331,7068,71,3075,338,869
6,47711181640625,Right,0,9308373,1,007446,6,920089,331,0428,71,68799,339,0581
6,49083614349365,Right,0,933251,1,011113,6,919857,330,3908,71,98341,338,8366
6,50524568557739,Right,0,933091,1,013372,6,920365,330,1114,72,11617,338,2597
6,51869964599609,Right,0,9333386,1,017565,6,920747,329,6971,71,8278,337,9395
6,53255128860474,Right,0,933058,1,022064,6,922407,329,4739,71,61836,337,2772
6,54634714126587,Right,0,9329301,1,024893,6,923307,329,1611,71,58636,336,9713
6,56049871444702,Right,0,9326962,1,031421,6,925263,328,1622,71,58331,336,7749
6,57414150238037,Right,0,9323353,1,033584,6,926148,327,8154,71,58908,336,8574
6,58840703964233,Right,0,9316893,1,042119,6,92935,326,6351,71,75945,337,5143
6,60193109512329,Right,0,9306515,1,048613,6,9324,325,9102,71,58172,338,1259
6,61582040786743,Right,0,9297017,1,052439,6,934943,325,7635,71,1389,338,4578
6,62970018386841,Right,0,927856,1,060896,6,939974,325,5408,70,26192,338,597
6,64360237121582,Right,0,9269575,1,066531,6,943427,325,4031,69,76647,337,7082
6,65754652023315,Right,0,926677,1,072469,6,946764,325,5343,70,01557,336,7359
6,6714916229248,Right,0,9265863,1,08168,6,950442,325,1278,70,60967,335,7836
6,68552446365356,Right,0,9262236,1,085976,6,951867,324,7817,70,86116,335,3035
6,69926881790161,Right,0,9255405,1,09581,6,955067,323,9638,71,20894,334,6743
6,71313190460205,Right,0,9251746,1,103022,6,95735,323,5566,71,894,333,8485
6,72698068618774,Right,0,9250759,1,107391,6,95864,323,301,72,22029,333,6037
6,74103021621704,Right,0,9251398,1,115241,6,960535,322,5795,72,78912,334,0907
6,75481605529785,Right,0,9249806,1,118088,6,961456,322,2443,72,80659,334,301
6,76862382888794,Right,0,9245892,1,126813,6,963703,321,024,73,31775,334,7785
6,78261423110962,Right,0,9234512,1,133282,6,965379,319,8105,72,94445,336,0207
6,79655361175537,Right,0,9339449,1,137323,6,969295,319,3074,72,8949,336,3932
6,81044626235962,Right,0,955786,1,143943,6,97404,318,2494,72,91221,337,672
6,82427883148193,Right,0,964703,1,145803,6,976217,317,9482,73,04656,337,792
6,83824872970581,Right,1,001715,1,15087,6,981537,317,614,72,90672,338,2325
6,85201358795166,Right,1,035681,1,155171,6,983328,317,7608,72,87518,338,272
6,8659462928772,Right,1,054054,1,156947,6,980422,317,9986,73,00682,337,6387
6,87994289398193,Right,1,097066,1,162041,6,978068,318,1717,73,13923,336,6858
6,89375162124634,Right,1,121342,1,165307,6,975655,318,2038,73,03146,336,217
6,90766382217407,Right,1,123711,1,167331,6,976058,318,2105,72,617,336,5156
6,9216194152832,Right,1,13744,1,171169,6,975697,317,9675,72,08336,337,3227
6,93548488616943,Right,1,134118,1,173053,6,977503,317,8625,71,9759,337,4956
6,94932651519775,Right,1,138458,1,178717,6,978499,317,3727,72,31866,337,5219
6,96323347091675,Right,1,139153,1,182275,6,979305,316,9209,72,64886,337,9345
6,97713327407837,Right,1,139086,1,184844,6,980197,316,6104,72,30896,338,5224
6,99136114120483,Right,1,139132,1,189275,6,981932,316,3019,71,25696,339,7455
7,00502586364746,Right,1,139428,1,191412,6,982445,316,26,71,25612,339,7336
7,01884317398071,Right,1,140212,1,196641,6,983306,316,1663,71,52257,339,4973
7,03271961212158,Right,1,140645,1,201542,6,9839,315,8964,72,2635,338,4768
7,04663896560669,Right,1,140619,1,204491,6,984392,315,6858,72,40986,338,076
7,06056308746338,Right,1,140032,1,210532,6,985725,315,4732,72,60972,336,799
7,07444334030151,Right,1,140201,1,212063,6,98585,315,4153,72,4624,336,6883
7,08814239501953,Right,1,139613,1,21797,6,986903,315,3857,72,62999,335,5016
7,10207033157349,Right,1,13923,1,222727,6,988029,315,3761,72,58137,334,6296
7,11631441116333,Right,1,138924,1,225326,6,988784,315,3121,72,50851,334,2629
7,12993001937866,Right,1,138184,1,231472,6,99,315,0613,72,87797,333,1595
7,14374685287476,Right,1,138212,1,235484,6,990138,314,4486,73,10968,333,8409
7,15753698348999,Right,1,137761,1,238662,6,990651,314,0791,72,9021,334,2558
7,17173433303833,Right,1,136649,1,244611,6,991137,313,4154,73,07566,334,3616
7,18562126159668,Right,1,135976,1,246869,6,991372,313,3946,73,27422,334,2204
7,1991753578186,Right,1,13542,1,252804,6,991674,312,7927,73,41214,334,5096
7,21307516098022,Right,1,13598,1,257607,6,991171,312,0561,74,13979,334,7621
7,22698640823364,Right,1,13673,1,260602,6,990592,311,587,74,63075,334,9658
7,24089288711548,Right,1,138006,1,266555,6,989997,310,5932,75,84167,334,7798
7,25494718551636,Right,1,138624,1,268448,6,989487,310,2767,76,43291,334,5984
7,26872110366821,Right,1,141026,1,273918,6,988224,310,1955,77,62531,333,5827
7,28258275985718,Right,1,143146,1,27773,6,98683,310,2934,78,26725,333,0141
7,29654359817505,Right,1,144695,1,27986,6,985918,310,3762,78,73928,332,7169
7,31350421905518,Right,1,148908,1,283573,6,983708,310,9964,80,12923,331,459
7,32739400863647,Right,1,151277,1,285323,6,982631,311,1541,80,71362,331,2307
7,34121990203857,Right,1,155033,1,288957,6,981017,310,9606,81,70603,330,8146
7,35512924194336,Right,1,156686,1,290489,6,979996,310,4503,82,0966,331,2287
7,36919546127319,Right,1,16052,1,294102,6,977806,310,4999,83,20812,331,0879
7,38296413421631,Right,1,162714,1,296483,6,976589,310,8366,83,44141,331,1723
7,39695072174072,Right,1,164271,1,297869,6,975867,311,034,83,80228,331,0077
7,41971731185913,Right,1,167233,1,300288,6,974882,311,4584,84,79427,330,3599
7,42513132095337,Right,1,168673,1,301809,6,974441,311,2337,85,30006,330,1374
7,44239711761475,Right,1,171888,1,304381,6,974211,310,9535,86,51478,328,9452
7,4526309967041,Right,1,172388,1,304537,6,973904,311,1882,86,68031,329,0019
7,46626424789429,Right,1,17558,1,308094,6,973319,311,7828,87,14702,328,0601
7,48119497299194,Right,1,179404,1,310514,6,973078,312,1617,87,41326,327,1031
7,49665021896362,Right,1,18276,1,310926,6,972437,312,3261,87,48268,327,0722
7,5119423866272,Right,1,18781,1,312452,6,971544,312,3473,87,68494,327,3109
7,52808570861816,Right,1,190658,1,313605,6,970916,312,0069,87,77473,327,5825
7,5418529510498,Right,1,195231,1,316158,6,96972,311,0226,88,31456,327,6891
7,55720043182373,Right,1,197105,1,316924,6,969377,310,5486,88,35298,327,8949
7,57107877731323,Right,1,198842,1,318668,6,969325,310,3545,88,43098,327,8843
7,58532238006592,Right,1,19908,1,318983,6,969472,310,4357,88,38903,327,9382
7,5995922088623,Right,1,19998,1,319885,6,969916,310,8252,88,36687,327,7843
7,61407136917114,Right,1,20169,1,32123,6,969891,310,7771,88,70686,327,7358
7,62834501266479,Right,1,202515,1,322129,6,969937,310,5666,88,82296,327,8884
7,64224767684937,Right,1,203543,1,323747,6,969993,310,9034,89,23571,327,0975
7,65631055831909,Right,1,203863,1,323846,6,969972,311,4015,89,31744,326,8036
7,67035579681396,Right,1,208272,1,327121,6,968278,310,6428,90,44186,326,5311
7,68442535400391,Right,1,207691,1,327632,6,969229,310,6531,91,46796,324,5363
7,69848299026489,Right,1,210368,1,329217,6,96949,310,8394,92,8392,322,8626
7,71242761611938,Right,1,212895,1,331119,6,96915,310,4485,92,64007,323,7099
7,72639799118042,Right,1,213487,1,332163,6,968927,310,6191,93,19346,323,5164
7,74038600921631,Right,1,214111,1,333888,6,969015,310,5594,92,50429,323,8049
7,75436973571777,Right,1,21474,1,334447,6,969265,310,4583,92,42314,323,646
7,76840400695801,Right,1,216018,1,335712,6,970282,309,9735,91,47179,324,5064
7,78257131576538,Right,1,217371,1,337447,6,971226,309,5491,91,53822,324,5233
7,79635620117188,Right,1,217499,1,338175,6,971486,309,3906,91,85711,324,367
7,81003427505493,Right,1,217399,1,339789,6,972586,309,4536,92,50015,323,6747
7,82413864135742,Right,1,217611,1,340476,6,972979,309,617,92,46986,323,4945
7,83796739578247,Right,1,217651,1,343718,6,974766,309,1959,92,20736,324,0141
7,85173892974854,Right,1,217117,1,345771,6,97629,308,9256,91,88194,324,3921
7,86568260192871,Right,1,216751,1,346866,6,9773,308,8359,91,83389,324,4404
7,87988615036011,Right,1,216726,1,349567,6,979179,308,239,91,90535,323,9373
7,89346885681152,Right,1,217569,1,350747,6,980597,308,1112,92,76765,324,0835
7,90744876861572,Right,1,217649,1,351267,6,982328,307,4381,92,15689,324,8375
7,92148590087891,Right,1,218892,1,352025,6,98485,307,3978,91,96592,325,9688
7,93518495559692,Right,1,21896,1,352619,6,986055,307,4152,92,16283,326,0901
7,94917678833008,Right,1,220361,1,353898,6,98868,307,5068,92,81835,326,2065
7,96306133270264,Right,1,220397,1,355186,6,990845,307,0043,93,27568,326,5895
7,97735643386841,Right,1,220452,1,355837,6,992054,306,5827,93,05572,327,3151
7,99081754684448,Right,1,220924,1,356057,6,993584,305,524,91,1266,331,5158
8,00468444824219,Right,1,220718,1,357775,6,994296,304,6211,91,75326,331,6565
8,01873302459717,Right,1,221025,1,359523,6,995511,302,4684,90,37286,335,9915
8,03248023986816,Right,1,220651,1,361813,6,997121,299,7053,88,07724,341,7967
8,04633617401123,Right,1,22021,1,363332,6,998567,299,097,89,47319,342,161
8,06033134460449,Right,1,220219,1,364898,7,000814,297,3244,89,31092,344,7993
8,07426071166992,Right,1,219268,1,364561,7,002208,296,3438,84,99548,349,0366
8,08811664581299,Right,1,220346,1,365641,7,003131,295,5762,83,0807,352,3233
8,10200023651123,Right,1,220263,1,366724,7,004304,294,5783,80,79926,356,2089
8,11599063873291,Right,1,21945,1,367719,7,004952,294,0307,79,21531,358,192
8,12992763519287,Right,1,219409,1,369628,7,005963,292,4164,76,8719,2,609844
8,14393138885498,Right,1,217775,1,369649,7,008053,292,8857,74,23716,5,607033
8,15763378143311,Right,1,217225,1,370915,7,008656,292,403,71,84839,8,845729
8,17182540893555,Right,1,215372,1,37271,7,01052,291,3342,66,66616,16,03319
8,18538665771484,Right,1,214081,1,373686,7,011716,290,8239,64,58577,18,89061
8,19928455352783,Right,1,211167,1,377081,7,013102,289,413,60,87671,23,31641
8,21346473693848,Right,1,209402,1,37877,7,013791,288,8349,59,60064,24,80418
8,22721576690674,Right,1,208247,1,379745,7,014559,288,8633,59,141,25,27443
8,24096488952637,Right,1,20649,1,380595,7,015977,289,8896,58,18681,25,9172
8,25479602813721,Right,1,206145,1,381588,7,016263,289,8978,57,23655,26,73544
8,26877689361572,Right,1,205928,1,38355,7,016928,289,9346,56,64817,27,14886
8,28264141082764,Right,1,206159,1,383826,7,017364,291,092,55,55244,29,75696
8,29650974273682,Right,1,205772,1,385586,7,018312,290,6363,53,06939,33,38351
8,31073379516602,Right,1,205076,1,387429,7,019512,289,7786,49,70873,38,19552
8,32431316375732,Right,1,204916,1,387364,7,019935,289,1723,48,29494,39,85111
8,33845996856689,Right,1,205366,1,387635,7,019741,289,8226,48,04745,40,48812
8,35228061676025,Right,1,205992,1,388293,7,019471,289,8892,47,35889,41,87402
8,36593818664551,Right,1,207143,1,388033,7,018998,289,9443,48,73541,40,66124
8,37994575500488,Right,1,20996,1,387847,7,018,290,3773,49,96708,40,37359
8,39373302459717,Right,1,212204,1,387012,7,01764,290,7491,50,93261,40,30167
8,4076976776123,Right,1,213122,1,386608,7,017551,291,2477,51,49364,39,77327
8,42187309265137,Right,1,214824,1,38621,7,017008,291,2319,52,89158,37,71096
8,43550682067871,Right,1,215634,1,38639,7,016667,291,294,53,84309,36,95703
8,44934940338135,Right,1,217037,1,385337,7,015869,291,5165,54,737,36,25519
8,46324157714844,Right,1,218204,1,385943,7,01522,290,6766,54,98717,36,09594
8,47727489471436,Right,1,218826,1,385441,7,014864,290,746,54,8609,36,36082
8,49128723144531,Right,1,219651,1,3833,7,013889,292,051,53,44933,38,17671
8,5052375793457,Right,1,220373,1,383796,7,013096,291,8378,52,79544,39,12643
8,5189094543457,Right,1,222709,1,38369,7,010963,291,8519,52,61052,40,07703
8,53283023834229,Right,1,224951,1,382578,7,008816,292,3522,52,58069,41,35036
8,54663372039795,Right,1,2261,1,382679,7,007829,292,1565,52,46976,42,24966
8,56063079833984,Right,1,228098,1,381444,7,005397,292,2328,52,50691,43,08482
8,57461547851563,Right,1,228954,1,381174,7,004559,292,298,52,1582,43,89087
8,58835220336914,Right,1,231213,1,379823,7,002357,292,8218,52,69512,43,50932
8,60219764709473,Right,1,232994,1,379221,7,000853,292,9961,53,93292,42,42437
8,6162109375,Right,1,233843,1,378717,7,000024,293,1398,56,17994,40,27226
8,63008689880371,Right,1,235325,1,377726,6,998172,293,6399,58,73767,37,71371
8,64419746398926,Right,1,236481,1,378229,6,996636,292,8105,56,6644,40,96271
8,65791702270508,Right,1,23832,1,376411,6,99456,294,0101,65,16615,31,53639
8,67176055908203,Right,1,24014,1,375866,6,992489,296,3007,68,50439,27,74976
8,68569469451904,Right,1,241396,1,375604,6,991155,298,3929,69,60941,26,9627
8,69949436187744,Right,1,243623,1,374965,6,989092,300,2835,68,56277,28,82109
8,71333503723145,Right,1,243083,1,374859,6,993684,298,6833,58,24456,29,1762
8,72724151611328,Right,1,243968,1,373199,6,997326,299,5438,45,52784,29,11679
8,74117469787598,Right,1,250902,1,378724,6,98957,289,389,36,58221,42,62462
8,75548076629639,Right,1,248414,1,37218,6,979854,292,3708,55,0678,44,24445
8,76913356781006,Right,1,245308,1,37143,6,984745,292,0988,56,76456,43,88033
8,78302669525146,Right,1,244957,1,371622,6,985209,290,4686,55,27326,44,89846
8,79692840576172,Right,1,244939,1,368862,6,986279,292,3063,54,22532,45,72966
8,81067085266113,Right,1,244078,1,369672,6,986377,291,8408,52,14352,47,15956
8,82453060150146,Right,1,244138,1,368872,6,986033,292,0054,52,73597,46,80701
8,83869171142578,Right,1,24335,1,368086,6,986127,292,0661,53,32194,46,10143
8,85245132446289,Right,1,243084,1,367343,6,985779,292,0619,53,8073,45,50362
8,86626529693604,Right,1,242979,1,366411,6,985358,291,998,54,55561,44,38876
8,8800745010376,Right,1,241823,1,365041,6,985252,292,0328,55,40701,43,50735
8,89400672912598,Right,1,241585,1,365308,6,985576,292,0166,55,19259,43,86529
8,90793895721436,Right,1,240608,1,364439,6,986973,292,0738,54,21397,44,76804
8,921799659729,Right,1,23981,1,362667,6,988652,292,444,53,83071,44,61121
8,93570232391357,Right,1,239026,1,361181,6,990163,292,7639,54,18168,43,37864
8,94975185394287,Right,1,238336,1,359144,6,992457,293,4244,54,46052,41,97774
8,96365261077881,Right,1,237551,1,35747,6,994494,294,1103,53,83268,42,25601
8,97746276855469,Right,1,236583,1,356289,6,99624,294,538,53,36332,42,23371
8,99138927459717,Right,1,235132,1,353923,6,99963,295,0539,53,04921,41,06835
9,00520038604736,Right,1,235021,1,353306,6,999957,295,1153,52,97274,40,76603
9,0190954208374,Right,1,234294,1,351761,7,000182,294,9796,53,25872,40,65003
9,03301429748535,Right,1,233168,1,350141,7,000395,295,029,53,11863,41,49405
9,04691314697266,Right,1,232356,1,349169,7,001106,295,2027,52,77091,41,81393
9,06082820892334,Right,1,230583,1,34751,7,002,295,414,52,85932,40,7071
9,07503795623779,Right,1,230155,1,346948,7,001664,295,4273,53,46675,39,44783
9,08857250213623,Right,1,228998,1,345165,7,00138,295,5719,54,85361,37,02316
9,10245704650879,Right,1,228995,1,343797,6,999842,295,6812,55,03928,37,23497
9,11647510528564,Right,1,228573,1,342624,6,999368,295,8138,54,75216,37,99137
9,13028717041016,Right,1,228049,1,340909,6,998506,296,0508,54,57141,38,36122
9,14451599121094,Right,1,227632,1,339692,6,997456,296,1846,55,07388,37,63888
9,15820980072021,Right,1,226824,1,337276,6,995648,296,3372,56,1049,36,27772
9,17215633392334,Right,1,226448,1,334864,6,992489,296,403,57,79158,34,52988
9,18580532073975,Right,1,22647,1,333725,6,990968,296,4033,58,35583,34,10384
9,19967460632324,Right,1,226402,1,330746,6,987847,296,5488,58,98431,33,54897
9,21357822418213,Right,1,227271,1,328561,6,985065,297,1326,59,20007,33,82843
9,22751426696777,Right,1,22765,1,326981,6,982886,297,5818,59,42088,34,12075
9,24142265319824,Right,1,227883,1,324041,6,978448,298,1643,59,76268,34,45199
9,25562572479248,Right,1,228272,1,322488,6,975984,298,5025,60,43795,33,75644
9,26927947998047,Right,1,229662,1,318996,6,971111,299,0208,61,90914,32,48933
9,28304195404053,Right,1,231296,1,316055,6,966725,299,396,62,74728,31,60949
9,29719638824463,Right,1,232467,1,314283,6,96354,299,4407,63,55922,31,10912
9,31089878082275,Right,1,233999,1,309666,6,95799,299,9934,64,12951,30,89289
9,3248176574707,Right,1,234326,1,308246,6,956018,300,3085,64,25674,30,87178
9,33870315551758,Right,1,235291,1,304162,6,950649,300,9321,65,07738,30,42815
9,35267066955566,Right,1,237242,1,299903,6,94309,301,1953,66,01105,30,33587
9,36654090881348,Right,1,238595,1,29731,6,93852,301,1984,65,17902,31,13989
9,3804349899292,Right,1,240448,1,292357,6,930608,301,7285,64,72157,31,80707
9,39432048797607,Right,1,241076,1,2911,6,927389,301,7657,65,21208,31,83479
9,40819835662842,Right,1,245895,1,286411,6,917234,302,2831,66,58558,31,06503
9,4223690032959,Right,1,25096,1,282021,6,907353,302,9558,67,88824,31,11462
9,43601512908936,Right,1,256994,1,280118,6,899815,303,305,68,43402,31,0377
9,44997024536133,Right,1,270456,1,275648,6,880189,303,5986,69,8298,30,50524
9,46383953094482,Right,1,281911,1,272631,6,864375,303,9768,71,02927,29,78233
9,47781372070313,Right,1,292735,1,270147,6,849181,304,4782,71,09602,30,03472
9,49153423309326,Right,1,309146,1,266729,6,825677,304,564,69,93331,30,72654
9,50548076629639,Right,1,31665,1,264235,6,813154,305,2066,68,07584,31,76748
9,51930809020996,Right,1,336562,1,259947,6,781207,306,1671,63,10035,38,74062
9,53330039978027,Right,1,351233,1,258831,6,762209,304,4816,53,0163,41,58228
9,54714012145996,Right,1,365411,1,25853,6,740917,305,3178,39,42678,54,95382
9,56096172332764,Right,1,381805,1,257753,6,711708,305,4657,41,46431,58,18513
9,5749683380127,Right,1,383087,1,251809,6,701186,307,5038,68,98258,38,95448
9,58880233764648,Right,1,396906,1,249455,6,67295,309,1183,80,61116,27,45035
9,60280704498291,Right,1,408651,1,246543,6,648881,310,3035,81,25606,26,04983
9,61659622192383,Right,1,415109,1,257482,6,633062,311,0262,81,06116,26,72758
9,63052082061768,Right,1,42825,1,263568,6,603426,310,2857,79,86132,28,79583
9,64444255828857,Right,1,432137,1,262848,6,592453,309,5986,81,56754,28,10453
9,65832042694092,Right,1,444588,1,264766,6,559246,309,7391,84,14025,27,56993
9,67225933074951,Right,1,454194,1,263121,6,531775,309,6432,86,95502,26,81441
9,68610286712646,Right,1,457928,1,261418,6,517076,310,3731,88,1517,27,12167
9,70005226135254,Right,1,465852,1,258879,6,483937,311,5026,89,46001,26,58512
9,71391677856445,Right,1,468699,1,258575,6,474948,312,071,91,08224,24,64109
9,72782135009766,Right,1,478346,1,257945,6,442523,312,2383,93,46845,20,53921
9,74171161651611,Right,1,485646,1,257266,6,414585,312,6977,92,56598,17,8223
9,75588798522949,Right,1,491668,1,260251,6,400127,306,5446,79,14091,26,96014
9,76945304870605,Right,1,501377,1,263879,6,371792,298,8531,56,75673,41,70472
9,78331184387207,Right,1,504648,1,253813,6,336865,309,944,89,9806,24,9507
9,79727745056152,Right,1,507418,1,257192,6,327029,311,262,92,63379,24,1816
9,81113719940186,Right,1,514079,1,254133,6,299394,314,8138,93,30531,22,87751
9,82511043548584,Right,1,517843,1,256025,6,286991,315,4759,93,67312,23,08516
9,838942527771,Right,1,525981,1,257398,6,255729,314,0361,95,88619,22,52422
9,85282421112061,Right,1,531786,1,257133,6,231985,313,0543,97,06537,22,20431
9,86671829223633,Right,1,535371,1,257421,6,218112,312,0834,97,15832,21,92831
9,88079929351807,Right,1,542199,1,257183,6,190892,311,5788,97,98526,20,6858
9,89451026916504,Right,1,543926,1,257781,6,181691,309,9642,98,57738,20,20192
9,90852642059326,Right,1,550062,1,25651,6,15106,309,5892,99,96523,19,79298
9,92238903045654,Right,1,5555,1,256134,6,127264,309,2776,100,7458,19,35711
9,93613529205322,Right,1,557554,1,256425,6,113993,308,3497,101,8437,18,86554
9,95004940032959,Right,1,561918,1,254499,6,085939,309,0306,102,3015,18,34406
9,96403121948242,Right,1,563494,1,255354,6,077559,309,0614,101,9317,18,2656
9,97784805297852,Right,1,56809,1,255408,6,049198,309,1963,102,1732,17,78206
9,99172496795654,Right,1,57203,1,255881,6,024043,309,0883,103,219,16,75477
10,0056982040405,Right,1,573692,1,255666,6,012112,309,2036,103,9553,16,35331
10,0194711685181,Right,1,577561,1,25502,5,983699,309,6588,105,3175,15,79747
10,0333957672119,Right,1,580418,1,254185,5,962302,310,626,106,1683,15,81385
10,0473251342773,Right,1,582634,1,253345,5,947721,311,7551,106,4298,16,29268
10,0612735748291,Right,1,58659,1,252357,5,922345,312,8532,106,5839,16,82914
10,0750799179077,Right,1,58874,1,252332,5,912541,312,8799,107,3967,16,21389
10,0892190933228,Right,1,593653,1,251338,5,883459,311,5836,109,7831,13,0525
10,1031885147095,Right,1,597077,1,249507,5,861595,311,4589,111,3325,9,662894
10,1167802810669,Right,1,59972,1,247852,5,848804,313,7118,113,4203,4,849255
10,1306266784668,Right,1,605085,1,249193,5,825125,314,0662,115,7387,353,2499
10,1445446014404,Right,1,607074,1,246258,5,808273,314,2199,111,2295,5,564301
10,1583976745605,Right,1,61193,1,248489,5,783999,312,3946,109,5207,12,24466
10,1723318099976,Right,1,614859,1,247249,5,763288,312,6738,109,3396,12,74027
10,1862182617188,Right,1,616116,1,245579,5,750722,314,5087,108,2339,16,52847
10,2001419067383,Right,1,620499,1,248497,5,726456,311,7719,110,0002,14,69703
10,2141132354736,Right,1,619883,1,246128,5,718128,310,2158,112,7587,11,62242
10,227933883667,Right,1,622081,1,243102,5,692015,311,3788,112,4438,13,56965
10,2418432235718,Right,1,62488,1,242953,5,670486,311,7385,112,1314,14,08423
10,2558727264404,Right,1,62583,1,242908,5,659253,311,3983,112,7643,13,46783
10,2698802947998,Right,1,627827,1,241997,5,633884,311,6122,113,1468,12,99479
10,2835454940796,Right,1,62892,1,241558,5,615825,311,7042,113,4936,12,64089
10,297703742981,Right,1,629571,1,241208,5,601427,311,8405,113,6819,12,52915
10,3116235733032,Right,1,630527,1,240646,5,578928,311,9757,114,3604,12,33065
10,3250513076782,Right,1,630802,1,240453,5,570408,312,0468,114,6785,12,2233
10,3389358520508,Right,1,632011,1,239755,5,545178,312,2121,115,6695,11,62428
10,3528432846069,Right,1,632833,1,239078,5,525075,312,4547,116,2275,11,37129
10,366925239563,Right,1,633832,1,238798,5,51276,312,6386,116,3123,11,42439
10,3807210922241,Right,1,635165,1,238419,5,489505,312,7937,116,8038,11,25269
10,3946294784546,Right,1,635902,1,238387,5,481207,312,7561,117,1812,11,11143
10,4090261459351,Right,1,63715,1,237645,5,456212,312,766,117,9197,10,79524
10,4225435256958,Right,1,637163,1,237017,5,438284,312,7167,118,5291,10,4032
10,4364051818848,Right,1,636576,1,236705,5,43038,312,7025,118,9197,10,12142
10,4502029418945,Right,1,635388,1,233961,5,417006,312,8594,119,7095,9,781775
10,464017868042,Right,1,635049,1,234623,5,414005,313,2463,119,8694,10,17189
10,4780588150024,Right,1,633182,1,2325,5,407923,313,7178,120,5652,10,52761
10,4920263290405,Right,1,631856,1,232259,5,403759,313,7088,120,8253,10,6258
10,5059127807617,Right,1,630912,1,231967,5,402708,313,4139,120,3748,10,70811
10,5197601318359,Right,1,628248,1,23102,5,399245,313,4882,120,4275,10,40958
10,5335168838501,Right,1,626299,1,230413,5,397058,313,446,120,2968,10,17532
10,5474491119385,Right,1,625309,1,230042,5,395712,313,2393,119,7561,10,03207
10,5614995956421,Right,1,624206,1,229499,5,392994,312,939,119,5256,9,426021
10,5752630233765,Right,1,623508,1,229223,5,391526,312,6391,119,2113,9,144412
10,5890808105469,Right,1,622027,1,229051,5,387532,312,4614,119,9856,8,083993
10,602933883667,Right,1,620334,1,228723,5,384214,312,6252,121,2495,7,205668
10,616849899292,Right,1,619211,1,228589,5,382431,313,0138,122,2602,6,658076
10,6308212280273,Right,1,617957,1,228292,5,379777,313,6446,122,9757,6,390488
10,6446056365967,Right,1,617303,1,228085,5,378773,313,9207,122,7161,6,618826
10,6585245132446,Right,1,616273,1,227849,5,376287,313,326,121,9063,6,694581
10,6727895736694,Right,1,614973,1,226441,5,372986,312,7289,120,3482,8,133832
10,6864414215088,Right,1,614188,1,22547,5,370199,311,7903,115,5764,12,77152
10,7001886367798,Right,1,616659,1,229095,5,370366,305,7286,111,8602,11,16018
10,7141208648682,Right,1,617045,1,226089,5,365283,302,442,99,94144,19,41223
10,727970123291,Right,1,617866,1,22662,5,35921,302,9366,94,67919,29,92112
10,741886138916,Right,1,613247,1,220197,5,362784,314,781,124,7076,5,852219
10,7557744979858,Right,1,614983,1,224425,5,364453,314,8136,124,7229,5,505425
10,76966381073,Right,1,6141,1,223711,5,362869,315,1559,124,8706,4,670727
10,7835884094238,Right,1,613405,1,223415,5,361157,315,1506,124,3605,4,481671
10,7975149154663,Right,1,613094,1,222964,5,360024,315,3076,124,5533,4,047859
10,8117151260376,Right,1,612368,1,221849,5,358012,315,6717,124,3055,3,775522
10,8254528045654,Right,1,611685,1,220842,5,356254,316,4192,125,016,3,880184
10,8391418457031,Right,1,611197,1,219358,5,353825,317,4666,126,7769,3,983226
10,8529968261719,Right,1,611155,1,218291,5,352685,317,1513,125,2983,6,833692
10,8669557571411,Right,1,611324,1,218162,5,352331,315,3401,121,063,10,31909
10,8808317184448,Right,1,611232,1,217328,5,351315,314,036,118,646,12,22456
10,8947315216064,Right,1,611336,1,216982,5,350127,313,304,117,9188,13,76828
10,9085836410522,Right,1,612889,1,217495,5,355547,311,9644,113,6833,10,0775
10,9225301742554,Right,1,61441,1,218206,5,347835,307,5919,97,16067,23,25609
10,9367170333862,Right,1,612476,1,215737,5,343,312,0439,106,1768,24,10292
10,9502458572388,Right,1,615275,1,215872,5,355461,316,5832,127,2098,3,991152
10,9639053344727,Right,1,614418,1,213662,5,353472,316,8996,126,6605,3,615027
10,9781351089478,Right,1,61525,1,211224,5,353621,317,8,126,5554,2,216851
10,991641998291,Right,1,614961,1,209472,5,352367,318,3196,124,8648,4,343954
11,0055637359619,Right,1,615206,1,210117,5,351819,317,7962,126,0868,3,908895
11,0193719863892,Right,1,615419,1,20827,5,352026,317,5357,125,7356,4,163629
11,0332860946655,Right,1,615249,1,206654,5,352601,317,4142,125,4934,4,303699
11,0474081039429,Right,1,615399,1,205484,5,351808,317,603,126,0435,4,428508
11,0611953735352,Right,1,616233,1,204144,5,351701,317,6668,126,3401,4,221354
11,0752840042114,Right,1,616255,1,202783,5,352191,317,196,123,9582,4,611144
11,0888690948486,Right,1,616385,1,200655,5,35113,317,1962,121,0035,6,812435
11,1027536392212,Right,1,619871,1,202625,5,350727,313,2513,122,3614,5,554832
11,116626739502,Right,1,618642,1,197262,5,350659,314,4177,124,8814,3,457664
11,1308574676514,Right,1,619491,1,199582,5,353384,318,237,127,1898,3,738498
11,1444149017334,Right,1,619672,1,199322,5,353334,318,1709,127,3229,3,757759
11,1583213806152,Right,1,620436,1,198282,5,354145,317,9008,127,6905,2,985231
11,1721677780151,Right,1,620461,1,196517,5,354553,318,3026,126,8317,3,257298
11,1861152648926,Right,1,620808,1,195824,5,354661,318,5518,126,0634,3,737337
11,2002782821655,Right,1,622131,1,194125,5,355129,318,9427,125,6105,4,10818
11,2139234542847,Right,1,622654,1,193905,5,355506,319,0192,125,4322,4,209265
11,2278423309326,Right,1,623481,1,193464,5,355729,318,9124,125,9097,3,880553
11,2418622970581,Right,1,624315,1,193218,5,356361,318,4429,126,6676,3,289231
11,2556200027466,Right,1,624489,1,192836,5,356675,318,1608,127,2641,2,766362
11,2694082260132,Right,1,624772,1,191231,5,358445,318,3086,127,4158,2,775763
11,283411026001,Right,1,625233,1,190157,5,359255,318,7902,126,7851,3,412899
11,2973318099976,Right,1,62571,1,18984,5,359592,319,0807,126,4045,3,787842
11,3111524581909,Right,1,626528,1,189517,5,360167,319,2485,126,0745,4,039186
11,3251399993896,Right,1,626938,1,189407,5,360326,319,2997,126,1573,4,070511
11,3389177322388,Right,1,627768,1,18922,5,360796,319,0789,126,7694,3,689464
11,3530054092407,Right,1,628579,1,18815,5,361629,319,2632,127,477,3,64099
11,3668022155762,Right,1,628424,1,187354,5,361532,320,0101,128,1225,3,969402
11,3805360794067,Right,1,629343,1,186097,5,362632,321,1532,127,9175,5,170488
11,394476890564,Right,1,63053,1,186867,5,363547,320,5531,127,7471,4,281828
11,4083309173584,Right,1,631959,1,185589,5,365057,320,6805,127,5253,3,835438
11,4222679138184,Right,1,633216,1,185968,5,366562,318,9883,124,4578,3,795429
11,4362001419067,Right,1,636926,1,188051,5,368291,310,9969,114,4459,4,390173
11,4503908157349,Right,1,638863,1,184077,5,364074,310,7495,111,0947,5,671392
11,4642028808594,Right,1,634037,1,181297,5,364363,320,1197,125,1783,5,137524
11,4779634475708,Right,1,635705,1,184081,5,371975,320,6485,124,9401,4,433289
11,4916591644287,Right,1,635109,1,183335,5,373635,321,1603,124,261,4,845785
11,505539894104,Right,1,635813,1,184636,5,374041,319,6981,124,0529,4,823499
11,5194072723389,Right,1,636151,1,184319,5,375295,318,6337,124,3936,4,523252
11,5332813262939,Right,1,636358,1,183626,5,376192,318,3946,124,6104,4,455184
11,5473957061768,Right,1,63668,1,183177,5,377056,318,3533,124,5662,4,445528
11,5611658096313,Right,1,637283,1,182385,5,378178,318,529,124,3391,4,555798
11,5749464035034,Right,1,637315,1,18177,5,378498,319,0741,124,4676,4,809477
11,5889978408813,Right,1,637715,1,181538,5,379445,319,2578,124,687,4,538204
11,6027612686157,Right,1,637973,1,181037,5,380937,318,9883,124,377,2,87146
11,616626739502,Right,1,637554,1,179574,5,379445,319,2155,120,5887,5,712748
11,6306600570679,Right,1,642723,1,185248,5,384894,308,9013,112,7897,3,02127
11,6443557739258,Right,1,642921,1,179941,5,379636,305,2296,106,5723,5,026484
11,6584396362305,Right,1,64788,1,180788,5,377855,300,3675,98,57666,11,64705
11,6721439361572,Right,1,650512,1,184787,5,380277,294,3244,103,7857,7,662365
11,6860427856445,Right,1,649357,1,182457,5,385449,295,8306,120,7582,346,7686
11,6999521255493,Right,1,638434,1,161664,5,37371,319,1015,123,276,5,004621
11,7138118743896,Right,1,64187,1,177408,5,385075,321,6698,123,6735,7,468859
11,72780418396,Right,1,642696,1,17751,5,38558,322,995,123,7707,9,233652
11,7417039871216,Right,1,643436,1,177937,5,387062,323,4167,123,9692,9,393274
11,7555294036865,Right,1,643413,1,178211,5,387915,323,2023,123,8209,9,021223
11,7693691253662,Right,1,643348,1,178719,5,38981,322,3907,123,2283,8,010969
11,7832622528076,Right,1,643001,1,178934,5,390113,321,5414,123,577,6,912073
11,7973909378052,Right,1,643171,1,178697,5,390629,320,8857,123,3431,6,528647
11,8111457824707,Right,1,643316,1,178404,5,391029,320,8378,123,3651,6,511746
11,8249473571777,Right,1,643331,1,178608,5,391515,320,6196,123,233,6,34325
11,8388385772705,Right,1,643771,1,178617,5,391879,320,2195,122,5755,6,25272
11,8527545928955,Right,1,644722,1,1785,5,391471,320,1362,121,9829,6,191144
11,8666210174561,Right,1,645498,1,178383,5,391208,320,1654,121,5497,6,181238
11,880482673645,Right,1,646499,1,178379,5,391166,320,0966,121,2657,6,20586
11,8946943283081,Right,1,646443,1,178295,5,390916,320,0717,121,5546,6,324608
11,9083595275879,Right,1,646881,1,178472,5,391044,319,775,121,8269,6,162519
11,9221744537354,Right,1,647765,1,178331,5,390203,319,7486,122,3007,6,109431
11,9360160827637,Right,1,647808,1,178225,5,389915,319,8638,122,5382,6,263084
11,9499025344849,Right,1,648582,1,17855,5,389286,319,7475,122,9564,5,769656
11,9638261795044,Right,1,648978,1,179259,5,389354,318,41,123,5123,2,226606
11,9776525497437,Right,1,647911,1,177335,5,387591,320,9214,123,0771,1,384308
11,9919128417969,Right,1,650104,1,177982,5,384844,321,271,122,6713,2,123107
12,00563621521,Right,1,653942,1,180229,5,387655,314,7376,118,4163,357,166
12,0193328857422,Right,1,655652,1,173713,5,387506,320,3361,122,6526,349,7255
12,0331754684448,Right,1,650451,1,174408,5,378707,321,0326,123,3018,6,275767
12,0472097396851,Right,1,651564,1,178281,5,387479,321,1245,122,6026,5,908047
12,0610179901123,Right,1,65116,1,178135,5,387726,321,4012,122,0503,5,707499
12,0747518539429,Right,1,65109,1,17828,5,387564,321,3823,121,7391,5,616861
12,0885906219482,Right,1,65106,1,178635,5,386603,320,8769,121,9701,5,888294
12,1025066375732,Right,1,651339,1,179341,5,386314,319,6172,122,3624,5,762244
12,1163482666016,Right,1,651005,1,179131,5,385912,319,3179,123,4307,5,370009
12,1303291320801,Right,1,650788,1,179302,5,385385,319,3216,124,7101,5,120177
12,144214630127,Right,1,650568,1,17905,5,38534,319,6706,125,5355,5,123405
12,1580514907837,Right,1,650434,1,179129,5,385068,320,1799,126,2205,5,246851
12,1719484329224,Right,1,650738,1,180295,5,385777,319,7645,127,734,2,006363
12,1859178543091,Right,1,649834,1,178171,5,384789,321,3196,128,3,1,010731
12,1998271942139,Right,1,650663,1,179069,5,387309,323,9555,129,4917,355,1301
12,2135581970215,Right,1,651822,1,180076,5,385541,319,4224,124,0158,356,1717
12,2274694442749,Right,1,64915,1,176271,5,379718,319,7773,122,9731,4,075302
12,2413549423218,Right,1,65029,1,180591,5,385043,320,9926,123,6893,6,337138
12,2552547454834,Right,1,650329,1,181329,5,385064,320,3645,123,6861,6,116737
12,2691440582275,Right,1,649616,1,181922,5,385001,319,2722,123,8145,5,654495
12,2830448150635,Right,1,649323,1,182539,5,385314,318,0281,123,9645,4,641882
12,2969913482666,Right,1,648566,1,182201,5,384966,317,5487,124,1472,4,396368
12,3108339309692,Right,1,647819,1,181792,5,384401,317,7416,124,2789,4,936168
12,3247222900391,Right,1,647426,1,181715,5,384299,318,1318,124,4714,5,246658
12,3386287689209,Right,1,646454,1,181613,5,383495,318,7635,125,049,5,50616
12,352650642395,Right,1,645813,1,181287,5,383093,319,6744,125,5893,5,908638
12,366397857666,Right,1,645458,1,180863,5,382987,320,8217,125,943,6,375277
12,3804731369019,Right,1,645314,1,180827,5,383134,321,7979,126,4099,5,896225
12,3942232131958,Right,1,645647,1,180979,5,383702,321,5382,127,0874,2,026578
12,4081087112427,Right,1,644884,1,179427,5,382339,321,9616,126,0194,1,563132
12,4219198226929,Right,1,646688,1,181935,5,382692,317,618,121,2741,1,762088
12,4358339309692,Right,1,647767,1,181407,5,379069,311,4606,105,8379,13,46565
12,4498062133789,Right,1,648029,1,181165,5,37373,312,1573,101,066,22,69487
12,4638891220093,Right,1,643808,1,178082,5,37921,321,1753,123,8821,6,50832
12,4775819778442,Right,1,644715,1,178979,5,382741,322,3608,122,3063,6,235691
12,4914951324463,Right,1,643603,1,177822,5,381828,324,1025,121,2571,6,281681
12,5054941177368,Right,1,642634,1,177943,5,3798,324,5905,122,0428,6,854759
12,5192232131958,Right,1,642136,1,178237,5,379311,324,175,122,6264,7,248676
12,5330963134766,Right,1,641535,1,178007,5,378537,323,8425,123,0366,7,330464
12,5470142364502,Right,1,641363,1,178337,5,377743,323,225,123,9104,7,15748
12,5609321594238,Right,1,640867,1,178755,5,376822,321,8921,123,7339,7,261412
12,5748071670532,Right,1,640258,1,178241,5,376706,321,8496,123,6777,7,005375
12,5887899398804,Right,1,639096,1,17769,5,374978,321,8112,124,0198,7,037811
12,6026792526245,Right,1,638427,1,177186,5,37348,321,6863,124,401,7,732712
12,6165180206299,Right,1,63817,1,176829,5,372859,321,7163,124,7205,8,376191
12,6306390762329,Right,1,637939,1,176594,5,372201,322,3003,126,9975,6,029141
12,6444616317749,Right,1,637551,1,175542,5,371289,323,8162,129,1715,3,753978
12,6582355499268,Right,1,637028,1,17411,5,371149,326,9452,130,4048,1,426737
12,6724462509155,Right,1,636507,1,173031,5,370036,330,1298,128,1519,2,260151
12,6860237121582,Right,1,638854,1,175978,5,371298,328,5679,127,4334,357,2876
12,6997737884521,Right,1,637876,1,171455,5,37112,328,4781,127,2214,351,5395
12,7137908935547,Right,1,635123,1,173093,5,362953,321,8181,125,3637,5,746321
12,7276182174683,Right,1,634938,1,173595,5,368337,321,8596,125,4336,5,688196
12,7414951324463,Right,1,634384,1,17462,5,367002,320,3739,126,6602,4,978782
12,7554512023926,Right,1,633279,1,173764,5,366949,319,9046,127,2897,4,901757
12,7692260742188,Right,1,632034,1,172667,5,366664,320,2119,127,7539,5,224998
12,7831058502197,Right,1,631911,1,172487,5,36615,320,4422,127,9854,5,374784
12,7971162796021,Right,1,632701,1,172402,5,36579,320,5372,128,0417,5,481761
12,8111562728882,Right,1,633052,1,172448,5,365628,320,4245,127,8874,5,376867
12,8249244689941,Right,1,632869,1,172371,5,365463,320,3235,127,7131,5,223051
12,8388357162476,Right,1,632376,1,172235,5,365013,320,0132,127,3711,4,949287
12,8526430130005,Right,1,631835,1,172052,5,36472,319,6993,126,9581,4,540586
12,8665342330933,Right,1,631329,1,171801,5,364513,319,3635,126,3657,4,519706
12,8804168701172,Right,1,630156,1,170815,5,364033,319,8441,126,338,4,569124
12,8943367004395,Right,1,629795,1,170334,5,363807,320,6632,126,3169,4,999981
12,9082355499268,Right,1,629044,1,169866,5,363364,321,7867,126,7628,5,133702
12,9221963882446,Right,1,628536,1,169907,5,362759,322,08,126,7697,4,967366
12,9360322952271,Right,1,628605,1,170253,5,362617,320,9834,126,8424,3,916472
12,9499044418335,Right,1,62749,1,169408,5,361855,321,3191,127,5261,2,26301
12,9641704559326,Right,1,626453,1,168751,5,361354,322,1779,126,3013,1,834103
12,9776935577393,Right,1,625859,1,168351,5,359048,322,108,123,9382,4,460918
12,9915542602539,Right,1,629026,1,173324,5,362476,312,5258,117,667,0,3314681
13,0055341720581,Right,1,629835,1,169945,5,356947,305,6234,111,6265,1,058066
13,0194234848022,Right,1,632824,1,174636,5,355678,297,6594,111,8498,354,8291
13,0332736968994,Right,1,632189,1,173738,5,356825,295,9921,115,3162,343,5009
13,0471630096436,Right,1,63157,1,166298,5,352964,305,593,113,3003,348,607
13,0613994598389,Right,1,626142,1,164149,5,347175,317,2484,118,3119,2,462573
13,0752792358398,Right,1,622792,1,165945,5,348231,323,7529,131,0704,3,414244
13,0889320373535,Right,1,622831,1,166197,5,349464,324,5797,132,5024,4,245494
13,1028127670288,Right,1,62184,1,163879,5,34585,326,6693,135,8373,3,575719
13,1167497634888,Right,1,620933,1,161866,5,342583,326,9457,137,534,5,423323
13,1305561065674,Right,1,619489,1,155933,5,338818,329,0791,139,0913,9,088799
13,1444721221924,Right,1,620194,1,153002,5,339267,331,2167,139,2079,9,908139
13,1582851409912,Right,1,618019,1,146721,5,335296,333,4381,139,3522,11,38049
13,1721839904785,Right,1,616079,1,13947,5,331126,336,2443,140,8861,13,05782
13,1860551834106,Right,1,615403,1,135189,5,328853,337,9013,141,4695,13,61066
13,1999635696411,Right,1,611076,1,12168,5,321881,342,8012,144,0125,16,24941
13,2138624191284,Right,1,607533,1,110936,5,318327,346,9892,145,928,18,45175
13,2280387878418,Right,1,603341,1,102757,5,316337,350,1523,147,6012,19,9824
13,24169921875,Right,1,593426,1,087867,5,315277,355,4104,150,6945,22,40567
13,2555780410767,Right,1,591538,1,083119,5,314399,357,3185,151,7472,23,83596
13,269570350647,Right,1,583109,1,069811,5,317418,1,833747,153,5063,27,29979
13,2833805084229,Right,1,58093,1,062445,5,322213,3,98629,153,362,29,26977
13,2975006103516,Right,1,57796,1,057247,5,324509,5,883139,153,9457,30,68321
13,3115549087524,Right,1,57241,1,049895,5,329764,8,890752,155,466,32,96329
13,3249435424805,Right,1,570494,1,046395,5,330387,10,04564,156,1488,34,27286
13,3388328552246,Right,1,56301,1,038838,5,336721,12,29607,157,9636,36,5938
13,3528747558594,Right,1,559273,1,0331,5,341493,14,17452,159,1643,38,03377
13,3666038513184,Right,1,557091,1,030696,5,345124,14,98085,159,089,38,68389
13,3804893493652,Right,1,553869,1,028197,5,353572,16,15571,158,3403,39,15616
13,3943881988525,Right,1,555985,1,02862,5,356325,16,05321,157,932,38,73045
13,4082794189453,Right,1,560246,1,028382,5,365987,16,74495,156,4427,37,54702
13,4223127365112,Right,1,568487,1,02803,5,379768,18,52248,153,1547,35,0458
13,4362325668335,Right,1,571237,1,026362,5,387882,20,83553,151,1643,34,0399
13,4500646591187,Right,1,585022,1,022069,5,416824,25,45236,143,9264,28,19193
13,4639358520508,Right,1,590832,1,020478,5,426694,27,24161,139,3992,25,29183
13,4781265258789,Right,1,62119,1,027365,5,480685,26,94132,118,6208,11,70523
13,4919090270996,Right,1,647905,1,048238,5,526398,18,61091,101,5715,355,7722
13,5059309005737,Right,1,672622,1,100152,5,557308,0,8020816,96,91962,339,7578
13,5195350646973,Right,1,683347,1,16412,5,596041,340,4683,93,42963,323,7523
13,5333566665649,Right,1,676511,1,213666,5,611639,325,1888,97,62396,306,5231
13,5473155975342,Right,1,661223,1,244182,5,607783,325,6321,105,5159,290,0125
13,5611562728882,Right,1,63181,1,270334,5,611466,324,95,107,6706,276,0611
13,5754718780518,Right,1,622485,1,252994,5,612226,329,3326,101,3506,284,3182
13,589015007019,Right,1,61627,1,216902,5,61161,336,1589,93,91042,310,9599
13,6028547286987,Right,1,614588,1,214488,5,609887,336,2595,93,21535,328,1798
13,6167488098145,Right,1,618096,1,210868,5,606132,335,6369,94,40176,336,6405
13,6306915283203,Right,1,621497,1,211002,5,603082,333,6338,97,12423,342,4758
13,6445646286011,Right,1,620453,1,212821,5,604509,333,2016,97,75786,341,8634
13,6584520339966,Right,1,620091,1,21524,5,606493,331,5476,98,62415,342,9856
13,6726675033569,Right,1,619191,1,212867,5,608674,331,6887,98,51777,344,1814
13,6863927841187,Right,1,620299,1,205748,5,608756,333,7705,98,01482,345,3416
13,7001285552979,Right,1,620339,1,201202,5,611148,334,6864,97,48129,348,0286
13,7142658233643,Right,1,6204,1,199647,5,611935,335,4472,97,41231,348,7547
13,7280492782593,Right,1,619159,1,194607,5,613307,336,7923,97,25923,350,7584
13,7418451309204,Right,1,615563,1,190767,5,614853,338,5509,97,1304,350,1677
13,755654335022,Right,1,614209,1,189941,5,61636,338,9924,96,74531,349,8184
13,7695226669312,Right,1,61083,1,187498,5,620115,339,8289,95,84888,349,0872
13,7834320068359,Right,1,608334,1,185827,5,623166,340,2551,95,13772,348,1519
13,7973766326904,Right,1,605357,1,184756,5,625276,340,4319,94,73695,347,9394
13,8115110397339,Right,1,600311,1,183672,5,629031,340,2077,94,01376,348,2229
13,8251352310181,Right,1,597957,1,183333,5,630543,339,8825,93,71262,348,5711
13,8390693664551,Right,1,592165,1,180522,5,634267,339,6283,92,74191,350,1365
13,8529424667358,Right,1,58845,1,177422,5,637163,339,958,91,84826,351,7735
13,8669195175171,Right,1,586123,1,175177,5,638758,340,3091,91,31161,352,896
13,8808393478394,Right,1,581299,1,171645,5,641834,340,8569,90,46622,354,4747
13,8946533203125,Right,1,579527,1,17047,5,642839,341,1966,90,14182,354,8876
13,9085340499878,Right,1,574063,1,167444,5,64583,341,7206,89,31055,355,7679
13,9223623275757,Right,1,570482,1,166808,5,647884,341,7293,88,85474,354,9728
13,9362869262695,Right,1,568364,1,166051,5,649055,341,8182,88,65034,354,8256
13,9501848220825,Right,1,563892,1,165403,5,650902,341,7807,88,55105,353,4295
13,9640817642212,Right,1,562451,1,164736,5,650928,341,6998,88,49807,353,1462
13,9783611297607,Right,1,556844,1,163311,5,652809,341,4688,88,24564,352,528
13,9919509887695,Right,1,552416,1,160949,5,653724,341,5333,88,10812,352,2816
14,0057325363159,Right,1,550399,1,159205,5,653918,341,6158,87,94322,352,4178
14,0196418762207,Right,1,545119,1,154406,5,654585,341,8091,87,32936,353,0869
14,0336227416992,Right,1,540655,1,150972,5,655878,341,7514,86,70361,353,5709
14,0474481582642,Right,1,536913,1,147961,5,656972,341,653,86,18983,353,7085
14,0613346099854,Right,1,531091,1,143533,5,658592,341,5656,85,56181,353,6927
14,0752534866333,Right,1,528632,1,140917,5,658876,341,7171,85,42791,353,3371
14,08909034729,Right,1,522154,1,134398,5,659877,342,0394,84,92193,352,8608
14,1031932830811,Right,1,517412,1,129017,5,660408,342,3083,84,51945,352,6562
14,1168699264526,Right,1,513847,1,123281,5,660388,342,5631,84,19357,352,608
14,1307926177979,Right,1,507511,1,115268,5,661103,342,868,83,5863,352,5144
14,1449909210205,Right,1,505175,1,111264,5,661045,343,0691,83,38287,352,3181
14,1585311889648,Right,1,498851,1,100344,5,660407,343,6578,82,98815,351,9729
14,1723499298096,Right,1,494004,1,091472,5,659787,344,0335,82,55708,351,8636
14,1864452362061,Right,1,491369,1,085738,5,658966,344,068,82,36091,351,7503
14,2001667022705,Right,1,485373,1,075324,5,658169,344,3068,81,94661,351,3622
14,2141218185425,Right,1,483855,1,071551,5,657335,344,441,81,94373,351,0097
14,2279415130615,Right,1,478233,1,059449,5,654974,344,9807,81,94206,349,9163
14,2418804168701,Right,1,474434,1,049029,5,651968,345,4092,81,86399,349,0721
14,2557992935181,Right,1,473788,1,043371,5,648772,345,698,81,92297,347,98
14,2696847915649,Right,1,470235,1,030877,5,643703,346,2529,82,07611,345,7084
14,2835474014282,Right,1,46768,1,020774,5,639146,346,6059,82,49177,343,2267
14,2974309921265,Right,1,46556,1,014295,5,63673,346,9359,82,70634,341,7156
14,311315536499,Right,1,462648,1,002359,5,631312,347,4653,83,32645,338,6739
14,3251895904541,Right,1,462686,0,9963962,5,627376,347,7686,83,76374,337,2028
14,3392353057861,Right,1,461764,0,9818745,5,619369,348,5942,84,71214,333,9624
14,3529605865479,Right,1,461503,0,9689618,5,612403,349,4141,85,40072,331,8608
14,3668336868286,Right,1,461945,0,9605778,5,607311,349,9286,85,9715,330,5977
14,3807077407837,Right,1,461584,0,946028,5,599162,350,7807,87,02254,328,015
14,394567489624,Right,1,462374,0,9403102,5,594535,351,0416,87,83783,326,6642
14,4087152481079,Right,1,463359,0,9248736,5,58275,351,8539,90,2251,322,7002
14,4224815368652,Right,1,464131,0,911149,5,573031,352,5941,92,10765,319,921
14,4364967346191,Right,1,464094,0,9031298,5,567564,352,9702,93,04972,318,4204
14,4501342773438,Right,1,464771,0,8876019,5,556656,353,7154,95,11426,315,065
14,4640760421753,Right,1,464409,0,8812794,5,551929,354,0077,96,21584,313,5558
14,4779958724976,Right,1,464237,0,8655542,5,540968,355,162,98,50443,309,7305
14,4921646118164,Right,1,4623,0,8497054,5,531294,356,2217,100,7521,306,4898
14,5056972503662,Right,1,461121,0,8418721,5,526333,356,7408,102,1346,305,179
14,5195455551147,Right,1,458602,0,8245367,5,51534,357,9739,105,5361,302,6782
14,5336847305298,Right,1,45519,0,8102494,5,508213,359,0787,107,6031,301,1684
14,5472841262817,Right,1,451842,0,80053,5,504806,359,9392,108,5549,300,9279
14,5611429214478,Right,1,44507,0,7849067,5,501099,1,356452,109,6012,300,9057
14,5750913619995,Right,1,442106,0,7799078,5,499789,1,752876,109,9585,300,7211
14,5889177322388,Right,1,43533,0,7671062,5,495298,2,651647,111,2945,299,6793
14,6029262542725,Right,1,429227,0,7583612,5,491673,3,425842,112,2158,297,8296
14,6167373657227,Right,1,425474,0,7540867,5,489208,4,01454,112,9543,296,2278
14,6306343078613,Right,1,418627,0,7455536,5,483994,5,308829,114,7518,293,1007
14,6447105407715,Right,1,415612,0,7418978,5,482548,5,69663,115,4008,292,0793
14,6584529876709,Right,1,407664,0,7367526,5,478795,6,494036,117,3304,289,1563
14,6723155975342,Right,1,401105,0,729194,5,4761,7,316613,118,6092,287,4286
14,6862678527832,Right,1,39702,0,7273902,5,476364,7,146698,118,8586,287,2957
14,700366973877,Right,1,389109,0,7237757,5,476716,6,672169,119,1324,287,768
14,7139625549316,Right,1,386714,0,7219887,5,476184,6,720286,119,3767,287,5428
14,7279796600342,Right,1,378686,0,7190183,5,475411,6,301377,119,848,287,7639
14,7417116165161,Right,1,371465,0,7178183,5,473834,6,459079,120,5611,287,1847
14,7556209564209,Right,1,368299,0,7158422,5,47266,6,608365,121,0004,286,714
14,7695302963257,Right,1,36048,0,7139542,5,469264,7,002962,122,2317,285,0583
14,7836294174194,Right,1,354267,0,7142095,5,466967,7,108644,123,2352,283,2022
14,7974052429199,Right,1,350213,0,713177,5,46534,7,232976,123,8834,282,3255
14,8132524490356,Right,1,343495,0,712048,5,463148,7,390578,125,0036,281,0208
14,8289728164673,Right,1,338946,0,7111775,5,461825,7,497244,125,7117,280,5561
14,8386459350586,Right,1,333951,0,7097614,5,460589,7,60831,126,4678,280,1116
14,8543910980225,Right,1,328632,0,7085038,5,460255,7,605532,127,1595,280,3384
14,8676795959473,Right,1,325607,0,7075267,5,459832,7,660656,127,6045,280,6911
14,8817052841187,Right,1,321043,0,7058429,5,45945,7,692666,128,1861,281,2707
14,8948793411255,Right,1,318743,0,7051925,5,459044,7,74905,128,4931,281,2375
14,908763885498,Right,1,315338,0,7031984,5,458955,7,718917,129,0489,282,612
14,9227771759033,Right,1,312864,0,7025414,5,4589,7,695199,129,4207,283,8468
14,9361667633057,Right,1,311463,0,7026526,5,458685,7,632224,129,5857,284,2927
14,9501419067383,Right,1,308403,0,7034549,5,458237,7,168273,130,0719,284,7812
14,9720582962036,Right,1,306007,0,705724,5,456715,6,708282,130,8995,284,4648
14,9775991439819,Right,1,300674,0,701885,5,456396,6,513152,131,4865,284,5642
14,9917259216309,Right,1,299994,0,70841,5,454101,6,077167,132,3936,284,0189
15,0052900314331,Right,1,298287,0,7096254,5,453378,5,85942,132,9498,283,64
15,0191345214844,Right,1,294218,0,7125597,5,451281,5,408288,134,1562,283,0355
15,0331344604492,Right,1,290978,0,7147204,5,450622,4,960013,135,0069,282,6438
15,0467700958252,Right,1,289106,0,7158469,5,450148,4,727271,135,4668,282,4979
15,0607070922852,Right,1,286284,0,7185503,5,449872,4,195642,136,2725,282,4698
15,0745515823364,Right,1,285233,0,7191099,5,449971,4,100063,136,5638,282,5013
15,0886135101318,Right,1,282348,0,7208126,5,449705,3,797046,137,3974,282,5482
15,102578163147,Right,1,279852,0,7219064,5,449991,3,552543,137,9947,282,6407
15,12464427948,Right,1,278901,0,7223718,5,451303,3,381992,138,1298,283,0509
15,1300249099731,Right,1,278226,0,7227079,5,4509,3,325565,138,2997,282,9086
15,1440410614014,Right,1,276275,0,7234137,5,451636,3,133402,138,7014,283,1484
15,1579322814941,Right,1,274506,0,7235413,5,452837,3,123047,138,9277,283,2977
15,1717653274536,Right,1,27292,0,723492,5,453693,3,154299,139,14,283,3002
15,1858739852905,Right,1,272196,0,7232168,5,454031,3,170238,139,279,283,2409
15,1995315551758,Right,1,27033,0,7231131,5,454435,3,105849,139,7127,283,1792
15,2133808135986,Right,1,268855,0,7227948,5,454758,3,042322,140,0987,283,1931
15,2272577285767,Right,1,268014,0,7220926,5,454721,3,097933,140,4003,283,2814
15,2411403656006,Right,1,266292,0,7212876,5,454737,3,204452,140,9295,283,3736
15,2551946640015,Right,1,265554,0,7206978,5,454766,3,369127,141,1541,283,4456
15,2769804000854,Right,1,263472,0,7196752,5,454837,3,560482,141,7727,283,6164
15,2828731536865,Right,1,263306,0,7193064,5,454428,3,617048,141,9892,283,6895
15,2967643737793,Right,1,2616,0,7185786,5,454141,3,668225,142,571,283,839
15,3106231689453,Right,1,260333,0,7179399,5,453837,3,860909,143,0783,283,9085
15,3247413635254,Right,1,259932,0,7179046,5,453971,3,891069,143,1888,283,9351
15,3383550643921,Right,1,259182,0,7180576,5,453902,3,903845,143,5032,284,0053
15,3524446487427,Right,1,258296,0,7182697,5,453919,3,900757,143,8494,284,0601
15,3661985397339,Right,1,257924,0,7187414,5,453987,3,855994,144,0001,284,0606
15,3800058364868,Right,1,257058,0,7194964,5,453968,3,847625,144,3819,284,0256
15,3941679000854,Right,1,256789,0,7199332,5,454207,3,786463,144,4723,284,0027
15,4079570770264,Right,1,256161,0,7212328,5,454494,3,644315,144,7324,283,9179
15,4295072555542,Right,1,256228,0,7228634,5,455165,3,604451,144,7438,283,5471
15,4355392456055,Right,1,256093,0,7229481,5,455101,3,598936,144,8065,283,5652
15,4494819641113,Right,1,255888,0,724216,5,455363,3,53364,144,8373,283,2825
15,4633474349976,Right,1,255975,0,7247698,5,455487,3,527323,144,8513,283,146
15,4772567749023,Right,1,256315,0,7247327,5,455705,3,546762,144,7779,283,1907
15,4913005828857,Right,1,256872,0,7249461,5,455954,3,557334,144,7557,283,3181
15,5052690505981,Right,1,257003,0,7250947,5,45602,3,554684,144,7501,283,3526
15,5189752578735,Right,1,257314,0,7254095,5,456299,3,531991,144,7196,283,439
15,5330190658569,Right,1,257505,0,7258328,5,456515,3,509696,144,7341,283,4978
15,546760559082,Right,1,257749,0,7262006,5,456759,3,483028,144,756,283,5653
15,5607042312622,Right,1,258126,0,7267014,5,457083,3,4412,144,7756,283,671
15,5823068618774,Right,1,259645,0,7279125,5,458002,3,25622,144,7738,284,1255
15,5883836746216,Right,1,261827,0,7231968,5,457878,3,25622,144,7738,284,1255
15,602484703064,Right,1,260532,0,7284314,5,458393,3,130985,144,7747,284,4744
15,6162099838257,Right,1,260639,0,7285904,5,458409,3,11412,144,7755,284,5103
15,6300277709961,Right,1,260877,0,7287143,5,458486,3,099354,144,7702,284,5547
15,6439647674561,Right,1,260866,0,7287159,5,45849,3,10676,144,7686,284,5163
15,6578779220581,Right,1,260879,0,7287188,5,458529,3,120304,144,7694,284,4537
15,6717672348022,Right,1,260918,0,7286943,5,458613,3,125352,144,7701,284,4438
15,6856174468994,Right,1,261041,0,7287374,5,458656,3,109166,144,7821,284,4236
15,6995210647583,Right,1,261254,0,7287553,5,458767,3,096599,144,7914,284,4078
15,7135457992554,Right,1,261325,0,7287648,5,458807,3,045299,144,8708,284,3673
15,7352523803711,Right,1,261252,0,7286169,5,458924,3,064721,145,0088,284,2441
15,7411823272705,Right,1,261277,0,7286738,5,458936,3,047642,144,97,284,2925
15,7550916671753,Right,1,261219,0,7285183,5,458899,3,093856,145,0366,284,1992
15,7689876556396,Right,1,261143,0,7281559,5,458797,3,172919,145,0741,284,1318
15,7828578948975,Right,1,261127,0,7280588,5,458746,3,163424,145,0804,284,1317
15,7967777252197,Right,1,26118,0,7280688,5,458792,3,166113,145,0653,284,1769
15,8107967376709,Right,1,261407,0,7284359,5,458906,3,126582,145,0227,284,2674
15,8247919082642,Right,1,261649,0,7290702,5,459018,3,042139,144,9685,284,3214
15,8387231826782,Right,1,262377,0,731229,5,459405,2,702099,144,7751,284,4347
15,8522758483887,Right,1,263465,0,7366555,5,460263,1,612465,144,4452,284,5192
15,866361618042,Right,1,263722,0,7403994,5,460573,0,712291,144,432,284,479
15,8877506256104,Right,1,263955,0,7492463,5,461894,358,4907,144,3727,284,1226
15,8939332962036,Right,1,264058,0,7507165,5,462173,358,1901,144,3199,284,0654
15,9078712463379,Right,1,264226,0,7593608,5,464295,356,5124,144,0591,283,3262
15,9217576980591,Right,1,264849,0,7663998,5,466084,355,2101,143,748,282,5359
15,9357023239136,Right,1,265649,0,7699236,5,467332,354,6851,143,3411,281,9788
15,9495801925659,Right,1,266321,0,7769956,5,469762,353,5309,142,8657,281,3162
15,9634208679199,Right,1,267916,0,7812905,5,472046,353,0276,142,2477,281,0625
15,9773979187012,Right,1,268743,0,784079,5,473568,352,6441,141,9309,281,0944
15,9912109375,Right,1,270286,0,7888246,5,476285,352,0826,141,3339,281,3548
16,0051288604736,Right,1,27105,0,7906144,5,477129,351,7758,141,19,281,6894
16,0191440582275,Right,1,272384,0,7955579,5,479716,350,9869,140,7932,282,2067
16,0406837463379,Right,1,273544,0,7981336,5,480906,351,0399,140,5272,282,3235
16,0467681884766,Right,1,274555,0,7944319,5,482615,350,6895,140,2057,282,3655
16,0606136322021,Right,1,274874,0,8043066,5,484089,350,309,139,9685,282,3573
16,0746459960938,Right,1,275294,0,8054919,5,48453,350,1509,139,8667,282,3452
16,0884037017822,Right,1,276205,0,8091447,5,486402,349,6771,139,5228,282,3418
16,1023120880127,Right,1,277076,0,8115506,5,487469,349,4085,139,2794,282,3708
16,1162528991699,Right,1,27755,0,8121165,5,487952,349,3879,139,0754,282,4917
16,1301155090332,Right,1,278504,0,8146891,5,489553,349,1347,138,6603,282,6612
16,1439952850342,Right,1,278882,0,8150171,5,489686,349,146,138,5164,282,7574
16,1578807830811,Right,1,279937,0,8168177,5,491055,349,0655,138,0103,282,8654
16,1719722747803,Right,1,281257,0,8181202,5,492092,349,1037,137,3925,282,7207
16,1933498382568,Right,1,282351,0,8190678,5,492808,348,9928,136,9083,282,6201
16,1995792388916,Right,1,285282,0,8198406,5,487763,348,8153,136,5405,282,6121
16,2134780883789,Right,1,283961,0,8221071,5,494376,348,5909,136,2895,282,6762
16,227258682251,Right,1,284516,0,8229561,5,494834,348,4307,136,0835,282,7971
16,2413749694824,Right,1,285565,0,8245286,5,495722,348,1122,135,6579,282,9882
16,2553424835205,Right,1,286101,0,8251938,5,495908,347,9844,135,486,283,0516
16,2688903808594,Right,1,287235,0,8266014,5,496573,347,7824,135,0847,283,1361
16,2827320098877,Right,1,288369,0,827483,5,496956,347,7092,134,7266,283,3057
16,2966156005859,Right,1,28916,0,8278084,5,49718,347,719,134,458,283,4453
16,3105716705322,Right,1,290557,0,8288942,5,497839,347,622,133,9554,283,6072
16,3245601654053,Right,1,291241,0,8291917,5,497848,347,6009,133,7742,283,6539
16,3460330963135,Right,1,293269,0,8300175,5,498101,347,5241,133,2411,283,676
16,3519668579102,Right,1,293463,0,830332,5,498236,347,4852,133,1542,283,7247
16,3658599853516,Right,1,295042,0,8311751,5,498725,347,4423,132,683,283,7232
16,3796195983887,Right,1,296885,0,8318788,5,498976,347,3101,132,2552,283,7533
16,3934669494629,Right,1,298394,0,8322017,5,498974,347,2589,131,9298,283,7664
16,4074478149414,Right,1,29933,0,8325345,5,499152,347,1774,131,6929,283,8252
16,4213027954102,Right,1,301047,0,8328626,5,499269,347,1314,131,2857,283,8392
16,4352951049805,Right,1,301897,0,8329456,5,49931,347,1624,131,0845,283,7979
16,4491100311279,Right,1,303924,0,8331444,5,499744,347,2367,130,5449,283,6766
16,4631042480469,Right,1,305915,0,8331017,5,500127,347,342,130,0603,283,6223
16,4770088195801,Right,1,307119,0,8329922,5,500337,347,3603,129,7603,283,6028
16,4989395141602,Right,1,309838,0,832333,5,500597,347,5154,129,1757,283,5552
16,5048007965088,Right,1,310398,0,8326584,5,50087,347,4987,128,9965,283,5503
16,5185985565186,Right,1,313025,0,8324504,5,501791,347,5905,128,3734,283,5076
16,5324821472168,Right,1,315441,0,8323827,5,502603,347,6653,127,8087,283,4025
16,5463428497314,Right,1,317094,0,8320474,5,503193,347,7998,127,4357,283,2887
16,5601654052734,Right,1,320263,0,8310979,5,504447,348,0339,126,6014,283,1362
16,5741291046143,Right,1,321294,0,8309739,5,504615,348,0934,126,4161,283,1053
16,5879955291748,Right,1,324631,0,8296896,5,505962,348,3889,125,6282,282,924
16,6017951965332,Right,1,327668,0,8288649,5,506992,348,6184,125,0326,282,7951
16,615701675415,Right,1,329363,0,8281077,5,507611,348,8199,124,7209,282,7688
16,6299095153809,Right,1,333085,0,826505,5,509361,349,3074,123,9523,282,7107
16,6512069702148,Right,1,336353,0,8245332,5,510836,349,7742,123,3076,282,8038
16,657377243042,Right,1,337139,0,827037,5,514244,350,0374,122,774,282,7897
16,6711807250977,Right,1,341423,0,8222058,5,514155,350,3099,122,1924,282,8701
16,6852207183838,Right,1,342954,0,8216176,5,51513,350,4435,121,8674,282,9168
16,699125289917,Right,1,346632,0,8196672,5,518752,350,9167,120,9632,283,1253
16,7129917144775,Right,1,349522,0,8184268,5,521234,351,2745,120,2306,283,1828
16,7267894744873,Right,1,351127,0,8179077,5,52367,351,3143,119,6068,283,225
16,7406978607178,Right,1,354288,0,8169084,5,52765,351,4468,118,5523,283,2584
16,7546043395996,Right,1,355492,0,8167807,5,529359,351,4085,118,0856,283,2232
16,7684555053711,Right,1,358309,0,8159156,5,534356,351,522,116,8341,283,1172
16,7825222015381,Right,1,360876,0,8150317,5,538296,351,6531,115,7891,283,059
16,8038806915283,Right,1,362855,0,8141866,5,541224,351,7096,115,12,283,0077
16,8101425170898,Right,1,363346,0,8141843,5,541123,351,7405,115,0599,282,9997
16,8240394592285,Right,1,365681,0,8128426,5,545179,351,8651,114,1857,283,0516
16,8379325866699,Right,1,368232,0,8111048,5,548718,352,0885,113,4259,283,2026
16,8518753051758,Right,1,370643,0,8095233,5,551652,352,3615,112,783,283,3431
16,8657264709473,Right,1,371494,0,8087345,5,55294,352,472,112,4925,283,4905
16,8796215057373,Right,1,373327,0,8071542,5,556183,352,6034,111,7811,283,682
16,8935585021973,Right,1,374729,0,8060377,5,558223,352,7175,111,3153,283,7437
16,9074382781982,Right,1,375752,0,8051687,5,559766,352,8335,110,9554,283,8102
16,9214878082275,Right,1,376907,0,8037509,5,562081,352,9818,110,4206,283,923
16,9352073669434,Right,1,377321,0,8032365,5,562795,353,0357,110,2407,284,0371
16,9573822021484,Right,1,37777,0,8020295,5,564466,353,1388,109,897,284,3452
16,962818145752,Right,1,378456,0,8016479,5,565356,353,2029,109,6861,284,3464
16,9767551422119,Right,1,378661,0,8006035,5,566935,353,2971,109,3355,284,5325
16,9908657073975,Right,1,379193,0,7997684,5,568501,353,3882,108,933,284,6094
17,0045471191406,Right,1,379065,0,7997008,5,568405,353,4416,108,9018,284,5244
17,0184001922607,Right,1,379372,0,798934,5,569677,353,5634,108,5605,284,4947
17,032299041748,Right,1,379419,0,7984848,5,570217,353,6229,108,3938,284,4327
17,0463027954102,Right,1,379555,0,7981693,5,570714,353,6443,108,2735,284,448
17,0601100921631,Right,1,379396,0,7980884,5,570687,353,6591,108,2515,284,4423
17,0739917755127,Right,1,379142,0,7983581,5,570167,353,6219,108,3729,284,4529
17,0879745483398,Right,1,378842,0,7985358,5,569882,353,5744,108,4039,284,5364
17,109395980835,Right,1,378559,0,7989513,5,569307,353,4897,108,5404,284,5573
17,115743637085,Right,1,378629,0,7988968,5,569383,353,5016,108,5158,284,5547
17,1295738220215,Right,1,378515,0,7990723,5,569164,353,4858,108,557,284,5547
17,1437644958496,Right,1,378496,0,799104,5,569149,353,4929,108,55,284,5551
17,1573486328125,Right,1,378386,0,7991964,5,569096,353,4269,108,5368,284,5626
17,1712532043457,Right,1,378186,0,7994796,5,56879,353,3195,108,5575,284,575
17,1852836608887,Right,1,37784,0,8000241,5,567875,353,1912,108,7421,284,5171
17,1990127563477,Right,1,37739,0,8009114,5,566331,352,9958,109,0634,284,4195
17,2128620147705,Right,1,376253,0,8023852,5,563551,352,6403,109,7606,284,3027
17,22678565979,Right,1,375723,0,8031154,5,562325,352,455,110,0784,284,2366
17,2407360076904,Right,1,374599,0,8053848,5,559112,351,9135,110,9301,283,9023
17,2624034881592,Right,1,37329,0,8076593,5,555893,351,4751,111,7986,283,2323
17,2684116363525,Right,1,371807,0,8060137,5,556209,351,2459,112,2354,282,9956
17,2825336456299,Right,1,371428,0,8105276,5,552068,350,8391,112,7844,282,5876
17,2962093353271,Right,1,370669,0,8117882,5,550961,350,5284,113,0297,282,3395
17,310094833374,Right,1,369289,0,8143915,5,548497,349,9125,113,5805,281,8995
17,3239936828613,Right,1,36877,0,815077,5,54796,349,7546,113,6862,281,7868
17,3379192352295,Right,1,367403,0,8176976,5,545577,349,2919,114,2001,281,4166
17,3518695831299,Right,1,366142,0,8195373,5,543884,348,9993,114,6075,281,2352
17,3658294677734,Right,1,365474,0,8204248,5,543272,348,8461,114,7651,281,2053
17,3796100616455,Right,1,364088,0,8227581,5,541437,348,368,115,2375,281,0598
17,3935432434082,Right,1,363145,0,824037,5,54072,348,1049,115,435,281,1528
17,4150543212891,Right,1,362501,0,8248438,5,540524,348,0426,115,356,281,3187
17,4212131500244,Right,1,362304,0,8251534,5,540186,347,9586,115,482,281,3002
17,4351634979248,Right,1,361334,0,8265817,5,539179,347,746,115,646,281,3102
17,4490013122559,Right,1,360538,0,8275182,5,53862,347,6769,115,6969,281,3485
17,4628944396973,Right,1,360159,0,8278126,5,538294,347,7473,115,7238,281,3943
17,4768581390381,Right,1,360197,0,8275803,5,538647,347,7624,115,6003,281,3539
17,4907341003418,Right,1,359935,0,8279212,5,538181,347,6861,115,7438,281,2966
17,5048637390137,Right,1,35988,0,8277802,5,538153,347,7267,115,786,281,2602
17,5185165405273,Right,1,360058,0,8272418,5,538248,347,8733,115,8046,281,2243
17,5324306488037,Right,1,360285,0,8268062,5,538567,347,9458,115,7058,281,2502
17,5463848114014,Right,1,360298,0,8267888,5,538537,347,96,115,7064,281,2393
17,5677890777588,Right,1,360342,0,8265117,5,538474,348,021,115,7012,281,2383
17,5739803314209,Right,1,360358,0,8265759,5,538505,348,0046,115,6934,281,2356
17,5879650115967,Right,1,360365,0,8261945,5,538416,348,1364,115,6659,281,2864
17,6018047332764,Right,1,360463,0,8256033,5,538613,348,3358,115,5557,281,4496
17,615686416626,Right,1,36069,0,8250536,5,538771,348,4932,115,5489,281,6505
17,629581451416,Right,1,361,0,8243127,5,539066,348,6653,115,5778,282,0204
17,6434593200684,Right,1,361157,0,8242439,5,539041,348,6143,115,7327,282,1892
17,6573925018311,Right,1,361068,0,8246762,5,538977,348,5399,115,6945,281,9795
17,6712970733643,Right,1,360921,0,8248749,5,538917,348,536,115,7493,281,8795
17,6851768493652,Right,1,36108,0,8246639,5,538977,348,5548,115,7568,281,8193
17,6991672515869,Right,1,361132,0,8245801,5,53914,348,5991,115,7206,281,7306
17,720552444458,Right,1,361436,0,8242625,5,539698,348,6471,115,5472,281,7205
17,7268199920654,Right,1,369431,0,8215545,5,536636,348,6493,115,4867,281,7487
17,7407035827637,Right,1,361652,0,8240312,5,540269,348,6554,115,3844,281,8161
17,754602432251,Right,1,361754,0,8239964,5,540394,348,6609,115,3385,281,8491
17,7685070037842,Right,1,361996,0,8237696,5,54084,348,6717,115,236,281,9786
17,7823600769043,Right,1,362177,0,8237026,5,541066,348,6786,115,1748,282,0378
17,7962951660156,Right,1,362309,0,8235725,5,541261,348,6836,115,1188,282,0725
17,8102207183838,Right,1,362556,0,8233011,5,541514,348,7054,115,0585,282,1422
17,824031829834,Right,1,36262,0,8232333,5,541538,348,7278,115,0586,282,1567
17,8380069732666,Right,1,36279,0,8228526,5,541775,348,7823,115,0171,282,2231
17,8518829345703,Right,1,362958,0,8224605,5,542005,348,8245,114,9404,282,2928
17,8739395141602,Right,1,363401,0,8213947,5,542234,349,0077,114,8699,282,4432
17,8795585632324,Right,1,363089,0,8248481,5,548082,349,0077,114,8699,282,4432
17,8934631347656,Right,1,363845,0,820253,5,542501,349,2151,114,7518,282,6607
17,9073848724365,Right,1,36412,0,8193645,5,542799,349,3606,114,6178,282,8627
17,9212799072266,Right,1,364455,0,818395,5,543132,349,5118,114,4375,283,1056
17,9351768493652,Right,1,364619,0,8179922,5,543216,349,5791,114,3612,283,1793
17,9490585327148,Right,1,365077,0,8166354,5,543313,349,8023,114,2447,283,3362
17,962963104248,Right,1,365186,0,8161782,5,543165,349,8719,114,2438,283,3228
17,9768466949463,Right,1,365289,0,8158041,5,542985,349,9292,114,2509,283,2574
17,9906978607178,Right,1,365467,0,8150983,5,542744,350,0485,114,2737,283,1678
18,0047740936279,Right,1,365699,0,8142068,5,542589,350,2069,114,2536,283,1489
18,0261421203613,Right,1,366713,0,8105204,5,541645,350,8414,114,2529,283,1403
18,0324363708496,Right,1,366505,0,8113307,5,541905,350,6982,114,2249,283,1267
18,0463600158691,Right,1,367164,0,8091392,5,541017,351,0623,114,3365,283,1667
18,0602188110352,Right,1,367896,0,8062877,5,539541,351,5749,114,5798,283,1738
18,0740776062012,Right,1,367973,0,8057175,5,539273,351,6965,114,6356,283,1721
18,0880069732666,Right,1,368782,0,8028188,5,537418,352,3327,114,9676,283,1095
18,1019191741943,Right,1,369416,0,8003995,5,535828,352,8891,115,3184,283,0352
18,1158447265625,Right,1,369612,0,7989648,5,534683,353,2375,115,6111,282,9572
18,1296463012695,Right,1,370205,0,7964353,5,532555,353,7799,116,0739,282,8732
18,1436347961426,Right,1,370157,0,7947923,5,530641,354,0222,116,5837,282,7245
18,1575889587402,Right,1,370394,0,793402,5,529067,354,3311,117,0503,282,6714
18,1788444519043,Right,1,36986,0,7910899,5,526843,354,7354,117,534,282,4758
18,1853008270264,Right,1,370131,0,7902334,5,526076,354,93,117,7268,282,4562
18,1991844177246,Right,1,370162,0,7878609,5,523874,355,3776,118,161,282,4408
18,2130489349365,Right,1,369896,0,7862954,5,522476,355,6661,118,4601,282,4585
18,2268943786621,Right,1,369702,0,7854733,5,521845,355,8095,118,5178,282,4305
18,2408313751221,Right,1,369648,0,7837087,5,520368,356,1698,118,7432,282,3681
18,2547264099121,Right,1,369536,0,7832934,5,520198,356,3164,118,6727,282,2676
18,2686138153076,Right,1,369427,0,7817928,5,518917,356,6587,118,7999,282,1308
18,2825145721436,Right,1,369326,0,7808338,5,518144,356,8225,118,8016,282,0001
18,2964649200439,Right,1,36916,0,780755,5,51806,356,8203,118,7262,281,9122
18,3104209899902,Right,1,369052,0,7805158,5,517843,356,8221,118,6198,281,8576
18,3318176269531,Right,1,368887,0,7809752,5,51821,356,6852,118,5941,282,0226
18,3380470275879,Right,1,373346,0,7793483,5,520181,356,6817,118,6043,282,034
18,3525047302246,Right,1,368667,0,7812082,5,518047,356,6656,118,6177,282,0408
18,3664112091064,Right,1,368585,0,7813094,5,517962,356,6153,118,6767,282,0792
18,3797130584717,Right,1,368415,0,781387,5,517599,356,5996,118,7884,282,1078
18,393533706665,Right,1,368161,0,7815889,5,517512,356,5898,118,7816,282,0972
18,4074993133545,Right,1,368073,0,7816848,5,517433,356,5605,118,7851,282,0474
18,4213695526123,Right,1,367839,0,7817498,5,517086,356,5364,118,7998,281,9834
18,4352493286133,Right,1,36775,0,7817874,5,516972,356,5277,118,8148,281,9627
18,4491024017334,Right,1,367399,0,7821281,5,516354,356,4991,118,9319,281,8267
18,4632663726807,Right,1,367252,0,7821387,5,516232,356,4864,118,9621,281,7783
18,4845275878906,Right,1,367188,0,7820709,5,516031,356,4858,118,9902,281,812
18,4908580780029,Right,1,367239,0,7820749,5,51615,356,4868,118,9669,281,7864
18,5049667358398,Right,1,367178,0,7820138,5,515921,356,4914,119,0185,281,8716
18,5188484191895,Right,1,367091,0,7818592,5,515729,356,5045,119,0636,281,9388
18,5325164794922,Right,1,367022,0,7818087,5,515676,356,4982,119,0596,281,9368
18,5464839935303,Right,1,367002,0,7815936,5,515571,356,5455,119,0789,281,9521
18,5603008270264,Right,1,366912,0,7811164,5,515322,356,6477,119,1236,281,9787
18,5742359161377,Right,1,366827,0,7809423,5,515222,356,6751,119,1484,281,9836
18,5881042480469,Right,1,366772,0,7806047,5,514987,356,7259,119,1967,281,9856
18,602180480957,Right,1,366588,0,7800506,5,514639,356,7921,119,2873,281,9471
18,616003036499,Right,1,366545,0,7799,5,514569,356,8139,119,3018,281,9381
18,6297912597656,Right,1,366369,0,7792055,5,514212,356,9192,119,3865,281,9291
18,6436805725098,Right,1,366158,0,7787366,5,513831,356,978,119,4433,281,951
18,6576690673828,Right,1,366049,0,7784765,5,513536,356,9903,119,477,281,9713
18,671745300293,Right,1,36582,0,7779964,5,513034,357,0168,119,5515,282,004
18,6854419708252,Right,1,36569,0,7775947,5,512704,357,1039,119,6107,282,0129
18,6992588043213,Right,1,365361,0,7767608,5,512058,357,2909,119,6974,282,0083
18,7131023406982,Right,1,365165,0,7762797,5,511621,357,3683,119,7502,282,0039
18,7269840240479,Right,1,365108,0,7760513,5,511376,357,3931,119,7823,282,0121
18,7409477233887,Right,1,364968,0,7752304,5,510556,357,5002,119,9155,282,1116
18,754997253418,Right,1,364768,0,7747426,5,50998,357,62,120,044,282,1585
18,7687931060791,Right,1,364339,0,7737206,5,508887,357,8816,120,272,282,2103
18,7825908660889,Right,1,363979,0,772922,5,508148,358,118,120,4059,282,2172
18,7966117858887,Right,1,363826,0,7728267,5,507946,358,1438,120,4505,282,1821
18,8104343414307,Right,1,363623,0,772357,5,507054,358,2373,120,6517,282,1299
18,82448387146,Right,1,363437,0,7721164,5,506825,358,2937,120,7325,282,1423
18,8382949829102,Right,1,363127,0,7715766,5,506207,358,4406,120,9064,282,1872
18,8520927429199,Right,1,362777,0,7710782,5,505762,358,6013,121,0344,282,2356
18,866060256958,Right,1,362599,0,7709615,5,505641,358,6481,121,0729,282,2365
18,8798637390137,Right,1,362383,0,770658,5,505322,358,7423,121,1246,282,2075
18,8937721252441,Right,1,362202,0,7702485,5,504972,358,834,121,1775,282,2057
18,9077491760254,Right,1,362053,0,7699091,5,504643,358,9169,121,2411,282,2149
18,9216632843018,Right,1,361736,0,7693396,5,504078,359,0479,121,3762,282,2419
18,9354858398438,Right,1,361523,0,7689819,5,503699,359,1266,121,4845,282,2729
18,9494228363037,Right,1,361048,0,767477,5,502137,359,5339,121,8802,282,3539
18,9632587432861,Right,1,360502,0,7660647,5,501107,0,02670775,122,1636,282,3943
18,9773063659668,Right,1,36048,0,7641714,5,499895,0,7606817,122,3946,282,3615
18,9910850524902,Right,1,360482,0,7613977,5,498059,1,796045,122,8899,282,3683
19,004976272583,Right,1,360227,0,7603806,5,497498,2,155777,123,0975,282,4012
19,0188636779785,Right,1,360313,0,7572625,5,495384,3,161663,123,633,282,4944
19,0327320098877,Right,1,360087,0,7546712,5,494016,4,053853,123,9807,282,5022
19,0466804504395,Right,1,360063,0,7525425,5,493287,4,826697,124,0889,282,4823
19,0605278015137,Right,1,360002,0,7480319,5,491877,6,44594,124,2708,282,3266
19,0746746063232,Right,1,359763,0,7472566,5,491488,6,722306,124,409,282,3603
19,0886554718018,Right,1,359589,0,7436278,5,49022,7,907003,124,5411,282,1977
19,1022281646729,Right,1,359219,0,7416222,5,489708,8,3727,124,6153,282,1478
19,1161155700684,Right,1,359015,0,7411435,5,490004,8,309407,124,4704,282,2231
19,1298923492432,Right,1,358768,0,7394428,5,490035,8,530319,124,3327,282,3983
19,1437873840332,Right,1,358448,0,7395619,5,490743,8,099507,124,0932,282,6884
19,1576976776123,Right,1,358297,0,7404339,5,491309,7,64957,123,9344,282,7761
19,1718826293945,Right,1,358452,0,74267,5,491977,6,994136,123,8044,282,6913
19,1854934692383,Right,1,358479,0,7427676,5,491976,6,962856,123,7973,282,6726
19,1993427276611,Right,1,35815,0,743281,5,492507,6,651608,123,6215,282,5746
19,2132511138916,Right,1,357684,0,7438881,5,493093,6,148438,123,3662,282,4229
19,2273273468018,Right,1,357553,0,7442778,5,493134,6,037724,123,3562,282,3309
19,2410755157471,Right,1,357074,0,7453104,5,492932,5,724907,123,5541,282,014
19,2550525665283,Right,1,357022,0,7453499,5,492916,5,666141,123,5995,282,0211
19,2691173553467,Right,1,356586,0,7458684,5,492794,5,503757,123,8196,281,9736
19,2828788757324,Right,1,356423,0,7458054,5,492834,5,535465,123,8438,282,0598
19,296760559082,Right,1,356299,0,7457512,5,492888,5,544338,123,8486,282,1504
19,3106708526611,Right,1,356094,0,7458279,5,49292,5,494005,123,8705,282,2304
19,3245010375977,Right,1,355843,0,7460275,5,492894,5,420651,123,9237,282,2664
19,3382987976074,Right,1,355399,0,7463166,5,49287,5,331475,123,9884,282,3101
19,3524055480957,Right,1,354738,0,7466815,5,492803,5,126877,124,1028,282,3176
19,3661327362061,Right,1,354485,0,7467655,5,492796,5,061222,124,1217,282,3211
19,3800678253174,Right,1,353826,0,7469442,5,492634,4,915993,124,2004,282,3306
19,3939399719238,Right,1,353628,0,7469524,5,492544,4,89032,124,2368,282,3419
19,4078521728516,Right,1,352819,0,7471384,5,492047,4,746939,124,4083,282,3878
19,4217910766602,Right,1,352079,0,7474289,5,491514,4,603443,124,5806,282,3994
19,4357395172119,Right,1,351523,0,7475778,5,491076,4,521614,124,7177,282,4146
19,4495239257813,Right,1,350745,0,7477378,5,490292,4,424317,124,9144,282,4326
19,4634304046631,Right,1,350295,0,7477711,5,489803,4,390039,125,0378,282,4406
19,4772796630859,Right,1,349741,0,747799,5,489083,4,359015,125,2136,282,4816
19,4914245605469,Right,1,349101,0,7478256,5,488243,4,321826,125,4242,282,5209
19,5052452087402,Right,1,348819,0,7478455,5,487844,4,295461,125,5353,282,5502
19,5191555023193,Right,1,347958,0,7478194,5,486682,4,256739,125,8379,282,6269
19,533073425293,Right,1,347597,0,7478375,5,486352,4,240842,125,9349,282,6553
19,5468978881836,Right,1,347161,0,7478559,5,485857,4,212276,126,0853,282,6875
19,560661315918,Right,1,346782,0,7478804,5,485516,4,209009,126,1842,282,688
19,5744743347168,Right,1,346634,0,7478898,5,485532,4,209009,126,1842,282,688
19,5883617401123,Right,1,346318,0,7478778,5,485429,4,209704,126,1843,282,6894
19,6022052764893,Right,1,346083,0,7478227,5,485279,4,237195,126,2461,282,6715
19,6163291931152,Right,1,345907,0,7477149,5,485211,4,254842,126,2813,282,6861
19,6300582885742,Right,1,345568,0,7474396,5,485041,4,305828,126,3576,282,7532
19,6439323425293,Right,1,345381,0,7473265,5,485011,4,334682,126,3934,282,8106
19,6578426361084,Right,1,345207,0,7470405,5,484968,4,377492,126,44,282,9005
19,671781539917,Right,1,345014,0,7467477,5,485102,4,444089,126,4651,283,0299
19,6860675811768,Right,1,344987,0,7465922,5,485368,4,494455,126,4365,283,102
19,6995544433594,Right,1,345009,0,746403,5,485768,4,541836,126,379,283,1647
19,713436126709,Right,1,345132,0,7463078,5,486304,4,604159,126,2714,283,22
19,7274322509766,Right,1,345273,0,7463039,5,487031,4,636383,126,1331,283,2653
19,7415084838867,Right,1,345618,0,746583,5,488513,4,607652,125,8368,283,3588
19,7552318572998,Right,1,346192,0,7481967,5,491067,4,11791,125,2645,283,4588
19,7690258026123,Right,1,34665,0,7505347,5,494107,3,4068,124,5325,283,4809
19,7829036712646,Right,1,34724,0,7559919,5,498187,1,651794,123,3108,283,0919
19,7967910766602,Right,1,347439,0,758417,5,500108,0,8297604,122,7891,282,9662
19,8106536865234,Right,1,346736,0,7687472,5,507259,357,2713,120,8412,282,4727
19,8245296478271,Right,1,347621,0,7722675,5,508915,355,9337,120,2408,282,3143
19,8385124206543,Right,1,345448,0,7854979,5,516667,351,6721,118,4211,281,364
19,8523368835449,Right,1,344651,0,794265,5,521486,349,015,117,2383,280,4653
19,8663158416748,Right,1,343873,0,7992657,5,524659,347,7672,116,4158,279,618
19,8802394866943,Right,1,341579,0,8083571,5,5308,345,6695,114,9594,277,9799
19,894079208374,Right,1,342155,0,8102923,5,531998,345,174,114,6308,277,5409
19,9079399108887,Right,1,339934,0,8174301,5,536576,344,1613,113,5977,275,7676
19,9218139648438,Right,1,339079,0,8216549,5,539415,343,6772,113,0161,274,5129
19,9357299804688,Right,1,338828,0,8226939,5,539983,343,5254,113,1234,274,3888
19,9495887756348,Right,1,337596,0,8274384,5,543031,342,5081,112,7273,273,9024
19,9635219573975,Right,1,337061,0,8294182,5,544594,342,1087,112,7016,274,1862
19,9775199890137,Right,1,336513,0,8310019,5,545821,341,7908,112,6272,274,3156
19,9913711547852,Right,1,336016,0,8324701,5,547267,341,5814,112,6392,274,6506
20,0052013397217,Right,1,335565,0,8343735,5,548468,341,162,112,4597,274,5043
20,0190410614014,Right,1,335377,0,8347839,5,549152,341,2498,112,4939,274,5422
20,0329093933105,Right,1,334628,0,8365602,5,550515,341,032,112,3226,274,3188
20,0468139648438,Right,1,334675,0,8360062,5,550364,341,4685,112,2331,273,888
20,060718536377,Right,1,333728,0,837322,5,551577,341,3723,111,9013,273,2155
20,074556350708,Right,1,333558,0,8378206,5,552117,341,2525,111,7531,272,9209
20,0884876251221,Right,1,332134,0,8394769,5,553083,341,2118,111,0478,271,3135
20,1023902893066,Right,1,33179,0,8400171,5,553944,341,5165,110,4017,269,8831
20,1162300109863,Right,1,331664,0,8401024,5,554368,341,7401,110,0284,269,1119
20,1301403045654,Right,1,330765,0,8408549,5,555006,342,0009,109,1914,267,5
20,1442012786865,Right,1,331005,0,8406485,5,555399,341,9703,108,9968,267,1407
20,1580181121826,Right,1,330224,0,841562,5,555538,341,9636,108,5325,266,1946
20,1717796325684,Right,1,32988,0,8420776,5,555782,341,9927,108,2676,265,5075
20,1857471466064,Right,1,330006,0,8418425,5,555426,342,0274,108,3474,265,4745
20,1996173858643,Right,1,329715,0,84207,5,554555,342,1036,108,436,265,1487
20,2135028839111,Right,1,329563,0,8422015,5,554013,342,1523,108,5094,264,7858
20,2273769378662,Right,1,329373,0,8423184,5,553308,342,0971,108,6929,264,6412
20,2413005828857,Right,1,329142,0,8426447,5,552229,342,0344,108,9362,264,3207
20,2553234100342,Right,1,329321,0,8424073,5,551543,342,0913,109,1484,264,2954
20,2690315246582,Right,1,329439,0,8421634,5,550204,342,2343,109,4757,264,191
20,2829170227051,Right,1,329501,0,8416992,5,54958,342,3481,109,6443,264,2145
20,2969379425049,Right,1,32989,0,8409241,5,549813,342,4213,109,7128,264,7721
20,3106536865234,Right,1,33032,0,8399999,5,549014,342,6526,109,9644,265,1869
20,3246059417725,Right,1,330162,0,8395758,5,548166,342,7343,110,1947,265,4491
20,3385448455811,Right,1,330257,0,8388125,5,547278,342,7805,110,4767,265,7932
20,3524875640869,Right,1,330375,0,8377016,5,54634,342,897,110,6469,266,1708
20,3664722442627,Right,1,330661,0,8367665,5,545787,343,1992,110,7095,266,3047
20,3801155090332,Right,1,33084,0,8356649,5,545145,343,4523,110,7928,266,4702
20,3940048217773,Right,1,330746,0,8355721,5,545091,343,4484,110,803,266,4628
20,4079074859619,Right,1,331106,0,8341637,5,54426,343,6363,110,9896,266,7524
20,4216804504395,Right,1,331426,0,8330064,5,54358,343,9776,111,1575,267,0307
20,4355926513672,Right,1,331592,0,8324834,5,54317,344,2141,111,2731,267,1116
20,4497108459473,Right,1,332136,0,8312467,5,542253,344,5925,111,5317,267,3366
20,4635925292969,Right,1,332255,0,8305466,5,541629,344,7635,111,7445,267,544
20,4772891998291,Right,1,332389,0,8303653,5,541016,344,8443,111,9375,267,5362
20,4912166595459,Right,1,332656,0,8299554,5,539966,345,0661,112,2067,267,351
20,5053806304932,Right,1,332787,0,8295838,5,539648,345,2458,112,241,267,1738
20,5190448760986,Right,1,333069,0,8289402,5,538673,345,5305,112,4459,267,0033
20,5332717895508,Right,1,332651,0,8294408,5,538782,345,2647,112,4326,266,8357
20,5468311309814,Right,1,332382,0,8297064,5,538882,345,1158,112,3946,266,7265
20,5605888366699,Right,1,332548,0,829365,5,538452,345,2148,112,3835,266,5005
20,5744514465332,Right,1,332629,0,829329,5,538459,345,2186,112,3809,266,5152
20,5883693695068,Right,1,332941,0,8284714,5,537936,345,5013,112,4128,266,4287
20,6023654937744,Right,1,333228,0,8277156,5,537711,345,6715,112,4253,266,5168
20,6161289215088,Right,1,333392,0,8273184,5,537499,345,7563,112,4749,266,6013
20,6300525665283,Right,1,333649,0,8266725,5,537105,345,9006,112,5677,266,7432
20,6439266204834,Right,1,333613,0,826477,5,536954,345,9263,112,6106,266,7698
20,6578502655029,Right,1,333725,0,8256912,5,536447,346,0744,112,7278,266,7777
20,6717166900635,Right,1,333749,0,8254033,5,536235,346,1563,112,7346,266,7217
20,6856594085693,Right,1,333806,0,8250881,5,536037,346,218,112,7591,266,6461
20,6995258331299,Right,1,334039,0,8246027,5,535677,346,3541,112,786,266,5769
20,7134265899658,Right,1,334129,0,8241932,5,535497,346,4597,112,8107,266,5606
20,7272968292236,Right,1,33434,0,8239133,5,535321,346,5195,112,8403,266,5609
20,7411918640137,Right,1,334658,0,8235009,5,535048,346,6109,112,9013,266,5892
20,7553939819336,Right,1,33474,0,8233216,5,534929,346,6606,112,9362,266,6133
20,769006729126,Right,1,335058,0,82277,5,534658,346,8232,112,9834,266,6912
20,7828273773193,Right,1,335173,0,822495,5,534516,346,9186,112,9952,266,7133
20,7967128753662,Right,1,335388,0,8221435,5,53437,347,0447,113,0151,266,7334
20,8106575012207,Right,1,335702,0,82169,5,53424,347,2016,113,0095,266,7682
20,8244915008545,Right,1,335772,0,8214878,5,534197,347,2802,113,0093,266,7839
20,8387870788574,Right,1,336215,0,8207325,5,53397,347,5235,113,0489,266,8617
20,8523559570313,Right,1,336187,0,820585,5,533869,347,5312,113,1037,266,904
20,866174697876,Right,1,336269,0,8204304,5,53376,347,5565,113,145,266,9344
20,8801651000977,Right,1,336508,0,8197951,5,533547,347,7073,113,2247,267,0047
20,8940334320068,Right,1,336724,0,8189695,5,533286,348,0235,113,3162,267,0638
20,9080429077148,Right,1,337072,0,8183221,5,533067,348,2338,113,3621,267,1031
20,9217662811279,Right,1,337013,0,8178,5,532956,348,3602,113,3788,267,1473
20,9355869293213,Right,1,337089,0,8175823,5,532869,348,3961,113,3917,267,1752
20,9494476318359,Right,1,337293,0,8170247,5,532667,348,4835,113,4276,267,2568
20,9633293151855,Right,1,337638,0,816296,5,53222,348,687,113,5312,267,3098
20,9774150848389,Right,1,337726,0,8160078,5,532044,348,7552,113,5608,267,3018
20,9914169311523,Right,1,338493,0,8144451,5,531252,349,1933,113,6962,267,3156
21,0055255889893,Right,1,338735,0,8137709,5,530961,349,4066,113,7602,267,3534
21,0189304351807,Right,1,339249,0,812543,5,530258,349,754,113,9198,267,4537
21,0327243804932,Right,1,339297,0,8120012,5,529921,349,9033,114,0057,267,4904
21,0465812683105,Right,1,339477,0,8114038,5,52949,350,0667,114,0956,267,5094
21,0606307983398,Right,1,339857,0,8099276,5,528235,350,5687,114,4567,267,497
21,0744457244873,Right,1,339661,0,8100441,5,528296,350,5248,114,4247,267,4632
21,0883502960205,Right,1,339632,0,8098459,5,527806,350,5554,114,5128,267,3383
21,1022548675537,Right,1,339703,0,8093008,5,527385,350,6921,114,595,267,2736
21,1161766052246,Right,1,339786,0,8089565,5,527127,350,8206,114,6458,267,2664
21,130090713501,Right,1,339881,0,8080603,5,526412,351,1889,114,7934,267,271
21,1438961029053,Right,1,339739,0,8080297,5,526438,351,2007,114,7986,267,2813
21,1577930450439,Right,1,339749,0,8076621,5,526103,351,336,114,8623,267,3399
21,1718864440918,Right,1,339702,0,8075346,5,525895,351,3853,114,9114,267,3781
21,1856079101563,Right,1,339648,0,8075383,5,525821,351,3852,114,9114,267,378
21,1994380950928,Right,1,339572,0,8075735,5,525636,351,3765,114,9097,267,3746
21,213399887085,Right,1,33957,0,8075059,5,525381,351,4211,114,9837,267,3438
21,2273025512695,Right,1,339559,0,8074086,5,525218,351,4693,115,0189,267,3309
21,2411918640137,Right,1,339523,0,8073273,5,525094,351,4883,115,0363,267,3238
21,2550296783447,Right,1,339538,0,80731,5,525041,351,5121,115,0384,267,314
21,2688941955566,Right,1,339555,0,8071899,5,524769,351,5974,115,1006,267,2955
21,2830638885498,Right,1,339462,0,8071946,5,524754,351,5929,115,0979,267,2925
21,2967338562012,Right,1,339445,0,8072027,5,524714,351,6275,115,1095,267,2925
21,310567855835,Right,1,339402,0,8071212,5,524639,351,6441,115,1151,267,2925
21,3244647979736,Right,1,339441,0,8070525,5,52459,351,6888,115,1279,267,2907
21,3384590148926,Right,1,339515,0,8067658,5,52453,351,8015,115,1308,267,2928
21,3523368835449,Right,1,339551,0,806556,5,524518,351,8579,115,1183,267,3032
21,3665504455566,Right,1,339616,0,8062586,5,524454,351,946,115,1134,267,3363
21,3876113891602,Right,1,339697,0,8058468,5,524388,352,0476,115,1053,267,3983
21,3939437866211,Right,1,339664,0,8059467,5,5244,352,0248,115,1058,267,3846
21,4078540802002,Right,1,339924,0,805403,5,5243,352,1672,115,1209,267,446
21,4220409393311,Right,1,339976,0,8051426,5,524251,352,2376,115,1219,267,4701
21,4356384277344,Right,1,340053,0,804984,5,524205,352,2711,115,1131,267,4786
21,4495220184326,Right,1,340223,0,8046632,5,52407,352,3445,115,115,267,4787
21,4633712768555,Right,1,340351,0,8043318,5,52393,352,4246,115,1251,267,4729
21,4772663116455,Right,1,340372,0,8042464,5,523901,352,41,115,1274,267,4745
21,4911689758301,Right,1,340516,0,8040258,5,523796,352,4858,115,1322,267,4628
21,5051078796387,Right,1,340588,0,803838,5,523738,352,5343,115,1435,267,4626
21,5190944671631,Right,1,340852,0,803235,5,52354,352,6967,115,1566,267,4795
21,5407314300537,Right,1,340973,0,802857,5,523428,352,777,115,162,267,4999
21,5468139648438,Right,1,334799,0,8060853,5,530717,352,7862,115,165,267,501
21,5606842041016,Right,1,341163,0,8024564,5,523307,352,8773,115,1885,267,5319
21,5745048522949,Right,1,341156,0,8023379,5,523282,352,9106,115,1948,267,5489
21,5883522033691,Right,1,341214,0,8020724,5,523194,352,9511,115,2025,267,5694
21,6023025512695,Right,1,341228,0,8019304,5,523145,352,9511,115,2025,267,5694
21,6162567138672,Right,1,341286,0,8016962,5,52307,353,0264,115,1981,267,5911
21,630090713501,Right,1,341272,0,801519,5,522998,353,0446,115,2037,267,6024
21,6439418792725,Right,1,341284,0,8014764,5,52296,353,0705,115,2039,267,6049
21,6578178405762,Right,1,341276,0,8013617,5,522841,353,1101,115,2042,267,6086
21,6718158721924,Right,1,341297,0,8012545,5,522675,353,1563,115,2375,267,6125
21,6934833526611,Right,1,341273,0,8012087,5,522533,353,1646,115,2554,267,612
21,6994667053223,Right,1,33726,0,8082026,5,521693,353,1656,115,2627,267,6095
21,7133522033691,Right,1,341335,0,8011446,5,522225,353,2264,115,3258,267,5954
21,7271900177002,Right,1,341333,0,8010978,5,52213,353,2571,115,3433,267,5886
21,7412796020508,Right,1,341346,0,8010108,5,521953,353,286,115,3596,267,5835
21,7551021575928,Right,1,34139,0,8009791,5,521907,353,3123,115,3793,267,5868
21,7689170837402,Right,1,341433,0,8008142,5,521771,353,4089,115,445,267,6088
21,7832469940186,Right,1,341352,0,8008038,5,521811,353,418,115,4497,267,6144
21,7968063354492,Right,1,341342,0,800808,5,521806,353,4155,115,4483,267,6116
21,810489654541,Right,1,341328,0,8008153,5,521803,353,4155,115,4495,267,6113
21,8244400024414,Right,1,341308,0,8008386,5,521812,353,4148,115,4466,267,6084
21,8459892272949,Right,1,341292,0,8008443,5,521839,353,4187,115,4463,267,6093
21,8523540496826,Right,1,341283,0,8008558,5,521839,353,4192,115,4412,267,61
21,8661136627197,Right,1,3413,0,8008217,5,521836,353,4312,115,4146,267,6059
21,8799495697021,Right,1,341308,0,8008246,5,521806,353,4312,115,4146,267,6059
21,8938541412354,Right,1,341312,0,8008279,5,521777,353,4385,115,4304,267,6512
21,9077472686768,Right,1,341291,0,800866,5,521749,353,4384,115,4304,267,6512
21,9216194152832,Right,1,341279,0,8008645,5,521721,353,4384,115,4304,267,6512
21,9355621337891,Right,1,341276,0,800859,5,52169,353,4385,115,4304,267,6512
21,9494495391846,Right,1,34127,0,8008412,5,521585,353,4385,115,4304,267,6512
21,9633541107178,Right,1,341273,0,800842,5,521505,353,4387,115,4336,267,6509
21,9774227142334,Right,1,341302,0,8008417,5,521432,353,4527,115,4678,267,6461
21,9988975524902,Right,1,341248,0,8007971,5,52131,353,4591,115,4897,267,64
22,0052814483643,Right,1,341274,0,8008037,5,521308,353,4615,115,5075,267,6501
22,018928527832,Right,1,341226,0,8007542,5,521298,353,4651,115,5314,267,6553
22,032886505127,Right,1,341187,0,8007174,5,521287,353,4651,115,5314,267,6553
22,04665184021,Right,1,341176,0,8007244,5,521275,353,4651,115,5314,267,6553
22,0605087280273,Right,1,341156,0,800742,5,521263,353,4651,115,5314,267,6553
22,0743980407715,Right,1,341148,0,8007411,5,521257,353,4651,115,5314,267,6553
22,0886154174805,Right,1,341126,0,8007088,5,521226,353,4651,115,5314,267,6553
22,1023101806641,Right,1,341098,0,8006601,5,521171,353,4651,115,5314,267,6553
22,116189956665,Right,1,341084,0,8006673,5,521155,353,4651,115,5314,267,6553
22,13010597229,Right,1,34109,0,8006957,5,521103,353,4933,115,5678,267,6298
22,1518516540527,Right,1,341033,0,8007048,5,521114,353,493,115,5685,267,6297
22,157735824585,Right,1,347565,0,8053502,5,522379,353,4935,115,5663,267,629
22,1716690063477,Right,1,341023,0,8006916,5,521142,353,4929,115,5685,267,6297
22,1855487823486,Right,1,341021,0,800683,5,521152,353,493,115,5685,267,6297
22,1994209289551,Right,1,341024,0,800674,5,521156,353,493,115,5686,267,6297
22,2133483886719,Right,1,341033,0,8006591,5,521142,353,493,115,5686,267,6297
22,227222442627,Right,1,341046,0,8006223,5,521117,353,493,115,5686,267,6297
22,2411727905273,Right,1,341066,0,8005587,5,521131,353,4929,115,5685,267,6297
22,2550373077393,Right,1,341085,0,8005314,5,521146,353,52,115,5698,267,6382
22,2689208984375,Right,1,341086,0,800473,5,521188,353,5465,115,571,267,6465
22,2828941345215,Right,1,341105,0,8003979,5,521177,353,5465,115,571,267,6466
22,3043422698975,Right,1,341165,0,8002825,5,521168,353,6077,115,5791,267,6259
22,3105850219727,Right,1,341124,0,8003401,5,521171,353,5905,115,5846,267,6288
22,324577331543,Right,1,341179,0,8002239,5,521184,353,5905,115,5846,267,6288
22,3383407592773,Right,1,341259,0,8000899,5,521187,353,6336,115,5803,267,6418
22,3524398803711,Right,1,341311,0,7999641,5,521186,353,6707,115,5888,267,66
22,3661270141602,Right,1,341302,0,7999457,5,521192,353,6707,115,5888,267,6599
22,3799514770508,Right,1,341315,0,7998924,5,521203,353,6707,115,5888,267,6599
22,3938293457031,Right,1,341341,0,7998478,5,521211,353,7079,115,6014,267,6895
22,4077129364014,Right,1,341352,0,7998043,5,521212,353,7079,115,6014,267,6895
22,4215660095215,Right,1,341391,0,7997481,5,521215,353,7079,115,6014,267,6895
22,4355430603027,Right,1,341402,0,7997446,5,521218,353,7309,115,6047,267,6954
22,4571056365967,Right,1,341344,0,7998025,5,521264,353,7499,115,6083,267,7019
22,4630317687988,Right,1,341355,0,7997866,5,521255,353,7493,115,6073,267,7001
22,4769439697266,Right,1,341343,0,7998182,5,521262,353,7493,115,6073,267,7001
22,4907093048096,Right,1,341369,0,7998056,5,52123,353,7493,115,6073,267,7001
22,5045680999756,Right,1,341383,0,7997935,5,521203,353,7493,115,6073,267,7001
22,5183486938477,Right,1,34142,0,799793,5,521126,353,7745,115,6321,267,7059
22,5322456359863,Right,1,341389,0,7998101,5,521113,353,7795,115,637,267,7071
22,5462951660156,Right,1,341412,0,7998168,5,521079,353,7955,115,6623,267,7169
22,5600700378418,Right,1,341395,0,7998868,5,521052,353,8048,115,6771,267,7227
22,5738105773926,Right,1,341398,0,7999077,5,521053,353,8048,115,6771,267,7227
22,5879650115967,Right,1,341401,0,8000283,5,521077,353,8048,115,6771,267,7227
22,609447479248,Right,1,341344,0,8002464,5,521228,353,8038,115,6675,267,7169
22,6155529022217,Right,1,341349,0,8002284,5,521213,353,8048,115,6771,267,7227
22,629415512085,Right,1,341312,0,8003255,5,521292,353,8048,115,6771,267,7227
22,6432628631592,Right,1,34132,0,8003231,5,521287,353,8048,115,6771,267,7227
22,6570987701416,Right,1,341302,0,8003131,5,521283,353,7883,115,6504,267,7105
22,6711120605469,Right,1,34133,0,8002822,5,521278,353,7816,115,6396,267,7056
22,6848793029785,Right,1,341327,0,8002663,5,521291,353,7838,115,6409,267,709
22,6988277435303,Right,1,341331,0,8002231,5,521315,353,7816,115,6396,267,7056
22,7126502990723,Right,1,341358,0,8001712,5,521324,353,809,115,65,267,7445
22,7265720367432,Right,1,341339,0,8001691,5,521294,353,809,115,65,267,7445
22,7405815124512,Right,1,341357,0,8001156,5,521223,353,8129,115,6498,267,7465
22,7543487548828,Right,1,341391,0,8000884,5,521202,353,838,115,6565,267,7474
22,7682132720947,Right,1,341449,0,80001,5,52116,353,8755,115,665,267,7511
22,7824630737305,Right,1,341522,0,7999293,5,52116,353,8997,115,6771,267,8049
22,7961864471436,Right,1,34148,0,7999606,5,521118,353,8997,115,6772,267,8049
22,8099040985107,Right,1,341382,0,8000305,5,521006,353,8997,115,6772,267,8049
22,8238258361816,Right,1,341295,0,8001511,5,520932,353,8997,115,6772,267,8049
22,8376903533936,Right,1,341267,0,8002259,5,520896,353,8838,115,6973,267,7675
22,8515777587891,Right,1,341238,0,8002471,5,520887,353,8791,115,7033,267,7564
22,8655452728271,Right,1,341222,0,80027,5,520882,353,8791,115,7033,267,7564
22,8793525695801,Right,1,341164,0,8003104,5,520833,353,8791,115,7033,267,7564
22,8932952880859,Right,1,341101,0,800329,5,520768,353,8791,115,7033,267,7564
22,9071388244629,Right,1,341068,0,8003322,5,520734,353,8784,115,7033,267,7567
22,9209804534912,Right,1,341031,0,8003287,5,520703,353,8791,115,7033,267,7564
22,934886932373,Right,1,341019,0,8003221,5,520692,353,8791,115,7033,267,7564
22,9488124847412,Right,1,34098,0,8002904,5,520646,353,8791,115,7033,267,7564
22,962703704834,Right,1,3409,0,8002725,5,520543,353,8791,115,7033,267,7564
22,9766254425049,Right,1,340873,0,8002391,5,520477,353,873,115,7266,267,781
22,9905090332031,Right,1,340794,0,8002106,5,520358,353,8699,115,7383,267,7934
23,0044841766357,Right,1,340781,0,8001765,5,520309,353,8699,115,7383,267,7934
23,0182857513428,Right,1,340766,0,8000754,5,520127,353,8986,115,7689,267,7834
23,0324020385742,Right,1,34068,0,7999782,5,519976,353,9088,115,7803,267,7806
23,0461463928223,Right,1,340685,0,7999624,5,51993,353,9202,115,8012,267,7793
23,0598907470703,Right,1,340599,0,7998895,5,519818,353,93,115,8175,267,778
23,0737857818604,Right,1,34061,0,7997669,5,519699,353,9736,115,8444,267,7919
23,0876560211182,Right,1,340583,0,7997071,5,519645,353,9737,115,8444,267,7919
23,1017150878906,Right,1,34058,0,799534,5,519493,353,9737,115,8444,267,7919
23,115421295166,Right,1,340606,0,7994637,5,519447,354,0092,115,8624,267,7992
23,1292934417725,Right,1,340594,0,7992871,5,519412,354,0799,115,8907,267,8171
23,1432151794434,Right,1,340551,0,7991925,5,519446,354,0908,115,8922,267,8236
23,1570777893066,Right,1,340583,0,7991074,5,519416,354,1207,115,8997,267,8464
23,1710166931152,Right,1,340552,0,7990133,5,519364,354,1362,115,903,267,858
23,1848945617676,Right,1,34055,0,7989937,5,519352,354,1362,115,903,267,858
23,1988792419434,Right,1,340555,0,7989142,5,519318,354,1362,115,903,267,858
23,2127380371094,Right,1,340599,0,798793,5,519294,354,1792,115,9254,267,8854
23,2265758514404,Right,1,340576,0,7987703,5,519295,354,179,115,925,267,8843
23,240514755249,Right,1,340572,0,798695,5,51929,354,1783,115,9259,267,8868
23,2543811798096,Right,1,340578,0,7986791,5,519297,354,1842,115,9301,267,8993
23,26828956604,Right,1,340557,0,7986549,5,51931,354,1908,115,9365,267,9184
23,2821350097656,Right,1,340571,0,7985948,5,519324,354,1908,115,9365,267,9184
23,2962493896484,Right,1,340582,0,7985582,5,519324,354,1996,115,9178,267,9113
23,3098812103271,Right,1,340637,0,7984571,5,519286,354,2048,115,9066,267,907
23,3240489959717,Right,1,340689,0,7983888,5,519244,354,2209,115,9449,267,9597
23,3376407623291,Right,1,340712,0,7983519,5,519217,354,2354,115,9653,267,9946
23,3515911102295,Right,1,340697,0,7983617,5,519215,354,2399,115,9715,268,0053
23,3653717041016,Right,1,340691,0,7983574,5,519227,354,2399,115,9716,268,0053
23,3792743682861,Right,1,340653,0,7983751,5,519304,354,2266,115,96,268,0571
23,3931922912598,Right,1,340552,0,7985697,5,519385,354,1853,115,9432,268,0873
23,4073486328125,Right,1,340483,0,7987038,5,519462,354,1616,115,9343,268,1253
23,4209728240967,Right,1,340325,0,7989696,5,519607,354,108,115,953,268,2378
23,434907913208,Right,1,340235,0,7991395,5,519618,354,0764,115,947,268,27
23,4487686157227,Right,1,339948,0,7996215,5,519709,353,9394,115,9839,268,4229
23,4626293182373,Right,1,339581,0,8002861,5,519666,353,7899,116,0512,268,5632
23,4765510559082,Right,1,339019,0,8012486,5,519666,353,54,116,1301,268,7011
23,4909229278564,Right,1,337165,0,8046224,5,519395,352,6432,116,3756,268,9635
23,5047912597656,Right,1,336544,0,8060143,5,519043,352,2552,116,5144,268,9424
23,5184898376465,Right,1,33476,0,8095503,5,518203,351,2442,116,907,268,772
23,5323963165283,Right,1,333342,0,8124888,5,5173,350,5255,117,2926,268,5612
23,5463562011719,Right,1,332682,0,8136463,5,516978,350,3816,117,3533,268,4709
23,5599708557129,Right,1,331375,0,8159583,5,5163,350,0474,117,5107,268,3489
23,5736083984375,Right,1,330463,0,8173834,5,515823,349,9008,117,5869,268,3376
23,5875244140625,Right,1,329702,0,8185796,5,515383,349,6864,117,7404,268,3477
23,6014366149902,Right,1,328479,0,8204002,5,514537,349,3321,118,023,268,4431
23,6153526306152,Right,1,327993,0,8210712,5,514228,349,214,118,1127,268,4367
23,6292495727539,Right,1,326912,0,8221269,5,513395,349,1016,118,2823,268,5031
23,6431198120117,Right,1,326174,0,8229257,5,512832,349,0542,118,3561,268,5092
23,657112121582,Right,1,326509,0,8219559,5,512857,349,3079,118,245,268,5678
23,6710681915283,Right,1,32666,0,821268,5,512748,349,5113,118,176,268,6175
23,6847724914551,Right,1,32666,0,8210317,5,512626,349,5709,118,1775,268,6596
23,6987209320068,Right,1,326526,0,820551,5,512103,349,6837,118,2071,268,7493
23,7125778198242,Right,1,326124,0,8201504,5,511079,349,8176,118,3433,268,7836
23,726505279541,Right,1,326039,0,8200158,5,510799,349,8554,118,3742,268,7851
23,7407169342041,Right,1,325674,0,8192225,5,509412,350,0353,118,5858,268,8118
23,754301071167,Right,1,325615,0,8190813,5,509304,350,0641,118,6015,268,8212
23,7681274414063,Right,1,325549,0,8177062,5,507627,350,3298,118,8746,268,8923
23,782018661499,Right,1,325324,0,8171744,5,507111,350,4268,118,9752,268,8955
23,7959499359131,Right,1,325396,0,8165925,5,506608,350,5138,119,0501,268,8864
23,8099231719971,Right,1,325574,0,8153878,5,505742,350,7069,119,1697,268,8594
23,8237648010254,Right,1,325667,0,8147429,5,505415,350,8347,119,221,268,8246
23,8378772735596,Right,1,325763,0,8144056,5,50543,350,8864,119,1802,268,7958
23,8514995574951,Right,1,326034,0,8137388,5,505311,350,9998,119,1681,268,7722
23,8654594421387,Right,1,326093,0,813592,5,505299,351,0253,119,1753,268,7641
23,8792591094971,Right,1,326376,0,8131003,5,505336,351,0757,119,1462,268,7579
23,8934555053711,Right,1,32655,0,8128388,5,505401,351,159,119,1243,268,7549
23,9070720672607,Right,1,326732,0,8125966,5,505489,351,2125,119,0925,268,7592
23,9209213256836,Right,1,326978,0,8122724,5,505765,351,2661,119,0306,268,7652
23,9348526000977,Right,1,327079,0,8121623,5,505856,351,2914,119,0098,268,7692
23,9487724304199,Right,1,327427,0,8117911,5,506379,351,3784,118,9063,268,7861
23,9627151489258,Right,1,327692,0,8116475,5,506803,351,4022,118,8125,268,7887
23,9765682220459,Right,1,327844,0,8115907,5,507081,351,4036,118,755,268,7969
23,9903411865234,Right,1,328182,0,811528,5,507758,351,4061,118,6208,268,7983
24,0044784545898,Right,1,3283,0,8115302,5,507963,351,403,118,5863,268,7981
24,0181827545166,Right,1,328488,0,811533,5,508579,351,3936,118,4897,268,8062
24,0322895050049,Right,1,328644,0,8115754,5,508922,351,3925,118,4778,268,8081
24,045919418335,Right,1,328663,0,8116136,5,509135,351,3444,118,4439,268,8292
24,0598011016846,Right,1,328774,0,8117508,5,509451,351,2599,118,41,268,8579
24,0736427307129,Right,1,328786,0,8119857,5,50968,351,1395,118,4368,268,8685
24,0875396728516,Right,1,328685,0,8123537,5,509763,350,9571,118,5045,268,8624
24,1014461517334,Right,1,328348,0,8133238,5,509544,350,5299,118,7295,268,7963
24,1154804229736,Right,1,328298,0,8135156,5,509352,350,4822,118,7956,268,7639
24,1292743682861,Right,1,327846,0,8143382,5,508496,350,2873,119,1154,268,5778
24,1431255340576,Right,1,327611,0,8146528,5,508113,350,2265,119,2453,268,5057
24,1570377349854,Right,1,327204,0,8151884,5,507576,350,0704,119,4687,268,4514
24,1709957122803,Right,1,326598,0,8160704,5,506703,349,8362,119,8287,268,3567
24,1848392486572,Right,1,325773,0,8170573,5,505747,349,5766,120,2347,268,1307
24,1986770629883,Right,1,324635,0,8183397,5,504312,349,3056,120,73,267,6501
24,2125835418701,Right,1,32371,0,8191009,5,503326,349,1282,121,0654,267,2396
24,2265033721924,Right,1,323173,0,8194728,5,502709,349,0773,121,2233,267,0043
24,2404327392578,Right,1,322221,0,8201918,5,501301,349,0065,121,6561,266,5798
24,2544002532959,Right,1,321978,0,8204262,5,500834,348,9651,121,8181,266,454
24,2682056427002,Right,1,320871,0,8213852,5,498705,348,8641,122,5138,265,8652
24,2820892333984,Right,1,319882,0,8220772,5,497251,348,7437,123,0423,265,375
24,2958869934082,Right,1,319355,0,8223372,5,496518,348,6923,123,2957,265,111
24,3097476959229,Right,1,318428,0,8229621,5,494795,348,6716,123,7355,264,5648
24,3240928649902,Right,1,317876,0,8230871,5,493844,348,7072,124,0102,264,2653
24,3376483917236,Right,1,317461,0,8233108,5,493062,348,6816,124,2568,264,0833
24,3513774871826,Right,1,31688,0,8235857,5,491944,348,6473,124,5443,263,8276
24,3652362823486,Right,1,316766,0,8234249,5,491563,348,692,124,6864,263,7888
24,3791580200195,Right,1,316319,0,8233726,5,490444,348,8204,124,9717,263,596
24,3930912017822,Right,1,316015,0,823202,5,490028,348,9059,125,0269,263,4668
24,4069957733154,Right,1,316123,0,8230036,5,490275,348,9542,124,8891,263,5231
24,4209842681885,Right,1,316444,0,822598,5,491013,349,0085,124,5921,263,6931
24,4347438812256,Right,1,316599,0,8224966,5,491218,349,0205,124,5019,263,755
24,4486503601074,Right,1,316856,0,8222604,5,491622,349,0516,124,3467,263,8841
24,4625186920166,Right,1,316942,0,8221279,5,491699,349,0742,124,2912,263,9454
24,4764289855957,Right,1,316923,0,8221059,5,491653,349,0742,124,2911,263,9454
24,4903526306152,Right,1,316873,0,8219631,5,491585,349,1225,124,2739,263,9891
24,5042285919189,Right,1,316863,0,8219445,5,49158,349,1279,124,274,263,9916
24,5180835723877,Right,1,316902,0,821629,5,491524,349,1609,124,2611,264,0175
24,5320224761963,Right,1,316998,0,8214029,5,491522,349,2238,124,2443,264,0479
24,5459327697754,Right,1,317049,0,8212748,5,491549,349,2509,124,2312,264,0572
24,5600414276123,Right,1,317161,0,8210599,5,491628,349,2694,124,2222,264,0635
24,5738506317139,Right,1,317186,0,8210219,5,491655,349,3057,124,186,264,0594
24,5875434875488,Right,1,317395,0,8207796,5,491874,349,3655,124,1128,264,0693
24,6019649505615,Right,1,317809,0,8204323,5,492274,349,4417,124,0002,264,1087
24,6161556243896,Right,1,317976,0,8203276,5,49245,349,4611,123,9399,264,1387
24,6295280456543,Right,1,318508,0,8199007,5,493069,349,565,123,7926,264,2202
24,6434783935547,Right,1,318793,0,8197508,5,493425,349,6048,123,6883,264,2626
24,6569766998291,Right,1,319058,0,8195733,5,493765,349,6575,123,597,264,3019
24,6707725524902,Right,1,319551,0,8192496,5,494534,349,7418,123,4149,264,3732
24,6846237182617,Right,1,319617,0,8192462,5,494643,349,7463,123,382,264,3884
24,6985549926758,Right,1,3199,0,8191342,5,495221,349,7581,123,2502,264,4155
24,7124805450439,Right,1,32028,0,8189399,5,495887,349,7941,123,0643,264,4333
24,7264938354492,Right,1,320494,0,8188083,5,496114,349,827,122,9853,264,4537
24,7403526306152,Right,1,320795,0,818593,5,496528,349,8685,122,8545,264,4918
24,7541904449463,Right,1,320913,0,8185306,5,496648,349,8838,122,822,264,515
24,7680721282959,Right,1,321167,0,818336,5,497058,349,9187,122,7253,264,5794
24,7819786071777,Right,1,321364,0,8181638,5,497351,349,9531,122,6477,264,6082
24,7959690093994,Right,1,32165,0,8178689,5,497707,350,0072,122,5369,264,6373
24,8098163604736,Right,1,322108,0,817303,5,498192,350,1281,122,4007,264,6896
24,8236408233643,Right,1,32247,0,8168411,5,498501,350,2188,122,3001,264,7563
24,8377227783203,Right,1,322549,0,8167075,5,498581,350,2401,122,2798,264,7757
24,8515205383301,Right,1,322927,0,8161722,5,498879,350,3221,122,179,264,8849
24,8655414581299,Right,1,323156,0,8158279,5,499003,350,4037,122,1289,264,9491
24,8794422149658,Right,1,323546,0,815156,5,499276,350,5277,122,032,265,0599
24,8932399749756,Right,1,32368,0,814976,5,499279,350,5311,122,0288,265,0633
24,9070796966553,Right,1,323852,0,8147006,5,499279,350,5929,122,0014,265,0392
24,9209728240967,Right,1,324395,0,8138717,5,499335,350,7646,121,9568,265,0683
24,9348278045654,Right,1,324542,0,8136232,5,499347,350,8233,121,9544,265,0856
24,9488162994385,Right,1,325038,0,8129084,5,499415,350,9757,121,9221,265,1478
24,9626331329346,Right,1,325513,0,8122239,5,49951,351,1165,121,878,265,2031
24,9765148162842,Right,1,325614,0,8120681,5,499552,351,1496,121,8672,265,2188
24,9903793334961,Right,1,326006,0,8115807,5,499701,351,2487,121,8353,265,2578
25,0043087005615,Right,1,32615,0,8114096,5,499793,351,3,121,8089,265,2619
25,0181846618652,Right,1,326398,0,811139,5,499999,351,3608,121,7555,265,2687
25,0322036743164,Right,1,326767,0,8108139,5,500391,351,4113,121,6531,265,2737
25,0459995269775,Right,1,32686,0,8107322,5,50048,351,4299,121,6249,265,2729
25,0601692199707,Right,1,327319,0,8103313,5,500984,351,4954,121,5048,265,2747
25,0738353729248,Right,1,327349,0,8103199,5,500983,351,4975,121,5015,265,275
25,0876903533936,Right,1,327668,0,8099837,5,501384,351,562,121,4113,265,2933
25,1015472412109,Right,1,32791,0,809731,5,50167,351,5974,121,3476,265,3199
25,1154670715332,Right,1,328055,0,80954,5,501836,351,6331,121,3034,265,3434
25,1293601989746,Right,1,328367,0,8090417,5,502233,351,7162,121,1909,265,397
25,1432113647461,Right,1,328614,0,8086255,5,502457,351,8017,121,1085,265,4248
25,1571655273438,Right,1,328761,0,8083807,5,502597,351,85,121,0561,265,4397
25,171070098877,Right,1,329022,0,8079391,5,502767,351,9399,121,0022,265,4892
25,1852111816406,Right,1,329078,0,8078201,5,50279,351,9666,120,9965,265,5118
25,1988182067871,Right,1,329207,0,8075311,5,502805,352,0211,120,9869,265,5512
25,2126598358154,Right,1,329268,0,8073273,5,502781,352,0367,120,9828,265,5543
25,2264385223389,Right,1,329321,0,8071944,5,502758,352,0939,120,9585,265,5568
25,2403354644775,Right,1,329386,0,8070043,5,50274,352,108,120,9505,265,5572
25,2545166015625,Right,1,32942,0,8069305,5,502722,352,1374,120,9468,265,5582
25,2681560516357,Right,1,329466,0,8067396,5,502685,352,1728,120,9424,265,5594
25,2820072174072,Right,1,329507,0,8066378,5,50264,352,2212,120,9385,265,5896
25,2959861755371,Right,1,329481,0,8066208,5,502603,352,2212,120,9385,265,5896
25,30979347229,Right,1,329509,0,8065282,5,502509,352,2683,120,9621,265,6232
25,3238391876221,Right,1,329432,0,8064477,5,50243,352,2693,120,9625,265,6239
25,3378162384033,Right,1,329447,0,8064042,5,502384,352,3037,120,9919,265,628
25,3514957427979,Right,1,329394,0,8063186,5,502361,352,3133,121,0001,265,6292
25,3654403686523,Right,1,329459,0,8062277,5,502327,352,3407,121,0073,265,6368
25,3793334960938,Right,1,329546,0,8060692,5,502318,352,3484,121,0137,265,6352
25,3932094573975,Right,1,329718,0,8058025,5,502371,352,4492,120,9921,265,6932
25,4070987701416,Right,1,329786,0,8056514,5,502438,352,4909,120,9822,265,7244
25,4209690093994,Right,1,329978,0,805316,5,502622,352,5688,120,9461,265,7797
25,4354038238525,Right,1,330099,0,8051364,5,50271,352,6082,120,9215,265,8071
25,4488315582275,Right,1,33029,0,8048466,5,502847,352,6639,120,889,265,8421
25,4627265930176,Right,1,33053,0,8045239,5,502993,352,7315,120,8465,265,8568
25,4765663146973,Right,1,330619,0,8044049,5,50309,352,7629,120,8308,265,8701
25,4905033111572,Right,1,330898,0,8040606,5,503391,352,8316,120,7789,265,9078
25,504373550415,Right,1,331001,0,8039469,5,50351,352,8557,120,7583,265,9334
25,5182132720947,Right,1,331395,0,8035308,5,503926,352,929,120,6822,266,0218
25,5323696136475,Right,1,331805,0,80318,5,504208,352,9986,120,6172,266,092
25,5460891723633,Right,1,331996,0,8030226,5,504345,353,0346,120,5771,266,1179
25,5599613189697,Right,1,332468,0,8025888,5,504808,353,1302,120,4551,266,1638
25,573917388916,Right,1,332826,0,8022966,5,505158,353,1919,120,361,266,1957
25,5876598358154,Right,1,332925,0,8022105,5,505245,353,2027,120,3429,266,1927
25,6015453338623,Right,1,333254,0,8019007,5,505448,353,2513,120,285,266,2104
25,6153736114502,Right,1,333473,0,8016587,5,505544,353,2966,120,2608,266,2246
25,6292362213135,Right,1,333605,0,8015105,5,505608,353,312,120,2493,266,2325
25,6432495117188,Right,1,334049,0,8009996,5,505912,353,4172,120,1984,266,2988
25,6571521759033,Right,1,334166,0,8008441,5,506042,353,4456,120,1758,266,3206
25,6709938049316,Right,1,334454,0,8004776,5,50638,353,5032,120,0922,266,3528
25,6848754882813,Right,1,334599,0,8003098,5,506505,353,5282,120,0504,266,3574
25,6987571716309,Right,1,334908,0,7998835,5,506776,353,6109,119,969,266,3712
25,712776184082,Right,1,335186,0,7994819,5,506962,353,6944,119,9208,266,4179
25,7264785766602,Right,1,335289,0,7993239,5,50703,353,7209,119,9084,266,4506
25,7401676177979,Right,1,335535,0,7989675,5,507165,353,7751,119,8921,266,5314
25,7540740966797,Right,1,335572,0,7989072,5,50719,353,792,119,8817,266,547
25,7679634094238,Right,1,335765,0,7986088,5,507291,353,8283,119,8674,266,571
25,7818126678467,Right,1,335897,0,798407,5,507349,353,9009,119,8295,266,5997
25,7957248687744,Right,1,335902,0,7983817,5,507365,353,8961,119,8328,266,6031
25,8195819854736,Right,1,336007,0,7981594,5,507457,353,9567,119,7783,266,6447
25,8234272003174,Right,1,335993,0,7981918,5,507446,353,9498,119,7844,266,6342
25,8372364044189,Right,1,336019,0,798084,5,507525,353,9685,119,7595,266,674
25,8513431549072,Right,1,335994,0,7980511,5,507569,353,9714,119,755,266,6823
25,865062713623,Right,1,335983,0,7979754,5,507604,354,0115,119,737,266,7318
25,8788509368896,Right,1,335937,0,7979355,5,507615,354,0308,119,7334,266,7503
25,8929824829102,Right,1,335925,0,7978321,5,507627,354,0765,119,6978,266,8308
25,9066143035889,Right,1,335895,0,7977818,5,507608,354,1043,119,6728,266,8829
25,920446395874,Right,1,335871,0,7977251,5,507576,354,1317,119,6624,266,9414
25,9343719482422,Right,1,335853,0,7977315,5,507544,354,1457,119,6594,266,9544
25,9483127593994,Right,1,335865,0,7975627,5,507388,354,2342,119,6432,267,0367
25,9698162078857,Right,1,335821,0,7974108,5,507097,354,3131,119,6694,267,1672
25,9762420654297,Right,1,335851,0,797362,5,507086,354,3196,119,6804,267,1728
25,989896774292,Right,1,335868,0,7972466,5,506908,354,3646,119,7024,267,2516
26,0037879943848,Right,1,335791,0,7973249,5,506936,354,365,119,7026,267,2523
26,0176544189453,Right,1,335799,0,7973292,5,506946,354,4024,119,7121,267,2623
26,0316467285156,Right,1,335749,0,7973,5,506917,354,4138,119,715,267,2653
26,0454883575439,Right,1,335747,0,7972552,5,506866,354,4138,119,715,267,2653
26,0593605041504,Right,1,335797,0,7970613,5,506694,354,4861,119,7276,267,2881
26,0732440948486,Right,1,335813,0,7968417,5,506613,354,5489,119,731,267,3142
26,0871696472168,Right,1,335835,0,7967255,5,506658,354,584,119,7344,267,3381
26,1011924743652,Right,1,335969,0,7962794,5,506762,354,7219,119,7524,267,4374
26,1226596832275,Right,1,336055,0,7959713,5,506768,354,799,119,7558,267,4912
26,1288356781006,Right,1,3429,0,7896523,5,49519,354,819,119,7596,267,498
26,1427116394043,Right,1,33617,0,7957087,5,506798,354,8625,119,7496,267,5205
26,1566314697266,Right,1,336208,0,795675,5,506848,354,8649,119,7484,267,519
26,1704368591309,Right,1,33635,0,7955506,5,507001,354,9049,119,721,267,5359
26,1842861175537,Right,1,336432,0,7954825,5,507087,354,9176,119,7143,267,5426
26,1982269287109,Right,1,336574,0,7953306,5,507229,354,9593,119,6829,267,5673
26,2120628356934,Right,1,336721,0,7951902,5,507382,355,0015,119,6453,267,6013
26,2260513305664,Right,1,3368,0,7951394,5,507473,355,0028,119,6421,267,6076
26,239839553833,Right,1,336902,0,7950419,5,50771,355,0286,119,6013,267,6517
26,2538414001465,Right,1,336996,0,7950203,5,507963,355,0393,119,5618,267,6776
26,2752532958984,Right,1,33715,0,7949158,5,508263,355,0443,119,5398,267,6765
26,2815074920654,Right,1,337093,0,7949582,5,508175,355,0399,119,555,267,6763
26,2954235076904,Right,1,337206,0,7948431,5,508391,355,0692,119,4862,267,693
26,3093185424805,Right,1,337321,0,7947034,5,508574,355,0907,119,4374,267,7109
26,3232574462891,Right,1,337378,0,7945658,5,508607,355,0923,119,4339,267,7122
26,3372993469238,Right,1,337417,0,7943619,5,508621,355,1311,119,3922,267,7315
26,350980758667,Right,1,337497,0,7941862,5,508606,355,163,119,3743,267,7409
26,3648128509521,Right,1,337546,0,7940857,5,508591,355,1802,119,3757,267,7466
26,3786716461182,Right,1,337704,0,7937828,5,508522,355,2272,119,3915,267,7753
26,3925361633301,Right,1,337801,0,7935541,5,508425,355,2649,119,4302,267,8152
26,4064388275146,Right,1,337793,0,7935191,5,508428,355,275,119,4491,267,8339
26,4278163909912,Right,1,337742,0,793498,5,508448,355,2845,119,4633,267,8531
26,4337768554688,Right,1,337739,0,7935063,5,508453,355,2823,119,4616,267,8472
26,4477291107178,Right,1,33775,0,7934694,5,508415,355,2823,119,4616,267,8472
26,4615898132324,Right,1,337787,0,793419,5,508334,355,2973,119,5046,267,8773
26,475622177124,Right,1,337716,0,7934344,5,508276,355,2973,119,5047,267,8774
26,4893054962158,Right,1,337675,0,7934229,5,508156,355,3014,119,5473,267,8939
26,5034008026123,Right,1,337476,0,7935563,5,507964,355,2254,119,6371,267,938
26,5171203613281,Right,1,337433,0,7936184,5,507934,355,2338,119,6519,267,9769
26,5310039520264,Right,1,337304,0,7937903,5,507871,355,2312,119,6618,267,9925
26,5448608398438,Right,1,337265,0,7938569,5,507862,355,2155,119,6821,268,0059
26,5589370727539,Right,1,337025,0,7941571,5,507759,355,1927,119,7075,268,0199
26,5806102752686,Right,1,336696,0,7944885,5,507557,355,0867,119,7156,268,0654
26,5866298675537,Right,1,341418,0,7973344,5,507534,355,0867,119,7156,268,0654
26,6006240844727,Right,1,336484,0,7947579,5,507466,355,0786,119,713,268,0681
26,6143054962158,Right,1,336398,0,7948669,5,507453,355,0462,119,7306,268,0871
26,6283683776855,Right,1,335923,0,7955632,5,5073,354,9192,119,7821,268,1302
26,6422863006592,Right,1,33553,0,7960411,5,507084,354,8401,119,8272,268,1299
26,6559314727783,Right,1,33544,0,796125,5,507033,354,8273,119,8347,268,1217
26,6698417663574,Right,1,335026,0,7965323,5,506787,354,7884,119,8537,268,1065
26,6836986541748,Right,1,33484,0,7966986,5,50665,354,7261,119,8792,268,0777
26,6976528167725,Right,1,334747,0,7967492,5,50654,354,7261,119,8792,268,0777
26,7116355895996,Right,1,334511,0,7968948,5,506186,354,7085,119,9469,268,0363
26,7330341339111,Right,1,334212,0,7968981,5,505592,354,7033,120,056,268,0344
26,7392559051514,Right,1,32773,0,7996958,5,504554,354,7029,120,0643,268,0374
26,7532081604004,Right,1,334046,0,79686,5,505352,354,7029,120,0643,268,0374
26,7671413421631,Right,1,333974,0,796832,5,505168,354,7067,120,1197,268,051
26,7809371948242,Right,1,333708,0,7968102,5,504812,354,7106,120,1814,268,0395
26,7950077056885,Right,1,333669,0,7967969,5,504795,354,711,120,1792,268,0422
26,8087482452393,Right,1,333503,0,7968024,5,504495,354,7098,120,2217,267,9999
26,8225898742676,Right,1,333399,0,7967463,5,504366,354,7097,120,2277,267,994
26,8364944458008,Right,1,333315,0,7967038,5,504223,354,7127,120,236,267,9943
26,850471496582,Right,1,333238,0,7966232,5,503939,354,7344,120,3087,267,9878
26,8644733428955,Right,1,333153,0,796594,5,503901,354,7344,120,3087,267,9878
26,8857612609863,Right,1,333039,0,7965629,5,503579,354,7608,120,3925,267,9841
26,8921241760254,Right,1,333042,0,7965413,5,503637,354,7593,120,3678,267,9792
26,9060001373291,Right,1,333003,0,7965946,5,503489,354,7583,120,4165,267,9942
26,9198513031006,Right,1,332916,0,7966318,5,503396,354,7574,120,4366,268,0015
26,9337329864502,Right,1,332867,0,796674,5,503345,354,7563,120,438,268,0016
26,947639465332,Right,1,332834,0,7967539,5,503289,354,7531,120,4784,267,9951
26,9615631103516,Right,1,332774,0,7968104,5,503239,354,7517,120,4912,267,9932
26,9754199981689,Right,1,332757,0,7968564,5,503193,354,7491,120,4915,267,9932
26,989315032959,Right,1,332726,0,7969638,5,503143,354,7517,120,4912,267,9932
27,0031623840332,Right,1,33268,0,797126,5,5032,354,692,120,4999,267,9833
27,0171890258789,Right,1,332688,0,7971642,5,503217,354,6971,120,5003,267,9828
27,0386295318604,Right,1,332684,0,7973188,5,503261,354,6911,120,4936,267,9817
27,0448379516602,Right,1,33268,0,7973123,5,503273,354,6971,120,5002,267,9828
27,0587120056152,Right,1,332698,0,7973319,5,503227,354,6971,120,5002,267,9828
27,0726680755615,Right,1,332684,0,7973609,5,503249,354,6458,120,4724,267,9932
27,0864849090576,Right,1,332708,0,7974001,5,503257,354,6458,120,4724,267,9932
27,1004047393799,Right,1,332704,0,7974457,5,5033,354,6458,120,4724,267,9933
27,1143398284912,Right,1,332698,0,7974558,5,503312,354,6436,120,4704,267,9927
27,1281967163086,Right,1,33268,0,7974613,5,503321,354,6458,120,4724,267,9933
27,1421089172363,Right,1,332656,0,797453,5,503292,354,6458,120,4724,267,9932
27,1559467315674,Right,1,33265,0,7974579,5,503283,354,6458,120,4724,267,9932
27,1698760986328,Right,1,332638,0,7974643,5,503239,354,6458,120,4724,267,9933
27,183687210083,Right,1,332625,0,7974646,5,503199,354,5976,120,4811,267,9926
27,1977787017822,Right,1,332598,0,797485,5,503138,354,5976,120,4811,267,9926
27,211498260498,Right,1,332525,0,7975427,5,503035,354,5976,120,4811,267,9926
27,2252941131592,Right,1,332488,0,7975919,5,502964,354,57,120,5087,267,9737
27,2392406463623,Right,1,332443,0,7976476,5,502859,354,5457,120,5329,267,957
27,2531280517578,Right,1,332434,0,7977236,5,502779,354,519,120,5772,267,9184
27,26708984375,Right,1,332423,0,7978218,5,50274,354,4884,120,6081,267,9061
27,2809562683105,Right,1,332369,0,7980465,5,502723,354,426,120,6558,267,8901
27,294994354248,Right,1,332286,0,7983035,5,502787,354,3524,120,673,267,8769
27,3086776733398,Right,1,331861,0,7994545,5,503117,354,0132,120,7029,267,8132
27,3226547241211,Right,1,331386,0,8011277,5,503594,353,5591,120,683,267,6306
27,336446762085,Right,1,331018,0,8023335,5,504089,353,2599,120,5851,267,4567
27,3503971099854,Right,1,330165,0,8053974,5,505488,352,5047,120,2708,267,0057
27,3643245697021,Right,1,330144,0,8062364,5,505967,352,325,120,2105,266,9784
27,3781242370605,Right,1,329488,0,8083033,5,506998,351,849,120,0844,266,845
27,3922157287598,Right,1,328999,0,81032,5,507936,351,3653,119,9775,266,7907
27,4060096740723,Right,1,328636,0,8117615,5,508652,351,047,119,8885,266,7758
27,419771194458,Right,1,327893,0,8143155,5,510077,350,5487,119,7422,266,7736
27,4339866638184,Right,1,327551,0,8160521,5,511021,350,2468,119,5771,266,7039
27,4475898742676,Right,1,327271,0,8172427,5,511891,350,0581,119,4225,266,6742
27,4614238739014,Right,1,326981,0,8189654,5,513179,349,7991,119,1954,266,6319
27,4753742218018,Right,1,326985,0,8195532,5,513731,349,7372,119,0737,266,6903
27,489185333252,Right,1,326628,0,8212104,5,515203,349,4254,118,8106,266,7844
27,5031337738037,Right,1,326713,0,8221505,5,516328,349,3032,118,5666,266,9541
27,5170478820801,Right,1,326751,0,8225927,5,517113,349,3018,118,3907,267,0839
27,5311470031738,Right,1,326717,0,8233936,5,518465,349,2552,118,142,267,2429
27,5449199676514,Right,1,326775,0,8235306,5,518749,349,2506,118,0902,267,2954
27,5586986541748,Right,1,326714,0,8241949,5,520111,349,1619,117,8362,267,4618
27,5725765228271,Right,1,326746,0,8246412,5,521184,349,1006,117,5648,267,6077
27,5864543914795,Right,1,326753,0,8248969,5,521734,349,0329,117,4302,267,6901
27,6004867553711,Right,1,326572,0,8256886,5,523383,348,7748,117,0568,267,8387
27,6142330169678,Right,1,326792,0,8258558,5,523865,348,7122,116,8994,267,8832
27,6281967163086,Right,1,326838,0,8263036,5,525352,348,5413,116,5693,267,973
27,6419582366943,Right,1,327098,0,8264704,5,526096,348,5054,116,3913,268,014
27,6559925079346,Right,1,327149,0,8264829,5,526339,348,4917,116,3093,268,012
27,6697330474854,Right,1,327127,0,8269567,5,527918,348,2879,115,8443,268,107
27,6836490631104,Right,1,327119,0,8275297,5,529027,347,9594,115,5129,268,2171
27,697582244873,Right,1,326992,0,8280227,5,529768,347,676,115,3443,268,2641
27,7116928100586,Right,1,326225,0,8285912,5,531358,347,4538,114,6607,268,1667
27,7253456115723,Right,1,326784,0,8286592,5,532175,347,175,114,3921,268,239
27,7391567230225,Right,1,327164,0,8282036,5,534534,347,3023,113,6376,268,9201
27,7531032562256,Right,1,327504,0,8286993,5,535245,347,0908,113,6408,269,1743
27,7670478820801,Right,1,327718,0,8288411,5,535804,347,0825,113,555,269,2943
27,7809963226318,Right,1,328086,0,8289301,5,535967,347,1707,113,7207,269,2935
27,7947845458984,Right,1,328068,0,8287822,5,535096,347,2923,113,9691,269,1427
27,8086528778076,Right,1,328065,0,8286904,5,533858,347,4281,114,3734,268,905
27,8225917816162,Right,1,327944,0,8287597,5,533831,347,4037,114,4951,268,8577
27,8364219665527,Right,1,327916,0,8291779,5,534127,347,2938,114,624,268,8311
27,8503227233887,Right,1,327959,0,8296796,5,534357,347,2029,114,8336,268,8755
27,864221572876,Right,1,327947,0,829856,5,534442,347,1588,114,9359,268,9164
27,8781204223633,Right,1,328006,0,8302664,5,53461,347,0703,115,1306,269,0351
27,8920116424561,Right,1,328157,0,8304095,5,534514,347,0895,115,1108,268,9579
27,9058704376221,Right,1,328136,0,8304006,5,534532,347,0942,115,0658,268,9078
27,9197406768799,Right,1,328215,0,8304679,5,534594,347,0975,115,0343,268,8729
27,9337596893311,Right,1,328293,0,8305601,5,534747,347,0975,115,0344,268,8729
27,9475650787354,Right,1,328319,0,8306186,5,534978,347,0678,114,9613,268,8931
27,9615039825439,Right,1,328456,0,8305964,5,535313,347,0533,114,8553,268,9712
27,9754276275635,Right,1,328486,0,8306051,5,535378,347,0421,114,8253,268,9959
27,9892520904541,Right,1,328519,0,830502,5,53563,347,0219,114,7188,269,0385
28,0030937194824,Right,1,328547,0,8303317,5,535887,347,0262,114,5308,269,0394
28,0169792175293,Right,1,328612,0,8301739,5,536026,347,0256,114,4087,269,0414
28,0308837890625,Right,1,328628,0,8300657,5,535953,347,0278,114,4417,269,025
28,0447654724121,Right,1,328636,0,8299773,5,535933,347,0501,114,4131,269,037
28,0586471557617,Right,1,328709,0,8294338,5,535866,347,1624,114,3231,269,161
28,0725345611572,Right,1,328633,0,8293926,5,53573,347,1532,114,3542,269,2147
28,0866641998291,Right,1,328624,0,8293577,5,535798,347,1461,114,3136,269,2298
28,1005897521973,Right,1,328663,0,8290891,5,535914,347,155,114,243,269,3929
28,1142349243164,Right,1,328696,0,8291114,5,535807,347,167,114,2603,269,408
28,1280899047852,Right,1,328766,0,8289403,5,535543,347,1801,114,3922,269,4303
28,1419849395752,Right,1,328717,0,8289487,5,53525,347,1229,114,5504,269,4432
28,1558742523193,Right,1,328645,0,8291019,5,534812,347,0114,114,827,269,4449
28,1697406768799,Right,1,328449,0,8294019,5,533958,346,9002,115,4147,269,4403
28,1835956573486,Right,1,328356,0,8295451,5,533864,346,9042,115,4917,269,4423
28,197546005249,Right,1,328435,0,829596,5,53353,346,9035,115,6769,269,5003
28,2114238739014,Right,1,328336,0,8297122,5,533448,346,8564,115,7221,269,5718
28,2253112792969,Right,1,328399,0,8296793,5,533489,346,886,115,6685,269,6123
28,2392902374268,Right,1,328411,0,8297006,5,533572,346,9024,115,6188,269,7149
28,2531299591064,Right,1,328462,0,8298924,5,533415,346,8113,115,8187,269,9101
28,2670288085938,Right,1,328243,0,8301333,5,533363,346,779,115,8375,269,8765
28,2809028625488,Right,1,32821,0,8301401,5,533403,346,775,115,8395,269,8591
28,2947368621826,Right,1,328176,0,8301374,5,533427,346,7783,115,8116,269,8443
28,3086585998535,Right,1,328167,0,8301105,5,533442,346,7863,115,7815,269,8264
28,3224792480469,Right,1,328089,0,8301384,5,533365,346,7863,115,7815,269,8263
28,3364124298096,Right,1,32803,0,8301389,5,533302,346,7863,115,7815,269,8264
28,3502922058105,Right,1,327951,0,8300663,5,533197,346,7863,115,7815,269,8264
28,3642044067383,Right,1,327965,0,829971,5,533171,346,7734,115,799,269,8441
28,3780994415283,Right,1,328046,0,8295949,5,533059,346,7821,115,8383,269,9112
28,3923168182373,Right,1,32807,0,829341,5,532974,346,7881,115,8419,269,9212
28,4058589935303,Right,1,328154,0,8291079,5,532919,346,8169,115,8597,269,9651
28,4197025299072,Right,1,328224,0,8288054,5,532799,346,8506,115,8908,270,0091
28,4336585998535,Right,1,328236,0,8286039,5,532735,346,8512,115,8916,270,0095
28,4475841522217,Right,1,328308,0,8283689,5,532664,346,8896,115,9033,270,0269
28,4613494873047,Right,1,328357,0,828011,5,53259,346,9018,115,907,270,0323
28,4753856658936,Right,1,328416,0,8278385,5,532573,346,9373,115,9056,270,0673
28,4891796112061,Right,1,328474,0,8275312,5,532546,346,9856,115,9069,270,1339
28,5032444000244,Right,1,32847,0,8274034,5,532524,346,9885,115,9094,270,139
28,516975402832,Right,1,328518,0,8272685,5,532496,347,0153,115,9199,270,1629
28,5307750701904,Right,1,32852,0,8270795,5,532449,347,0273,115,9253,270,174
28,5448150634766,Right,1,328529,0,8270126,5,532431,347,0273,115,9253,270,174
28,5585498809814,Right,1,328561,0,8268725,5,53238,347,0695,115,9293,270,1857
28,5724391937256,Right,1,328531,0,8268005,5,532358,347,0766,115,93,270,1876
28,5863285064697,Right,1,328547,0,8267031,5,532372,347,0899,115,9176,270,2327
28,600378036499,Right,1,32856,0,8265581,5,532403,347,0979,115,9052,270,2677
28,614278793335,Right,1,328576,0,8264724,5,532454,347,1105,115,8758,270,3087
28,6280345916748,Right,1,328593,0,8263788,5,532502,347,1142,115,8597,270,3407
28,6419105529785,Right,1,328641,0,8262508,5,53265,347,1433,115,7931,270,4049
28,655891418457,Right,1,328685,0,826236,5,532685,347,1474,115,7912,270,4097
28,6696643829346,Right,1,32873,0,8261321,5,532773,347,1656,115,7609,270,4488
28,6834888458252,Right,1,328752,0,8260661,5,532778,347,1671,115,7605,270,4467
28,6975536346436,Right,1,328786,0,8259363,5,532796,347,1827,115,7632,270,5117
28,7113857269287,Right,1,328768,0,8258531,5,532798,347,1834,115,7718,270,5684
28,7252388000488,Right,1,328741,0,8258621,5,532789,347,1834,115,7718,270,5684
28,7391452789307,Right,1,328726,0,8258012,5,532786,347,1834,115,7717,270,5684
28,7529773712158,Right,1,328739,0,8256821,5,532732,347,1834,115,7717,270,5684
28,7670860290527,Right,1,328815,0,8255537,5,532637,347,2384,115,8026,270,5745
28,7808609008789,Right,1,328824,0,8253936,5,532549,347,2608,115,8151,270,5769
28,7947196960449,Right,1,328868,0,8253447,5,532492,347,278,115,8384,270,5955
28,8086223602295,Right,1,328856,0,8253225,5,532349,347,2972,115,8643,270,6161
28,8227195739746,Right,1,328822,0,8253639,5,532248,347,2978,115,8645,270,6223
28,8363647460938,Right,1,328837,0,8253226,5,53227,347,2997,115,8734,270,6477
28,8503456115723,Right,1,328794,0,825289,5,532323,347,3022,115,8687,270,664
28,8641757965088,Right,1,328695,0,8252457,5,532488,347,3011,115,7808,270,6794
28,8784770965576,Right,1,32848,0,8248998,5,533743,347,3395,115,0787,270,7722
28,8920059204102,Right,1,328561,0,8248364,5,534532,347,1668,114,6308,270,9051
28,9059658050537,Right,1,328842,0,8247936,5,534434,347,1776,114,6899,270,9695
28,9197330474854,Right,1,328583,0,8244915,5,535375,347,3217,114,2713,271,0594
28,9338474273682,Right,1,328779,0,8242537,5,536278,347,2559,113,9775,271,3732
28,9474906921387,Right,1,328951,0,824217,5,536562,347,2098,113,9144,271,5507
28,9612998962402,Right,1,32926,0,8242563,5,536095,347,2256,114,1065,271,5593
28,9753608703613,Right,1,329177,0,8242727,5,535679,347,2316,114,266,271,4485
28,9891376495361,Right,1,329244,0,8242,5,535318,347,2393,114,4367,271,3619
29,0031509399414,Right,1,329299,0,8241556,5,535132,347,2518,114,5744,271,3116
29,0169639587402,Right,1,329442,0,824172,5,534733,347,2643,114,7779,271,2557
29,0307922363281,Right,1,329479,0,8242409,5,533937,347,2956,115,1214,271,1101
29,0447654724121,Right,1,329516,0,8241803,5,533584,347,3037,115,3554,271,1279
29,0589923858643,Right,1,329594,0,8242933,5,532527,347,2939,115,9571,271,2476
29,0725040435791,Right,1,329372,0,8243074,5,532513,347,3052,115,9622,271,3139
29,086519241333,Right,1,329657,0,8242621,5,532031,347,3895,116,1363,271,3376
29,1004657745361,Right,1,328997,0,8245218,5,532325,347,3015,115,8723,271,0716
29,1141834259033,Right,1,32935,0,8243214,5,532198,347,3228,115,8825,271,0437
29,1280574798584,Right,1,329359,0,8241856,5,532012,347,3717,115,8681,270,9696
29,1422100067139,Right,1,329414,0,8240615,5,531963,347,3763,115,8613,270,9612
29,1560153961182,Right,1,329397,0,8240271,5,531898,347,3763,115,8613,270,9611
29,1697196960449,Right,1,329396,0,8238409,5,531662,347,3723,115,8993,271,0349
29,1835746765137,Right,1,329327,0,8237697,5,531472,347,3748,115,9063,271,0497
29,1975135803223,Right,1,329378,0,8236489,5,531428,347,405,115,9325,271,1074
29,2114429473877,Right,1,329301,0,8236483,5,531434,347,4157,115,9431,271,1305
29,2255668640137,Right,1,329289,0,8236797,5,531488,347,4172,115,9431,271,1325
29,2391986846924,Right,1,329316,0,8236033,5,531437,347,4465,115,9399,271,171
29,2530994415283,Right,1,329337,0,8234922,5,531272,347,4934,115,9454,271,1854
29,2674236297607,Right,1,329333,0,823441,5,531212,347,4934,115,9454,271,1854
29,2809143066406,Right,1,329391,0,8233365,5,531145,347,5167,115,9794,271,2932
29,294750213623,Right,1,329327,0,8234019,5,531117,347,5167,115,9794,271,2932
29,3087368011475,Right,1,329349,0,823387,5,531142,347,5179,116,0087,271,382
29,32248878479,Right,1,329311,0,8234475,5,53112,347,5181,116,0129,271,3947
29,3365421295166,Right,1,329334,0,8234184,5,53112,347,5181,116,0129,271,3947
29,3505382537842,Right,1,329365,0,823388,5,531139,347,5181,116,0129,271,3947
29,36448097229,Right,1,329376,0,8233513,5,531198,347,5346,116,0014,271,4138
29,3781585693359,Right,1,329383,0,8233188,5,531284,347,5553,115,9932,271,4351
29,3924522399902,Right,1,329407,0,8232418,5,531419,347,5768,115,9478,271,468
29,4062690734863,Right,1,329431,0,8232493,5,531441,347,5768,115,9454,271,4717
29,419849395752,Right,1,329453,0,8232389,5,531472,347,5769,115,9478,271,468
29,433687210083,Right,1,329491,0,8231877,5,531474,347,5769,115,9478,271,468
29,4477596282959,Right,1,32952,0,8230931,5,531472,347,6115,115,9264,271,495
29,461597442627,Right,1,329555,0,822936,5,531431,347,6275,115,9205,271,5076
29,4754734039307,Right,1,329596,0,8228792,5,531419,347,6536,115,9211,271,5266
29,4893817901611,Right,1,329655,0,8227016,5,531361,347,6799,115,9218,271,5462
29,5032043457031,Right,1,329736,0,8225489,5,531294,347,7363,115,9289,271,5883
29,5170364379883,Right,1,329703,0,822507,5,53125,347,741,115,9315,271,592
29,5309753417969,Right,1,329729,0,8224358,5,531191,347,7894,115,9627,271,6009
29,5448589324951,Right,1,329706,0,8224087,5,531179,347,8014,115,9703,271,6026
29,5587406158447,Right,1,329786,0,8222339,5,531097,347,8537,115,9904,271,617
29,572660446167,Right,1,329809,0,822122,5,531068,347,8586,115,9922,271,6188
29,5866527557373,Right,1,329862,0,8220329,5,531058,347,9008,115,9952,271,6513
29,6004943847656,Right,1,329827,0,8219862,5,531076,347,9219,115,9967,271,6675
29,6153469085693,Right,1,329807,0,821952,5,531107,347,9326,115,9972,271,6913
29,636625289917,Right,1,329724,0,8219054,5,531148,347,9508,115,9955,271,7109
29,642183303833,Right,1,329725,0,8219077,5,531147,347,9491,115,996,271,7123
29,6565227508545,Right,1,329713,0,8218725,5,53114,347,9686,115,9932,271,7153
29,6701717376709,Right,1,329682,0,8218279,5,531128,347,981,115,9903,271,7151
29,6837120056152,Right,1,329675,0,8217992,5,531118,347,981,115,9903,271,7151
29,6975688934326,Right,1,329693,0,8216621,5,531093,348,0205,116,0021,271,759
29,7114543914795,Right,1,329647,0,8215839,5,531066,348,036,116,0068,271,7774
29,7255821228027,Right,1,329659,0,8215325,5,531056,348,0532,116,0121,271,803
29,7393016815186,Right,1,329698,0,8214039,5,531012,348,1086,116,0165,271,8285
29,7532062530518,Right,1,329655,0,8213444,5,530982,348,1126,116,0169,271,8303
29,7672119140625,Right,1,329668,0,8212793,5,530953,348,1501,116,0239,271,8409
29,7885723114014,Right,1,329653,0,8211262,5,530904,348,1878,116,0324,271,8589
29,7950096130371,Right,1,329675,0,8211207,5,5309,348,1982,116,038,271,8638
29,8087673187256,Right,1,329678,0,8210706,5,530878,348,2169,116,0431,271,8749
29,8227634429932,Right,1,32972,0,8209993,5,530853,348,2531,116,0631,271,8928
29,8365516662598,Right,1,329704,0,8209952,5,53086,348,2483,116,0613,271,8899
29,8504619598389,Right,1,329721,0,820959,5,530877,348,2483,116,0613,271,8899
29,8646221160889,Right,1,329731,0,820945,5,530893,348,2483,116,0613,271,8899
29,8783550262451,Right,1,329776,0,8209126,5,530936,348,29,116,0627,271,8751
29,8922061920166,Right,1,329801,0,8208531,5,531008,348,2981,116,063,271,8722
29,9060916900635,Right,1,329819,0,8208264,5,531042,348,2981,116,063,271,8722
29,9200344085693,Right,1,32991,0,8206714,5,531141,348,3555,116,0157,271,8839
29,941463470459,Right,1,330044,0,8204458,5,531179,348,3911,115,9896,271,9198
29,9477806091309,Right,1,329383,0,8219283,5,533719,348,3994,115,981,271,9246
29,9615936279297,Right,1,330091,0,8203713,5,531233,348,3994,115,981,271,9246
29,9755668640137,Right,1,330112,0,820334,5,531261,348,4189,115,9686,271,9301
29,9894065856934,Right,1,330151,0,8202712,5,531297,348,4373,115,9574,271,9356
30,0033702850342,Right,1,330221,0,8201673,5,531284,348,4342,115,9589,271,9344
30,0172557830811,Right,1,330286,0,8200692,5,531253,348,4648,115,9461,271,9408
30,0312843322754,Right,1,330336,0,8199921,5,531212,348,4762,115,9413,271,9432
30,0449905395508,Right,1,330347,0,8199822,5,531177,348,4815,115,9422,271,9399
30,0590114593506,Right,1,330358,0,8199705,5,531128,348,4762,115,9413,271,9432
30,072847366333,Right,1,33038,0,8199685,5,531066,348,5241,115,9566,271,9304
30,0943603515625,Right,1,330475,0,8197888,5,53097,348,535,115,9696,271,9352
30,1005764007568,Right,1,330432,0,8198587,5,53101,348,5241,115,9566,271,9304
30,1145153045654,Right,1,330518,0,8197474,5,530928,348,5492,115,977,271,9353
30,1283588409424,Right,1,330518,0,8197231,5,5309,348,5678,115,996,271,9455
30,142219543457,Right,1,33051,0,8197198,5,53089,348,5678,115,996,271,9455
30,1561450958252,Right,1,33052,0,8196981,5,530885,348,5678,115,996,271,9455
30,1700611114502,Right,1,330554,0,8196399,5,530884,348,5678,115,996,271,9455
30,1839733123779,Right,1,330572,0,8196155,5,53089,348,5691,115,9959,271,9457
30,1978645324707,Right,1,330625,0,8195643,5,530915,348,6073,115,9844,271,9614
30,2117786407471,Right,1,330626,0,819567,5,530936,348,6158,115,9835,271,9647
30,2257843017578,Right,1,330627,0,8195664,5,530938,348,6138,115,984,271,9652
30,2479877471924,Right,1,330661,0,8195078,5,530926,348,614,115,9821,271,9685
30,2534103393555,Right,1,330652,0,8195271,5,530938,348,6138,115,984,271,9651
30,2673397064209,Right,1,330684,0,8194734,5,53091,348,6138,115,984,271,9652
30,2812309265137,Right,1,330735,0,8194306,5,530912,348,6202,115,9851,271,9634
30,2951202392578,Right,1,330752,0,8194258,5,53091,348,6433,115,9787,271,9688
30,3090057373047,Right,1,330802,0,8194089,5,530932,348,6713,115,9738,271,9723
30,3228874206543,Right,1,330834,0,819395,5,530975,348,6964,115,9786,272,0255
30,336841583252,Right,1,330805,0,8194461,5,530992,348,6964,115,9786,272,0255
30,3506565093994,Right,1,330758,0,8195425,5,531093,348,6857,115,9447,272,0398
30,364501953125,Right,1,330743,0,819671,5,531143,348,681,115,9362,272,0318
30,3785381317139,Right,1,330669,0,8198081,5,531212,348,6642,115,9105,272,012
30,399974822998,Right,1,330645,0,8199409,5,531187,348,6525,115,9065,272,0089
30,4062309265137,Right,1,330644,0,8199422,5,531188,348,6606,115,9048,272,0074
30,4201068878174,Right,1,330586,0,8199978,5,531076,348,6122,115,904,272,013
30,4339542388916,Right,1,330588,0,8200248,5,531035,348,6122,115,904,272,013
30,4478340148926,Right,1,330533,0,8201001,5,530948,348,6122,115,904,272,013
30,4617443084717,Right,1,330457,0,8201863,5,530842,348,6071,115,9094,272,014
30,475658416748,Right,1,330467,0,8201821,5,530833,348,5966,115,931,272,0144
30,4895477294922,Right,1,330407,0,8202137,5,530745,348,5847,115,9515,272,0155
30,5034580230713,Right,1,33038,0,8202195,5,530675,348,5847,115,9515,272,0155
30,5173797607422,Right,1,330361,0,8202316,5,530565,348,5889,115,96,272,0145
30,5313091278076,Right,1,330344,0,8202496,5,530469,348,5865,115,9604,272,0163
30,5527248382568,Right,1,330336,0,820313,5,530369,348,5972,116,0223,272,0189
30,5588932037354,Right,1,330578,0,8167003,5,5342,348,595,116,024,272,0186
30,5728302001953,Right,1,330238,0,8204095,5,53034,348,5972,116,0223,272,0189
30,5868873596191,Right,1,330203,0,8204717,5,530327,348,5972,116,0223,272,0189
30,6007137298584,Right,1,330138,0,8205941,5,530309,348,5646,116,0249,271,9805
30,6145133972168,Right,1,330154,0,8205855,5,530314,348,5646,116,0249,271,9804
30,6286582946777,Right,1,330128,0,8206589,5,530305,348,5646,116,0249,271,9804
30,642520904541,Right,1,330111,0,820709,5,530281,348,5646,116,0249,271,9804
30,6561641693115,Right,1,330104,0,8207349,5,53026,348,5646,116,0249,271,9804
30,6700096130371,Right,1,330099,0,8207672,5,530235,348,5646,116,0249,271,9804
30,684024810791,Right,1,330102,0,8207709,5,530233,348,5646,116,0249,271,9804
30,7053470611572,Right,1,330129,0,820763,5,530224,348,5663,116,0235,271,9784
30,7116298675537,Right,1,330123,0,8207681,5,530224,348,5646,116,0249,271,9804
30,7255115509033,Right,1,330138,0,8207476,5,530165,348,5646,116,0249,271,9804
30,7394142150879,Right,1,330154,0,8207112,5,530055,348,5646,116,0249,271,9805
30,7533302307129,Right,1,330171,0,8206766,5,530019,348,5646,116,0249,271,9804
30,7672805786133,Right,1,330183,0,8206563,5,529995,348,5646,116,0249,271,9805
30,7811908721924,Right,1,330219,0,8205944,5,529937,348,5646,116,0249,271,9804
30,7950897216797,Right,1,330234,0,8205786,5,529916,348,5831,116,0211,271,9695
30,8090324401855,Right,1,330281,0,8204945,5,529879,348,6007,116,0175,271,9591
30,8227977752686,Right,1,330322,0,8204181,5,529817,348,625,116,0002,271,9223
30,8368015289307,Right,1,330428,0,8202211,5,529696,348,6515,115,995,271,9
30,858455657959,Right,1,330863,0,8191997,5,529079,348,8051,115,9992,271,7654
30,8646087646484,Right,1,330769,0,8194791,5,529221,348,7611,115,9932,271,7997
30,878568649292,Right,1,33121,0,8185322,5,528555,348,8971,116,0119,271,6839
30,8923282623291,Right,1,331724,0,8174076,5,527798,349,0212,116,0431,271,5673
30,9061908721924,Right,1,332277,0,8161814,5,52697,349,1592,116,0457,271,4037
30,9200000762939,Right,1,333714,0,8128869,5,524765,349,5193,116,0105,270,8294
30,933931350708,Right,1,334428,0,811079,5,523705,349,6303,116,0231,270,4329
30,9479427337646,Right,1,335652,0,8081875,5,520949,349,7371,116,104,269,4478
30,9619483947754,Right,1,337011,0,8044178,5,518053,350,0084,116,2847,268,478
30,9755802154541,Right,1,337721,0,8020481,5,516637,350,2902,116,3895,268,0689
30,9894866943359,Right,1,339442,0,7962129,5,512449,351,1121,116,7626,267,1446
31,0109596252441,Right,1,339894,0,7903209,5,509383,351,847,117,5904,267,0272
31,017219543457,Right,1,333839,0,7798189,5,505226,352,1743,117,9716,266,9821
31,0311222076416,Right,1,340434,0,7843155,5,50558,352,1821,118,4546,267,1577
31,0451622009277,Right,1,339533,0,7840888,5,505313,351,8717,118,6302,267,3282
31,0588836669922,Right,1,338127,0,7839678,5,504651,351,0711,119,0189,267,5773
31,0727977752686,Right,1,336806,0,7849084,5,504554,350,4573,119,1116,267,3637
31,0867042541504,Right,1,336189,0,7860288,5,505118,350,2342,118,8983,267,0595
31,1005611419678,Right,1,33525,0,7879036,5,506339,349,9417,118,274,266,3765
31,1144466400146,Right,1,335466,0,7879731,5,506526,349,8623,118,1282,266,2213
31,1283740997314,Right,1,334906,0,7909299,5,508205,349,5283,117,5111,265,9842
31,1423625946045,Right,1,334915,0,7929115,5,508804,349,148,117,3339,266,089
31,1641330718994,Right,1,334817,0,795388,5,508965,348,7323,117,5113,266,5833
31,1701507568359,Right,1,33489,0,7950934,5,508907,348,7744,117,4167,266,4643
31,1839160919189,Right,1,334636,0,7966746,5,508759,348,4829,117,6828,266,6932
31,1977958679199,Right,1,33437,0,7979084,5,508268,348,3658,117,9955,266,6928
31,2116546630859,Right,1,334272,0,7977452,5,507996,348,6317,118,1634,266,5337
31,2255210876465,Right,1,33425,0,7977701,5,508063,348,6008,118,1479,266,5381
31,2394371032715,Right,1,33423,0,7974466,5,508281,348,7185,118,1149,266,5155
31,2533531188965,Right,1,334272,0,7972636,5,508461,348,7462,118,0711,266,5695
31,2672958374023,Right,1,334237,0,7972861,5,508614,348,7319,118,0415,266,6171
31,2811660766602,Right,1,334134,0,7973616,5,508976,348,7043,117,9772,266,7335
31,2950973510742,Right,1,334085,0,7973483,5,509192,348,6992,117,9214,266,8164
31,3164386749268,Right,1,333987,0,79693,5,50996,348,7789,117,6837,267,1428
31,3229160308838,Right,1,333987,0,7970003,5,509873,348,767,117,7112,267,119
31,3366756439209,Right,1,333968,0,7966278,5,510052,348,8405,117,6301,267,277
31,3505020141602,Right,1,333911,0,7965674,5,509959,348,8567,117,6399,267,3562
31,36452293396,Right,1,333893,0,7966056,5,509935,348,853,117,6411,267,3525
31,3783493041992,Right,1,333861,0,7966347,5,50985,348,8501,117,6547,267,3649
31,3922023773193,Right,1,333845,0,7966561,5,509809,348,8501,117,6547,267,365
31,4061222076416,Right,1,333845,0,7966561,5,509809,348,8501,117,6547,267,365
31,4199523925781,Right,1,333845,0,7966561,5,509809,348,8501,117,6547,267,365
31,4339447021484,Right,1,333845,0,7966561,5,509809,348,8501,117,6547,267,365
31,4479522705078,Right,1,333612,0,7973256,5,508554,348,8379,117,969,267,3337
31,4693470001221,Right,1,333085,0,7978382,5,50827,348,8105,118,1072,267,3408
31,4755249023438,Right,1,333123,0,7977855,5,508288,348,8255,118,0836,267,338
31,4895210266113,Right,1,332735,0,7982618,5,508245,348,7374,118,1522,267,3503
31,5033435821533,Right,1,332363,0,798547,5,508318,348,6854,118,1708,267,3484
31,5172557830811,Right,1,332088,0,7986862,5,508374,348,6618,118,1754,267,3315
31,5310955047607,Right,1,33138,0,798992,5,508459,348,6164,118,2083,267,2826
31,545072555542,Right,1,331016,0,7990835,5,508459,348,6091,118,2548,267,2724
31,5589141845703,Right,1,330051,0,7993773,5,508451,348,5654,118,3786,267,2953
31,5728931427002,Right,1,329134,0,7996905,5,50842,348,5031,118,494,267,3984
31,5866928100586,Right,1,328652,0,7998333,5,508374,348,493,118,5358,267,497
31,6007556915283,Right,1,327494,0,8001589,5,508091,348,5197,118,6184,267,7332
31,6220645904541,Right,1,32619,0,8006695,5,507468,348,5099,118,7719,268,0123
31,6283264160156,Right,1,312845,0,8049731,5,512425,348,4786,118,8037,268,0589
31,6425609588623,Right,1,324079,0,8020394,5,506062,348,2848,119,1198,268,3216
31,6563930511475,Right,1,323698,0,8023334,5,50575,348,2529,119,1942,268,335
31,6702423095703,Right,1,32217,0,8035207,5,504275,348,0945,119,5108,268,3689
31,6838321685791,Right,1,321842,0,8037316,5,503958,348,0815,119,5857,268,344
31,6976280212402,Right,1,321269,0,8041191,5,503354,348,0512,119,7245,268,3156
31,7116966247559,Right,1,31934,0,8055711,5,501252,347,8721,120,1385,268,0195
31,7257404327393,Right,1,318341,0,8064875,5,50003,347,7717,120,4211,267,9773
31,739330291748,Right,1,315799,0,8081539,5,497434,347,5299,121,0609,267,7151
31,7533416748047,Right,1,314531,0,8088683,5,496156,347,4187,121,4619,267,6976
31,7748565673828,Right,1,313446,0,8093778,5,494921,347,3847,121,8494,267,6239
31,7810935974121,Right,1,313261,0,8094799,5,494878,347,3734,121,8396,267,6325
31,7949886322021,Right,1,312112,0,8101951,5,493386,347,3328,122,2489,267,5325
31,8088531494141,Right,1,310918,0,8107983,5,492149,347,3202,122,5846,267,4492
31,8227367401123,Right,1,310193,0,8110396,5,491658,347,3523,122,6928,267,4806
31,8367099761963,Right,1,310089,0,8110756,5,491724,347,3546,122,6746,267,5306
31,8505668640137,Right,1,309346,0,8115759,5,491463,347,2498,122,7722,267,6154
31,864559173584,Right,1,309252,0,8116788,5,49161,347,2195,122,7336,267,607
31,8784008026123,Right,1,308515,0,8122585,5,491431,347,1214,122,7786,267,5508
31,8925437927246,Right,1,307928,0,8126671,5,491212,347,0862,122,8712,267,514
31,9061985015869,Right,1,307307,0,8131412,5,491057,346,9818,122,9548,267,5042
31,9276752471924,Right,1,306132,0,8140368,5,490727,346,8226,123,1452,267,4786
31,93381690979,Right,1,306486,0,8137898,5,490814,346,8606,123,0868,267,4894
31,947826385498,Right,1,305572,0,8143978,5,490538,346,7908,123,2476,267,4604
31,9619159698486,Right,1,304524,0,8150301,5,490299,346,6693,123,4339,267,457
31,9755516052246,Right,1,30412,0,8152844,5,490211,346,6129,123,5029,267,4403
31,9894866943359,Right,1,30313,0,8158509,5,489886,346,5099,123,7049,267,3674
32,0033836364746,Right,1,302647,0,8160175,5,489658,346,502,123,8134,267,3346
32,0173263549805,Right,1,302105,0,8162103,5,489411,346,478,123,9224,267,2722
32,0311470031738,Right,1,301274,0,8164802,5,489063,346,432,124,1249,267,2381
32,0450630187988,Right,1,30089,0,8166212,5,488957,346,4014,124,2208,267,2451
32,0590629577637,Right,1,299863,0,8170446,5,488559,346,3407,124,5085,267,2507
32,080638885498,Right,1,298113,0,8178413,5,488283,346,2207,124,8909,267,2485
32,0866889953613,Right,1,298361,0,825239,5,484605,346,1861,124,9355,267,2487
32,1006813049316,Right,1,297107,0,8183823,5,488294,346,1062,125,0545,267,2492
32,1145362854004,Right,1,296881,0,8184884,5,48836,346,0782,125,0548,267,2498
32,1284332275391,Right,1,295742,0,8189938,5,488454,345,9275,125,1804,267,1916
32,1423149108887,Right,1,294795,0,819142,5,488409,345,8806,125,3634,267,1497
32,1562042236328,Right,1,294446,0,8191517,5,48842,345,8651,125,4305,267,1577
32,1700706481934,Right,1,293526,0,8192249,5,488353,345,7854,125,6497,267,2052
32,1839942932129,Right,1,293106,0,8192067,5,488325,345,7873,125,7449,267,2238
32,1978797912598,Right,1,292826,0,8191526,5,48825,345,7832,125,8281,267,2376
32,2118759155273,Right,1,292613,0,8190541,5,488236,345,8263,125,8837,267,265
32,2334022521973,Right,1,292313,0,8191028,5,488195,345,8326,126,0082,267,3586
32,2395515441895,Right,1,289951,0,8255455,5,494367,345,8362,126,0112,267,377
32,2534561157227,Right,1,292253,0,8191841,5,488254,345,8417,126,0126,267,4383
32,2674102783203,Right,1,292207,0,8192444,5,488248,345,8453,126,0284,267,4786
32,281681060791,Right,1,292148,0,8193921,5,488176,345,8357,126,0906,267,5456
32,2952346801758,Right,1,292102,0,8195375,5,488111,345,8115,126,1279,267,544
32,3090362548828,Right,1,292123,0,8198762,5,487876,345,7648,126,2705,267,5125
32,3228569030762,Right,1,292172,0,819943,5,487829,345,7732,126,3222,267,4899
32,3368873596191,Right,1,292295,0,819984,5,487846,345,7793,126,379,267,4942
32,3506126403809,Right,1,292442,0,8200085,5,487898,345,7791,126,3843,267,4935
32,3645858764648,Right,1,292498,0,8199971,5,487924,345,78,126,4008,267,4969
32,3867340087891,Right,1,292943,0,8198509,5,488317,345,798,126,4199,267,5118
32,392333984375,Right,1,292839,0,8198962,5,488213,345,793,126,4206,267,5099
32,4062652587891,Right,1,29369,0,8194066,5,489034,345,8927,126,3223,267,5432
32,420093536377,Right,1,294449,0,8188483,5,489876,345,9926,126,1928,267,5854
32,4340286254883,Right,1,294655,0,8186737,5,490127,346,0204,126,1507,267,6104
32,4479141235352,Right,1,295678,0,8176354,5,491562,346,1734,125,9217,267,7656
32,4618301391602,Right,1,296771,0,8165982,5,492969,346,3554,125,6436,267,915
32,4756851196289,Right,1,297054,0,8163217,5,493326,346,4046,125,5603,267,9531
32,4895477294922,Right,1,297986,0,8154397,5,494494,346,5504,125,2907,268,0931
32,5034828186035,Right,1,298959,0,8145664,5,495332,346,7498,125,0577,268,1723
32,517520904541,Right,1,29926,0,814283,5,495525,346,8237,125,0049,268,2144
32,5387535095215,Right,1,299751,0,8139209,5,495584,346,897,125,0483,268,2679
32,5450592041016,Right,1,299744,0,8139226,5,495597,346,9058,125,0363,268,268
32,5589599609375,Right,1,30002,0,8137576,5,495547,346,9425,125,0976,268,2705
32,5729675292969,Right,1,30032,0,8135142,5,495673,347,0053,125,108,268,2822
32,5867614746094,Right,1,300578,0,8133209,5,495818,347,0521,125,1085,268,2992
32,600715637207,Right,1,300867,0,8131205,5,495978,347,1022,125,0921,268,3152
32,614574432373,Right,1,301009,0,8130153,5,496073,347,132,125,0879,268,3256
32,6284866333008,Right,1,301266,0,8128352,5,496269,347,1669,125,0829,268,3378
32,6426124572754,Right,1,301508,0,8126659,5,496499,347,1714,125,0522,268,4131
32,6562271118164,Right,1,301588,0,8126383,5,496556,347,1686,125,0604,268,4066
32,6701774597168,Right,1,30197,0,812281,5,496889,347,2245,124,9892,268,4818
32,691520690918,Right,1,302263,0,811898,5,497157,347,2939,124,9444,268,5237
32,6982498168945,Right,1,303902,0,8095262,5,494225,347,2968,124,9392,268,5262
32,711799621582,Right,1,302412,0,8116139,5,49727,347,3507,124,9339,268,5584
32,7255897521973,Right,1,30243,0,81148,5,49732,347,3809,124,9243,268,5804
32,7393760681152,Right,1,302492,0,8111322,5,497384,347,4533,124,9145,268,6399
32,7531547546387,Right,1,302535,0,8109741,5,497345,347,479,124,9266,268,6714
32,7670211791992,Right,1,302567,0,8108069,5,497248,347,4977,124,9458,268,6849
32,7808876037598,Right,1,302725,0,8105781,5,497087,347,5584,124,9932,268,7281
32,7948265075684,Right,1,302657,0,8105762,5,497086,347,5584,124,9932,268,7281
32,8087577819824,Right,1,302834,0,8104662,5,496934,347,6121,125,0364,268,7477
32,8227500915527,Right,1,302917,0,8104536,5,496845,347,6195,125,0424,268,7504
32,8444023132324,Right,1,303027,0,8103762,5,496655,347,675,125,1087,268,7356
32,8503646850586,Right,1,302951,0,8104203,5,496767,347,6572,125,0884,268,739
32,8642807006836,Right,1,303038,0,8103452,5,496638,347,6572,125,0884,268,739
32,878173828125,Right,1,303199,0,8103256,5,496593,347,6991,125,1101,268,7289
32,8920211791992,Right,1,303371,0,8103365,5,496656,347,7083,125,1148,268,7267
32,9060173034668,Right,1,303474,0,810365,5,496675,347,7354,125,1135,268,7068
32,9198532104492,Right,1,303598,0,8103427,5,496733,347,7531,125,1125,268,6938
32,9336700439453,Right,1,303753,0,8103157,5,496834,347,8052,125,1159,268,7096
32,9476203918457,Right,1,303804,0,8103523,5,496946,347,8052,125,1159,268,7096
32,9615325927734,Right,1,30388,0,8104365,5,497161,347,8305,125,0514,268,7542
32,9755249023438,Right,1,303879,0,8106422,5,497312,347,817,124,9983,268,7592
32,9971351623535,Right,1,30386,0,8111036,5,497639,347,7633,124,9037,268,7582
33,0032234191895,Right,1,303892,0,8109542,5,497537,347,7903,124,9387,268,7632
33,0171585083008,Right,1,303764,0,8113152,5,497749,347,7403,124,8932,268,7533
33,0310249328613,Right,1,303687,0,8116314,5,49781,347,7207,124,8754,268,7495
33,0448265075684,Right,1,303628,0,8117103,5,497797,347,6904,124,8748,268,738
33,0587310791016,Right,1,303479,0,811919,5,497714,347,6584,124,8742,268,7259
33,0725440979004,Right,1,303277,0,8120968,5,497568,347,6153,124,9243,268,6797
33,0865364074707,Right,1,303251,0,8120875,5,497556,347,6207,124,9131,268,6846
33,1003189086914,Right,1,303073,0,8121497,5,497379,347,6044,124,9706,268,6639
33,1142539978027,Right,1,303006,0,8121352,5,497344,347,6044,124,9706,268,6639
33,1282157897949,Right,1,302948,0,8121279,5,49719,347,6209,125,011,268,6722
33,1495971679688,Right,1,302815,0,8120453,5,497009,347,6382,125,0399,268,6886
33,156120300293,Right,1,302809,0,8119788,5,496953,347,6568,125,0535,268,6981
33,1697425842285,Right,1,302716,0,8118601,5,4968,347,6871,125,0817,268,7177
33,1835899353027,Right,1,302598,0,8117196,5,496625,347,7168,125,1071,268,7349
33,1975860595703,Right,1,302485,0,8117133,5,496562,347,7168,125,1071,268,7349
33,211483001709,Right,1,30238,0,8117281,5,496467,347,7229,125,1615,268,7496
33,2254371643066,Right,1,302285,0,8117517,5,496446,347,7228,125,1615,268,7496
33,2392959594727,Right,1,302165,0,8117114,5,496246,347,735,125,1934,268,739
33,2530822753906,Right,1,302071,0,8116422,5,496109,347,7359,125,1957,268,7383
33,2669944763184,Right,1,30204,0,811594,5,495938,347,7597,125,23,268,7312
33,2809829711914,Right,1,301918,0,8116235,5,495781,347,7793,125,2793,268,7478
33,294792175293,Right,1,301836,0,8116895,5,495751,347,7793,125,2793,268,7478
33,3087387084961,Right,1,301752,0,8117697,5,495661,347,7838,125,3215,268,7795
33,3226585388184,Right,1,301618,0,8118488,5,495609,347,7797,125,3295,268,782
33,3364105224609,Right,1,301568,0,8118843,5,49558,347,7844,125,3275,268,784
33,3503265380859,Right,1,301345,0,8120415,5,495459,347,7278,125,3542,268,7477
33,3644866943359,Right,1,301286,0,8120819,5,495395,347,7185,125,3596,268,7344
33,3781127929688,Right,1,301095,0,8121977,5,495194,347,7071,125,3661,268,7183
33,391918182373,Right,1,30099,0,8122345,5,49501,347,6936,125,4154,268,6915
33,4058723449707,Right,1,300911,0,8122063,5,494868,347,6907,125,4502,268,6872
33,4197540283203,Right,1,300776,0,8121567,5,494648,347,6887,125,4744,268,6842
33,4337844848633,Right,1,300655,0,8121437,5,494462,347,6994,125,5377,268,7074
33,4476203918457,Right,1,300455,0,8122228,5,494368,347,7,125,5397,268,7072
33,4614677429199,Right,1,300288,0,8122768,5,494244,347,6995,125,5377,268,7074
33,4753379821777,Right,1,300248,0,812256,5,494164,347,6994,125,5377,268,7074
33,4894599914551,Right,1,300198,0,8122453,5,49397,347,7093,125,5942,268,6668
33,5031776428223,Right,1,300132,0,8121802,5,493832,347,7084,125,6088,268,6678
33,5170364379883,Right,1,30013,0,8121887,5,49376,347,7072,125,6459,268,6736
33,5310249328613,Right,1,30005,0,8122156,5,493681,347,7065,125,6643,268,673
33,5447578430176,Right,1,300037,0,8122258,5,493653,347,7069,125,6647,268,6715
33,558666229248,Right,1,300038,0,8122306,5,493616,347,7065,125,6642,268,673
33,5728492736816,Right,1,300074,0,812224,5,493621,347,7065,125,6642,268,673
33,5866546630859,Right,1,300093,0,8122215,5,493633,347,7065,125,6642,268,673
33,6002998352051,Right,1,300118,0,8122135,5,493617,347,7065,125,6642,268,673
33,6142463684082,Right,1,300127,0,8122054,5,493599,347,7065,125,6642,268,673
33,6281890869141,Right,1,300165,0,8121777,5,493564,347,7065,125,6642,268,673
33,6421165466309,Right,1,300227,0,8121371,5,493614,347,7166,125,6109,268,6973
33,6559448242188,Right,1,300287,0,8121314,5,493609,347,7166,125,6109,268,6973
33,669864654541,Right,1,300384,0,8120925,5,493647,347,7175,125,6077,268,6985
33,6839752197266,Right,1,300403,0,8120748,5,493684,347,7166,125,6109,268,6973
33,697509765625,Right,1,300405,0,8120428,5,493727,347,7292,125,5737,268,7171
33,7114448547363,Right,1,300441,0,8120327,5,493707,347,7317,125,5627,268,7228
33,7253684997559,Right,1,300457,0,812018,5,493694,347,7317,125,5627,268,7228
33,7391777038574,Right,1,300492,0,8119734,5,493649,347,7317,125,5627,268,7228
33,752986907959,Right,1,300497,0,8119367,5,493613,347,733,125,5639,268,7237
33,7670440673828,Right,1,300481,0,8119172,5,493604,347,7317,125,5627,268,7228
33,7807502746582,Right,1,300448,0,8118705,5,493577,347,7317,125,5627,268,7228
33,7946472167969,Right,1,30042,0,8117943,5,493592,347,7573,125,5111,268,7161
33,8085823059082,Right,1,300354,0,8113331,5,494065,347,8784,125,0658,268,6994
33,8224754333496,Right,1,300434,0,8106813,5,49515,348,119,123,8185,268,3483
33,8363380432129,Right,1,300676,0,8099371,5,496192,348,2984,123,1623,268,3168
33,850269317627,Right,1,301047,0,8083853,5,497469,348,8989,122,2424,268,3183
33,8641929626465,Right,1,301259,0,8077024,5,497234,349,2534,122,2921,268,4927
33,8781318664551,Right,1,301229,0,8064992,5,497052,349,7638,122,2588,268,5452
33,8920555114746,Right,1,300977,0,8073847,5,495632,349,1382,123,3858,268,68
33,905891418457,Right,1,300619,0,8067446,5,495002,349,3031,123,6759,268,8245
33,9197807312012,Right,1,30029,0,8045679,5,493713,349,7713,124,2722,269,631
33,933650970459,Right,1,299868,0,8047565,5,49298,349,6772,124,6675,269,8868
33,9475517272949,Right,1,299609,0,805442,5,492429,349,4694,124,8789,269,7106
33,9616813659668,Right,1,299141,0,8066038,5,492215,349,1773,124,8547,269,2345
33,9753189086914,Right,1,298902,0,8068721,5,490562,349,0214,125,6502,269,0048
33,9892578125,Right,1,298015,0,8080743,5,488434,348,864,126,6046,268,2403
34,0030746459961,Right,1,297664,0,8081988,5,487357,348,8896,127,2042,267,933
34,0169639587402,Right,1,297584,0,8083034,5,48668,348,7842,127,7609,268,1516
34,0308799743652,Right,1,297285,0,8089076,5,485538,348,4878,128,734,268,6982
34,0448837280273,Right,1,296862,0,8094547,5,485219,348,3336,129,0808,268,9316
34,0586967468262,Right,1,296187,0,8104234,5,484392,347,999,129,7348,269,158
34,0725898742676,Right,1,295779,0,8109367,5,484304,347,9884,129,7182,269,0706
34,0865097045898,Right,1,295551,0,8109589,5,484492,348,0709,129,5849,268,9886
34,1003684997559,Right,1,295883,0,8105139,5,485363,348,3512,129,0861,268,9993
34,1142578125,Right,1,295904,0,8105948,5,485546,348,3122,129,0467,269,0487
34,1281509399414,Right,1,295986,0,8106703,5,485814,348,3301,128,9546,269,088
34,1420249938965,Right,1,296049,0,8106064,5,486229,348,3245,128,6527,268,9139
34,1558952331543,Right,1,296112,0,8106119,5,486178,348,3148,128,6342,268,8914
34,1698341369629,Right,1,296024,0,8107598,5,486235,348,3081,128,6214,268,8759
34,1837387084961,Right,1,295964,0,8108358,5,486285,348,2739,128,5777,268,8593
34,1977081298828,Right,1,295927,0,8109094,5,486328,348,2739,128,5777,268,8593
34,2115097045898,Right,1,295869,0,8109437,5,486421,348,2427,128,5166,268,8865
34,2253303527832,Right,1,295897,0,8109583,5,486402,348,2427,128,5167,268,8865
34,2392616271973,Right,1,29601,0,8109496,5,486405,348,2426,128,5167,268,8865
34,253231048584,Right,1,296252,0,8108867,5,486415,348,2437,128,4433,268,9487
34,2670669555664,Right,1,296355,0,8108826,5,486413,348,2476,128,4225,268,9553
34,2809638977051,Right,1,296655,0,8107938,5,486548,348,2582,128,3505,268,9815
34,2948684692383,Right,1,29683,0,8107682,5,486622,348,2571,128,3351,268,9818
34,3087005615234,Right,1,297052,0,8106826,5,486829,348,2671,128,2572,269,0063
34,3226051330566,Right,1,297537,0,810596,5,487094,348,2635,128,1387,269,028
34,3365097045898,Right,1,297691,0,8105463,5,487184,348,2735,128,1005,269,0339
34,350471496582,Right,1,298219,0,8103539,5,487534,348,2936,127,9738,269,0789
34,3643035888672,Right,1,29841,0,8102938,5,487653,348,2985,127,9261,269,0967
34,3783264160156,Right,1,298894,0,8100635,5,48804,348,3151,127,8048,269,1548
34,3921432495117,Right,1,299259,0,8098843,5,488271,348,3317,127,7377,269,2076
34,4059791564941,Right,1,299475,0,8097944,5,488431,348,3355,127,675,269,2289
34,419921875,Right,1,299874,0,8095887,5,488708,348,3471,127,5857,269,2672
34,4337387084961,Right,1,30012,0,80948,5,488888,348,3563,127,5183,269,2931
34,4477958679199,Right,1,300284,0,8094012,5,48901,348,3616,127,479,269,3055
34,4615478515625,Right,1,300472,0,8093243,5,489122,348,3631,127,468,269,309
34,4754905700684,Right,1,300572,0,8092482,5,489244,348,3666,127,4244,269,336
34,4893341064453,Right,1,300753,0,8091371,5,489436,348,3722,127,3523,269,3919
34,5033149719238,Right,1,300843,0,8090793,5,489544,348,381,127,3067,269,4338
34,5171051025391,Right,1,300932,0,8090584,5,489582,348,3813,127,3003,269,4352
34,5309829711914,Right,1,300997,0,8089994,5,489651,348,3852,127,2447,269,4657
34,544864654541,Right,1,301052,0,8089975,5,489619,348,3869,127,2389,269,4674
34,5587921142578,Right,1,301057,0,8089976,5,489649,348,3852,127,2447,269,4657
34,5726890563965,Right,1,301006,0,8090344,5,489695,348,385,127,2441,269,4673
34,5869255065918,Right,1,300953,0,8090618,5,489671,348,3853,127,2457,269,4707
34,6005020141602,Right,1,300908,0,8090484,5,48961,348,398,127,2253,269,5237
34,6142921447754,Right,1,30087,0,8090907,5,489544,348,398,127,2253,269,5237
34,6282615661621,Right,1,300797,0,8090972,5,489383,348,398,127,2253,269,5237
34,6421241760254,Right,1,3007,0,8091303,5,489234,348,398,127,2253,269,5237
34,6566467285156,Right,1,300665,0,8091538,5,489128,348,4041,127,2666,269,5224
34,6699867248535,Right,1,300502,0,8091947,5,48884,348,4121,127,3371,269,513
34,683765411377,Right,1,300453,0,8091839,5,488811,348,4121,127,3371,269,513
34,6976280212402,Right,1,300383,0,8091542,5,48853,348,4217,127,3786,269,5049
34,7115440368652,Right,1,300289,0,8090934,5,48833,348,4246,127,3914,269,5025
34,7255477905273,Right,1,300225,0,809092,5,488279,348,4428,127,4189,269,4972
34,7393531799316,Right,1,299994,0,8090604,5,488186,348,4662,127,4538,269,4946
34,753231048584,Right,1,300006,0,8090048,5,48805,348,495,127,5039,269,5015
34,767162322998,Right,1,299976,0,8089427,5,487957,348,495,127,5039,269,5015
34,7810325622559,Right,1,300048,0,8088461,5,487784,348,5453,127,5558,269,5122
34,7949752807617,Right,1,299982,0,80884,5,4878,348,5507,127,5585,269,5133
34,8092727661133,Right,1,299923,0,8088474,5,487819,348,5453,127,5558,269,5122
34,8227310180664,Right,1,299887,0,8088904,5,487902,348,5467,127,548,269,5121
34,8366088867188,Right,1,299902,0,8088986,5,487923,348,5453,127,5558,269,5122
34,8505020141602,Right,1,299984,0,8089443,5,488051,348,5453,127,5558,269,5122
34,8646011352539,Right,1,300036,0,8089582,5,488143,348,5631,127,5195,269,5198
34,878303527832,Right,1,300124,0,8089532,5,488218,348,5837,127,4968,269,5251
34,8921508789063,Right,1,300214,0,8089008,5,488305,348,5941,127,4287,269,5473
34,9061050415039,Right,1,300308,0,8089013,5,488353,348,5961,127,4258,269,55
34,9199981689453,Right,1,30041,0,8088798,5,488542,348,6075,127,3569,269,589
34,9338874816895,Right,1,30047,0,8089199,5,488565,348,6075,127,3569,269,589
34,9477882385254,Right,1,300582,0,8089348,5,488791,348,6116,127,2962,269,6182
34,9619560241699,Right,1,300642,0,8089172,5,48893,348,6151,127,2734,269,6289
34,9756355285645,Right,1,300635,0,8088977,5,488982,348,623,127,2435,269,6385
34,9895553588867,Right,1,300711,0,8088589,5,489104,348,6334,127,2091,269,6518
35,0033836364746,Right,1,300753,0,8088354,5,489145,348,6533,127,17,269,6574
35,017276763916,Right,1,30082,0,8088055,5,489161,348,6533,127,17,269,6574
35,0312042236328,Right,1,300932,0,8087124,5,489233,348,7025,127,1249,269,6905
35,0451927185059,Right,1,300945,0,8086825,5,489275,348,7119,127,1142,269,7006
35,0589599609375,Right,1,300967,0,8085707,5,48945,348,7243,127,0953,269,7157
35,0728149414063,Right,1,300973,0,8085626,5,489508,348,7448,127,0564,269,7379
35,0866851806641,Right,1,300975,0,8085825,5,489508,348,7455,127,0655,269,7365
35,100643157959,Right,1,300958,0,808613,5,489521,348,7526,127,062,269,7296
35,1146850585938,Right,1,300949,0,8086169,5,489517,348,7519,127,0463,269,7217
35,1360473632813,Right,1,300959,0,8085717,5,489393,348,762,127,0291,269,7181
35,1424140930176,Right,1,300961,0,8085806,5,489429,348,7592,127,0248,269,705
35,1561660766602,Right,1,30095,0,808561,5,489338,348,7592,127,0248,269,705
35,1700096130371,Right,1,300962,0,8085144,5,489234,348,7939,127,0399,269,7503
35,183952331543,Right,1,300919,0,8085399,5,489213,348,7939,127,0399,269,7503
35,1978302001953,Right,1,300904,0,8085098,5,489168,348,8174,127,0486,269,7625
35,2117729187012,Right,1,300793,0,8084708,5,489267,348,8254,127,0528,269,7678
35,2256088256836,Right,1,300755,0,8084694,5,48929,348,8247,127,054,269,7672
35,2396202087402,Right,1,300699,0,8084832,5,489301,348,8242,127,0538,269,7661
35,253490447998,Right,1,300704,0,8084973,5,489297,348,8506,127,0914,269,782
35,2673683166504,Right,1,300678,0,8085098,5,48933,348,8522,127,089,269,7823
35,2887878417969,Right,1,300713,0,8084153,5,489412,348,8533,127,0755,269,7771
35,2950096130371,Right,1,3007,0,8084418,5,489387,348,8499,127,0898,269,7833
35,3089942932129,Right,1,300743,0,8083593,5,489521,348,8701,127,0484,269,7704
35,3228034973145,Right,1,300825,0,8083214,5,489646,348,8723,127,0439,269,769
35,3366851806641,Right,1,300876,0,8082768,5,489774,348,8921,127,006,269,7831
35,3506774902344,Right,1,301004,0,8082197,5,489938,348,9035,126,9839,269,7908
35,3644866943359,Right,1,301049,0,8081881,5,489968,348,9142,126,9618,269,8072
35,3783798217773,Right,1,301228,0,8081228,5,490023,348,9292,126,9306,269,828
35,3922500610352,Right,1,301291,0,8080969,5,490152,348,951,126,8692,269,8504
35,4061546325684,Right,1,301335,0,8081117,5,490209,348,951,126,8692,269,8504
35,4201545715332,Right,1,301363,0,8081114,5,490374,348,9625,126,7964,269,8603
35,441478729248,Right,1,301371,0,8080964,5,490369,348,9686,126,7921,269,868
35,4478187561035,Right,1,30876,0,8092997,5,490018,348,9686,126,792,269,8692
35,4616851806641,Right,1,30131,0,808099,5,490363,348,9675,126,793,269,8707
35,4756507873535,Right,1,301274,0,8081257,5,490325,348,9674,126,7971,269,8676
35,4894866943359,Right,1,301231,0,8081541,5,490278,348,9686,126,792,269,8692
35,5034294128418,Right,1,301131,0,8081949,5,490154,348,9686,126,792,269,8692
35,517276763916,Right,1,301101,0,8082197,5,490065,348,9691,126,8339,269,8437
35,5312118530273,Right,1,301016,0,8081897,5,489971,348,9693,126,8493,269,8343
35,5450057983398,Right,1,301024,0,8081748,5,489927,348,9874,126,8759,269,8378
35,5589370727539,Right,1,300954,0,808147,5,489859,349,0052,126,9021,269,8412
35,5728988647461,Right,1,300893,0,8081314,5,489794,349,0203,126,94,269,878
35,5943565368652,Right,1,30074,0,8082291,5,489772,349,0186,126,9441,269,8773
35,6005706787109,Right,1,300779,0,8081807,5,489774,349,0203,126,94,269,878
35,6145324707031,Right,1,300671,0,8083112,5,489788,349,0203,126,94,269,878
35,6284370422363,Right,1,300537,0,8084683,5,489819,348,9944,126,9545,269,8593
35,6424026489258,Right,1,300403,0,8085698,5,489847,348,9898,126,9571,269,8559
35,6561470031738,Right,1,300333,0,8086193,5,489856,348,9898,126,9571,269,8559
35,6702041625977,Right,1,30018,0,8087242,5,489877,348,9487,126,993,269,8633
35,6841468811035,Right,1,300119,0,8087775,5,48982,348,9454,126,9964,269,8671
35,6977653503418,Right,1,300039,0,8088551,5,489732,348,9487,126,993,269,8633
35,7116622924805,Right,1,299902,0,8089793,5,489665,348,9487,126,993,269,8633
35,7257385253906,Right,1,299849,0,8090209,5,489668,348,9472,126,9918,269,8614
35,7472190856934,Right,1,299685,0,8091331,5,489641,348,9001,126,9978,269,8673
35,753303527832,Right,1,299683,0,809139,5,489574,348,9009,127,0004,269,866
35,7670707702637,Right,1,299588,0,8091958,5,489389,348,9005,126,9963,269,8661
35,7809791564941,Right,1,299517,0,8092471,5,489024,348,8996,127,0677,269,8744
35,7946929931641,Right,1,299468,0,8092532,5,489022,348,9007,127,0632,269,8748
35,8089561462402,Right,1,299426,0,8092543,5,488821,348,9032,127,1073,269,8712
35,8227310180664,Right,1,299345,0,8092305,5,488721,348,9036,127,1173,269,8678
35,8365058898926,Right,1,299309,0,8092602,5,488657,348,9022,127,1109,269,8721
35,8504676818848,Right,1,299262,0,8093125,5,488522,348,8998,127,1646,269,8361
35,8641586303711,Right,1,299233,0,8092861,5,488523,348,8998,127,1646,269,8361
35,8783531188965,Right,1,299225,0,8091655,5,488463,348,8998,127,1646,269,8361
35,891902923584,Right,1,299253,0,8090131,5,488444,348,8998,127,1646,269,8361
35,9056549072266,Right,1,299307,0,8088651,5,488419,348,9425,127,1651,269,8363
35,9194564819336,Right,1,299344,0,8086286,5,488402,348,975,127,1655,269,8365
35,9334106445313,Right,1,299392,0,8084525,5,48838,349,037,127,1667,269,8913
35,9472923278809,Right,1,299383,0,8083909,5,488387,349,037,127,1667,269,8913
35,961254119873,Right,1,299447,0,8082325,5,48842,349,0953,127,1427,269,9298
35,9752922058105,Right,1,299451,0,8081991,5,48844,349,1003,127,1397,269,9352
35,9890060424805,Right,1,299475,0,8081477,5,48847,349,0953,127,1427,269,9299
36,0031051635742,Right,1,299485,0,8081636,5,488461,349,0949,127,1409,269,9338
36,0166549682617,Right,1,299492,0,8081646,5,488468,349,1148,127,1241,269,9534
36,0307235717773,Right,1,299491,0,8082458,5,488482,349,1241,127,1132,269,9631
36,0524711608887,Right,1,299478,0,8083044,5,488529,349,1217,127,1125,269,9577
36,0585823059082,Right,1,308798,0,8066035,5,486217,349,1217,127,1125,269,9577
36,0722961425781,Right,1,29948,0,808341,5,488553,349,1217,127,1125,269,9576
36,0860595703125,Right,1,299506,0,8083522,5,488558,349,1217,127,1125,269,9576
36,0999526977539,Right,1,29959,0,8083521,5,488562,349,1217,127,1125,269,9577
36,1138572692871,Right,1,2996,0,8083084,5,488598,349,1051,127,061,269,9621
36,1277656555176,Right,1,299647,0,8082486,5,488587,349,1051,127,061,269,962
36,1416893005371,Right,1,299725,0,808067,5,488569,349,1547,127,0331,269,9813
36,1557884216309,Right,1,299743,0,8080182,5,488548,349,1547,127,0332,269,9813
36,1694412231445,Right,1,299837,0,8078609,5,488491,349,1868,127,0333,270,0142
36,1833648681641,Right,1,299884,0,8077134,5,488387,349,2025,127,0389,270,0155
36,2049674987793,Right,1,299919,0,8076041,5,48832,349,1926,127,0366,270,015
36,2112503051758,Right,1,299919,0,8076218,5,488328,349,1959,127,0375,270,0166
36,225227355957,Right,1,299991,0,807465,5,488233,349,2453,127,0665,270,0199
36,2388381958008,Right,1,300058,0,8073018,5,488203,349,2483,127,0679,270,0206
36,2530555725098,Right,1,300134,0,8072102,5,488204,349,2978,127,0754,270,0452
36,2666664123535,Right,1,300151,0,8071845,5,488244,349,2978,127,0754,270,0452
36,2806243896484,Right,1,300248,0,8070692,5,488348,349,3085,127,0311,270,0657
36,2943305969238,Right,1,300316,0,8070189,5,48837,349,323,127,0109,270,0612
36,308235168457,Right,1,300468,0,806875,5,488439,349,3344,126,9877,270,0606
36,3221168518066,Right,1,30062,0,8067443,5,488464,349,3746,126,9706,270,0879
36,336124420166,Right,1,30073,0,8066658,5,488483,349,3869,126,9695,270,1095
36,3575248718262,Right,1,300968,0,8065438,5,48859,349,4048,126,9559,270,1317
36,3638610839844,Right,1,30092,0,8065615,5,488556,349,3946,126,9688,270,123
36,3777770996094,Right,1,301052,0,8065179,5,488713,349,4192,126,9318,270,1454
36,391731262207,Right,1,30114,0,806549,5,488853,349,4261,126,9214,270,1517
36,4055061340332,Right,1,301157,0,806551,5,489022,349,4193,126,8822,270,1543
36,4194755554199,Right,1,301253,0,806562,5,489306,349,4138,126,8506,270,1563
36,4333152770996,Right,1,301278,0,8065734,5,489502,349,3998,126,7881,270,1597
36,4472808837891,Right,1,301324,0,8065787,5,489524,349,3998,126,7881,270,1597
36,461181640625,Right,1,301356,0,8065766,5,489576,349,3998,126,7881,270,1597
36,4749946594238,Right,1,301363,0,8065628,5,489592,349,3998,126,7881,270,1597
36,4890556335449,Right,1,30137,0,8064456,5,489668,349,4149,126,7544,270,1966
36,5106430053711,Right,1,301346,0,8063373,5,489628,349,4252,126,7551,270,2072
36,5170288085938,Right,1,292096,0,8036892,5,496184,349,4279,126,7562,270,2084
36,5305557250977,Right,1,30132,0,8062693,5,489543,349,4264,126,7556,270,2074
36,5446357727051,Right,1,301311,0,8062497,5,489513,349,4264,126,7556,270,2074
36,5583114624023,Right,1,301303,0,8061332,5,489295,349,473,126,819,270,23
36,5721282958984,Right,1,301265,0,8061008,5,489223,349,4897,126,8499,270,2418
36,5861396789551,Right,1,301232,0,8060839,5,489199,349,4897,126,8499,270,2418
36,6000099182129,Right,1,301233,0,8060282,5,489128,349,4908,126,8519,270,2423
36,6138229370117,Right,1,301252,0,8060141,5,48911,349,5031,126,8667,270,2504
36,6277008056641,Right,1,301246,0,8059812,5,489071,349,5244,126,8936,270,2642
36,6419296264648,Right,1,301194,0,8059642,5,489115,349,5249,126,8943,270,2641
36,663200378418,Right,1,301129,0,8059633,5,489244,349,5227,126,8928,270,2634
36,6694297790527,Right,1,303046,0,8016906,5,487813,349,5215,126,8912,270,264
36,6834754943848,Right,1,30115,0,8059801,5,489336,349,5215,126,8912,270,264
36,6972045898438,Right,1,301168,0,8059859,5,489379,349,5215,126,8913,270,264
36,711051940918,Right,1,301219,0,8059846,5,489482,349,5215,126,8913,270,264
36,7249298095703,Right,1,301224,0,8059653,5,4895,349,5215,126,8912,270,264
36,7388610839844,Right,1,301242,0,8059024,5,489563,349,5215,126,8913,270,264
36,7527542114258,Right,1,301281,0,8058558,5,489634,349,5215,126,8913,270,264
36,7666130065918,Right,1,301307,0,8058419,5,489672,349,5215,126,8913,270,264
36,7805023193359,Right,1,301376,0,8057745,5,489804,349,5356,126,8392,270,2943
36,7945251464844,Right,1,301413,0,8057756,5,489808,349,5356,126,8392,270,2943
36,8158988952637,Right,1,301543,0,8056708,5,489954,349,5491,126,7887,270,3075
36,8221778869629,Right,1,301546,0,8056765,5,489947,349,5495,126,7921,270,3067
36,836067199707,Right,1,301601,0,8056306,5,490008,349,5501,126,7951,270,305
36,8499641418457,Right,1,301665,0,8055699,5,490088,349,5488,126,7972,270,3059
36,863956451416,Right,1,301706,0,8055233,5,490147,349,5488,126,7972,270,3059
36,8777923583984,Right,1,30172,0,8054874,5,49019,349,5654,126,7604,270,3151
36,8917770385742,Right,1,301765,0,8054595,5,490193,349,57,126,7502,270,3176
36,9055290222168,Right,1,301785,0,8054315,5,490192,349,5729,126,7501,270,3164
36,9193801879883,Right,1,301812,0,8053884,5,490197,349,57,126,7502,270,3176
36,9332580566406,Right,1,301825,0,8053634,5,490204,349,57,126,7502,270,3176
36,9472541809082,Right,1,30183,0,8053511,5,490208,349,57,126,7502,270,3176
36,9685974121094,Right,1,301773,0,8054433,5,490059,349,5636,126,7534,270,3209
36,9750061035156,Right,1,301775,0,8054368,5,490071,349,5669,126,7521,270,3175
36,9888305664063,Right,1,301712,0,8055115,5,489992,349,57,126,7502,270,3176
37,0026779174805,Right,1,301673,0,8055402,5,489977,349,57,126,7502,270,3176
37,016674041748,Right,1,301631,0,8055582,5,489967,349,57,126,7502,270,3176
37,0305099487305,Right,1,301574,0,8055693,5,48993,349,57,126,7502,270,3176
37,0443725585938,Right,1,30155,0,8055786,5,489875,349,57,126,7502,270,3176
37,0583038330078,Right,1,30146,0,8056147,5,489678,349,57,126,7502,270,3176
37,0722770690918,Right,1,301367,0,8056514,5,489542,349,57,126,7502,270,3176
37,086124420166,Right,1,301329,0,8056664,5,489514,349,57,126,7502,270,3176
37,1001205444336,Right,1,301215,0,8057307,5,489431,349,5301,126,7667,270,278
37,121509552002,Right,1,301083,0,8057359,5,489354,349,5334,126,776,270,2758
37,1276931762695,Right,1,29577,0,8105191,5,488503,349,533,126,7771,270,2769
37,1418800354004,Right,1,300963,0,8057731,5,489307,349,533,126,7771,270,2769
37,1554870605469,Right,1,300922,0,8058088,5,489292,349,5319,126,7771,270,2788
37,169319152832,Right,1,300877,0,8058645,5,489272,349,5151,126,8129,270,2932
37,1832160949707,Right,1,300757,0,8060213,5,4893,349,5139,126,8154,270,2943
37,1971702575684,Right,1,300633,0,8061471,5,489314,349,4793,126,7875,270,2482
37,2110557556152,Right,1,300604,0,8061813,5,489305,349,4808,126,788,270,25
37,2251319885254,Right,1,30057,0,8061998,5,489303,349,4684,126,7782,270,2353
37,2388038635254,Right,1,300514,0,8062491,5,489273,349,4568,126,769,270,2215
37,2528190612793,Right,1,300497,0,8062583,5,489219,349,4575,126,7716,270,2253
37,2744750976563,Right,1,300478,0,8062041,5,489061,349,4689,126,7951,270,2181
37,2805099487305,Right,1,300494,0,8062475,5,489174,349,4568,126,769,270,2215
37,294303894043,Right,1,300477,0,8061733,5,489017,349,4593,126,7915,270,2242
37,3084373474121,Right,1,300461,0,8061025,5,488939,349,4624,126,8154,270,2318
37,3220710754395,Right,1,300509,0,805959,5,488838,349,4614,126,8155,270,2321
37,3360176086426,Right,1,300591,0,8058289,5,488742,349,5011,126,8195,270,1971
37,350154876709,Right,1,300783,0,805482,5,488647,349,5311,126,8212,270,1789
37,3640518188477,Right,1,300904,0,8053495,5,488651,349,5691,126,8166,270,1812
37,3776702880859,Right,1,301141,0,8050512,5,488674,349,6463,126,8106,270,1844
37,3914527893066,Right,1,30141,0,8047206,5,488732,349,6976,126,7926,270,2148
37,4054527282715,Right,1,301463,0,804663,5,488766,349,6887,126,797,270,206
37,4267501831055,Right,1,302014,0,804138,5,489092,349,7797,126,6832,270,1986
37,4330635070801,Right,1,301916,0,804226,5,489037,349,7685,126,7043,270,2035
37,446949005127,Right,1,302208,0,8039619,5,489296,349,8162,126,6368,270,1839
37,4608306884766,Right,1,30251,0,8037146,5,489616,349,8502,126,5763,270,1894
37,4748764038086,Right,1,302695,0,8036247,5,489807,349,8552,126,5496,270,2101
37,488712310791,Right,1,302829,0,8035111,5,490027,349,8623,126,5116,270,2402
37,5026397705078,Right,1,303021,0,8034536,5,490241,349,8604,126,509,270,2423
37,516471862793,Right,1,303107,0,8034109,5,490442,349,8766,126,4488,270,2553
37,5303726196289,Right,1,303294,0,8033882,5,490709,349,8868,126,414,270,2645
37,5442848205566,Right,1,303349,0,8034025,5,490896,349,8872,126,372,270,2778
37,5582809448242,Right,1,303452,0,8034337,5,491142,349,8912,126,344,270,2818
37,5799179077148,Right,1,303499,0,8035412,5,491451,349,883,126,2646,270,3149
37,5860023498535,Right,1,303492,0,8035481,5,491446,349,887,126,2851,270,306
37,5998687744141,Right,1,303584,0,8036454,5,491679,349,8604,126,2336,270,334
37,6137046813965,Right,1,303668,0,8037015,5,491695,349,8648,126,2412,270,3267
37,6275978088379,Right,1,303687,0,8037505,5,491783,349,8435,126,2111,270,3497
37,6416053771973,Right,1,303637,0,8039334,5,491884,349,8328,126,2002,270,3604
37,6554527282715,Right,1,303596,0,8039895,5,491902,349,8322,126,2035,270,3582
37,6693153381348,Right,1,303454,0,8041522,5,491942,349,7877,126,2049,270,3967
37,6833763122559,Right,1,30341,0,8042356,5,491879,349,7927,126,1985,270,3949
37,697265625,Right,1,303355,0,8042807,5,49178,349,7895,126,2055,270,3958
37,7110900878906,Right,1,30329,0,8043351,5,491674,349,7583,126,254,270,409
37,7325477600098,Right,1,303063,0,8044814,5,491456,349,7481,126,2841,270,4154
37,7387313842773,Right,1,305056,0,7984486,5,480701,349,7487,126,2867,270,4142
37,7526550292969,Right,1,302927,0,804565,5,491311,349,7421,126,3425,270,4223
37,766788482666,Right,1,302866,0,804597,5,491314,349,74,126,3374,270,4215
37,780517578125,Right,1,302693,0,804741,5,491261,349,7249,126,3817,270,4277
37,7942085266113,Right,1,302637,0,8047669,5,491246,349,7249,126,3817,270,4277
37,8082237243652,Right,1,302504,0,8048365,5,491114,349,7238,126,387,270,4256
37,8220252990723,Right,1,302457,0,8048557,5,491059,349,7249,126,3817,270,4277
37,8358955383301,Right,1,302414,0,8048886,5,490995,349,7141,126,4155,270,4185
37,8497734069824,Right,1,302291,0,8049335,5,490904,349,7066,126,4387,270,4122
37,8638305664063,Right,1,302223,0,8049545,5,49083,349,7062,126,4425,270,4113
37,8854179382324,Right,1,302208,0,8049362,5,490784,349,7047,126,4399,270,4082
37,8915061950684,Right,1,302213,0,8049455,5,490803,349,7066,126,4387,270,4122
37,9054183959961,Right,1,302217,0,8049014,5,490757,349,7066,126,4387,270,4122
37,919246673584,Right,1,302213,0,8048835,5,490679,349,7254,126,4643,270,3719
37,9331588745117,Right,1,30219,0,8048356,5,490677,349,7269,126,4663,270,3688
37,9472618103027,Right,1,302192,0,8048209,5,490671,349,7269,126,4663,270,3687
37,9609794616699,Right,1,302257,0,8047627,5,490683,349,7586,126,4783,270,4019
37,9748115539551,Right,1,302251,0,8047737,5,490712,349,7586,126,4783,270,4019
37,9887428283691,Right,1,30232,0,8047786,5,490862,349,7586,126,4783,270,4019
38,002742767334,Right,1,302292,0,8048012,5,49095,349,7596,126,415,270,4237
38,0166511535645,Right,1,302282,0,8048571,5,490958,349,7596,126,415,270,4237
38,0382385253906,Right,1,302201,0,8050153,5,491096,349,716,126,3571,270,4198
38,044361114502,Right,1,302212,0,8050045,5,491078,349,7205,126,3638,270,4188
38,0583457946777,Right,1,302179,0,805078,5,491148,349,7205,126,3638,270,4188
38,0721282958984,Right,1,302148,0,8051378,5,491159,349,7205,126,3638,270,4188
38,0859680175781,Right,1,302159,0,8051819,5,491029,349,7205,126,3638,270,4188
38,0998878479004,Right,1,302172,0,8052545,5,490769,349,7191,126,3646,270,4217
38,1137924194336,Right,1,302144,0,8052814,5,490682,349,7205,126,3638,270,4188
38,127799987793,Right,1,302112,0,805267,5,490672,349,6897,126,3619,270,4436
38,1416091918945,Right,1,302045,0,8052657,5,490565,349,6847,126,3607,270,4492
38,1554641723633,Right,1,302036,0,805297,5,490537,349,6812,126,3614,270,4505
38,1695747375488,Right,1,301983,0,8053647,5,490397,349,6812,126,3614,270,4505
38,1909980773926,Right,1,301912,0,8054231,5,490179,349,6966,126,4095,270,4579
38,1972579956055,Right,1,308829,0,8039296,5,485016,349,6964,126,4116,270,4557
38,2112426757813,Right,1,301856,0,8054211,5,490013,349,6963,126,4149,270,4543
38,2249069213867,Right,1,301844,0,8054224,5,489985,349,6964,126,4116,270,4557
38,2388076782227,Right,1,301795,0,8054587,5,489849,349,6926,126,4464,270,4406
38,2527389526367,Right,1,301726,0,8054938,5,489815,349,6921,126,451,270,4386
38,2665100097656,Right,1,301694,0,8055151,5,489786,349,6921,126,451,270,4386
38,2805366516113,Right,1,301643,0,8055158,5,489686,349,6921,126,451,270,4386
38,2943992614746,Right,1,301628,0,8055036,5,489642,349,6921,126,451,270,4386
38,3082504272461,Right,1,301608,0,8054763,5,489518,349,6823,126,4887,270,4177
38,3222236633301,Right,1,301578,0,8054578,5,489474,349,6828,126,4982,270,4145
38,3437690734863,Right,1,30157,0,8054404,5,489431,349,6857,126,5011,270,4196
38,3498916625977,Right,1,305951,0,7995105,5,493526,349,6881,126,5033,270,421
38,3638038635254,Right,1,301567,0,8053617,5,489368,349,6882,126,5033,270,421
38,3777198791504,Right,1,301572,0,8052752,5,489312,349,6881,126,5033,270,421
38,3915748596191,Right,1,301606,0,8051912,5,489254,349,7312,126,5239,270,4365
38,405689239502,Right,1,30155,0,8052065,5,489266,349,7335,126,5248,270,4384
38,4194564819336,Right,1,301521,0,8052175,5,489267,349,7312,126,5239,270,4365
38,433219909668,Right,1,301516,0,805191,5,489255,349,7312,126,5239,270,4365
38,4471817016602,Right,1,301547,0,805135,5,489246,349,7501,126,5268,270,4573
38,4610710144043,Right,1,301559,0,8050886,5,489242,349,7575,126,5279,270,4654
38,4750823974609,Right,1,301578,0,8050581,5,489241,349,7575,126,5279,270,4654
38,4969787597656,Right,1,301656,0,8049617,5,489213,349,7595,126,5254,270,4696
38,5027236938477,Right,1,301638,0,8049791,5,489221,349,7575,126,5279,270,4654
38,5168762207031,Right,1,301707,0,8049102,5,489185,349,7593,126,5291,270,4675
38,5305824279785,Right,1,301777,0,8048306,5,489162,349,8011,126,5041,270,4985
38,5444564819336,Right,1,301785,0,8048333,5,489151,349,8011,126,5041,270,4985
38,5583343505859,Right,1,301863,0,8047622,5,489143,349,8011,126,5041,270,4985
38,5722312927246,Right,1,301945,0,8046812,5,489148,349,8028,126,5028,270,4998
38,5863418579102,Right,1,301963,0,804657,5,489158,349,8154,126,4871,270,5122
38,5999870300293,Right,1,302053,0,8045936,5,489175,349,8263,126,4726,270,5223
38,6139373779297,Right,1,302083,0,8045718,5,489182,349,8254,126,4724,270,5217
38,6279411315918,Right,1,302164,0,8044924,5,489218,349,8469,126,4444,270,5306
38,6495094299316,Right,1,302302,0,804363,5,489285,349,8572,126,4336,270,5464
38,6555709838867,Right,1,302273,0,8043947,5,489266,349,8488,126,4397,270,5316
38,6695251464844,Right,1,302379,0,8042593,5,489349,349,8697,126,4158,270,5737
38,6835823059082,Right,1,3024,0,804252,5,489348,349,8707,126,4147,270,5757
38,6973571777344,Right,1,302485,0,8041222,5,489335,349,8858,126,4083,270,564
38,7111549377441,Right,1,30253,0,8040466,5,489327,349,9125,126,3822,270,5593
38,725040435791,Right,1,302583,0,803959,5,489355,349,9125,126,3822,270,5593
38,7389373779297,Right,1,302743,0,8037224,5,48944,349,956,126,3816,270,6075
38,7528228759766,Right,1,302788,0,803656,5,489489,349,9649,126,3804,270,617
38,7671203613281,Right,1,302802,0,8036427,5,489498,349,961,126,3815,270,613
38,7808074951172,Right,1,302902,0,8035434,5,489579,349,9989,126,3489,270,627
38,8022842407227,Right,1,303006,0,8034635,5,489812,350,002,126,3377,270,6396
38,8083381652832,Right,1,302122,0,8078688,5,489179,350,003,126,3348,270,6429
38,8222579956055,Right,1,303093,0,803376,5,490047,350,0343,126,2883,270,6598
38,8361206054688,Right,1,303171,0,8033284,5,49012,350,0343,126,2883,270,6597
38,849983215332,Right,1,303304,0,8031847,5,490269,350,0616,126,2522,270,7206
38,8639602661133,Right,1,303349,0,8031663,5,490294,350,0739,126,2408,270,7286
38,8778533935547,Right,1,303568,0,8029056,5,490517,350,1455,126,1887,270,7537
38,8917388916016,Right,1,303789,0,8025841,5,490823,350,2519,126,1006,270,7832
38,9056549072266,Right,1,304063,0,8021449,5,491205,350,4115,125,9371,270,8237
38,9195747375488,Right,1,305363,0,7999948,5,492978,351,1842,125,0958,271,1985
38,9336242675781,Right,1,305802,0,7996485,5,493402,351,3289,124,8328,271,337
38,9550819396973,Right,1,306265,0,7993257,5,494156,351,3635,124,6357,271,6277
38,9612464904785,Right,1,306084,0,7994415,5,49373,351,3883,124,7457,271,492
38,9751853942871,Right,1,306356,0,7991943,5,494674,351,3866,124,4645,271,6985
38,9890518188477,Right,1,306441,0,7994477,5,494874,351,3819,124,3905,271,6333
39,0029602050781,Right,1,306269,0,7998304,5,495098,351,2189,124,353,271,3997
39,0168380737305,Right,1,306348,0,7997735,5,495142,351,2368,124,3438,271,4209
39,0307693481445,Right,1,306393,0,7998434,5,495574,351,2082,124,2373,271,4313
39,0446891784668,Right,1,306452,0,7998245,5,495614,351,2139,124,2289,271,4718
39,0587921142578,Right,1,306539,0,7997729,5,49588,351,2246,124,1617,271,5873
39,0726699829102,Right,1,306546,0,7998197,5,496004,351,223,124,1243,271,6359
39,08642578125,Right,1,306562,0,7998269,5,496057,351,2263,124,1095,271,6612
39,1080284118652,Right,1,306543,0,7998446,5,496296,351,2419,124,0297,271,7283
39,1140441894531,Right,1,306555,0,7998542,5,496294,351,241,124,0286,271,7361
39,1279754638672,Right,1,306514,0,7998027,5,496279,351,2361,124,0306,271,7321
39,1418266296387,Right,1,306438,0,7997672,5,49628,351,2544,123,9833,271,7547
39,155818939209,Right,1,30645,0,7997776,5,496265,351,256,123,9901,271,7465
39,1696357727051,Right,1,306323,0,7997918,5,496254,351,256,123,9901,271,7465
39,1835746765137,Right,1,306197,0,7997623,5,496192,351,2592,123,9833,271,8007
39,1976089477539,Right,1,306106,0,799769,5,496106,351,2583,123,9821,271,7966
39,2117118835449,Right,1,306028,0,7997291,5,49598,351,2831,124,0171,271,8242
39,2253761291504,Right,1,305922,0,7997003,5,495821,351,3006,124,0478,271,8325
39,2392654418945,Right,1,305702,0,7995731,5,495358,351,3351,124,1471,271,8484
39,2609024047852,Right,1,305541,0,7994576,5,495019,351,3597,124,2341,271,8495
39,2670059204102,Right,1,317589,0,8057807,5,492669,351,373,124,2505,271,8481
39,2808380126953,Right,1,305463,0,7992653,5,494684,351,3991,124,2796,271,8504
39,2951774597168,Right,1,305491,0,7992175,5,49462,351,421,124,3013,271,8562
39,3087348937988,Right,1,305508,0,7990019,5,494338,351,4828,124,3721,271,8765
39,3224563598633,Right,1,305452,0,7988628,5,494236,351,5046,124,3934,271,882
39,3363304138184,Right,1,305501,0,7988067,5,49419,351,5285,124,4193,271,8872
39,3501892089844,Right,1,305505,0,7986956,5,494181,351,5502,124,4411,271,892
39,3643608093262,Right,1,305521,0,7986594,5,494176,351,5538,124,4394,271,891
39,3783264160156,Right,1,305578,0,7985708,5,494184,351,6011,124,4223,271,8879
39,392261505127,Right,1,305721,0,798364,5,494328,351,6531,124,3795,271,8855
39,4136009216309,Right,1,30593,0,7981005,5,494516,351,6701,124,3691,271,8963
39,419620513916,Right,1,30872,0,7978889,5,499649,351,6757,124,3645,271,9012
39,433708190918,Right,1,306141,0,797803,5,494738,351,7444,124,318,271,9572
39,4474601745605,Right,1,30624,0,7976754,5,494828,351,7556,124,3064,271,964
39,4613075256348,Right,1,30636,0,797487,5,494986,351,7924,124,2276,271,9848
39,4752616882324,Right,1,306394,0,7974853,5,495009,351,7988,124,2209,271,9792
39,4892349243164,Right,1,306636,0,7972666,5,495274,351,8255,124,1805,271,9667
39,5030975341797,Right,1,306725,0,7971871,5,495376,351,8641,124,1383,271,965
39,5170478820801,Right,1,306853,0,7971007,5,495462,351,8721,124,1315,271,9735
39,5308532714844,Right,1,306991,0,7969994,5,495585,351,9124,124,1085,272,0268
39,5449180603027,Right,1,306997,0,7970361,5,495615,351,9116,124,1121,272,0219
39,5663261413574,Right,1,307137,0,7970892,5,496049,351,9182,124,0249,272,1028
39,5726928710938,Right,1,307104,0,7970767,5,49593,351,9199,124,049,272,0974
39,5863952636719,Right,1,307114,0,7972145,5,496268,351,9113,123,9722,272,079
39,600269317627,Right,1,307204,0,7972609,5,496367,351,9084,123,9137,272,0447
39,6142730712891,Right,1,307237,0,797244,5,496363,351,9075,123,9124,272,0465
39,6284637451172,Right,1,30733,0,7971745,5,496347,351,9148,123,9042,272,0696
39,6420059204102,Right,1,307371,0,7970666,5,49639,351,9453,123,8834,272,1348
39,655876159668,Right,1,307367,0,7970488,5,496366,351,9633,123,8842,272,1611
39,6697463989258,Right,1,307387,0,7969457,5,496355,351,9908,123,8873,272,2096
39,6838569641113,Right,1,307355,0,7969545,5,496334,351,9913,123,8874,272,2106
39,6979103088379,Right,1,307365,0,7968779,5,496279,352,0295,123,8969,272,2225
39,719409942627,Right,1,307316,0,7967883,5,496187,352,0432,123,9026,272,221
39,7254867553711,Right,1,307319,0,7967935,5,496192,352,0385,123,8998,272,2253
39,7392730712891,Right,1,307325,0,7966847,5,496037,352,0769,123,9271,272,2156
39,7531700134277,Right,1,307345,0,7965368,5,495915,352,1142,123,9578,272,2207
39,7670822143555,Right,1,307379,0,7964959,5,495892,352,1234,123,9734,272,2326
39,7808532714844,Right,1,30743,0,796448,5,495859,352,1339,123,9846,272,2433
39,7947044372559,Right,1,307428,0,7964401,5,495853,352,1323,123,9821,272,2396
39,8086853027344,Right,1,307476,0,7964044,5,495833,352,156,124,0069,272,2606
39,8225593566895,Right,1,307475,0,7964165,5,495874,352,1599,124,0106,272,2638
39,8364219665527,Right,1,307505,0,7964137,5,495886,352,1599,124,0106,272,2639
39,8506507873535,Right,1,307607,0,7964014,5,495919,352,174,123,9744,272,235
39,8725471496582,Right,1,307829,0,7963524,5,496064,352,1803,123,948,272,2552
39,8781623840332,Right,1,306618,0,7951746,5,502259,352,1803,123,948,272,2552
39,8922958374023,Right,1,307899,0,7963476,5,49614,352,1803,123,948,272,2552
39,9059181213379,Right,1,307949,0,7963406,5,496187,352,182,123,9458,272,2538
39,9197044372559,Right,1,308008,0,7963242,5,496271,352,1986,123,8926,272,2548
39,9335632324219,Right,1,308124,0,7963226,5,496318,352,1917,123,8843,272,2558
39,9475288391113,Right,1,308145,0,796329,5,496341,352,1991,123,8911,272,2548
39,9614410400391,Right,1,308204,0,7963799,5,496461,352,1573,123,8547,272,2505
39,9753303527832,Right,1,308251,0,7964275,5,496463,352,1545,123,8584,272,2485
39,9892082214355,Right,1,308242,0,7967013,5,496515,352,0565,123,8864,272,1824
40,0032424926758,Right,1,30825,0,7967807,5,496515,352,0188,123,9029,272,1538
40,0248832702637,Right,1,307504,0,7988375,5,496161,351,2715,124,3062,271,7722
40,0310249328613,Right,1,30789,0,797822,5,496388,351,629,124,113,271,9643
40,0449409484863,Right,1,307151,0,7996407,5,495895,351,0608,124,4595,271,6136
40,058780670166,Right,1,306695,0,8006951,5,495667,350,8044,124,5952,271,3505
40,0726203918457,Right,1,306596,0,8009866,5,495667,350,7271,124,626,271,287
40,0865478515625,Right,1,306536,0,8012317,5,495694,350,661,124,6408,271,289
40,1006660461426,Right,1,306209,0,8021965,5,495697,350,4271,124,6785,271,2016
40,1143531799316,Right,1,306125,0,8025371,5,495659,350,3297,124,7191,271,1755
40,1282691955566,Right,1,305644,0,8036337,5,495555,350,057,124,8385,271,069
40,1421432495117,Right,1,305077,0,8047956,5,495501,349,7494,124,9274,270,9065
40,1562690734863,Right,1,30493,0,8050961,5,495517,349,6398,124,95,270,8672
40,1776733398438,Right,1,304693,0,8054796,5,495527,349,5859,124,9371,270,7753
40,1837921142578,Right,1,304711,0,8055265,5,495523,349,5484,124,9386,270,7708
40,1976623535156,Right,1,304757,0,8053272,5,495497,349,6586,124,9294,270,7938
40,2115669250488,Right,1,30474,0,8052651,5,495498,349,6766,124,9289,270,8007
40,2254753112793,Right,1,304755,0,8052419,5,495514,349,6917,124,9241,270,8469
40,2394065856934,Right,1,304649,0,8054194,5,495514,349,704,124,9202,270,8845
40,25341796875,Right,1,304549,0,8055593,5,495519,349,6427,124,9258,270,9204
40,2673072814941,Right,1,304535,0,8056026,5,49549,349,6427,124,9258,270,9204
40,2811393737793,Right,1,304509,0,8056472,5,49542,349,6427,124,9258,270,9204
40,2949714660645,Right,1,304513,0,8056372,5,495385,349,6427,124,9258,270,9204
40,308952331543,Right,1,304644,0,8054454,5,495226,349,7305,124,9795,270,9672
40,3303871154785,Right,1,304582,0,80533,5,495277,349,7776,124,9883,271,0226
40,336597442627,Right,1,302601,0,7971545,5,498232,349,7801,124,9889,271,0251
40,3505096435547,Right,1,304593,0,8052111,5,495329,349,7801,124,9889,271,0251
40,3643951416016,Right,1,304638,0,8051221,5,49534,349,8156,124,974,271,0268
40,3783073425293,Right,1,304823,0,8047489,5,495404,349,9287,124,9165,271,0298
40,3922576904297,Right,1,305062,0,8042772,5,495459,350,0449,124,8698,271,0503
40,4061164855957,Right,1,305264,0,8038529,5,495506,350,1648,124,8339,271,0986
40,4199562072754,Right,1,305888,0,8025299,5,495665,350,5344,124,7211,271,2816
40,4338531494141,Right,1,306232,0,8016956,5,49577,350,7988,124,6521,271,4272
40,4477958679199,Right,1,306852,0,8003544,5,495987,351,1699,124,5304,271,6566
40,4618072509766,Right,1,307251,0,7993494,5,496041,351,4686,124,4935,271,8044
40,4830894470215,Right,1,307608,0,7982736,5,495848,351,8431,124,5312,271,8492
40,4895210266113,Right,1,304024,0,7970099,5,493487,351,9003,124,5429,271,8638
40,5033950805664,Right,1,308187,0,7969258,5,495808,352,3525,124,5166,272,0225
40,5171928405762,Right,1,308713,0,7959453,5,495863,352,834,124,4625,272,1022
40,5310821533203,Right,1,309351,0,7947726,5,496091,353,3177,124,4037,272,3908
40,5449676513672,Right,1,309345,0,7948214,5,496418,353,3064,124,3175,272,5433
40,5588836669922,Right,1,309527,0,7946568,5,496572,353,3608,124,3356,272,7523
40,5728645324707,Right,1,309168,0,7952781,5,496511,353,1573,124,3737,272,6704
40,5867462158203,Right,1,308899,0,7957047,5,496486,353,0297,124,3688,272,5667
40,6006698608398,Right,1,308848,0,7959311,5,496633,352,9524,124,3089,272,4343
40,6145629882813,Right,1,308894,0,7958897,5,496668,352,9565,124,3008,272,4375
40,6358604431152,Right,1,309083,0,7957702,5,497025,353,0189,124,2068,272,4559
40,6421928405762,Right,1,309052,0,795804,5,496966,353,003,124,222,272,4339
40,6560745239258,Right,1,309174,0,795656,5,49714,353,0502,124,1732,272,5
40,6699714660645,Right,1,309286,0,7955363,5,497304,353,0844,124,1313,272,5886
40,6838760375977,Right,1,309302,0,795552,5,497334,353,0906,124,1224,272,6042
40,697826385498,Right,1,309379,0,7954721,5,497481,353,1099,124,1031,272,6367
40,7119522094727,Right,1,309408,0,7954253,5,497519,353,1414,124,0846,272,651
40,7255554199219,Right,1,309417,0,7954244,5,497494,353,1414,124,0846,272,651
40,7394027709961,Right,1,309457,0,7953567,5,497435,353,1783,124,0774,272,6852
40,7532386779785,Right,1,309434,0,7953433,5,49741,353,1805,124,0769,272,6873
40,7672462463379,Right,1,309444,0,7952696,5,497412,353,2075,124,0814,272,7264
40,7887496948242,Right,1,309369,0,7951953,5,497377,353,2333,124,0847,272,7485
40,7949409484863,Right,1,309394,0,7952027,5,497367,353,2422,124,0844,272,7545
40,8088836669922,Right,1,309383,0,7951982,5,497303,353,2606,124,084,272,765
40,8227195739746,Right,1,309391,0,7951899,5,497202,353,3006,124,0975,272,7903
40,8366470336914,Right,1,309356,0,7951763,5,497184,353,2892,124,0917,272,7844
40,8504943847656,Right,1,309341,0,7950882,5,497088,353,3362,124,1125,272,8145
40,8644599914551,Right,1,309283,0,795083,5,497068,353,3362,124,1125,272,8146
40,8786201477051,Right,1,309277,0,7950002,5,496983,353,3769,124,1299,272,8391
40,8923950195313,Right,1,309253,0,7949883,5,496967,353,3767,124,132,272,8403
40,9060516357422,Right,1,30926,0,7949275,5,496939,353,4114,124,1365,272,8552
40,9200553894043,Right,1,309225,0,7948486,5,496911,353,4258,124,1396,272,8599
40,9415893554688,Right,1,309218,0,7947001,5,496873,353,4795,124,1436,272,8885
40,9477920532227,Right,1,303212,0,7941099,5,498612,353,4801,124,1441,272,8903
40,961612701416,Right,1,309155,0,7946881,5,496864,353,4792,124,1474,272,8929
40,9756469726563,Right,1,30915,0,794688,5,496853,353,4782,124,1672,272,9099
40,9893798828125,Right,1,309062,0,7947344,5,496829,353,4767,124,1848,272,9248
41,0032806396484,Right,1,309032,0,7947322,5,496809,353,4767,124,1848,272,9247
41,0173873901367,Right,1,309032,0,7947321,5,496809,353,4767,124,1848,272,9247
41,0310668945313,Right,1,308974,0,7947224,5,496626,353,4691,124,2531,272,8749
41,044921875,Right,1,308968,0,7946719,5,496607,353,4691,124,2531,272,8749
41,0588150024414,Right,1,309065,0,7946285,5,496411,353,4657,124,3122,272,9094
41,0729370117188,Right,1,309035,0,7946867,5,496412,353,4665,124,3131,272,9089
41,0944213867188,Right,1,309025,0,7948028,5,49647,353,4553,124,3084,272,9001
41,100513458252,Right,1,309032,0,794733,5,496434,353,4687,124,3114,272,9066
41,1143951416016,Right,1,309001,0,7948701,5,496514,353,4456,124,307,272,9016
41,1282577514648,Right,1,308994,0,7948963,5,496499,353,4167,124,3014,272,8953
41,1422233581543,Right,1,309002,0,7948301,5,49642,353,4167,124,3014,272,8953
41,156120300293,Right,1,308988,0,7948312,5,496455,353,4027,124,2752,272,8907
41,1700172424316,Right,1,309051,0,7948076,5,496541,353,3954,124,2568,272,8946
41,1838493347168,Right,1,309055,0,7947944,5,496547,353,3958,124,253,272,9009
41,1977691650391,Right,1,309102,0,7947295,5,496592,353,3987,124,2438,272,9215
41,2116737365723,Right,1,309151,0,7946244,5,496583,353,4178,124,2354,272,952
41,2256393432617,Right,1,309146,0,7946357,5,496578,353,416,124,2377,272,9513
41,2471008300781,Right,1,30923,0,7944974,5,496566,353,4245,124,2399,272,9458
41,2532730102539,Right,1,30921,0,7945299,5,496573,353,416,124,2377,272,9512
41,2671394348145,Right,1,309285,0,7944133,5,49653,353,416,124,2377,272,9512
41,2810325622559,Right,1,309336,0,7943389,5,496454,353,4581,124,2679,272,9576
41,2951202392578,Right,1,309296,0,7943276,5,496446,353,4581,124,2679,272,9576
41,3091201782227,Right,1,309286,0,7943001,5,49641,353,4583,124,2661,272,9563
41,3227195739746,Right,1,309336,0,7943071,5,496489,353,4586,124,2574,272,9492
41,336612701416,Right,1,30933,0,7943215,5,496529,353,4606,124,2415,272,9493
41,3504447937012,Right,1,309386,0,7943685,5,496653,353,4618,124,2281,272,9451
41,364372253418,Right,1,309385,0,7943598,5,496655,353,4618,124,2281,272,9451
41,3783569335938,Right,1,309348,0,7943047,5,496682,353,4202,124,1862,272,9675
41,3997917175293,Right,1,309368,0,7943836,5,496703,353,4116,124,1803,272,9702
41,4059867858887,Right,1,309368,0,794372,5,496695,353,42,124,1851,272,9698
41,4198875427246,Right,1,309319,0,7945009,5,496778,353,3783,124,1558,272,9691
41,4337730407715,Right,1,309342,0,7945349,5,496767,353,378,124,1556,272,9691
41,4479446411133,Right,1,309334,0,7945566,5,496763,353,378,124,1556,272,9691
41,4615821838379,Right,1,309305,0,7945881,5,496737,353,378,124,1556,272,9691
41,4755058288574,Right,1,309263,0,7946274,5,49673,353,3571,124,1526,272,9818
41,489429473877,Right,1,309194,0,7947227,5,496681,353,3403,124,1503,272,9919
41,5032920837402,Right,1,30915,0,7947574,5,496655,353,3403,124,1503,272,9919
41,5171699523926,Right,1,309141,0,7947648,5,496689,353,3403,124,1503,272,9919
41,5310897827148,Right,1,309146,0,7947564,5,496785,353,3403,124,1503,272,9919
41,5529861450195,Right,1,309154,0,794731,5,496883,353,3405,124,1466,273
41,5588989257813,Right,1,308743,0,7974473,5,501215,353,3399,124,146,273,0047
41,5728225708008,Right,1,309143,0,7947018,5,496857,353,3258,124,159,273,0485
41,5865783691406,Right,1,309105,0,7947282,5,496799,353,3228,124,1651,273,0479
41,600471496582,Right,1,309096,0,7947377,5,496794,353,3258,124,159,273,0485
41,6144790649414,Right,1,309111,0,7947366,5,496805,353,319,124,1807,273,0509
41,6284828186035,Right,1,309108,0,79474,5,496833,353,3103,124,2038,273,0529
41,6421165466309,Right,1,309094,0,7947572,5,496842,353,306,124,2033,273,0511
41,6564292907715,Right,1,309092,0,7947677,5,496844,353,3103,124,2038,273,0529
41,6699028015137,Right,1,309083,0,7947958,5,49685,353,2723,124,2035,273,0348
41,6837844848633,Right,1,309156,0,7947727,5,496843,353,2726,124,2036,273,0338
41,7053489685059,Right,1,309254,0,7947328,5,496876,353,2642,124,2029,273,0546
41,7115211486816,Right,1,309219,0,7947478,5,496859,353,272,124,2036,273,0347
41,7258186340332,Right,1,309272,0,7947211,5,496904,353,2676,124,1989,273,0347
41,7393646240234,Right,1,309292,0,7947061,5,49693,353,272,124,2035,273,0347
41,7532119750977,Right,1,309332,0,7946708,5,496943,353,275,124,1982,273,0269
41,7671127319336,Right,1,30937,0,7946561,5,496928,353,2748,124,2035,273,0345
41,7810974121094,Right,1,309431,0,7946185,5,4969,353,272,124,2036,273,0347
41,7948188781738,Right,1,309453,0,7945968,5,49689,353,272,124,2036,273,0347
41,8087310791016,Right,1,309489,0,7945653,5,496876,353,272,124,2035,273,0347
41,8225898742676,Right,1,309503,0,7945589,5,496906,353,263,124,1999,273,0883
41,8365936279297,Right,1,309487,0,7946078,5,496904,353,2654,124,2002,273,087
41,858226776123,Right,1,309395,0,7947807,5,496974,353,209,124,1677,273,0481
41,8643531799316,Right,1,309417,0,7947499,5,496963,353,2282,124,1778,273,0658
41,8782119750977,Right,1,309322,0,7948937,5,496989,353,187,124,1672,273,0385
41,8920783996582,Right,1,309303,0,794964,5,496962,353,1755,124,1683,273,0326
41,9059791564941,Right,1,309294,0,794975,5,496952,353,1781,124,165,273,0326
41,9198951721191,Right,1,309225,0,7950601,5,496844,353,123,124,214,273,0454
41,9338417053223,Right,1,309197,0,7950835,5,496819,353,1318,124,2039,273,0413
41,9477233886719,Right,1,309142,0,7951431,5,496718,353,0975,124,2463,273,0367
41,9615898132324,Right,1,309078,0,7951935,5,496648,353,0917,124,2503,273,0422
41,9755592346191,Right,1,309056,0,795231,5,496596,353,0785,124,2669,273,0265
41,9896354675293,Right,1,308977,0,7952989,5,496458,353,0664,124,283,273,0123
42,0109214782715,Right,1,308913,0,7953662,5,496362,353,023,124,3576,272,9989
42,0170516967773,Right,1,295934,0,7943245,5,497757,353,0212,124,363,272,9989
42,0309600830078,Right,1,308881,0,7954165,5,496319,353,0212,124,363,272,9989
42,0448417663574,Right,1,308874,0,7954506,5,4963,353,0013,124,3822,272,9938
42,0588111877441,Right,1,308851,0,7955155,5,496282,352,9803,124,4024,272,9883
42,0727882385254,Right,1,308794,0,7955621,5,496288,352,9743,124,403,272,9833
42,0865364074707,Right,1,308765,0,7955802,5,496291,352,9532,124,4124,272,971
42,1003952026367,Right,1,30868,0,7956013,5,496332,352,9407,124,4179,272,9625
42,1143074035645,Right,1,308665,0,7956285,5,496355,352,9196,124,4178,272,9604
42,1282768249512,Right,1,308655,0,7956979,5,496398,352,892,124,4176,272,9578
42,1422462463379,Right,1,308656,0,7957654,5,496452,352,8842,124,416,272,9547
42,1636695861816,Right,1,308645,0,7958264,5,496447,352,8743,124,4178,272,9569
42,1699447631836,Right,1,312703,0,8015206,5,49041,352,8728,124,4165,272,9576
42,1837463378906,Right,1,308626,0,7958837,5,496443,352,8121,124,4213,272,9411
42,1976051330566,Right,1,308642,0,795895,5,496449,352,8174,124,42,272,9406
42,2114906311035,Right,1,308648,0,7959245,5,496461,352,8171,124,4204,272,9409
42,2257118225098,Right,1,308649,0,7959324,5,496464,352,8174,124,42,272,9406
42,2393569946289,Right,1,308659,0,7959595,5,496414,352,8153,124,4223,272,9387
42,2531585693359,Right,1,308667,0,7959721,5,496344,352,773,124,4479,272,9268
42,26708984375,Right,1,308673,0,7959602,5,496317,352,7719,124,4486,272,9263
42,280933380127,Right,1,308676,0,7959549,5,496298,352,7738,124,4472,272,9277
42,2949600219727,Right,1,308679,0,795947,5,496293,352,7738,124,4472,272,9277
42,3164863586426,Right,1,308684,0,795908,5,496248,352,7761,124,4489,272,9226
42,3228416442871,Right,1,308688,0,7959093,5,496254,352,7743,124,4486,272,9266
42,3365287780762,Right,1,308679,0,7959006,5,496219,352,7738,124,4472,272,9277
42,3503227233887,Right,1,30868,0,7958721,5,496154,352,774,124,4503,272,93
42,3643493652344,Right,1,308688,0,7958666,5,496132,352,7667,124,468,272,9177
42,3781967163086,Right,1,308694,0,7958316,5,496103,352,7564,124,4917,272,9056
42,3920593261719,Right,1,308694,0,7958087,5,496061,352,7551,124,493,272,903
42,4059562683105,Right,1,308686,0,7958258,5,496054,352,7564,124,4917,272,9056
42,4198570251465,Right,1,308647,0,7959506,5,49597,352,7293,124,5517,272,8436
42,433967590332,Right,1,308623,0,7959577,5,495934,352,7061,124,5871,272,8383
42,4477653503418,Right,1,308571,0,7960514,5,495861,352,6618,124,6256,272,8215
42,4692268371582,Right,1,308371,0,7964473,5,495631,352,5007,124,7275,272,6515
42,475456237793,Right,1,308375,0,796454,5,495639,352,5239,124,7109,272,6789
42,4894332885742,Right,1,308188,0,7969262,5,495313,352,3915,124,8201,272,4542
42,503231048584,Right,1,308067,0,7972383,5,495093,352,2641,124,9391,272,3503
42,516975402832,Right,1,308043,0,7973505,5,494997,352,2145,124,9868,272,3299
42,5308609008789,Right,1,307809,0,7978968,5,494703,352,0336,125,1596,272,2757
42,544792175293,Right,1,307731,0,798027,5,494668,351,995,125,191,272,2546
42,558765411377,Right,1,307492,0,7985133,5,494511,351,8819,125,2714,272,1799
42,5726890563965,Right,1,307165,0,7991576,5,494399,351,72,125,3171,272,0231
42,5864868164063,Right,1,307093,0,7992892,5,49441,351,679,125,3131,271,9904
42,6004295349121,Right,1,306904,0,7996244,5,494393,351,5859,125,3289,271,9237
42,6218338012695,Right,1,30679,0,7998183,5,494324,351,5357,125,3471,271,9021
42,6281623840332,Right,1,314073,0,8058024,5,495893,351,5334,125,3537,271,9018
42,6423110961914,Right,1,306765,0,7998651,5,494224,351,5353,125,3538,271,9016
42,6560020446777,Right,1,306746,0,799899,5,494183,351,5334,125,3537,271,9018
42,6699295043945,Right,1,306721,0,799979,5,49404,351,5201,125,4189,271,9222
42,6836853027344,Right,1,306606,0,8000478,5,493948,351,5158,125,4242,271,9243
42,6975936889648,Right,1,306584,0,8000622,5,493865,351,5023,125,4654,271,9324
42,7114448547363,Right,1,306478,0,8001376,5,493676,351,4836,125,5222,271,9118
42,7253608703613,Right,1,306453,0,8001639,5,493633,351,4774,125,5466,271,897
42,7393531799316,Right,1,306437,0,8002369,5,493503,351,4697,125,612,271,8586
42,753246307373,Right,1,306438,0,8002111,5,493474,351,4694,125,6215,271,8553
42,7751007080078,Right,1,306481,0,8001987,5,493412,351,4716,125,6228,271,8524
42,781005859375,Right,1,306457,0,800203,5,493433,351,4696,125,6149,271,8569
42,7947692871094,Right,1,30651,0,8002126,5,49342,351,4709,125,6176,271,8539
42,8089370727539,Right,1,306576,0,8002661,5,493485,351,4673,125,6098,271,8534
42,8227691650391,Right,1,306635,0,8003175,5,493567,351,4696,125,6149,271,8569
42,8364181518555,Right,1,306678,0,8003452,5,493619,351,4696,125,6149,271,8569
42,8502731323242,Right,1,306773,0,8004018,5,493728,351,4688,125,6096,271,8545
42,8643760681152,Right,1,306773,0,8004148,5,493743,351,4641,125,5987,271,8397
42,8781089782715,Right,1,306847,0,8004172,5,493811,351,4522,125,5831,271,817
42,8919334411621,Right,1,306894,0,8004038,5,493846,351,4522,125,5831,271,817
42,9062347412109,Right,1,306924,0,8003966,5,493856,351,4521,125,5828,271,8176
42,9274711608887,Right,1,307035,0,8003299,5,493858,351,4619,125,5785,271,8207
42,9336585998535,Right,1,307016,0,8003445,5,493859,351,4522,125,5831,271,817
42,947624206543,Right,1,307089,0,8002504,5,493863,351,4834,125,5471,271,8361
42,9614486694336,Right,1,307072,0,800239,5,493909,351,4859,125,5408,271,8377
42,9753608703613,Right,1,307059,0,8002373,5,493927,351,4831,125,5424,271,8375
42,9894409179688,Right,1,307025,0,8002093,5,493968,351,4831,125,5424,271,8375
43,0030860900879,Right,1,307038,0,800157,5,493929,351,5345,125,5326,271,8484
43,0170402526855,Right,1,307027,0,8001376,5,49391,351,5345,125,5326,271,8484
43,0308952331543,Right,1,307018,0,8000872,5,493877,351,5412,125,5317,271,8483
43,0449676513672,Right,1,307027,0,8000832,5,493876,351,5587,125,5322,271,8526
43,058952331543,Right,1,307002,0,8000883,5,493938,351,583,125,5318,271,8568
43,0804443359375,Right,1,307011,0,800035,5,49398,351,6002,125,5203,271,8612
43,0864028930664,Right,1,313603,0,8075395,5,491735,351,6025,125,5178,271,8626
43,1005363464355,Right,1,307031,0,7999762,5,49399,351,6564,125,4892,271,8819
43,114200592041,Right,1,307032,0,7999589,5,493991,351,6564,125,4892,271,882
43,1283569335938,Right,1,307076,0,7998338,5,494011,351,7068,125,4646,271,9052
43,1419677734375,Right,1,307099,0,7997536,5,494022,351,7165,125,4599,271,9097
43,1558532714844,Right,1,307121,0,7997111,5,494034,351,7448,125,444,271,9273
43,1697082519531,Right,1,307148,0,7996565,5,494049,351,7646,125,4328,271,9396
43,183666229248,Right,1,30718,0,7995999,5,494089,351,7984,125,4084,271,9628
43,1975402832031,Right,1,307196,0,7995826,5,494144,351,8125,125,3839,271,9678
43,2115211486816,Right,1,307256,0,7995818,5,494226,351,8235,125,3636,271,9669
43,2328987121582,Right,1,307319,0,7995564,5,494259,351,8382,125,364,271,974
43,2392234802246,Right,1,30542,0,7991414,5,490678,351,8382,125,364,271,974
43,2530784606934,Right,1,307388,0,7994921,5,494291,351,8914,125,3151,271,9969
43,2669258117676,Right,1,307465,0,7994576,5,494351,351,9218,125,2901,272,0311
43,2808570861816,Right,1,307533,0,7994521,5,494439,351,9507,125,2505,272,0683
43,2947463989258,Right,1,307539,0,799515,5,494496,351,9531,125,2249,272,0706
43,3086395263672,Right,1,307538,0,7995958,5,494634,351,9609,125,1744,272,0829
43,3225402832031,Right,1,30752,0,799754,5,494802,351,9457,125,1119,272,0814
43,3365058898926,Right,1,30752,0,799849,5,494884,351,9442,125,0897,272,0748
43,3503341674805,Right,1,307454,0,7999246,5,494973,351,9358,125,0435,272,059
43,3644409179688,Right,1,307523,0,7998656,5,49491,351,9432,125,0343,272,0629
43,3858413696289,Right,1,307566,0,799709,5,494832,351,989,124,9935,272,1035
43,3919067382813,Right,1,307562,0,7997342,5,494843,351,9813,124,999,272,0945
43,4058494567871,Right,1,307596,0,7996155,5,494833,352,0107,124,9838,272,1412
43,4197463989258,Right,1,307597,0,7995244,5,494819,352,0217,124,9805,272,1594
43,4336166381836,Right,1,307609,0,799428,5,494829,352,0695,124,9334,272,1896
43,4475364685059,Right,1,307618,0,7993558,5,494818,352,1082,124,9035,272,1895
43,4613800048828,Right,1,30768,0,7991676,5,49482,352,191,124,8492,272,2043
43,475284576416,Right,1,30772,0,7990931,5,494828,352,2148,124,8403,272,2286
43,4891395568848,Right,1,307792,0,7989727,5,494874,352,2445,124,8271,272,2981
43,5031051635742,Right,1,307801,0,799005,5,494896,352,2453,124,8266,272,3024
43,5170860290527,Right,1,307808,0,7990187,5,494993,352,2465,124,7987,272,3334
43,5385704040527,Right,1,307852,0,7991945,5,495303,352,256,124,6774,272,3105
43,5448608398438,Right,1,307845,0,799188,5,495293,352,2557,124,68,272,3152
43,558708190918,Right,1,307877,0,7992554,5,495464,352,2534,124,6237,272,3021
43,5724983215332,Right,1,307957,0,7992942,5,495555,352,2531,124,6178,272,3019
43,5865859985352,Right,1,308018,0,7992928,5,49571,352,2585,124,5656,272,3528
43,6003150939941,Right,1,308091,0,7992211,5,495771,352,2768,124,5073,272,3978
43,6141586303711,Right,1,30811,0,7992254,5,495759,352,2814,124,4965,272,4005
43,6280288696289,Right,1,308194,0,7990593,5,495825,352,319,124,4258,272,4244
43,6419296264648,Right,1,308267,0,7989948,5,49588,352,3245,124,4153,272,4273
43,6562156677246,Right,1,308287,0,7989351,5,495955,352,336,124,3762,272,4422
43,6699180603027,Right,1,308364,0,798834,5,496037,352,343,124,3527,272,4512
43,6914558410645,Right,1,3085,0,7985389,5,496131,352,4115,124,2556,272,5125
43,6974678039551,Right,1,310633,0,8014292,5,498427,352,4162,124,2504,272,5179
43,7114105224609,Right,1,308563,0,7983758,5,496159,352,4162,124,2504,272,518
43,7253150939941,Right,1,308587,0,7982839,5,496181,352,4391,124,2228,272,5334
43,7393264770508,Right,1,308647,0,7981014,5,496174,352,4591,124,1988,272,5468
43,7531394958496,Right,1,30866,0,7980123,5,496171,352,4591,124,1988,272,5468
43,7669525146484,Right,1,308671,0,7979462,5,496182,352,4936,124,1865,272,5709
43,7808609008789,Right,1,30865,0,7978634,5,496206,352,5085,124,1812,272,5814
43,7948150634766,Right,1,308664,0,7978025,5,496215,352,5304,124,1687,272,597
43,8086471557617,Right,1,308677,0,797699,5,496238,352,5536,124,1554,272,6136
43,8226165771484,Right,1,30868,0,7976413,5,496279,352,5536,124,1554,272,6136
43,844181060791,Right,1,308665,0,7975783,5,496448,352,5867,124,0774,272,6542
43,8502807617188,Right,1,308674,0,7976106,5,496358,352,579,124,0977,272,6501
43,8642578125,Right,1,30868,0,7975576,5,496539,352,5923,124,0633,272,6589
43,8780555725098,Right,1,308738,0,7974821,5,496737,352,6135,123,993,272,6899
43,8921546936035,Right,1,308824,0,7974319,5,496879,352,6185,123,9515,272,721
43,9058609008789,Right,1,308865,0,7974293,5,496927,352,6185,123,9515,272,721
43,9196853637695,Right,1,30894,0,7973378,5,497187,352,631,123,8674,272,7276
43,9335861206055,Right,1,309021,0,7972959,5,497276,352,6368,123,8345,272,7236
43,9474983215332,Right,1,309122,0,7972043,5,497422,352,6494,123,7929,272,7232
43,9615058898926,Right,1,309327,0,7970451,5,497572,352,6534,123,7793,272,7231
43,9754791259766,Right,1,309417,0,7969605,5,497654,352,6824,123,7466,272,7469
43,9971733093262,Right,1,309785,0,7967161,5,497974,352,7302,123,6916,272,7968
44,0031776428223,Right,1,309705,0,7967641,5,497901,352,7189,123,6996,272,7893
44,0170364379883,Right,1,309921,0,7966091,5,498223,352,7491,123,6387,272,8403
44,0308303833008,Right,1,310006,0,7965569,5,498504,352,7702,123,5517,272,8561
44,0450286865234,Right,1,310088,0,7965589,5,498594,352,7721,123,5224,272,8573
44,0587463378906,Right,1,31027,0,7965525,5,499013,352,7729,123,4673,272,8639
44,0725059509277,Right,1,310289,0,7965471,5,499187,352,7658,123,3963,272,8741
44,0863647460938,Right,1,310409,0,7965163,5,499278,352,7658,123,3963,272,8741
44,1002197265625,Right,1,31051,0,7964194,5,499518,352,7625,123,3275,272,8831
44,1141624450684,Right,1,310579,0,7963992,5,49956,352,7653,123,3118,272,8879
44,1281433105469,Right,1,310704,0,7962975,5,499869,352,7756,123,2483,272,9285
44,1493682861328,Right,1,310826,0,7962527,5,500111,352,7814,123,1898,272,9705
44,1553153991699,Right,1,310854,0,7962443,5,50014,352,78,123,2012,272,9595
44,1692848205566,Right,1,310961,0,7961533,5,500379,352,7991,123,1517,272,9748
44,1831474304199,Right,1,311064,0,7961049,5,500472,352,7972,123,1518,272,9734
44,1971817016602,Right,1,311113,0,7960274,5,500548,352,8223,123,1285,272,9949
44,2109718322754,Right,1,311194,0,79593,5,500648,352,8361,123,1187,273,0082
44,2249374389648,Right,1,311227,0,7958733,5,500706,352,8501,123,1009,273,0383
44,2387313842773,Right,1,311278,0,7958298,5,500782,352,8685,123,082,273,0738
44,2526016235352,Right,1,311331,0,7957848,5,500873,352,8721,123,0739,273,0761
44,2665977478027,Right,1,311345,0,7957504,5,500965,352,8924,123,0238,273,086
44,2804412841797,Right,1,311378,0,7957359,5,501014,352,8997,123,0238,273,0931
44,3022003173828,Right,1,311401,0,7956704,5,501172,352,9194,122,9578,273,1115
44,3081092834473,Right,1,304301,0,7909651,5,49886,352,921,122,9551,273,1138
44,3220024108887,Right,1,311461,0,7956197,5,50123,352,9211,122,9551,273,1138
44,3360786437988,Right,1,311492,0,7955796,5,501283,352,9211,122,9542,273,1153
44,3498115539551,Right,1,311538,0,7954928,5,501398,352,9502,122,9112,273,1516
44,3636589050293,Right,1,311586,0,7954785,5,50147,352,9508,122,9094,273,1528
44,3776626586914,Right,1,311607,0,7954616,5,501515,352,9507,122,9105,273,1522
44,3914833068848,Right,1,31168,0,7953631,5,501727,352,9857,122,8211,273,1841
44,405330657959,Right,1,311713,0,7953514,5,50175,352,9879,122,8073,273,1943
44,419620513916,Right,1,31181,0,7952675,5,501888,352,9951,122,7782,273,2106
44,4334144592285,Right,1,311842,0,7952161,5,501986,353,0077,122,7285,273,2394
44,4549217224121,Right,1,311964,0,7951407,5,502191,353,0243,122,6776,273,2626
44,4608764648438,Right,1,311933,0,795172,5,502117,353,0198,122,6959,273,2582
44,4747505187988,Right,1,312005,0,7950977,5,502277,353,0284,122,6676,273,2675
44,4887619018555,Right,1,312084,0,7949866,5,502401,353,0377,122,6368,273,2775
44,5026969909668,Right,1,312106,0,7949057,5,50247,353,0652,122,5969,273,3043
44,516429901123,Right,1,312152,0,7948598,5,502561,353,0653,122,5839,273,3289
44,5303192138672,Right,1,312203,0,7948328,5,502679,353,0653,122,5768,273,3424
44,5441818237305,Right,1,312211,0,7948266,5,502701,353,0653,122,5768,273,3424
44,5580940246582,Right,1,312225,0,7947898,5,502754,353,0653,122,5768,273,3424
44,5720405578613,Right,1,312215,0,7947407,5,502753,353,0659,122,5774,273,3412
44,5860214233398,Right,1,312211,0,7946993,5,502748,353,0685,122,5801,273,3455
44,6073951721191,Right,1,312202,0,7945941,5,502738,353,0685,122,5946,273,3664
44,6135864257813,Right,1,312221,0,7946081,5,502741,353,0722,122,589,273,3622
44,627555847168,Right,1,312199,0,7945632,5,502733,353,0843,122,6105,273,3971
44,6414604187012,Right,1,31217,0,7945564,5,502698,353,0843,122,6105,273,397
44,6553268432617,Right,1,312148,0,7945421,5,502651,353,0843,122,6105,273,397
44,6692581176758,Right,1,312097,0,7944826,5,502523,353,0843,122,6105,273,397
44,6830863952637,Right,1,312103,0,7944305,5,502393,353,1036,122,6852,273,3788
44,6970024108887,Right,1,312084,0,7943714,5,502318,353,1098,122,72,273,3824
44,7109298706055,Right,1,312049,0,7943086,5,502216,353,1125,122,7347,273,3839
44,7247505187988,Right,1,312052,0,7943054,5,502179,353,1181,122,7554,273,3917
44,7388954162598,Right,1,311953,0,7943566,5,502073,353,1219,122,7829,273,4001
44,7607269287109,Right,1,311849,0,7944429,5,502099,353,1132,122,7807,273,3907
44,7667274475098,Right,1,308651,0,7918757,5,501183,353,1097,122,7814,273,3879
44,7803192138672,Right,1,311751,0,7945548,5,502166,353,0679,122,81,273,3611
44,7941055297852,Right,1,311733,0,7945483,5,502172,353,0679,122,81,273,3611
44,8079986572266,Right,1,311653,0,7945755,5,5021,353,0679,122,81,273,3611
44,8218841552734,Right,1,311577,0,7945866,5,501997,353,0679,122,81,273,3611
44,8360176086426,Right,1,311549,0,7946035,5,502002,353,0679,122,81,273,3612
44,8496856689453,Right,1,311501,0,7946073,5,501996,353,0301,122,8195,273,3866
44,8635292053223,Right,1,311461,0,7946377,5,501941,353,029,122,824,273,3875
44,8774681091309,Right,1,311416,0,7946599,5,501832,353,0235,122,857,273,3909
44,8913993835449,Right,1,311348,0,7946899,5,501703,353,0225,122,8942,273,3864
44,9052658081055,Right,1,311297,0,7946955,5,501656,353,0225,122,8942,273,3864
44,9192504882813,Right,1,311245,0,7947295,5,501465,353,0197,122,9666,273,3753
44,9329833984375,Right,1,311151,0,7947454,5,50143,353,0195,122,9722,273,3744
44,946891784668,Right,1,311137,0,794748,5,501421,353,0195,122,9722,273,3744
44,9607963562012,Right,1,311098,0,7947572,5,501407,353,0195,122,9722,273,3744
44,9746704101563,Right,1,311088,0,7947509,5,501408,353,0195,122,9722,273,3744
44,988597869873,Right,1,311071,0,794717,5,501405,353,0195,122,9722,273,3744
45,0024490356445,Right,1,311098,0,7946293,5,501338,353,066,123,0283,273,3626
45,0164794921875,Right,1,311054,0,7945884,5,501316,353,063,123,0231,273,3629
45,0302429199219,Right,1,311088,0,7945025,5,501095,353,1039,123,12,273,3307
45,0442543029785,Right,1,311012,0,7944071,5,500877,353,1627,123,2157,273,2639
45,0581130981445,Right,1,311025,0,7943012,5,500485,353,253,123,3286,273,1681
45,0722236633301,Right,1,311006,0,7937937,5,499907,353,4864,123,5197,273,0738
45,0857925415039,Right,1,310984,0,7935441,5,499783,353,5729,123,5708,273,0775
45,0996856689453,Right,1,311141,0,7926433,5,498969,353,9471,123,7887,273,0508
45,1135902404785,Right,1,311226,0,7911022,5,49771,354,598,124,1805,273,0234
45,1275100708008,Right,1,311304,0,7901537,5,497192,355,0032,124,2814,273,005
45,1413459777832,Right,1,311883,0,7871476,5,495909,356,3665,124,3281,272,9685
45,1552581787109,Right,1,312128,0,7853182,5,495346,357,1364,124,4356,273,0841
45,169132232666,Right,1,312919,0,7815149,5,494123,358,4342,124,5983,273,4311
45,1831398010254,Right,1,313405,0,7780644,5,493305,359,6217,124,717,273,8617
45,1972465515137,Right,1,313847,0,775371,5,492433,0,5928437,124,7649,273,9042
45,2110137939453,Right,1,314501,0,7704569,5,490995,2,252931,124,8745,274,153
45,224666595459,Right,1,314459,0,7689824,5,490753,2,812464,124,8975,274,2043
45,238597869873,Right,1,315367,0,7620314,5,488696,5,168334,125,2296,274,6548
45,2527160644531,Right,1,31522,0,7575028,5,487469,6,638697,125,7063,275,3102
45,2663803100586,Right,1,314926,0,7559442,5,48696,6,705933,126,0113,275,9925
45,2805213928223,Right,1,314685,0,7540747,5,485604,6,471588,126,6087,277,1959
45,2940902709961,Right,1,314397,0,7538875,5,485159,6,552962,126,7409,277,3546
45,3079490661621,Right,1,313728,0,7547743,5,483806,5,88505,127,0422,277,2621
45,3218574523926,Right,1,31336,0,7547983,5,483065,5,743587,127,0976,276,9486
45,3359222412109,Right,1,313025,0,7565037,5,483529,5,301481,126,8128,276,4882
45,3497085571289,Right,1,312861,0,7590043,5,484934,4,801529,126,355,276,0342
45,3637809753418,Right,1,313214,0,7597039,5,485544,4,617408,126,0427,275,9095
45,37744140625,Right,1,313076,0,7605447,5,485677,4,403301,125,662,275,6328
45,3913078308105,Right,1,312541,0,7625023,5,486045,4,052706,125,1329,274,988
45,4051856994629,Right,1,312682,0,7632837,5,486313,3,891452,124,8633,274,5177
45,4192352294922,Right,1,312381,0,7646261,5,488132,3,746564,123,9727,274,0077
45,4330444335938,Right,1,312709,0,7644755,5,489228,3,911828,123,5314,274,2702
45,4469261169434,Right,1,312882,0,7642018,5,489588,4,08879,123,4519,274,4996
45,4608039855957,Right,1,313054,0,7635391,5,488629,4,208792,124,1197,274,9792
45,4746932983398,Right,1,312826,0,7636441,5,488395,4,195149,124,257,274,9672
45,4886474609375,Right,1,312565,0,763975,5,487782,4,076021,124,7112,275,0267
45,5026512145996,Right,1,312407,0,7642438,5,487541,4,000782,124,8947,275,0543
45,5164489746094,Right,1,312304,0,7644084,5,487225,3,929231,125,1028,275,1036
45,5302124023438,Right,1,312158,0,7650091,5,485962,3,635726,125,7436,275,1589
45,5443000793457,Right,1,311815,0,7656323,5,484917,3,288135,126,3754,275,1468
45,5579986572266,Right,1,31159,0,7665676,5,482806,2,694135,127,4627,275,1586
45,571907043457,Right,1,311382,0,7677043,5,480053,2,026403,128,9643,275,4538
45,5857582092285,Right,1,310853,0,7686141,5,478956,1,540405,129,6764,275,581
45,5996322631836,Right,1,310001,0,7703681,5,475833,0,5537679,131,4121,275,8521
45,6135177612305,Right,1,309278,0,7711419,5,473833,0,2215189,132,6045,276,0426
45,6274223327637,Right,1,308805,0,7716379,5,472842,0,4580612,132,525,275,1128
45,6413040161133,Right,1,308755,0,7705765,5,471376,0,9871871,132,8742,274,9875
45,6553077697754,Right,1,308579,0,7703907,5,471074,1,102476,133,0735,275,0541
45,6691131591797,Right,1,308753,0,7697885,5,470069,1,500192,133,511,275,3554
45,6829833984375,Right,1,308469,0,7698007,5,46897,1,643566,134,1717,275,5536
45,6969680786133,Right,1,308702,0,7694007,5,4684,1,73233,134,8987,276,2842
45,7108612060547,Right,1,310489,0,7672403,5,46697,1,947999,137,2836,279,7265
45,7246627807617,Right,1,30915,0,7694267,5,467306,1,589768,137,3368,279,3796
45,7385597229004,Right,1,308546,0,7705735,5,467125,1,197315,137,2114,278,2793
45,7526779174805,Right,1,308788,0,7708604,5,466864,1,209721,137,3425,277,7519
45,7664031982422,Right,1,30891,0,7714866,5,466961,1,087447,137,6507,277,6139
45,7802276611328,Right,1,309086,0,7722004,5,467285,1,068512,137,9515,277,2266
45,7944946289063,Right,1,309374,0,7717502,5,469004,1,167854,136,9882,277,1206
45,8081855773926,Right,1,311548,0,7718952,5,47031,1,055102,137,1014,277,8459
45,8218803405762,Right,1,31219,0,7716424,5,468438,1,404135,138,579,278,5785
45,8357391357422,Right,1,31205,0,7715889,5,467808,1,313818,139,911,279,5848
45,8495979309082,Right,1,312161,0,7727931,5,469079,0,7013447,140,624,280,4365
45,863525390625,Right,1,311896,0,7738686,5,469191,0,07484182,140,8571,280,2584
45,87744140625,Right,1,313055,0,772957,5,469816,0,4095621,140,8424,280,9894
