timestamp,controller_side_or_job_label,position_x,position_y,position_z,rotation_x,rotation_y,rotation_z
0,951339900493622,Left,-1,707314,0,1306613,5,6113,6,685839,176,0379,126,0522
1,01185607910156,Left,-2,003967,0,6952447,5,935114,14,53876,247,4715,109,5726
1,0389906167984,Left,-1,995324,0,7109416,5,927804,10,06168,249,3504,113,9648
1,06475603580475,Left,-1,995053,0,7117938,5,929012,9,331911,248,4089,111,2867
1,09267103672028,Left,-1,995206,0,712237,5,929529,9,414456,249,8136,113,5318
1,12043249607086,Left,-1,994197,0,7136536,5,928301,8,922971,249,22,113,3008
1,1480530500412,Left,-1,994035,0,7134212,5,928228,8,845636,249,2993,113,6317
1,1757744550705,Left,-1,993509,0,7135558,5,928625,8,667931,249,8025,114,4456
1,2035870552063,Left,-1,992988,0,7141678,5,928752,8,395103,249,9195,114,6524
1,23140323162079,Left,-1,992446,0,7152941,5,92884,7,959622,249,668,114,2034
1,25899016857147,Left,-1,991488,0,7179143,5,929362,6,817401,250,1755,114,8399
1,28607904911041,Left,-1,991028,0,7185102,5,929023,6,637296,250,1499,115,1842
1,31428170204163,Left,-1,990878,0,7186072,5,929015,6,578135,250,313,115,2869
1,34180974960327,Left,-1,990583,0,7187192,5,929045,6,517052,250,5395,115,5539
1,36971414089203,Left,-1,990532,0,718953,5,92949,6,483613,250,7315,115,5127
1,39803349971771,Left,-1,990349,0,7197452,5,929989,6,202576,251,1216,115,7401
1,42578148841858,Left,-1,989965,0,7205136,5,930171,5,843287,251,2851,115,9773
1,45331132411957,Left,-1,989079,0,7222598,5,929959,5,025265,251,6284,116,9008
1,48103713989258,Left,-1,987768,0,7243816,5,929589,4,062866,251,4955,117,0611
1,50903654098511,Left,-1,98543,0,7264364,5,927603,3,059103,250,619,117,7815
1,53693604469299,Left,-1,985595,0,7279309,5,9288,2,543348,251,6329,117,9155
1,5648021697998,Left,-1,98364,0,7294555,5,927221,1,693061,250,752,118,5163
1,59247362613678,Left,-1,984938,0,7290673,5,928463,2,129184,251,4522,118,0627
1,62051498889923,Left,-1,985091,0,7288187,5,928576,2,177801,251,406,117,9618
1,64873600006104,Left,-1,985206,0,7288014,5,928666,2,222068,251,3918,117,9924
1,67612290382385,Left,-1,985027,0,729265,5,928886,2,00785,251,4176,118,0981
1,70377504825592,Left,-1,985062,0,729359,5,929004,2,010585,251,4509,117,9845
1,7317568063736,Left,-1,985055,0,729469,5,929104,1,917889,251,4963,118,0275
1,75952541828156,Left,-1,985065,0,729495,5,929086,1,854496,251,4555,118,0242
1,78771066665649,Left,-1,98513,0,7294856,5,929193,1,861829,251,4679,117,9841
1,81565272808075,Left,-1,985358,0,7293309,5,929801,1,938272,251,6524,117,8705
1,84321331977844,Left,-1,985632,0,729019,5,930082,2,111633,251,7083,117,8668
1,87116992473602,Left,-1,985725,0,7289686,5,930174,2,140611,251,7493,117,9003
1,8989245891571,Left,-1,985808,0,7289972,5,930357,2,192857,251,8309,117,9869
1,92648303508759,Left,-1,985823,0,7289807,5,930362,2,226512,251,834,118,0329
1,95489811897278,Left,-1,985884,0,728848,5,930231,2,316316,251,8077,118,0729
1,9827698469162,Left,-1,985914,0,7288436,5,930229,2,328106,251,8132,118,0862
2,01057004928589,Left,-1,961274,0,7218129,5,951718,2,200248,251,8685,118,1925
2,03826928138733,Left,-1,913922,0,7070849,5,98483,2,050702,251,8706,118,2292
2,06645560264587,Left,-1,853634,0,6838694,6,021186,1,970206,251,8971,118,4194
2,09450030326843,Left,-1,791852,0,653276,6,054416,1,915438,251,8867,118,3709
2,12218284606934,Left,-1,730733,0,615515,6,087012,1,858612,251,9272,118,3933
2,14998579025269,Left,-1,669687,0,6058116,6,120347,1,762349,251,9683,118,3901
2,17797565460205,Left,-1,608462,0,6060787,6,154469,1,657683,252,0267,118,4161
2,20598983764648,Left,-1,547371,0,6062374,6,188848,1,528511,252,0636,118,4426
2,23366761207581,Left,-1,487384,0,6062896,6,223336,1,355422,252,1264,118,4768
2,26159167289734,Left,-1,42606,0,6071837,6,257566,0,923128,252,3299,118,6127
2,28963708877563,Left,-1,364877,0,6074591,6,292222,0,6855693,252,4382,118,6222
2,31720566749573,Left,-1,303385,0,6076719,6,323843,0,3512532,252,5385,118,7347
2,34510231018066,Left,-1,240186,0,6095515,6,35607,359,3457,253,0849,118,9982
2,37291598320007,Left,-1,176465,0,6111645,6,386814,358,4184,253,7473,119,2566
2,40109419822693,Left,-1,109036,0,6124015,6,410551,357,5732,254,0526,119,1215
2,42886567115784,Left,-1,042212,0,6122761,6,429419,357,6368,253,9021,119,0184
2,45671057701111,Left,-0,9729055,0,6112633,6,433725,357,9226,253,7106,118,892
2,48438477516174,Left,-0,9037848,0,6110033,6,429182,357,9313,253,6557,118,8134
2,51241731643677,Left,-0,8348038,0,6112342,6,416217,357,8767,253,6307,118,774
2,54014921188354,Left,-0,7675996,0,6116455,6,397037,357,4784,253,7396,119,031
2,56827592849731,Left,-0,6993638,0,6119484,6,378615,357,2417,253,8205,119,0759
2,59580421447754,Left,-0,6329737,0,6120344,6,360323,357,2168,253,849,119,1578
2,62383317947388,Left,-0,564944,0,6114345,6,34366,357,2213,253,8483,119,158
2,65135788917542,Left,-0,4974191,0,6113516,6,330707,357,1541,254,0216,119,1618
2,67975831031799,Left,-0,4268522,0,6122313,6,321985,356,6028,254,6431,118,9903
2,7070484161377,Left,-0,3585276,0,6142232,6,317249,355,6924,255,5716,118,376
2,73494744300842,Left,-0,2893939,0,6148389,6,307206,355,3996,255,638,117,8231
2,76276636123657,Left,-0,2209665,0,6142772,6,294676,355,6463,255,3828,117,894
2,79056000709534,Left,-0,1527695,0,6147873,6,279196,355,3937,255,2494,117,8876
2,81849360466003,Left,-0,08439429,0,6160611,6,26033,354,8726,255,1531,117,8708
2,84640741348267,Left,-0,01733227,0,6170146,6,238678,354,566,255,1594,118,0717
2,87403297424316,Left,0,04759097,0,6175182,6,214177,354,3788,255,2375,118,3092
2,90207624435425,Left,0,1105132,0,6173136,6,182775,354,4723,255,2701,118,5666
2,9297947883606,Left,0,1724544,0,6167563,6,15014,354,5959,255,1531,119,441
2,95789909362793,Left,0,2345862,0,6153812,6,11776,355,0371,255,1917,119,9734
2,98564887046814,Left,0,2960299,0,6154598,6,086799,355,0587,255,2964,119,5716
3,01336646080017,Left,0,3585272,0,6157388,6,057268,355,0214,255,3802,119,6429
3,0411159992218,Left,0,4254429,0,6298088,6,039273,354,9532,255,4832,119,6636
3,06912469863892,Left,0,4932509,0,6417099,6,021923,354,7903,255,6344,119,6912
3,09693789482117,Left,0,5605391,0,6417743,6,004495,354,7334,255,6011,119,5162
3,12469434738159,Left,0,6276194,0,6419128,5,986965,354,6343,255,5632,119,388
3,15254616737366,Left,0,6950306,0,6415782,5,969454,354,6367,255,4784,119,3334
3,18048429489136,Left,0,7626971,0,6419885,5,952098,354,6491,255,4547,119,2957
3,19467258453369,Left,0,7610036,0,6417483,5,952418,354,648,255,4544,119,3066
3,20883417129517,Left,0,8271073,0,6419571,5,934446,354,6923,255,4502,119,4364
3,22325110435486,Left,0,8657832,0,6418705,5,923734,354,7259,255,4365,119,4709
3,23763465881348,Left,0,8921911,0,6418629,5,916241,354,7215,255,437,119,4699
3,25180220603943,Left,0,9344475,0,6418697,5,904215,354,7215,255,437,119,4699
3,26609325408936,Left,0,9554194,0,6418871,5,89795,354,7214,255,4369,119,4699
3,28033590316772,Left,1,00282,0,641912,5,883973,354,7215,255,437,119,4699
3,29441952705383,Left,1,017501,0,6419374,5,879642,354,7219,255,4536,119,4404
3,30869889259338,Left,1,06622,0,6420213,5,864882,354,7224,255,4745,119,4031
3,32238364219666,Left,1,103262,0,6419876,5,853443,354,7229,255,5338,119,3799
3,3366003036499,Left,1,126028,0,6419514,5,846156,354,7229,255,5339,119,3799
3,35084128379822,Left,1,171042,0,6418402,5,83182,354,7147,255,6044,119,3842
3,36458921432495,Left,1,185267,0,6418511,5,826822,354,7147,255,6044,119,3842
3,37864518165588,Left,1,232466,0,6418783,5,811167,354,7144,255,6566,119,4247
3,39262890815735,Left,1,269937,0,6418526,5,798525,354,7265,255,6776,119,4675
3,40668153762817,Left,1,292196,0,641786,5,790934,354,7265,255,6776,119,4675
3,42081022262573,Left,1,336555,0,6416755,5,775635,354,7514,255,6985,119,5396
3,43483948707581,Left,1,352429,0,6416312,5,770038,354,7514,255,6985,119,5396
3,44845819473267,Left,1,396535,0,6416538,5,754289,354,7514,255,6985,119,5396
3,46244931221008,Left,1,434503,0,639796,5,740653,354,724,255,7458,119,5186
3,47621440887451,Left,1,454271,0,6368174,5,733182,354,724,255,7458,119,5186
3,49041604995728,Left,1,49986,0,6302264,5,716039,354,6982,255,7771,119,4553
3,50419640541077,Left,1,512645,0,6260957,5,710652,354,6911,255,7721,119,4417
3,51827430725098,Left,1,558979,0,618062,5,692057,354,6813,255,7653,119,423
3,5321569442749,Left,1,596531,0,6168711,5,676294,354,6449,255,71,119,3674
3,5459246635437,Left,1,615162,0,6170024,5,667968,354,6112,255,6883,119,3592
3,55982208251953,Left,1,659608,0,6173279,5,648321,354,5044,255,6102,119,3481
3,57400059700012,Left,1,693143,0,6182364,5,632872,354,0542,255,4221,119,3529
3,58801794052124,Left,1,720986,0,621254,5,621206,352,5299,255,4416,119,3349
3,60161185264587,Left,1,759932,0,6251056,5,604376,350,6828,255,8459,119,3052
3,61569619178772,Left,1,778502,0,6269233,5,595286,350,0809,255,9917,119,2909
3,6294481754303,Left,1,821592,0,6294503,5,573947,349,1616,256,1314,119,2157
3,6434166431427,Left,1,853807,0,6302133,5,555046,349,0685,256,028,119,3259
3,65747714042664,Left,1,876583,0,6303087,5,540999,349,1011,255,8587,119,382
3,67113566398621,Left,1,912929,0,6299097,5,516994,349,2589,255,5548,119,4822
3,68502569198608,Left,1,9267,0,6291306,5,505988,349,5451,255,4762,119,4617
3,69898462295532,Left,1,965047,0,627341,5,47766,350,1855,255,3006,119,4077
3,71292853355408,Left,1,995732,0,6270473,5,454091,350,194,255,2799,119,4624
3,72673201560974,Left,2,013,0,6270448,5,43882,350,1774,255,3118,119,4449
3,7407820224762,Left,2,048575,0,6272639,5,408944,350,0286,255,364,119,382
3,75475120544434,Left,2,060176,0,6274685,5,397242,349,9216,255,3881,119,3157
3,76836752891541,Left,2,094266,0,6282339,5,365682,349,5421,255,4406,118,8861
3,78263235092163,Left,2,122604,0,6293992,5,335883,349,0624,255,4717,118,3911
3,7964882850647,Left,2,136969,0,6298222,5,319328,348,9396,255,5164,118,1777
3,81020188331604,Left,2,16578,0,6301967,5,283095,348,7924,255,5251,117,7922
3,82430171966553,Left,2,17194,0,6302837,5,268585,348,7986,255,5925,117,6142
3,83798909187317,Left,2,196578,0,6301295,5,229932,348,9366,255,7819,117,349
3,85187959671021,Left,2,213663,0,6299353,5,191336,349,074,255,8431,117,6849
3,8660089969635,Left,2,221588,0,6297569,5,171557,349,1016,255,8503,117,7269
3,87973189353943,Left,2,236881,0,6295397,5,126784,349,1938,255,8321,117,8345
3,89405250549316,Left,2,247233,0,6293216,5,091477,349,2731,255,8518,117,9652
3,90779256820679,Left,2,253947,0,6292548,5,065817,349,3091,255,8503,118,0265
3,92143154144287,Left,2,264085,0,6290883,5,024766,349,4369,255,8608,118,2729
3,9356005191803,Left,2,268146,0,6289594,5,004584,349,5113,255,8525,118,483
3,94921970367432,Left,2,277949,0,6288301,4,958853,349,6276,255,8494,118,8598
3,96324300765991,Left,2,285095,0,6286584,4,921441,349,7239,255,9402,119,3623
3,97737669944763,Left,2,289401,0,6284658,4,895579,349,8233,256,0172,119,6861
3,99096751213074,Left,2,296449,0,6279628,4,853224,350,057,256,2231,120,0774
4,00521802902222,Left,2,299096,0,6277294,4,834324,350,1308,256,3174,120,1218
4,01876401901245,Left,2,305505,0,6273175,4,789479,350,2698,256,4454,120,1392
4,03278732299805,Left,2,310667,0,6268674,4,750957,350,4504,256,491,119,9208
4,04677438735962,Left,2,314461,0,6268881,4,727639,350,4961,256,5349,119,8695
4,06062698364258,Left,2,320979,0,6267933,4,682565,350,6074,256,6512,119,7907
4,07455205917358,Left,2,324458,0,6268626,4,667115,350,6007,256,6749,119,7097
4,08848857879639,Left,2,333394,0,6270141,4,619752,350,5897,256,7309,119,643
4,10224866867065,Left,2,342003,0,627012,4,58118,350,5811,256,7263,119,6511
4,11632585525513,Left,2,346909,0,6270612,4,559212,350,5811,256,7263,119,6511
4,13018035888672,Left,2,35764,0,6270908,4,513163,350,6016,256,7694,119,6947
4,14397859573364,Left,2,361033,0,6270739,4,499968,350,6049,256,7828,119,7152
4,15772771835327,Left,2,37181,0,6270352,4,453765,350,6257,256,8164,119,7793
4,17180490493774,Left,2,382458,0,6270233,4,412109,350,6303,256,8203,119,7889
4,18588209152222,Left,2,387721,0,6270592,4,392053,350,6387,256,8346,119,8327
4,19937992095947,Left,2,399039,0,6270551,4,347438,350,6446,256,8446,119,8634
4,21381187438965,Left,2,408348,0,6269928,4,310278,350,6708,256,8327,119,8973
4,22744655609131,Left,2,414196,0,6269487,4,286099,350,6823,256,8088,119,8657
4,24105882644653,Left,2,424287,0,6270071,4,244088,350,678,256,7707,119,7681
4,25517892837524,Left,2,428392,0,6270565,4,225628,350,6745,256,7664,119,741
4,26907777786255,Left,2,439059,0,6272311,4,179029,350,6492,256,7433,119,6157
4,28292179107666,Left,2,447032,0,6273382,4,142007,350,6312,256,728,119,5609
4,29693412780762,Left,2,451831,0,6273385,4,117962,350,6312,256,7281,119,5609
4,31069087982178,Left,2,46065,0,6272773,4,073701,350,6564,256,6776,119,5211
4,32489728927612,Left,2,463737,0,6272905,4,055974,350,6633,256,6648,119,502
4,33863210678101,Left,2,472185,0,6273252,4,009663,350,6827,256,6196,119,4297
4,35251569747925,Left,2,47881,0,6274056,3,970659,350,6852,256,5953,119,3651
4,36634731292725,Left,2,482043,0,6275087,3,949033,350,677,256,5699,119,2772
4,38022422790527,Left,2,489193,0,6276082,3,902308,350,6641,256,5406,119,1957
4,39418125152588,Left,2,491134,0,6276929,3,887721,350,6553,256,5302,119,1448
4,40819263458252,Left,2,497802,0,627884,3,839394,350,6253,256,508,119,0153
4,42173051834106,Left,2,502872,0,628047,3,799573,350,6144,256,5055,118,9969
4,43585920333862,Left,2,505189,0,6280786,3,778449,350,5992,256,4985,118,9459
4,44972276687622,Left,2,510531,0,6281896,3,731049,350,5836,256,4931,118,9061
4,46386241912842,Left,2,513982,0,6282079,3,694903,350,5493,256,4881,118,8648
4,47757816314697,Left,2,51611,0,6282745,3,669233,350,5529,256,4853,118,861
4,49177646636963,Left,2,519808,0,6284294,3,625407,350,4892,256,469,118,8251
4,50522470474243,Left,2,520992,0,6285417,3,608778,350,4691,256,4492,118,7999
4,51932001113892,Left,2,524555,0,6286865,3,55903,350,4546,256,4416,118,7854
4,53317880630493,Left,2,526763,0,6286683,3,52225,350,432,256,3808,118,672
4,5470290184021,Left,2,527936,0,6286589,3,497977,350,4221,256,3662,118,5926
4,56075000762939,Left,2,530067,0,6286482,3,45356,350,4078,256,3444,118,4619
4,57497406005859,Left,2,530563,0,6287416,3,435294,350,3908,256,3325,118,3979
4,58865976333618,Left,2,532108,0,628927,3,388866,350,3551,256,2899,118,2088
4,60258769989014,Left,2,532846,0,6290538,3,34937,350,3328,256,2838,118,0901
4,6165337562561,Left,2,53296,0,629015,3,326522,350,3328,256,2838,118,0901
4,63046741485596,Left,2,533087,0,6287943,3,279729,350,306,256,3039,117,9859
4,64429521560669,Left,2,532646,0,6288497,3,265015,350,2951,256,304,117,9353
4,65815544128418,Left,2,532151,0,6289513,3,216972,350,2509,256,2718,117,8544
4,67221689224243,Left,2,531047,0,6290357,3,175459,350,2579,256,2954,117,8514
4,68589544296265,Left,2,529815,0,6290053,3,155782,350,2362,256,2749,117,7814
4,69991111755371,Left,2,527467,0,6288024,3,106651,350,2085,256,2112,117,6127
4,71386432647705,Left,2,524079,0,6286879,3,071529,350,1873,256,1649,117,508
4,72798585891724,Left,2,519843,0,6287556,3,043709,350,1793,256,2008,117,4003
4,7416844367981,Left,2,513129,0,628831,3,003121,350,166,256,2432,117,3674
4,75571298599243,Left,2,509349,0,6288634,2,983109,350,1608,256,2504,117,3377
4,76952695846558,Left,2,498717,0,6288047,2,937006,350,1322,256,2896,117,1852
4,78326463699341,Left,2,489932,0,628684,2,902346,350,0917,256,3335,117,0005
4,797278881073,Left,2,483483,0,6287298,2,877703,350,0211,256,3881,116,8321
4,81149482727051,Left,2,471983,0,6288077,2,83456,349,9868,256,4378,116,7338
4,82491540908813,Left,2,46766,0,6288736,2,819643,349,9868,256,4378,116,7338
4,83928060531616,Left,2,453901,0,6288177,2,769958,349,9937,256,4743,116,7731
4,85308027267456,Left,2,443721,0,6286256,2,734476,349,9931,256,4774,116,7652
4,866623878479,Left,2,437354,0,6284945,2,71314,349,9952,256,4705,116,7683
4,88059282302856,Left,2,424153,0,6282622,2,66842,349,9854,256,4953,116,8166
4,89486169815063,Left,2,418936,0,6282486,2,651416,349,9935,256,4891,116,8645
4,9083194732666,Left,2,405693,0,6282393,2,607663,350,0042,256,4723,116,9501
4,92231798171997,Left,2,393656,0,6281803,2,568361,350,0252,256,4419,117,0262
4,93608856201172,Left,2,387441,0,6281034,2,548572,350,0252,256,4419,117,0262
4,95006895065308,Left,2,372849,0,6279432,2,502119,350,0187,256,4166,117,0474
4,96417284011841,Left,2,368176,0,6280115,2,487963,350,0229,256,4144,117,049
4,97780132293701,Left,2,353853,0,6279746,2,443514,350,0197,256,376,117,0808
4,99173879623413,Left,2,340595,0,6280454,2,40312,350,018,256,3749,117,0743
5,00561475753784,Left,2,33447,0,6279753,2,384756,349,9943,256,3746,117,0217
5,0195426940918,Left,2,319135,0,6278681,2,338732,349,9787,256,3694,116,9991
5,03338003158569,Left,2,307554,0,6277031,2,30451,349,9669,256,3837,116,9355
5,04754018783569,Left,2,298793,0,6276904,2,279087,349,9669,256,3837,116,9355
5,06102705001831,Left,2,285015,0,6277044,2,239286,349,9464,256,3712,116,8586
5,07545709609985,Left,2,278133,0,6277527,2,219692,349,9308,256,3631,116,8398
5,08894729614258,Left,2,263174,0,6277928,2,176987,349,9227,256,3503,116,8167
5,10289812088013,Left,2,25026,0,6277509,2,140563,349,8861,256,3781,116,7769
5,11679410934448,Left,2,242232,0,6277381,2,118366,349,8861,256,3781,116,7769
5,13084173202515,Left,2,226445,0,6276985,2,0749,349,8863,256,3976,116,7284
5,14443969726563,Left,2,221428,0,6276974,2,061294,349,8863,256,3976,116,7283
5,15860748291016,Left,2,204004,0,6276249,2,014238,349,9321,256,3952,116,6592
5,17213582992554,Left,2,190703,0,6275949,1,978065,349,9346,256,3899,116,6598
5,18630027770996,Left,2,182667,0,627542,1,956723,349,9339,256,4127,116,5509
5,19992017745972,Left,2,166495,0,627592,1,91354,349,9128,256,4446,116,4112
5,21390962600708,Left,2,154088,0,6276729,1,880631,349,884,256,4471,116,3618
5,22797870635986,Left,2,144015,0,6277577,1,854446,349,8469,256,4346,116,3204
5,24159383773804,Left,2,128542,0,6278114,1,816395,349,8376,256,4314,116,31
5,25603532791138,Left,2,1199,0,6277392,1,795585,349,8175,256,4553,116,2206
5,2696328163147,Left,2,099779,0,6277043,1,754023,349,8115,256,4639,116,1887
5,28349256515503,Left,2,080126,0,6276791,1,723998,349,7923,256,4744,116,1107
5,29774618148804,Left,2,064685,0,627699,1,700874,349,7995,256,4584,116,0369
5,31145620346069,Left,2,040334,0,6277319,1,66658,349,7969,256,4643,116,0485
5,32505464553833,Left,2,029615,0,6277013,1,653297,349,7969,256,4643,116,0485
5,33906745910645,Left,2,000356,0,6276049,1,614229,349,7969,256,4643,116,0485
5,35280513763428,Left,1,976637,0,6274482,1,58514,349,7969,256,4643,116,0485
5,36723566055298,Left,1,959172,0,6273981,1,564947,349,8563,256,4472,116,0764
5,38076448440552,Left,1,931011,0,6271629,1,531724,350,0064,256,4356,116,2238
5,39457893371582,Left,1,920436,0,6270811,1,519453,350,0356,256,4413,116,2609
5,40846538543701,Left,1,889328,0,6269589,1,483178,350,0947,256,4517,116,3326
5,42238140106201,Left,1,863222,0,6269767,1,452765,350,0927,256,4262,116,4073
5,43631458282471,Left,1,848825,0,6269919,1,436062,350,0958,256,4216,116,4498
5,45022201538086,Left,1,817701,0,6269705,1,40006,350,1016,256,4161,116,4846
5,46392917633057,Left,1,80889,0,6269792,1,390216,350,1061,256,405,116,503
5,47798824310303,Left,1,776343,0,6269732,1,352925,350,1325,256,3911,116,5947
5,49234199523926,Left,1,748513,0,6268995,1,320422,350,1374,256,392,116,6106
5,5057897567749,Left,1,736943,0,6268858,1,305927,350,1374,256,392,116,6106
5,51976680755615,Left,1,705372,0,6268567,1,267967,350,1589,256,3577,116,6508
5,53335857391357,Left,1,683239,0,6268383,1,241216,350,1594,256,3569,116,6518
5,54733324050903,Left,1,66724,0,6268393,1,220787,350,1594,256,3569,116,6518
5,56141996383667,Left,1,639546,0,626845,1,186179,350,1875,256,3255,116,6452
5,57519340515137,Left,1,62867,0,626816,1,172476,350,1875,256,3255,116,6453
5,58923053741455,Left,1,598058,0,6266902,1,133767,350,1875,256,3255,116,6452
5,60330486297607,Left,1,57448,0,6266635,1,104206,350,1875,256,3255,116,6452
5,61727619171143,Left,1,558638,0,626667,1,084419,350,1875,256,3255,116,6452
5,6308741569519,Left,1,53157,0,6266577,1,050313,350,218,256,331,116,6017
5,64469861984253,Left,1,521248,0,6266604,1,037389,350,218,256,331,116,6017
5,65862989425659,Left,1,491347,0,626582,0,9997486,350,2179,256,331,116,6017
5,6724796295166,Left,1,466675,0,6264508,0,9691452,350,2195,256,3322,116,6015
5,68651056289673,Left,1,452318,0,6264398,0,9511878,350,218,256,331,116,6017
5,70027351379395,Left,1,423143,0,6263821,0,9150358,350,2661,256,3617,116,5946
5,71419477462769,Left,1,413844,0,6263594,0,9034934,350,2661,256,3617,116,5946
5,72837924957275,Left,1,382522,0,6262596,0,8647398,350,325,256,3711,116,619
5,7424373626709,Left,1,356714,0,6261234,0,8332043,350,3405,256,3712,116,6229
5,75589227676392,Left,1,344419,0,6260484,0,818406,350,3657,256,3676,116,6131
5,76981401443481,Left,1,313518,0,6259077,0,7808527,350,3914,256,3633,116,6067
5,78370571136475,Left,1,290915,0,6258817,0,7536396,350,4363,256,345,116,6151
5,79765176773071,Left,1,273765,0,6258429,0,7331398,350,4363,256,345,116,6151
5,81185483932495,Left,1,245721,0,6257799,0,6995884,350,4731,256,3027,116,6473
5,82580327987671,Left,1,232917,0,6256964,0,6842551,350,4735,256,2974,116,645
5,83945560455322,Left,1,202554,0,6256387,0,648178,350,4731,256,3027,116,6473
5,85323286056519,Left,1,179066,0,6256631,0,6204925,350,4731,256,3027,116,6473
5,86683320999146,Left,1,164036,0,6256702,0,6029966,350,4634,256,2734,116,6037
5,88090181350708,Left,1,134086,0,6256883,0,5680148,350,4575,256,2653,116,5921
5,89478778839111,Left,1,123262,0,6256403,0,5556765,350,468,256,2548,116,5647
5,90867233276367,Left,1,091363,0,62549,0,5191225,350,5102,256,2245,116,4984
5,9225902557373,Left,1,065457,0,6253833,0,4894007,350,5148,256,2215,116,4931
5,93634748458862,Left,1,051127,0,6253622,0,4730942,350,5481,256,2214,116,4803
5,95054197311401,Left,1,019403,0,6253299,0,4368506,350,5672,256,2214,116,4729
5,96457719802856,Left,1,00888,0,6252905,0,4249498,350,5753,256,2187,116,4787
5,97820663452148,Left,0,977741,0,6252446,0,3896135,350,6202,256,2109,116,4864
5,99205303192139,Left,0,9505857,0,6251867,0,3590247,350,6317,256,2086,116,4894
6,00592756271362,Left,0,9368417,0,6251807,0,3436722,350,638,256,2086,116,4923
6,01984310150146,Left,0,9045762,0,6251836,0,3076275,350,6833,256,204,116,5213
6,03390407562256,Left,0,8807032,0,6251571,0,2811629,350,6816,256,2038,116,5173
6,04766654968262,Left,0,8631139,0,6251176,0,261594,350,718,256,1953,116,5578
6,06162643432617,Left,0,8341773,0,6249771,0,2295618,350,7291,256,1927,116,57
6,07565450668335,Left,0,8207132,0,6248214,0,214527,350,8096,256,1603,116,6289
6,08925247192383,Left,0,7887868,0,624153,0,1793139,351,2602,256,1506,117,0213
6,10333156585693,Left,0,7621154,0,6225434,0,1507159,352,2113,256,1458,117,4398
6,11720752716064,Left,0,7445282,0,6214527,0,1317859,352,8722,256,0098,117,6843
6,131019115448,Left,0,7132785,0,6200679,0,098638,353,5264,255,7507,117,8964
6,14515972137451,Left,0,7031375,0,6194968,0,09019497,353,8379,255,7707,118,1507
6,15863084793091,Left,0,6733487,0,6180103,0,06098211,354,3664,255,5362,118,2233
6,17298412322998,Left,0,6595674,0,6184747,0,04678652,353,6624,255,0022,118,3827
6,18676471710205,Left,0,6639687,0,6190242,0,05124089,353,4258,255,2331,118,1143
6,20072555541992,Left,0,6603166,0,6199333,0,04825497,352,9901,255,2971,117,9139
6,21472549438477,Left,0,659876,0,6197765,0,04831639,353,1294,255,3357,117,8149
6,22827386856079,Left,0,6574186,0,6177511,0,04907086,354,4897,254,9508,116,7257
6,2421236038208,Left,0,6666718,0,6184515,0,05325752,353,4788,253,2706,116,5303
6,25601243972778,Left,0,6709563,0,6192589,0,05749241,353,0219,254,1656,116,9003
6,26978206634521,Left,0,697957,0,6194156,0,08530182,352,6308,254,4931,115,9011
6,28398418426514,Left,0,7237641,0,6196511,0,1099765,352,6551,253,8809,115,0786
6,29781627655029,Left,0,7431593,0,6200449,0,128906,352,5619,254,1288,115,01
6,31158876419067,Left,0,7724074,0,6200461,0,1590768,352,6505,254,2479,114,6481
6,32567119598389,Left,0,786281,0,6200178,0,1731709,352,8158,254,0097,114,4721
6,3396463394165,Left,0,8197337,0,6195512,0,2068736,353,2253,253,8502,114,6384
6,35329961776733,Left,0,8445966,0,619381,0,2312856,353,3561,253,7796,114,9576
6,36756134033203,Left,0,8635224,0,6189497,0,2498755,353,5354,253,4392,115,0524
6,38138914108276,Left,0,8940494,0,6188741,0,279608,353,5477,253,2239,115,2835
6,39501428604126,Left,0,9060197,0,6188565,0,2915154,353,5359,253,2549,115,3659
6,40888738632202,Left,0,9398093,0,6189359,0,3254867,353,5447,253,2524,115,5226
6,42268657684326,Left,0,9662622,0,6190063,0,3529732,353,5234,253,1576,115,4653
6,43693113327026,Left,0,9835253,0,6190364,0,3709674,353,5438,253,1173,115,4179
6,45078182220459,Left,1,0142,0,6191452,0,4038461,353,5485,252,934,115,0955
6,46437835693359,Left,1,022929,0,6191113,0,4155994,353,5541,252,9576,115,1333
6,47840690612793,Left,1,054946,0,6190585,0,4528668,353,6011,252,7391,114,4506
6,49257183074951,Left,1,079158,0,6193354,0,4858181,353,6232,252,8362,114,3279
6,50618553161621,Left,1,088663,0,6194536,0,504257,353,5539,252,927,114,4364
6,52023077011108,Left,1,114149,0,6196907,0,5461901,353,4103,252,9782,113,9768
6,53375482559204,Left,1,118778,0,619796,0,5569704,353,4117,252,9412,114,0004
6,54761552810669,Left,1,138009,0,6199455,0,6009399,353,3466,252,8089,113,901
6,56185483932495,Left,1,153865,0,6199381,0,6412655,353,3853,252,8052,113,8841
6,57557439804077,Left,1,154575,0,6199171,0,6601637,353,4072,252,7593,113,8411
6,58957576751709,Left,1,159941,0,6201627,0,7083123,353,3256,252,713,113,8447
6,60356760025024,Left,1,158676,0,6204687,0,7446374,353,1404,252,8115,113,974
6,61730670928955,Left,1,157488,0,6205238,0,7695699,353,0854,252,8319,113,9817
6,63120555877686,Left,1,154742,0,6206497,0,8136407,352,9879,252,8226,113,9242
6,64511871337891,Left,1,152806,0,6207044,0,8313848,352,9697,252,8393,113,9074
6,6589035987854,Left,1,148954,0,6207052,0,878889,352,9523,252,8551,113,8913
6,673011302948,Left,1,145123,0,620739,0,9178677,352,93,252,9345,113,9525
6,68659639358521,Left,1,142699,0,6206034,0,9400479,352,9248,253,1131,114,0228
6,70056438446045,Left,1,137625,0,6202474,0,9872465,353,0398,253,2839,113,9355
6,7146897315979,Left,1,135942,0,6202568,1,003913,353,0272,253,2638,113,9303
6,72828722000122,Left,1,132471,0,6202263,1,050835,352,8759,253,4591,113,995
6,74230289459229,Left,1,13064,0,6201352,1,092138,352,873,253,4531,113,8502
6,75642728805542,Left,1,130243,0,6201723,1,114875,352,8756,253,4337,113,8465
6,77027750015259,Left,1,132982,0,6245005,1,161858,352,8496,253,4806,113,941
6,78384733200073,Left,1,139622,0,6388601,1,173473,352,8514,253,5073,114,0289
6,79776763916016,Left,1,148492,0,6410081,1,220572,352,9649,253,4958,114,2426
6,81176280975342,Left,1,162903,0,6445081,1,260245,353,1104,253,4344,114,265
6,82603168487549,Left,1,172528,0,6444279,1,279668,353,1605,253,3909,114,2713
6,8392858505249,Left,1,190399,0,6439365,1,319745,353,3446,253,3259,114,3507
6,85344552993774,Left,1,207237,0,6439894,1,353548,353,4733,253,2421,114,2871
6,8672776222229,Left,1,219112,0,6438415,1,375324,353,5605,253,2038,114,2459
6,88098573684692,Left,1,240056,0,6437805,1,413559,353,7052,253,1544,114,198
6,89525079727173,Left,1,250151,0,6437988,1,430179,353,7052,253,1544,114,198
6,90911293029785,Left,1,275157,0,6441138,1,470769,353,5676,253,1587,114,3785
6,92270708084106,Left,1,292369,0,6440926,1,503719,353,5491,253,1682,114,324
6,93708658218384,Left,1,305093,0,6441401,1,526384,353,5568,253,1637,114,3061
6,9505786895752,Left,1,319482,0,6444167,1,567315,353,4514,253,1954,114,3907
6,9644341468811,Left,1,324557,0,6443992,1,582352,353,4514,253,1954,114,3907
6,97851371765137,Left,1,337855,0,6454753,1,629526,352,9699,253,4651,114,6685
6,99210834503174,Left,1,347531,0,6453223,1,6673,353,0079,253,4408,114,6123
7,00626611709595,Left,1,350236,0,6451654,1,689858,353,1389,253,4082,114,5562
7,02024173736572,Left,1,353227,0,6448202,1,736254,353,304,253,5253,114,8677
7,03393459320068,Left,1,350445,0,6447576,1,749076,353,3271,253,6014,115,0444
7,04786729812622,Left,1,345395,0,6442965,1,796579,353,5143,254,0857,116,207
7,06193733215332,Left,1,339543,0,6441161,1,839079,353,4994,253,8073,115,931
7,07548713684082,Left,1,337443,0,6441681,1,856901,353,4994,253,8073,115,931
7,0897479057312,Left,1,32266,0,6433313,1,903795,354,1583,254,1544,117,2129
7,10357475280762,Left,1,311796,0,6424257,1,92226,354,504,253,8228,117,203
7,11731910705566,Left,1,304264,0,6418165,1,934054,354,6748,253,6642,117,7065
7,13179683685303,Left,1,298031,0,6405715,1,94135,355,1483,253,5596,117,9329
7,14503335952759,Left,1,299624,0,6404095,1,940113,355,1574,253,552,117,866
7,15907144546509,Left,1,298576,0,6407645,1,942561,354,9077,253,8291,117,6334
7,17283582687378,Left,1,298962,0,6413332,1,943533,354,5906,253,9342,117,2443
7,18656826019287,Left,1,29908,0,6417398,1,944282,354,3546,254,15,117,0557
7,20054817199707,Left,1,299135,0,6424319,1,946792,353,9142,254,9471,116,7137
7,21434879302979,Left,1,298696,0,6426738,1,947393,353,8226,255,0929,116,4235
7,22846841812134,Left,1,293242,0,6433547,1,944629,353,473,255,3564,115,5573
7,24231004714966,Left,1,282995,0,6438643,1,934965,353,293,255,546,115,2928
7,25613451004028,Left,1,276678,0,6437873,1,928305,353,3565,255,4624,115,3184
7,27015590667725,Left,1,259044,0,6434649,1,90926,353,5526,255,2297,115,4622
7,28422164916992,Left,1,251724,0,6434278,1,901369,353,5824,255,203,115,5187
7,29770421981812,Left,1,233108,0,6432072,1,880667,353,7038,255,043,115,7138
7,31206846237183,Left,1,21342,0,6430973,1,858614,353,7304,255,0007,115,8172
7,32558345794678,Left,1,204746,0,6430372,1,848647,353,7581,254,9919,115,8722
7,33939170837402,Left,1,182069,0,6428403,1,822589,353,9008,254,9577,116,1855
7,35356473922729,Left,1,16425,0,6423754,1,801659,354,1,254,7693,116,5748
7,36703586578369,Left,1,153478,0,642221,1,78881,354,1451,254,7133,116,706
7,38140058517456,Left,1,131868,0,6420981,1,763169,354,2243,254,7128,117,0209
7,39507341384888,Left,1,124157,0,6419592,1,754341,354,2733,254,717,116,9927
7,40885019302368,Left,1,101696,0,6417473,1,728025,354,447,254,7188,117,0185
7,42287921905518,Left,1,083819,0,6413369,1,706884,354,6706,254,7134,117,0712
7,43671798706055,Left,1,07319,0,6409496,1,694307,354,8579,254,6745,117,0746
7,45044660568237,Left,1,05363,0,6399269,1,670354,355,3325,254,5237,117,0236
7,46451997756958,Left,1,046941,0,6396967,1,66196,355,4492,254,4834,117,0028
7,4781608581543,Left,1,030519,0,6387517,1,641321,355,8802,254,2464,116,7564
7,49261522293091,Left,1,019816,0,6384912,1,627001,356,0164,254,1818,116,7053
7,50608730316162,Left,1,020208,0,6384402,1,627352,356,0278,254,1343,116,6854
7,51987886428833,Left,1,01403,0,6382657,1,619095,356,0822,254,007,116,6625
7,53407001495361,Left,1,014066,0,6381993,1,618646,356,1044,254,0141,116,91
7,54783964157104,Left,1,013853,0,6379628,1,618376,356,2114,254,0009,117,0217
7,56186676025391,Left,1,013899,0,6380307,1,618487,356,1376,254,0583,117,0862
7,57575845718384,Left,1,013658,0,6379328,1,618307,356,1913,254,0837,117,1975
7,58946943283081,Left,1,012852,0,6373472,1,617917,356,4869,254,0502,117,4065
7,60337829589844,Left,1,011596,0,6360602,1,617302,357,107,253,8145,117,4929
7,61724472045898,Left,1,010939,0,635186,1,617081,357,5046,253,6586,117,4732
7,63155317306519,Left,1,009627,0,63375,1,616748,358,1697,253,3647,117,3432
7,64502573013306,Left,1,009329,0,6332108,1,616627,358,4306,253,2516,117,3386
7,65897846221924,Left,1,00802,0,6315013,1,616184,359,1731,252,8557,117,2505
7,6727237701416,Left,1,007399,0,6301691,1,615893,359,7982,252,4853,117,032
7,68679285049438,Left,1,006993,0,6294438,1,615534,0,1418154,252,2726,117,0025
7,70075082778931,Left,1,006086,0,6281366,1,615027,0,8163855,251,6436,116,5559
7,71455812454224,Left,1,006751,0,6285152,1,615165,0,7441257,251,6445,116,4729
7,72838258743286,Left,1,008553,0,6304291,1,616165,359,7862,252,0496,116,4611
7,74241828918457,Left,1,009351,0,6317018,1,616352,359,1585,252,4921,116,7098
7,75611448287964,Left,1,009346,0,6320051,1,616576,358,9776,252,572,116,6961
7,77015590667725,Left,1,010074,0,633122,1,61689,358,5631,252,5841,116,5802
7,78380441665649,Left,1,010053,0,6332141,1,616777,358,5357,252,5579,116,5737
7,79823732376099,Left,1,010479,0,6335126,1,616586,358,4384,252,4757,116,5855
7,81194877624512,Left,1,010659,0,6333879,1,616402,358,4685,252,4406,116,6516
7,82551145553589,Left,1,010781,0,63333,1,616339,358,4805,252,4283,116,672
7,83959245681763,Left,1,011187,0,6332337,1,616163,358,4875,252,4087,116,6922
7,85362148284912,Left,1,011585,0,6332792,1,615987,358,4366,252,2811,116,7324
7,86717844009399,Left,1,01205,0,633388,1,615917,358,3416,252,196,116,7324
7,88142490386963,Left,1,012689,0,633664,1,615902,358,1723,252,1162,116,7041
7,89505004882813,Left,1,012715,0,6336998,1,61593,358,1733,252,1149,116,6687
7,90906000137329,Left,1,012931,0,6338314,1,616023,358,1509,252,1168,116,5756
7,92302799224854,Left,1,013191,0,6339012,1,616061,358,1454,252,0688,116,4381
7,93665361404419,Left,1,013329,0,6338949,1,616078,358,1432,252,0672,116,3448
7,95062589645386,Left,1,01352,0,6337876,1,616245,358,1214,252,021,116,0777
7,96497106552124,Left,1,019464,0,6338244,1,621847,358,143,252,0272,116,0777
7,97837018966675,Left,1,032927,0,6333836,1,634141,357,8255,252,1316,116,1155
7,99237203598022,Left,1,053169,0,6334295,1,653293,358,1433,252,0671,116,3289
8,00629711151123,Left,1,071292,0,6336612,1,671023,358,0882,252,0176,116,2482
8,02010726928711,Left,1,102727,0,6336875,1,702859,357,9195,252,1552,116,5544
8,03436660766602,Left,1,113085,0,633728,1,715359,357,8716,252,1822,116,6108
8,04797649383545,Left,1,143909,0,634053,1,750182,357,7154,252,2525,116,781
8,06175994873047,Left,1,170684,0,6345405,1,782665,357,4619,252,4208,117,0535
8,07579231262207,Left,1,182715,0,634593,1,799506,357,4348,252,5102,117,1669
8,0895414352417,Left,1,21127,0,6348143,1,837355,357,3789,252,6623,117,4419
8,10360622406006,Left,1,232284,0,6348837,1,867762,357,3002,252,8065,117,6929
8,1175537109375,Left,1,246538,0,6347936,1,889941,357,3167,252,8029,117,6436
8,13142013549805,Left,1,270667,0,634958,1,926252,357,2036,252,8688,117,6895
8,14525318145752,Left,1,282478,0,6350443,1,940274,357,1372,252,9207,117,7748
8,15944290161133,Left,1,312537,0,635197,1,980486,357,0431,253,0861,118,0442
8,17298603057861,Left,1,335279,0,6350742,2,008111,357,132,253,0621,117,9559
8,1870174407959,Left,1,352353,0,6354716,2,026875,356,9778,253,1904,118,1231
8,20075225830078,Left,1,382724,0,6361803,2,060081,356,7477,253,5434,118,4867
8,21482753753662,Left,1,396236,0,6360823,2,071045,356,7407,253,5342,118,4442
8,22865104675293,Left,1,431092,0,636405,2,103587,356,7362,253,5258,118,41
8,24254608154297,Left,1,461889,0,6371649,2,129124,356,4961,253,6542,118,5087
8,25637149810791,Left,1,479628,0,6374254,2,142309,356,3557,253,6845,118,5495
8,2706937789917,Left,1,517964,0,6358248,2,172065,356,1436,253,6814,118,5646
8,28405570983887,Left,1,527573,0,6333652,2,179178,356,1622,253,6138,118,5238
8,29804611206055,Left,1,568502,0,6272192,2,207125,356,1734,253,4857,118,4872
8,31190013885498,Left,1,603133,0,6192875,2,229513,356,0475,253,4258,118,6143
8,32593250274658,Left,1,622518,0,6163422,2,237651,356,0009,253,4723,118,8221
8,33970260620117,Left,1,664426,0,6132498,2,25908,356,0783,253,4328,118,8801
8,35352611541748,Left,1,697345,0,6129985,2,272715,356,0822,253,4323,118,8804
8,36775016784668,Left,1,723185,0,6129345,2,280476,356,1345,253,4572,118,9346
8,38162994384766,Left,1,760554,0,6127906,2,292134,356,2042,253,4889,118,9645
8,39530372619629,Left,1,771974,0,6126249,2,291228,356,2837,253,4925,118,9628
8,40946483612061,Left,1,809079,0,6118242,2,296388,356,6622,253,4862,118,9047
8,4232120513916,Left,1,832774,0,6106667,2,296244,357,235,253,5182,118,7765
8,43680953979492,Left,1,847376,0,6102384,2,293016,357,434,253,5077,118,7197
8,45089530944824,Left,1,87907,0,6102286,2,28893,357,4373,253,4696,118,5771
8,46463775634766,Left,1,891394,0,6105118,2,286557,357,3264,253,4697,118,5997
8,47901058197021,Left,1,928123,0,6107748,2,28057,357,1984,253,4697,118,6259
8,49266242980957,Left,1,957677,0,6113284,2,275707,356,9776,253,4576,118,6749
8,5063304901123,Left,1,976542,0,6115931,2,272695,356,8672,253,4573,118,7077
8,52048110961914,Left,2,017408,0,6126447,2,265064,356,4368,253,5184,118,8781
8,53425884246826,Left,2,029622,0,6124877,2,262146,356,5139,253,49,118,8383
8,54796695709229,Left,2,07122,0,6128467,2,252177,356,3736,253,5193,118,9313
8,56230735778809,Left,2,108759,0,612825,2,242019,356,4238,253,49,118,9526
8,57588291168213,Left,2,125934,0,6127917,2,236761,356,4238,253,49,118,9526
8,589919090271,Left,2,16996,0,612769,2,222915,356,4238,253,49,118,9526
8,6038293838501,Left,2,20122,0,6127955,2,212486,356,4238,253,49,118,9526
8,61767673492432,Left,2,22508,0,6127774,2,203843,356,4238,253,49,118,9526
8,63169765472412,Left,2,263847,0,6128244,2,190489,356,3177,253,5102,118,9217
8,64560127258301,Left,2,281835,0,6130049,2,183731,356,2158,253,5521,118,8861
8,65918350219727,Left,2,324445,0,6133563,2,168375,356,0621,253,6412,118,8607
8,6731653213501,Left,2,359204,0,6134326,2,15483,356,0555,253,6461,118,8609
8,68732070922852,Left,2,383062,0,6134566,2,144002,356,0224,253,6446,118,8094
8,70105075836182,Left,2,423061,0,6134759,2,126454,356,0103,253,644,118,7907
8,71523857116699,Left,2,440223,0,6134324,2,117877,355,9951,253,6272,118,7713
8,72883415222168,Left,2,482028,0,6134167,2,098054,355,9814,253,6121,118,7537
8,74281692504883,Left,2,516993,0,6134433,2,080503,355,9814,253,612,118,7537
8,75679683685303,Left,2,538047,0,6135205,2,069256,355,933,253,6231,118,7619
8,77034091949463,Left,2,577941,0,6136562,2,048143,355,8425,253,6494,118,7655
8,78463840484619,Left,2,593217,0,6137075,2,039405,355,8098,253,6588,118,7535
8,79837131500244,Left,2,634119,0,6137753,2,016917,355,7721,253,6697,118,7397
8,81230354309082,Left,2,669466,0,6139004,1,996895,355,7112,253,688,118,6861
8,826171875,Left,2,687589,0,6139874,1,985619,355,6823,253,6861,118,6559
8,84007358551025,Left,2,728781,0,6141373,1,960836,355,6151,253,6628,118,5865
8,85391807556152,Left,2,740077,0,6141593,1,953424,355,6138,253,6757,118,5875
8,86787700653076,Left,2,781101,0,6141788,1,927152,355,5681,253,721,118,543
8,88162422180176,Left,2,815518,0,6143169,1,903773,355,4816,253,79,118,4439
8,89568614959717,Left,2,831697,0,6144812,1,891712,355,4135,253,838,118,3211
8,90985870361328,Left,2,871763,0,6146944,1,862528,355,3194,253,8825,118,1808
8,92338943481445,Left,2,898729,0,6148568,1,841564,355,2303,253,8993,118,0441
8,93734931945801,Left,2,91834,0,6148731,1,824646,355,2219,253,9208,117,9866
8,9514102935791,Left,2,951622,0,6147699,1,796115,355,2227,254,0112,117,8432
8,96511840820313,Left,2,963645,0,6147905,1,783862,355,2268,254,0142,117,8403
8,97900676727295,Left,2,9988,0,6147085,1,750837,355,2475,254,0723,117,762
8,99291038513184,Left,3,025821,0,6147165,1,724029,355,2344,254,0844,117,7001
9,00667285919189,Left,3,041852,0,6147279,1,707723,355,2344,254,0844,117,7001
9,02087879180908,Left,3,074192,0,6147133,1,673679,355,2406,254,1453,117,6721
9,03451728820801,Left,3,083733,0,6147114,1,662612,355,2504,254,1801,117,6564
9,04844379425049,Left,3,116584,0,6147186,1,62627,355,2408,254,1485,117,6707
9,06259346008301,Left,3,143104,0,6146454,1,59564,355,2836,254,2297,117,6546
9,0762414932251,Left,3,156422,0,6146147,1,579674,355,2836,254,2297,117,6546
9,09016704559326,Left,3,187159,0,6146263,1,543015,355,276,254,2608,117,5232
9,10402393341064,Left,3,195904,0,6147089,1,532195,355,2409,254,2605,117,5118
9,11789226531982,Left,3,225937,0,6152804,1,495006,354,8851,254,1602,117,0191
9,13226509094238,Left,3,250624,0,6156896,1,459993,354,6996,254,0268,116,4724
9,14593505859375,Left,3,255548,0,6162789,1,44138,354,4802,254,13,115,684
9,15967655181885,Left,3,273201,0,6169422,1,397889,354,3855,254,3911,115,4993
9,17366313934326,Left,3,282891,0,6169528,1,363599,354,369,254,4597,115,3069
9,18734550476074,Left,3,288416,0,6166527,1,339653,354,4985,254,4456,115,355
9,20138645172119,Left,3,297473,0,6163522,1,297991,354,5986,254,4437,115,3251
9,21526432037354,Left,3,295677,0,6162267,1,280852,354,6523,254,4535,115,3151
9,22886753082275,Left,3,296986,0,6160274,1,236807,354,7525,254,4554,115,3437
9,24284553527832,Left,3,293338,0,6160555,1,199367,354,7392,254,4442,115,4152
9,25666427612305,Left,3,286843,0,6161159,1,177793,354,7416,254,4412,115,4731
9,27054309844971,Left,3,276726,0,6161854,1,133545,354,7487,254,4598,115,5496
9,2847146987915,Left,3,2715,0,6162201,1,117202,354,7664,254,4782,115,6427
9,29837417602539,Left,3,258809,0,6162566,1,072028,354,8638,254,5807,116,1441
9,31236553192139,Left,3,247352,0,6158978,1,032733,355,0162,254,6548,116,6573
9,32621192932129,Left,3,241149,0,6238726,1,012274,355,0314,254,6623,116,7852
9,33987522125244,Left,3,228818,0,6312073,0,9678966,355,0512,254,6614,117,0654
9,35385608673096,Left,3,22126,0,6356507,0,9347472,354,9976,254,5634,116,903
9,36779022216797,Left,3,219136,0,6368643,0,9092035,354,9976,254,5634,116,903
9,38169193267822,Left,3,214931,0,6382976,0,8693055,355,0164,254,6026,116,9397
9,39574337005615,Left,3,215608,0,6380219,0,8501052,355,0504,254,6238,116,9896
9,40971279144287,Left,3,215434,0,6361836,0,8043525,355,1551,254,7002,117,1099
9,42341423034668,Left,3,217428,0,6330397,0,7717959,355,1548,254,7057,117,0445
9,43712043762207,Left,3,221443,0,6339704,0,7496817,355,1748,254,7332,117,0155
9,45155811309814,Left,3,227976,0,6310015,0,7076932,355,1974,254,7688,116,8994
9,46480369567871,Left,3,230511,0,6285057,0,6944247,355,1974,254,7688,116,8994
9,47885131835938,Left,3,23953,0,6221228,0,6499216,355,0948,254,8433,116,3016
9,49271297454834,Left,3,247122,0,6163637,0,6150063,354,9522,254,868,116,0695
9,50656509399414,Left,3,251823,0,6185952,0,5940183,354,8947,254,8722,116,0842
9,52032947540283,Left,3,261062,0,6166711,0,5513935,354,9196,254,893,116,3648
9,53448295593262,Left,3,264624,0,6165105,0,5687225,354,9828,254,8879,116,3992
9,54829406738281,Left,3,272923,0,6153724,0,5497287,355,9478,254,6983,116,9071
9,56208324432373,Left,3,279111,0,614351,0,5488625,356,5505,254,3242,116,9117
9,57623863220215,Left,3,276134,0,6144705,0,5493726,356,3516,254,2803,116,7103
9,58999443054199,Left,3,27603,0,6150373,0,5487303,356,1461,254,2381,116,8664
9,60384654998779,Left,3,276696,0,6148931,0,5482658,356,1841,254,1488,117,1192
9,61781692504883,Left,3,276972,0,6153924,0,5464883,355,8701,253,6449,117,7334
9,63188934326172,Left,3,277385,0,6158816,0,5460568,355,6349,253,5335,117,8653
9,645751953125,Left,3,277596,0,6159954,0,5457865,355,6337,253,5045,117,9849
9,65946960449219,Left,3,278228,0,6162757,0,5451092,355,6311,253,4319,118,2653
9,67332172393799,Left,3,278313,0,6162167,0,5451963,355,631,253,429,118,2759
9,68746376037598,Left,3,278311,0,616103,0,5452176,355,6986,253,4489,118,2607
9,70144748687744,Left,3,278449,0,6156829,0,5450741,355,9005,253,3769,118,254
9,71505737304688,Left,3,278467,0,6157003,0,545247,355,8703,253,401,118,2234
9,7290210723877,Left,3,278683,0,6156465,0,545506,355,8604,253,4468,118,1619
9,74300670623779,Left,3,27884,0,6155266,0,5455878,355,9028,253,4869,118,1969
9,75665092468262,Left,3,279182,0,6150802,0,5457447,356,1209,253,4426,118,1508
9,77066135406494,Left,3,279307,0,614666,0,5459192,356,3168,253,4141,118,077
9,78452110290527,Left,3,279632,0,6146552,0,5460181,356,3264,253,3992,118,0363
9,79849815368652,Left,3,280024,0,6146394,0,5462615,356,307,253,3528,117,9568
9,81232452392578,Left,3,280218,0,6145692,0,546356,356,3508,253,3164,117,9662
9,8261251449585,Left,3,280351,0,6145451,0,5464161,356,3691,253,2907,117,9716
9,84012317657471,Left,3,280801,0,6147257,0,5465681,356,2949,253,2646,117,9882
9,85416984558105,Left,3,281073,0,6148866,0,5466102,356,2254,253,2434,118,0023
9,86785984039307,Left,3,281827,0,6153408,0,5466045,356,0722,253,2155,118,0959
9,881911277771,Left,3,282086,0,6154149,0,5464664,356,0823,253,1998,118,2229
9,89573097229004,Left,3,282145,0,6154076,0,5464174,356,0872,253,1792,118,2456
9,90961360931396,Left,3,282567,0,6153601,0,5459616,356,1069,253,0191,118,4143
9,92350292205811,Left,3,282939,0,6153728,0,5456469,356,1186,252,9334,118,5722
9,93727970123291,Left,3,283241,0,6152914,0,5454249,356,1548,252,8914,118,7215
9,95127010345459,Left,3,283363,0,6152163,0,5454226,356,1647,252,8584,118,7297
9,96520233154297,Left,3,283594,0,6152902,0,5454643,356,1167,252,8769,118,7513
9,97894763946533,Left,3,283989,0,6154547,0,5454898,356,0105,252,9201,118,8306
9,99296569824219,Left,3,284083,0,6154635,0,5455335,356,0033,252,9231,118,8376
10,0068836212158,Left,3,284428,0,6156521,0,5455452,355,9102,252,8862,118,8489
10,0207366943359,Left,3,284791,0,6158608,0,5455563,355,8158,252,8952,118,8909
10,0347213745117,Left,3,284788,0,6158394,0,5455796,355,8356,252,8857,118,8762
10,0486278533936,Left,3,284961,0,6158714,0,5455985,355,8158,252,8952,118,8909
10,0622987747192,Left,3,285029,0,6158503,0,545616,355,8158,252,8952,118,8909
10,076283454895,Left,3,285159,0,6158052,0,5456518,355,8173,252,8987,118,8855
10,0900087356567,Left,3,28536,0,6157105,0,5457011,355,8158,252,8952,118,8909
10,1040983200073,Left,3,285471,0,6156017,0,5458191,355,8406,252,9134,118,7975
10,1181163787842,Left,3,28583,0,6153409,0,5461532,355,8993,252,9788,118,5162
10,1458215713501,Left,3,286501,0,6150999,0,5463552,355,9939,253,0041,117,9905
10,1596822738647,Left,3,286905,0,6150916,0,5466484,355,9303,252,9931,117,7693
10,1734466552734,Left,3,287311,0,6153693,0,5464786,355,8376,252,9939,117,7762
10,1873044967651,Left,3,287384,0,6154455,0,5464274,355,8078,253,0149,117,838
10,2032432556152,Left,3,287967,0,6156384,0,5463065,355,6757,253,0192,117,9863
10,2142753601074,Left,3,288039,0,6156348,0,5463012,355,658,253,0187,118,0037
10,2284536361694,Left,3,2891,0,6158157,0,5458589,355,4732,252,9925,118,2175
10,2423038482666,Left,3,289574,0,615814,0,5454184,355,4202,252,9716,118,4681
10,2562456130981,Left,3,289751,0,6158099,0,5451841,355,4078,252,9611,118,5987
10,2700595855713,Left,3,289947,0,6157274,0,544783,355,416,252,9346,118,8332
10,2838573455811,Left,3,289937,0,6156654,0,5447835,355,4191,252,9254,118,8648
10,2979507446289,Left,3,289902,0,6155331,0,544662,355,4286,252,9218,118,9214
10,3118753433228,Left,3,289893,0,6154436,0,5446424,355,4227,252,986,119,029
10,3256549835205,Left,3,289816,0,6154236,0,5447448,355,4217,252,9679,119,0023
10,3395471572876,Left,3,289716,0,6154021,0,5449582,355,4279,253,0291,118,9589
10,3539047241211,Left,3,289596,0,6154748,0,545249,355,4037,253,1231,118,9429
10,3673734664917,Left,3,289481,0,6154702,0,5454596,355,401,253,174,118,9141
10,381516456604,Left,3,289313,0,6154345,0,5457782,355,4009,253,2398,118,8431
10,3950166702271,Left,3,289145,0,6154332,0,5462319,355,3691,253,3099,118,7262
10,4090642929077,Left,3,288703,0,6156018,0,5470065,355,3083,253,4344,118,4948
10,4229431152344,Left,3,288428,0,6156732,0,5476286,355,2642,253,5246,118,3775
10,4366855621338,Left,3,28816,0,6158344,0,547941,355,2192,253,5737,118,2696
10,45094871521,Left,3,287688,0,6158938,0,548295,355,2021,253,6431,118,1456
10,465012550354,Left,3,287502,0,615876,0,5483757,355,2038,253,6563,118,097
10,4784822463989,Left,3,287029,0,6158248,0,548577,355,2059,253,6698,117,9796
10,4923868179321,Left,3,286709,0,6159065,0,5486037,355,206,253,6698,117,9673
10,506160736084,Left,3,286551,0,6159274,0,5486968,355,1884,253,6868,117,9211
10,5201139450073,Left,3,286111,0,6160313,0,5488285,355,1595,253,7466,117,875
10,5340719223022,Left,3,285944,0,6159941,0,5488139,355,1595,253,7466,117,875
10,5478038787842,Left,3,285411,0,6158395,0,5488474,355,1595,253,7466,117,875
10,5619440078735,Left,3,284622,0,6157417,0,5489829,355,2045,253,8315,117,8214
10,575982093811,Left,3,28434,0,6157333,0,5490192,355,2204,253,8442,117,7993
10,5899877548218,Left,3,283274,0,6156096,0,5492213,355,3077,253,895,117,7096
10,6035509109497,Left,3,282612,0,6154159,0,5493529,355,4004,253,9582,117,6809
10,6175270080566,Left,3,282207,0,6152278,0,5494476,355,455,253,9833,117,6504
10,6312694549561,Left,3,281249,0,6147345,0,5497183,355,6134,254,0294,117,5531
10,6453056335449,Left,3,280844,0,6145391,0,5498993,355,6995,254,0485,117,467
10,6590719223022,Left,3,279737,0,6139894,0,5504756,355,9329,254,1248,117,2243
10,6729726791382,Left,3,279209,0,6136717,0,5508223,356,0796,254,1699,117,0482
10,6870985031128,Left,3,278513,0,6130995,0,5514314,356,3112,254,222,116,78
10,7007789611816,Left,3,278369,0,6129062,0,5516219,356,4127,254,2326,116,6634
10,7147789001465,Left,3,278292,0,6127596,0,5517421,356,4704,254,2252,116,6054
10,7286939620972,Left,3,278113,0,6124337,0,5519755,356,5827,254,1622,116,4656
10,7424392700195,Left,3,278162,0,6121867,0,551962,356,6882,254,0731,116,4034
10,7565364837646,Left,3,278297,0,6121588,0,5519141,356,7057,254,0476,116,4131
10,7704057693481,Left,3,278481,0,6120442,0,5518081,356,7465,253,9736,116,4004
10,7844610214233,Left,3,278626,0,6120632,0,5517755,356,7365,253,9565,116,3914
10,7983856201172,Left,3,278945,0,6121531,0,5515867,356,6942,253,9247,116,4309
10,8119974136353,Left,3,279204,0,6121333,0,5513412,356,7003,253,8301,116,4669
10,8260612487793,Left,3,279392,0,6121548,0,5511416,356,6875,253,779,116,5059
10,8397884368896,Left,3,279901,0,6122145,0,5505481,356,6549,253,648,116,6283
10,8536367416382,Left,3,28033,0,6121458,0,5499037,356,6296,253,5652,116,8399
10,867582321167,Left,3,280523,0,6120156,0,5492493,356,654,253,4875,117,0464
0,Drawing start,0,0,0,0,0,0
0,SquareDrawing start,0,0,0,0,0,0
10,8815298080444,Left,3,280544,0,6116361,0,5483271,356,7723,253,3381,117,3065
10,895471572876,Left,3,280483,0,611435,0,5481042,356,8366,253,2928,117,3843
10,9095220565796,Left,3,280016,0,6109785,0,5473832,357,0235,253,1847,117,5583
10,9233732223511,Left,3,279599,0,6106483,0,5474364,357,1504,253,1931,117,556
10,9369812011719,Left,3,279489,0,6105652,0,5475438,357,1683,253,2076,117,5414
10,9509706497192,Left,3,279083,0,6103248,0,5477328,357,2514,253,2359,117,4693
10,964695930481,Left,3,278793,0,6101003,0,5478458,357,3389,253,2297,117,3867
10,9788522720337,Left,3,2779,0,6093404,0,5484709,357,6126,253,2454,117,0533
10,9926452636719,Left,3,277556,0,6089848,0,5489601,357,7315,253,2459,116,7715
11,0065202713013,Left,3,277419,0,6088245,0,5495541,357,7707,253,2945,116,5176
11,0204029083252,Left,3,277388,0,6087672,0,5502936,357,8148,253,402,116,144
11,0343914031982,Left,3,277475,0,6088415,0,5504749,357,8097,253,4071,116,0131
11,0482044219971,Left,3,277874,0,6090551,0,55081,357,7568,253,3773,115,7971
11,0621814727783,Left,3,278168,0,6093173,0,5503949,357,7049,253,3439,115,9288
11,0760564804077,Left,3,278203,0,6093275,0,5502712,357,6937,253,3262,116,0132
11,0898313522339,Left,3,278321,0,6093931,0,5499868,357,6732,253,2983,116,1412
11,104024887085,Left,3,278319,0,6093698,0,5499994,357,673,253,298,116,1424
11,1177024841309,Left,3,278755,0,6094222,0,5491327,357,6901,253,12,116,361
11,1317920684814,Left,3,279116,0,6093337,0,548004,357,7622,252,9036,116,7396
11,1454877853394,Left,3,279124,0,6092761,0,5480213,357,773,252,8947,116,7621
11,1592016220093,Left,3,279105,0,6090732,0,547318,357,8953,252,7806,117,0416
11,1733160018921,Left,3,279117,0,6089865,0,5474498,357,8936,252,7807,117,0544
11,1871166229248,Left,3,279088,0,609049,0,5476927,357,8795,252,8145,116,9938
11,2009811401367,Left,3,279036,0,6091455,0,5479167,357,858,252,8636,116,9215
11,2148971557617,Left,3,279004,0,609154,0,5479058,357,858,252,8636,116,9215
11,2288675308228,Left,3,278595,0,6088845,0,5483587,357,9359,252,9328,116,7808
11,2426195144653,Left,3,278187,0,6086578,0,5488219,358,0183,252,9917,116,5438
11,2566566467285,Left,3,277889,0,6085479,0,5491425,358,0884,253,0329,116,3851
11,2702598571777,Left,3,277568,0,6084713,0,5494718,358,1697,253,0761,116,2126
11,2851905822754,Left,3,277472,0,6084453,0,5495675,358,193,253,1021,116,1599
11,2983436584473,Left,3,277237,0,6083297,0,5497601,358,2429,253,1562,116,0697
11,3119583129883,Left,3,277031,0,6081765,0,549801,358,3154,253,1549,115,9811
11,3260622024536,Left,3,276961,0,6080871,0,5497212,358,3693,253,1397,115,94
0,SquareDrawing end,0,0,0,0,0,0
11,3400678634644,Left,3,276881,0,6079209,0,5494806,358,4742,253,0794,115,8968
11,3537158966064,Left,3,276939,0,6079075,0,549432,358,4883,253,0612,115,8887
11,3678131103516,Left,3,276963,0,6078429,0,549188,358,5353,253,0002,115,8937
11,3815088272095,Left,3,277051,0,6078104,0,5489942,358,5631,252,9606,115,9407
11,3954801559448,Left,3,277138,0,6077883,0,5489046,358,5694,252,9379,115,9301
11,409592628479,Left,3,277274,0,607888,0,5487488,358,5809,252,8349,115,9076
11,4235305786133,Left,3,277546,0,6080654,0,5487223,358,5559,252,7925,115,8891
11,4371690750122,Left,3,277908,0,6083452,0,5486359,358,4932,252,7073,115,7995
11,4512004852295,Left,3,278334,0,6085618,0,54877,358,3549,252,6111,115,609
11,4648761749268,Left,3,278502,0,6087441,0,5486768,358,302,252,5893,115,5433
11,4787740707397,Left,3,278742,0,6089348,0,5487462,358,2466,252,5665,115,4745
11,4925861358643,Left,3,278864,0,6088787,0,5488672,358,2616,252,6297,115,4099
11,5066242218018,Left,3,278862,0,6088896,0,5488312,358,2616,252,635,115,418
11,520866394043,Left,3,278912,0,6088552,0,5487896,358,2616,252,635,115,418
11,5343017578125,Left,3,278944,0,6088406,0,5487581,358,2616,252,635,115,418
11,5482997894287,Left,3,279002,0,6087284,0,5484939,358,3169,252,6433,115,5084
11,5625219345093,Left,3,278876,0,6085841,0,5481673,358,4109,252,6483,115,6784
11,5759077072144,Left,3,278854,0,6085776,0,5482081,358,412,252,6468,115,6848
11,5899705886841,Left,3,278684,0,6085935,0,5481563,358,4587,252,6628,115,7644
11,6036491394043,Left,3,278566,0,6085823,0,548202,358,4588,252,6628,115,7645
11,6176433563232,Left,3,278535,0,608592,0,5482174,358,4588,252,6628,115,7645
11,6316213607788,Left,3,278261,0,6085541,0,5482999,358,4791,252,698,115,6783
11,6454191207886,Left,3,278161,0,6085701,0,548319,358,4852,252,7073,115,6395
11,6594114303589,Left,3,277856,0,6085716,0,5484905,358,5149,252,7249,115,5351
11,6734800338745,Left,3,277763,0,6086534,0,5485771,358,5029,252,7234,115,4699
0,CircleDrawing start,0,0,0,0,0,0
11,6871385574341,Left,3,277711,0,6087043,0,5486533,358,4844,252,7246,115,4205
11,7011852264404,Left,3,277679,0,6087613,0,5486362,358,4759,252,7248,115,3951
11,7151165008545,Left,3,277626,0,6088526,0,5487568,358,4405,252,7292,115,3486
11,728702545166,Left,3,277426,0,6091143,0,5489575,358,3555,252,708,115,2113
11,7428913116455,Left,3,277287,0,6093251,0,5490242,358,2798,252,6944,115,1194
11,7566919326782,Left,3,277193,0,6094025,0,549072,358,2517,252,6839,115,0595
11,7704725265503,Left,3,277076,0,6095352,0,5491773,358,2019,252,6793,114,9426
11,7845935821533,Left,3,27705,0,6096321,0,5492177,358,1699,252,6827,114,8823
11,7983283996582,Left,3,277004,0,6099874,0,5495389,358,0291,252,7127,114,6421
11,8122463226318,Left,3,277012,0,6103343,0,5499893,357,8719,252,7546,114,2993
11,8262491226196,Left,3,276983,0,6105566,0,5501229,357,8024,252,7635,114,0772
11,8399133682251,Left,3,277019,0,6108049,0,5503232,357,7325,252,7845,113,8254
11,8539371490479,Left,3,276989,0,6107811,0,5502982,357,7772,252,804,113,826
11,8677606582642,Left,3,277004,0,6107666,0,5503389,357,7786,252,8002,113,8263
11,8816614151001,Left,3,276942,0,6107504,0,5504697,357,7801,252,7989,113,7456
11,8957099914551,Left,3,276893,0,6107905,0,5505331,357,7743,252,7986,113,6942
11,909405708313,Left,3,276732,0,6108694,0,5508,357,7437,252,8198,113,5545
11,9233980178833,Left,3,276619,0,6109307,0,5508996,357,7347,252,8548,113,486
11,937385559082,Left,3,276367,0,6108502,0,5511476,357,7581,252,8771,113,3434
11,9510889053345,Left,3,276018,0,6107424,0,5513609,357,8376,252,934,113,2012
11,965124130249,Left,3,275784,0,6106989,0,5515684,357,8985,252,9875,113,1194
11,9793586730957,Left,3,275402,0,6106455,0,5519983,357,9487,253,0582,112,981
11,9930057525635,Left,3,275074,0,6106197,0,5523044,358,0014,253,125,112,8887
12,0069074630737,Left,3,274993,0,6105913,0,5523216,358,0259,253,1524,112,9015
12,0207529067993,Left,3,274674,0,6103734,0,5525268,358,1482,253,2489,112,939
12,0345077514648,Left,3,274568,0,6103016,0,5525907,358,1811,253,2596,112,9232
12,0484619140625,Left,3,274389,0,6102391,0,5527058,358,2122,253,2762,112,9505
12,0622634887695,Left,3,274326,0,610354,0,552816,358,2181,253,2755,112,9486
12,0763111114502,Left,3,274136,0,6103857,0,553157,358,2142,253,2908,112,8
12,090181350708,Left,3,273902,0,6105952,0,5540205,358,1049,253,3746,112,3328
12,1041622161865,Left,3,273865,0,6108224,0,5541098,358,0804,253,4475,112,2144
12,1179637908936,Left,3,27375,0,6109948,0,5548189,358,0144,253,6162,111,9546
12,1318998336792,Left,3,273532,0,6108932,0,5553914,358,0835,253,7943,111,7439
12,1458721160889,Left,3,273416,0,6107278,0,556,358,1222,253,9123,111,4763
12,1596326828003,Left,3,273306,0,6107413,0,5570815,358,0269,254,0847,110,9464
12,1733484268188,Left,3,27331,0,6111178,0,5571716,357,882,254,1872,110,9425
12,1874809265137,Left,3,273336,0,6113617,0,5573097,357,7796,254,2257,110,9554
12,2012128829956,Left,3,273784,0,6124392,0,5583273,357,2596,254,5271,110,9207
12,2154531478882,Left,3,270272,0,6128694,0,5579807,357,1197,254,6486,111,1047
12,2291584014893,Left,3,267126,0,6130034,0,5573357,357,1512,254,637,111,3015
12,2428598403931,Left,3,262465,0,6127625,0,5561107,357,2321,254,4368,111,3639
0,CircleDrawing end,0,0,0,0,0,0
12,2569150924683,Left,3,25999,0,6127115,0,5547429,357,2682,254,3596,111,4036
12,2708530426025,Left,3,254741,0,6129255,0,5522208,357,2829,254,1284,111,6581
12,2845554351807,Left,3,253488,0,6129152,0,5512774,357,2574,254,1038,111,7529
12,2986936569214,Left,3,24853,0,6130704,0,5487512,357,1921,254,0225,111,8577
12,3124170303345,Left,3,244922,0,6130114,0,5473112,357,1133,254,1476,111,8484
12,3266439437866,Left,3,242367,0,6130316,0,5460583,357,1011,254,1882,111,8361
12,3403329849243,Left,3,237821,0,6131354,0,5442112,357,044,254,2319,111,6787
12,3540029525757,Left,3,236437,0,6132125,0,5434973,357,0391,254,2376,111,6553
12,367956161499,Left,3,229967,0,6131272,0,5406066,357,0515,254,2617,111,5346
12,3819141387939,Left,3,222403,0,6128858,0,5371293,357,1026,254,2591,111,362
12,3958473205566,Left,3,217001,0,6128573,0,5344273,357,1076,254,2481,111,2906
12,4098815917969,Left,3,205977,0,6127955,0,5291079,357,1026,254,2186,111,1279
12,4237842559814,Left,3,197435,0,6128474,0,5246116,357,105,254,1469,111,0496
12,4375123977661,Left,3,19083,0,612902,0,5212185,357,1054,254,1213,111,0772
12,4516906738281,Left,3,17984,0,6129614,0,5154314,357,0679,254,0516,111,1032
12,4651174545288,Left,3,175355,0,6130074,0,5162749,357,0582,254,0339,111,1257
12,4790830612183,Left,3,163079,0,613245,0,5130467,356,9773,253,8325,111,2864
0,StarDrawing start,0,0,0,0,0,0
12,4930515289307,Left,3,153315,0,6146332,0,512172,356,9568,253,6752,111,5031
12,5067825317383,Left,3,147222,0,6200546,0,5118978,356,9254,253,6064,111,5995
12,5208263397217,Left,3,134673,0,6254745,0,5114114,356,8791,253,5291,111,7183
12,5348320007324,Left,3,130038,0,6266618,0,5113213,356,8632,253,5229,111,7267
12,5486087799072,Left,3,116835,0,6313124,0,5112437,356,8791,253,5291,111,7183
12,5626850128174,Left,3,105665,0,6338475,0,5109147,356,8791,253,5291,111,7183
12,5767831802368,Left,3,098287,0,6349294,0,5107983,356,883,253,5262,111,7171
12,5901317596436,Left,3,085114,0,6367548,0,5106625,356,9124,253,5252,111,6544
12,6041774749756,Left,3,07968,0,636916,0,5106924,356,9319,253,5158,111,6088
12,617959022522,Left,3,064605,0,6376618,0,5104017,357,0042,253,5055,111,4388
12,6319103240967,Left,3,050756,0,6378508,0,5105,357,0424,253,5233,111,319
12,645977973938,Left,3,042919,0,6378909,0,5090035,357,0348,253,537,111,2923
12,65989112854,Left,3,025247,0,6380121,0,5084239,357,0226,253,5507,111,2722
12,673900604248,Left,3,011929,0,638062,0,5084557,356,9888,253,5717,111,2589
12,6876373291016,Left,3,001689,0,63807,0,5053884,356,9888,253,5717,111,2589
12,7012939453125,Left,2,985026,0,6380506,0,5052291,356,9581,253,5602,111,2993
12,7153720855713,Left,2,977273,0,6379645,0,5048703,356,9966,253,5198,111,4617
12,7291488647461,Left,2,958282,0,6378002,0,5041534,357,1072,253,4613,111,8182
12,7432041168213,Left,2,942932,0,6376349,0,5040455,357,1592,253,4619,111,9597
12,7572317123413,Left,2,93264,0,6375153,0,5036387,357,245,253,4883,112,2836
12,7711896896362,Left,2,914868,0,6375214,0,5034748,357,2621,253,4295,112,3319
12,7847480773926,Left,2,910007,0,6374853,0,5035267,357,262,253,4295,112,3319
12,7987756729126,Left,2,89394,0,6374497,0,5027263,357,2715,253,4293,112,3213
12,8124866485596,Left,2,882527,0,6374595,0,5027603,357,2885,253,364,112,2758
12,826473236084,Left,2,87852,0,6375082,0,5016553,357,2669,253,3564,112,2729
12,8403654098511,Left,2,870899,0,637529,0,5009027,357,2503,253,3479,112,2677
12,8542375564575,Left,2,869035,0,6374215,0,5014426,357,2827,253,3505,112,2353
12,8682088851929,Left,2,864405,0,6370955,0,5007688,357,3791,253,4069,112,0547
0,StarDrawing end,0,0,0,0,0,0
12,8820743560791,Left,2,860996,0,6369131,0,5014322,357,4183,253,4808,111,8515
12,8959550857544,Left,2,859418,0,6369298,0,5008818,357,4385,253,5233,111,7676
12,9101095199585,Left,2,855688,0,6367611,0,5018389,357,4803,253,6574,111,4575
12,9236707687378,Left,2,854822,0,6368338,0,5021288,357,4637,253,6717,111,2858
12,9377012252808,Left,2,851456,0,6368959,0,5027201,357,417,253,7254,110,9542
12,9516448974609,Left,2,8487,0,63707,0,5025873,357,3661,253,7612,111,0273
12,9655151367188,Left,2,847205,0,6370627,0,5026033,357,371,253,7536,111,0162
12,9794187545776,Left,2,844748,0,637207,0,5020846,357,3249,253,7569,111,0588
12,9931879043579,Left,2,842113,0,637275,0,5021053,357,3232,253,764,111,0627
13,0070829391479,Left,2,839076,0,637237,0,5011741,357,3232,253,764,111,0627
13,0210103988647,Left,2,83395,0,6371698,0,5000156,357,265,253,795,111,1371
13,0348596572876,Left,2,831781,0,6371461,0,4995053,357,263,253,7956,111,1533
13,0488243103027,Left,2,825061,0,6371565,0,4978811,357,2515,253,8058,111,2654
13,0628023147583,Left,2,819332,0,6371192,0,4967213,357,2512,253,8066,111,2759
13,0764760971069,Left,2,816006,0,6371368,0,4960828,357,2512,253,8066,111,2759
13,0906286239624,Left,2,808842,0,6371543,0,4947039,357,2512,253,8066,111,2759
13,1044330596924,Left,2,806768,0,6371561,0,4943423,357,2485,253,8115,111,2699
13,1182384490967,Left,2,799161,0,6371461,0,4937707,357,2107,253,8291,111,196
13,132194519043,Left,2,792675,0,6371999,0,4934489,357,2021,253,834,111,179
13,1463584899902,Left,2,788757,0,6372173,0,4935385,357,1999,253,8335,111,1788
13,1602725982666,Left,2,780626,0,6372204,0,4935105,357,2014,253,8351,111,1799
0,Drawing end,0,0,0,0,0,0
13,1738786697388,Left,2,778396,0,637193,0,4935051,357,1837,253,8455,111,178
13,187726020813,Left,2,769696,0,6370636,0,4934031,357,159,253,8618,111,1677
13,2019300460815,Left,2,762131,0,6370399,0,493085,357,1256,253,807,111,2982
13,2155904769897,Left,2,758827,0,637033,0,4930467,357,1209,253,7939,111,314
13,2293872833252,Left,2,750351,0,6370591,0,4927959,357,106,253,7419,111,3938
13,2433376312256,Left,2,743675,0,637037,0,4927247,357,1057,253,744,111,3871
13,2572059631348,Left,2,738984,0,637049,0,4926542,357,0943,253,7154,111,4358
13,27112865448,Left,2,73076,0,6369954,0,4925976,357,08,253,6938,111,5079
13,2850112915039,Left,2,727826,0,636958,0,4926234,357,08,253,6938,111,5079
13,2989873886108,Left,2,719023,0,6368959,0,4926005,357,08,253,6938,111,508
13,3129177093506,Left,2,712235,0,6368372,0,4925987,357,08,253,6938,111,5079
13,3267526626587,Left,2,707997,0,6367821,0,4925796,357,1178,253,6835,111,5177
13,3404769897461,Left,2,699859,0,6367139,0,492566,357,1363,253,6767,111,5146
13,3544950485229,Left,2,696933,0,636717,0,492566,357,1321,253,6814,111,5241
13,368447303772,Left,2,688117,0,636696,0,4925513,357,1321,253,6814,111,524
13,3824186325073,Left,2,680953,0,6366713,0,49255,357,1639,253,6566,111,4884
13,3962640762329,Left,2,677032,0,6366765,0,492519,357,1639,253,6566,111,4884
13,4101295471191,Left,2,668489,0,6366362,0,4924133,357,1639,253,6566,111,4884
13,4244861602783,Left,2,665345,0,6366211,0,4923013,357,1801,253,64,111,5267
13,4378814697266,Left,2,657244,0,6365292,0,4919038,357,2285,253,6178,111,7071
13,4515571594238,Left,2,649599,0,6363822,0,4917803,357,2819,253,6049,111,788
13,4657917022705,Left,2,645547,0,6362479,0,4914836,357,368,253,5973,111,9383
13,4794673919678,Left,2,637343,0,635833,0,4911555,357,5565,253,5495,112,0762
13,4933128356934,Left,2,631266,0,635691,0,4911024,357,6086,253,542,112,1181
13,5073289871216,Left,2,628609,0,6356093,0,490515,357,6279,253,539,112,1481
13,5210695266724,Left,2,625553,0,6354871,0,490434,357,6349,253,538,112,159
13,5355472564697,Left,2,624578,0,6354239,0,490368,357,6889,253,5617,112,1805
13,5490503311157,Left,2,623746,0,6351881,0,4903946,357,8191,253,6101,112,2167
13,562726020813,Left,2,623396,0,6349984,0,4904572,357,9013,253,6556,112,2574
13,5767402648926,Left,2,623359,0,6349203,0,4905081,357,9013,253,6556,112,2574
13,5907430648804,Left,2,623144,0,6347463,0,4906478,357,9594,253,6824,112,1921
13,6045799255371,Left,2,623081,0,634715,0,4906745,357,9875,253,6972,112,1815
13,6185989379883,Left,2,622747,0,6345104,0,4908988,358,096,253,7674,112,1588
13,6326150894165,Left,2,622616,0,6344149,0,4910389,358,1407,253,7894,112,1265
13,6461582183838,Left,2,622566,0,6343666,0,4911071,358,164,253,7971,112,1017
13,6602869033813,Left,2,62243,0,6342497,0,4913837,358,2068,253,8469,112,0281
13,673921585083,Left,2,622429,0,6342456,0,49141,358,2121,253,8615,112,0308
13,688136100769,Left,2,622386,0,6341825,0,4915686,358,2113,253,8828,112,0204
13,7017755508423,Left,2,622336,0,6340759,0,4917257,358,2617,253,8999,111,9642
13,7156286239624,Left,2,622359,0,634087,0,4917144,358,2587,253,9073,111,9672
13,7296476364136,Left,2,622342,0,6340523,0,4917845,358,2587,253,9073,111,9672
13,7433977127075,Left,2,622355,0,6341208,0,4920129,358,2243,253,9244,111,8665
13,7574758529663,Left,2,622391,0,634232,0,4921049,358,1814,253,9511,111,8295
13,7714214324951,Left,2,622447,0,6344169,0,4922433,358,1053,254,002,111,8033
13,7852716445923,Left,2,622471,0,6344863,0,4923139,358,0673,254,0274,111,7936
13,7990865707397,Left,2,622571,0,6347346,0,4925677,357,917,254,1038,111,7469
13,8130264282227,Left,2,6224,0,634684,0,4926404,357,8958,254,0965,111,696
13,8267850875854,Left,2,622333,0,6346521,0,4926613,357,8959,254,0965,111,696
13,8411283493042,Left,2,622178,0,6344996,0,492757,357,8959,254,0965,111,696
13,8546857833862,Left,2,621955,0,6343459,0,4929326,357,9408,254,0729,111,5387
13,8685693740845,Left,2,621645,0,6341785,0,493258,358,017,254,1544,111,3069
13,8824453353882,Left,2,62118,0,6341625,0,4997829,358,0099,254,2426,111,2433
13,896222114563,Left,2,621663,0,6341731,0,512557,358,0013,254,2828,111,1867
13,9101886749268,Left,2,621815,0,6341441,0,5303966,357,9956,254,3595,111,1157
13,9241247177124,Left,2,624147,0,6340988,0,546788,358,0202,254,3606,111,0836
13,9379100799561,Left,2,628814,0,6339281,0,5829927,358,1108,254,3961,111,0529
13,9519243240356,Left,2,63471,0,6338943,0,621157,358,1103,254,3949,111,1402
13,9658861160278,Left,2,640245,0,6338331,0,6416721,358,1328,254,4004,111,147
13,9798364639282,Left,2,651289,0,6337222,0,6883886,358,1885,254,3755,111,1479
13,9936628341675,Left,2,660472,0,6337358,0,7223573,358,1785,254,393,111,1803
14,0074253082275,Left,2,667203,0,6337956,0,7469972,358,1614,254,4148,111,2209
14,0214042663574,Left,2,67884,0,6338037,0,7892759,358,1519,254,4285,111,2461
14,0353879928589,Left,2,683873,0,6338316,0,8074767,358,1519,254,4285,111,2461
14,0490922927856,Left,2,696606,0,6338398,0,8529652,358,1519,254,4285,111,2461
14,0630979537964,Left,2,707167,0,6337962,0,8896818,358,1098,254,3947,111,2756
14,0773658752441,Left,2,714556,0,6337551,0,9151623,358,1098,254,3947,111,2755
14,0909976959229,Left,2,726583,0,6337824,0,9568498,358,089,254,341,111,2212
14,1048526763916,Left,2,731254,0,6338227,0,97334,358,0895,254,3415,111,223
14,1185750961304,Left,2,74427,0,6338801,1,018501,358,089,254,3411,111,2212
14,1325550079346,Left,2,755254,0,6338335,1,056883,358,0581,254,3348,111,1697
14,1465721130371,Left,2,761619,0,6338265,1,079066,358,0586,254,3355,111,173
14,160177230835,Left,2,774209,0,6338037,1,123282,358,0566,254,3354,111,1762
14,1742563247681,Left,2,778449,0,6338066,1,138399,358,0603,254,3369,111,1775
14,1881828308105,Left,2,791286,0,633836,1,184657,358,0206,254,3251,111,1566
14,2021055221558,Left,2,802571,0,6339177,1,224394,357,9236,254,3873,111,2
14,2159595489502,Left,2,808056,0,6339713,1,244262,357,9137,254,3944,111,2085
14,2299404144287,Left,2,821125,0,6339734,1,291374,357,8403,254,4471,111,228
14,2436180114746,Left,2,83016,0,6340126,1,324597,357,8471,254,44,111,2274
14,2576322555542,Left,2,837311,0,6340711,1,350774,357,7742,254,4789,111,2117
14,2712993621826,Left,2,848334,0,6341727,1,391758,357,6984,254,5305,111,187
14,2854309082031,Left,2,853359,0,6322382,1,410923,357,6593,254,5543,111,1794
14,2991991043091,Left,2,865251,0,6286284,1,456697,357,5886,254,6008,111,1851
14,3132200241089,Left,2,874461,0,6226687,1,493365,357,5513,254,6381,111,247
14,3270874023438,Left,2,880838,0,616789,1,516993,357,5397,254,6538,111,3067
14,3408946990967,Left,2,892338,0,6092248,1,560095,357,5653,254,7587,111,5458
14,3548097610474,Left,2,896573,0,6121888,1,576478,357,5916,254,733,111,5297
14,3687896728516,Left,2,909641,0,6089382,1,622833,357,712,254,6637,111,7654
14,382532119751,Left,2,920919,0,6089824,1,659252,357,7487,254,6635,111,9983
14,396577835083,Left,2,931432,0,6088997,1,679526,357,7959,254,5829,112,382
14,4105958938599,Left,2,953158,0,6087252,1,719292,357,9444,254,4632,113,1035
14,4245109558105,Left,2,961181,0,608645,1,732612,357,9546,254,4251,113,1387
14,4384260177612,Left,2,989321,0,608654,1,771407,358,0275,254,2628,113,3279
14,4519033432007,Left,3,014095,0,6089109,1,800909,357,9345,254,1105,113,8022
14,4660158157349,Left,3,028097,0,6090097,1,817342,357,9286,254,1901,114,1278
14,4798917770386,Left,3,061044,0,6089953,1,852036,357,9383,254,2471,114,057
14,4937438964844,Left,3,082122,0,6088367,1,871577,357,9203,254,327,113,9226
14,5076522827148,Left,3,086352,0,6088107,1,875948,357,9498,254,3673,113,8277
14,52197265625,Left,3,100499,0,608664,1,889435,358,0388,254,3808,113,6446
14,5356407165527,Left,3,105359,0,6086638,1,894055,358,0477,254,3657,113,6019
14,5494289398193,Left,3,109034,0,608678,1,897442,358,0663,254,3741,113,5418
14,5630874633789,Left,3,109493,0,6086849,1,89795,358,0649,254,3764,113,5422
14,5771322250366,Left,3,1095,0,6087031,1,898025,358,0524,254,4031,113,5079
14,5911769866943,Left,3,109499,0,6087982,1,898053,358,0474,254,4138,113,4941
14,6048984527588,Left,3,109528,0,608862,1,898031,358,0453,254,4124,113,4934
14,6187858581543,Left,3,109653,0,6090243,1,897985,357,9857,254,4346,113,4957
14,6329545974731,Left,3,109717,0,6092246,1,897842,357,9672,254,4359,113,5057
14,6466398239136,Left,3,109789,0,6092943,1,897733,357,9329,254,4159,113,5501
14,6605672836304,Left,3,109873,0,6094044,1,897575,357,8845,254,3727,113,5981
14,6743497848511,Left,3,109983,0,6095441,1,897521,357,826,254,3573,113,6114
14,6883716583252,Left,3,110234,0,6098986,1,897431,357,6775,254,3313,113,6368
14,7023725509644,Left,3,110585,0,6105661,1,897438,357,396,254,3057,113,6299
14,7159929275513,Left,3,110587,0,6106131,1,897448,357,37,254,303,113,6324
14,7300786972046,Left,3,110821,0,6110479,1,897436,357,1905,254,2794,113,6095
14,7441301345825,Left,3,110918,0,6112919,1,897437,357,1088,254,257,113,566
14,7579221725464,Left,3,110958,0,6114542,1,897472,357,04,254,3035,113,6205
14,7719793319702,Left,3,110938,0,6114617,1,897469,357,04,254,3035,113,6205
14,7855587005615,Left,3,110937,0,6114715,1,897435,357,0837,254,2748,113,6001
14,7994785308838,Left,3,110954,0,6114025,1,897254,357,1916,254,2608,113,5797
14,8134174346924,Left,3,110773,0,6110952,1,89683,357,3949,254,0774,113,5488
14,8271064758301,Left,3,110936,0,6111729,1,896801,357,3636,254,0798,113,5683
14,841215133667,Left,3,111161,0,611345,1,89654,357,2877,254,0483,113,6877
14,8551568984985,Left,3,111209,0,611448,1,896488,357,2558,254,0298,113,7431
14,8689842224121,Left,3,111426,0,6117797,1,896434,357,1646,253,9925,113,8267
14,8829097747803,Left,3,11144,0,6119207,1,89659,357,1314,253,9957,113,7836
14,8968229293823,Left,3,11149,0,6120851,1,896726,357,0712,254,0042,113,6793
14,9107160568237,Left,3,111501,0,6121978,1,896759,357,0482,254,0536,113,6608
14,9245710372925,Left,3,111431,0,6121596,1,896788,357,0685,254,0738,113,6567
14,9383659362793,Left,3,111188,0,6119154,1,89701,357,1793,254,1023,113,5112
14,9523544311523,Left,3,111035,0,6117544,1,897431,357,2652,254,2153,113,3156
14,9663982391357,Left,3,111045,0,6118212,1,897515,357,2552,254,2711,113,2853
14,9800987243652,Left,3,111006,0,6120177,1,898068,357,1637,254,4309,113,1304
14,9940414428711,Left,3,110996,0,6121089,1,89811,357,1385,254,4612,113,1029
15,0082349777222,Left,3,110929,0,6124281,1,898486,357,067,254,5914,112,999
15,0218086242676,Left,3,110905,0,6125543,1,898492,357,0691,254,5999,112,9945
15,035795211792,Left,3,110816,0,6125406,1,898602,357,1016,254,6234,112,9555
15,0495195388794,Left,3,110696,0,6124974,1,898704,357,1411,254,5923,112,8191
15,0635118484497,Left,3,11083,0,6125829,1,898538,357,1204,254,6053,112,9151
15,0775299072266,Left,3,110845,0,6125963,1,898545,357,1021,254,623,112,9447
15,0912275314331,Left,3,110995,0,6128207,1,898484,357,0191,254,6071,112,9999
15,1052770614624,Left,3,111044,0,6129545,1,898452,356,9755,254,5959,113,0483
15,1191139221191,Left,3,111238,0,6132477,1,898314,356,8808,254,5728,113,1284
15,1328258514404,Left,3,111433,0,6135783,1,898172,356,739,254,5287,113,183
15,1468544006348,Left,3,111281,0,6136642,1,896967,356,7076,254,5251,113,2211
15,1607933044434,Left,3,110663,0,6137891,1,890944,356,6759,254,4928,113,3013
15,174524307251,Left,3,110433,0,6137803,1,888413,356,6759,254,4928,113,3013
15,1886568069458,Left,3,10927,0,6138473,1,875672,356,6565,254,466,113,3431
15,2024526596069,Left,3,108253,0,613848,1,860999,356,653,254,462,113,3851
15,2165088653564,Left,3,107594,0,6138179,1,848121,356,6502,254,4616,113,3855
15,2302370071411,Left,3,106552,0,613801,1,82593,356,6502,254,4616,113,3855
15,2439832687378,Left,3,106325,0,6138046,1,815798,356,6502,254,4616,113,3855
15,2580051422119,Left,3,105776,0,6138394,1,786177,356,6502,254,4616,113,3855
15,2718963623047,Left,3,105676,0,6139462,1,759082,356,6502,254,4616,113,3855
15,2857055664063,Left,3,105829,0,6140439,1,744224,356,6502,254,4616,113,3855
15,2999258041382,Left,3,106537,0,6141868,1,707649,356,5802,254,4769,113,3732
15,3134956359863,Left,3,107279,0,6142285,1,681087,356,577,254,4734,113,3683
15,3274459838867,Left,3,10805,0,6142197,1,660675,356,5771,254,4753,113,3671
15,3414239883423,Left,3,109213,0,6141801,1,625849,356,5633,254,4519,113,3189
15,3551921844482,Left,3,109816,0,6141833,1,611602,356,5633,254,4519,113,3189
15,3692264556885,Left,3,111482,0,6141608,1,570921,356,5619,254,4355,113,2642
15,3830537796021,Left,3,113045,0,6142533,1,539101,356,5344,254,4278,113,2119
15,3968334197998,Left,3,114095,0,6143216,1,518594,356,516,254,4273,113,1838
15,4110288619995,Left,3,116181,0,6144407,1,478533,356,4673,254,4244,113,1073
15,4246377944946,Left,3,116783,0,6144564,1,464604,356,4651,254,4191,113,0988
15,4387798309326,Left,3,11904,0,6145227,1,420026,356,4493,254,4135,113,0805
15,4527721405029,Left,3,120803,0,6145548,1,384896,356,4129,254,3727,113,0051
15,4664039611816,Left,3,121647,0,6145887,1,365014,356,4101,254,3752,113,0117
15,480339050293,Left,3,123687,0,6146163,1,321968,356,4101,254,3752,113,0117
15,4942770004272,Left,3,12423,0,6145856,1,308343,356,4101,254,3752,113,0117
15,5081377029419,Left,3,125901,0,623778,1,264132,356,4069,254,3748,113,0035
15,5221452713013,Left,3,127043,0,6336005,1,225989,356,3895,254,3498,112,9696
15,5357980728149,Left,3,127308,0,6344317,1,208076,356,379,254,3495,112,935
15,5497665405273,Left,3,128043,0,6395171,1,162982,356,3224,254,3298,112,7877
15,5637159347534,Left,3,128176,0,6398181,1,129929,356,2119,254,3059,112,6704
15,5775175094604,Left,3,127827,0,6397483,1,105743,356,2514,254,3194,112,7102
15,5914831161499,Left,3,127218,0,6396298,1,065453,356,2796,254,3177,112,6154
15,6053857803345,Left,3,117916,0,6396565,1,047364,356,2598,254,3307,112,4706
15,6192712783813,Left,3,108633,0,6397621,1,001964,356,228,254,3689,112,2911
15,6331815719604,Left,3,097816,0,6398845,0,9667184,356,1903,254,3999,112,144
15,6473731994629,Left,3,083759,0,6399265,0,9440153,356,1887,254,4096,112,1469
15,660834312439,Left,3,062057,0,6398362,0,9074601,356,1756,254,4299,112,2069
15,6747436523438,Left,3,052099,0,6397175,0,8935,356,1768,254,4328,112,207
15,6889171600342,Left,3,02197,0,6397594,0,8544668,356,1747,254,4346,112,21
15,7025108337402,Left,2,997038,0,63981,0,8263254,356,1668,254,5202,112,2433
15,7164993286133,Left,2,979908,0,6397888,0,8107236,356,1842,254,558,112,2748
15,730541229248,Left,2,946483,0,6396514,0,7776949,356,2486,254,6191,112,3382
15,744345664978,Left,2,935202,0,6393948,0,7680641,356,3689,254,6638,112,4304
15,7582206726074,Left,2,898931,0,6389198,0,7355491,356,5894,254,767,112,6318
15,7721099853516,Left,2,867474,0,6381199,0,7089523,356,9701,254,9327,112,8532
15,7860269546509,Left,2,850721,0,6375577,0,6958983,357,2491,255,0215,112,9244
15,7997741699219,Left,2,815212,0,6358891,0,6681223,358,0381,255,1629,113,0146
15,8138065338135,Left,2,789433,0,635775,0,64824,358,0684,255,1647,112,8923
15,8278474807739,Left,2,776486,0,6360132,0,6386243,357,9677,255,1284,112,9193
15,8415060043335,Left,2,763833,0,6362941,0,6284822,357,8179,255,1018,112,9266
15,8556308746338,Left,2,75932,0,6364428,0,6250712,357,7438,255,0935,112,9058
15,8695001602173,Left,2,75652,0,6366215,0,6227294,357,6865,255,0871,112,8897
15,8831224441528,Left,2,756111,0,6365982,0,6224443,357,6865,255,0871,112,8897
15,8973894119263,Left,2,756128,0,636693,0,6224576,357,6865,255,0871,112,8897
15,9111089706421,Left,2,756128,0,6367747,0,6224952,357,6865,255,0871,112,8897
15,9249677658081,Left,2,756118,0,6368017,0,622501,357,697,255,0902,112,9193
15,9388065338135,Left,2,756076,0,6368086,0,6226109,357,7098,255,0816,112,919
15,9525136947632,Left,2,756066,0,6369002,0,6227868,357,6783,255,0659,112,7845
15,9668598175049,Left,2,755982,0,6369354,0,6229817,357,6549,255,0658,112,6313
15,9806184768677,Left,2,755777,0,637006,0,6234032,357,6147,255,1554,112,4044
15,9942827224731,Left,2,755683,0,6370839,0,6235865,357,576,255,213,112,3196
16,0083084106445,Left,2,755596,0,6371608,0,6242503,357,5096,255,3366,112,1006
16,0221576690674,Left,2,755515,0,6373178,0,62541,357,372,255,4491,111,6139
16,0360298156738,Left,2,755562,0,6375822,0,6256936,357,272,255,4713,111,3908
16,0501384735107,Left,2,755436,0,6377378,0,6262372,357,1744,255,517,111,0935
16,0637340545654,Left,2,755243,0,6377008,0,6264768,357,1902,255,4875,110,8838
16,0778846740723,Left,2,754829,0,6374415,0,626883,357,2932,255,4256,110,5478
16,0917930603027,Left,2,754891,0,6375805,0,6264519,357,3389,255,5573,110,8317
16,1054725646973,Left,2,754614,0,6373283,0,6270025,357,3853,255,5398,110,5972
16,1195945739746,Left,2,754586,0,6374417,0,6270859,357,4279,255,532,110,3984
16,1338214874268,Left,2,754345,0,6374345,0,6277164,357,3395,255,5808,110,0919
16,1471481323242,Left,2,753374,0,6374336,0,6309631,357,3298,255,5892,110,0378
16,1612129211426,Left,2,74911,0,6374012,0,6446649,357,236,255,5371,109,5898
16,1750087738037,Left,2,747676,0,6375952,0,6508838,357,2164,255,5333,109,6071
16,1889476776123,Left,2,740618,0,6377114,0,6773795,357,1143,255,4436,109,5778
16,2028732299805,Left,2,73224,0,6377429,0,7077634,357,0856,255,3349,109,0014
16,2165584564209,Left,2,724078,0,6378832,0,7300638,357,074,255,3562,109,1521
16,2305469512939,Left,2,711148,0,637822,0,7730899,357,056,255,4153,109,3348
16,2444267272949,Left,2,704446,0,6377465,0,7870709,357,0664,255,4248,109,3424
16,2583293914795,Left,2,689231,0,637791,0,8330864,357,0425,255,4384,109,362
16,2723579406738,Left,2,676262,0,6377884,0,8718889,357,0385,255,4433,109,3705
16,2861423492432,Left,2,669514,0,6377418,0,8918557,357,0536,255,5204,109,4856
16,3000583648682,Left,2,654497,0,6374412,0,9380546,357,1021,255,703,109,7487
16,313928604126,Left,2,650976,0,6372982,0,9513837,357,1109,255,7554,109,8148
16,3275718688965,Left,2,637379,0,6369826,0,9967548,357,1775,256,0167,110,0174
16,3416576385498,Left,2,625743,0,6366963,1,039239,357,2549,256,021,109,8656
16,3557186126709,Left,2,620899,0,6367211,1,058944,357,2439,256,0598,109,8057
16,3692989349365,Left,2,6105,0,636418,1,105156,357,2688,256,1818,109,6058
16,3835773468018,Left,2,605095,0,6363071,1,143399,357,2804,256,3181,109,4643
16,3972759246826,Left,2,60363,0,6361334,1,168591,357,2832,256,4835,109,3793
16,4110622406006,Left,2,600049,0,635981,1,213148,357,3116,256,6384,109,3168
16,4250335693359,Left,2,600625,0,6357262,1,231431,357,4095,256,7504,109,2567
16,4388179779053,Left,2,599367,0,6347889,1,279889,357,7863,256,9978,109,0522
16,4529113769531,Left,2,599372,0,6338294,1,319685,358,2243,257,1847,108,9126
16,4667339324951,Left,2,600111,0,6317441,1,342674,358,3217,257,1867,108,9077
16,4805545806885,Left,2,602432,0,6279672,1,388661,358,2875,257,2518,108,879
16,4944877624512,Left,2,603356,0,6243204,1,404488,358,2838,257,2164,108,8406
16,5084056854248,Left,2,610402,0,6156484,1,452268,358,2637,257,2541,108,7962
16,5222110748291,Left,2,62018,0,6086283,1,491002,358,2527,257,3125,108,802
16,5361824035645,Left,2,626061,0,6108708,1,511913,358,274,257,3028,108,7606
16,5498447418213,Left,2,641053,0,6084846,1,556073,358,2854,257,3578,108,7692
16,5639305114746,Left,2,654184,0,6084341,1,589215,358,2853,257,3587,108,7697
16,5780620574951,Left,2,664884,0,6083791,1,615605,358,3254,257,3836,108,7979
16,5915470123291,Left,2,679851,0,6082893,1,653201,358,3388,257,3911,108,818
16,6055793762207,Left,2,687426,0,6082633,1,671851,358,363,257,4259,108,8725
16,6197643280029,Left,2,706165,0,6079532,1,717251,358,5,257,4934,109,1012
16,6333122253418,Left,2,71892,0,6074529,1,748652,358,7791,257,5858,109,6519
16,6474304199219,Left,2,729035,0,6066232,1,771784,359,2171,257,5381,110,5097
16,6611404418945,Left,2,746284,0,6056001,1,809622,359,7502,257,3598,111,2659
16,6751232147217,Left,2,754101,0,6052315,1,825854,359,7882,257,0549,111,2875
16,6889343261719,Left,2,776999,0,605941,1,866142,359,4391,256,486,111,7441
16,7026309967041,Left,2,79916,0,6063663,1,895744,359,3329,256,5955,112,6375
16,7167224884033,Left,2,813222,0,6060155,1,913628,359,5369,256,2837,113,2318
16,7305374145508,Left,2,846939,0,6058973,1,941458,359,5142,255,8315,113,5885
16,7443008422852,Left,2,852585,0,6057862,1,935499,359,5426,256,0172,113,4823
16,7582206726074,Left,2,868065,0,6053697,1,94761,359,8641,256,0436,113,2024
16,7720642089844,Left,2,87676,0,6054081,1,950208,359,8428,256,1076,113,1487
16,7860774993896,Left,2,875202,0,6055008,1,950521,359,6635,256,2333,112,9266
16,8000984191895,Left,2,877055,0,605652,1,95189,359,5149,256,3512,112,5501
16,8138198852539,Left,2,877017,0,6057381,1,951756,359,522,256,3445,112,5103
16,8279571533203,Left,2,876806,0,6055517,1,952263,359,5798,256,3564,112,1684
16,8418045043945,Left,2,876715,0,6054672,1,952748,359,5827,256,3555,111,8305
16,8556137084961,Left,2,876817,0,605588,1,952937,359,5413,256,3579,111,6004
16,8695774078369,Left,2,877263,0,6059585,1,95339,359,3323,256,4227,111,2973
16,8833694458008,Left,2,877396,0,6062394,1,953635,359,2003,256,4836,111,1199
16,8971786499023,Left,2,877372,0,6062863,1,953378,359,2266,256,4547,111,1762
16,9109535217285,Left,2,877579,0,606366,1,953243,359,1829,256,4077,111,2085
16,9250297546387,Left,2,877719,0,6064065,1,953124,359,1267,256,3868,111,2253
16,9389553070068,Left,2,877925,0,6064562,1,952893,359,0768,256,3533,111,2579
16,9527759552002,Left,2,878246,0,6064848,1,952612,358,9919,256,3107,111,3188
16,9666843414307,Left,2,878444,0,6066142,1,952439,358,9238,256,2811,111,3566
16,9804363250732,Left,2,878866,0,6069257,1,951994,358,78,256,2239,111,4855
16,9943466186523,Left,2,878942,0,6069791,1,951841,358,7453,256,1795,111,5273
17,0082912445068,Left,2,879499,0,607336,1,951307,358,6202,256,1289,111,7197
17,0220069885254,Left,2,87993,0,6075612,1,951094,358,4926,256,117,111,8531
17,0362300872803,Left,2,880023,0,6075784,1,951044,358,4717,256,1264,111,9071
17,0501308441162,Left,2,880237,0,6076211,1,950966,358,4381,256,1844,112,0377
17,0641841888428,Left,2,880198,0,6075478,1,951024,358,4381,256,1844,112,0377
17,0777206420898,Left,2,880219,0,6075123,1,951033,358,4381,256,1844,112,0377
17,0917091369629,Left,2,880219,0,6075123,1,951033,358,4381,256,1844,112,0377
17,1054821014404,Left,2,880268,0,6073008,1,950569,358,5454,256,1886,112,3135
17,1194839477539,Left,2,87121,0,6044769,1,942813,359,7158,256,2715,112,8246
17,1330089569092,Left,2,864038,0,6040042,1,936044,359,8506,256,3053,112,7775
17,1471214294434,Left,2,851223,0,6039132,1,922042,359,8808,256,3351,112,711
17,1611232757568,Left,2,834434,0,6038183,1,903784,359,9062,256,3557,112,6068
17,1748790740967,Left,2,827004,0,6038561,1,892153,359,9008,256,3324,112,5405
17,1889114379883,Left,2,806279,0,6038539,1,865408,359,8988,256,3192,112,4337
17,2025756835938,Left,2,790087,0,6039296,1,83983,359,9064,256,3106,112,4116
17,2166690826416,Left,2,780189,0,6039214,1,823334,359,8839,256,3176,112,3645
17,2303905487061,Left,2,761329,0,6039363,1,791662,359,8808,256,3092,112,379
17,2441787719727,Left,2,755682,0,6039129,1,779766,359,8792,256,3021,112,3331
17,2581787109375,Left,2,735571,0,603988,1,743571,359,8005,256,2729,112,0928
17,2721481323242,Left,2,718836,0,6041242,1,711582,359,7426,256,2253,111,9728
17,286018371582,Left,2,70961,0,6042,1,694872,359,7206,256,2134,111,9455
17,3002662658691,Left,2,688812,0,6043178,1,655672,359,6565,256,1373,111,8586
17,3137035369873,Left,2,683013,0,6043808,1,646177,359,6565,256,1373,111,8586
17,3276710510254,Left,2,657873,0,6044849,1,606421,359,5918,256,0906,111,7725
17,341609954834,Left,2,635075,0,6045315,1,571842,359,5663,256,0642,111,7305
17,3553791046143,Left,2,624786,0,6045514,1,557062,359,5567,256,051,111,7064
17,3693771362305,Left,2,596586,0,6045715,1,518027,359,5485,256,0396,111,6859
17,3835525512695,Left,2,574079,0,6045526,1,488722,359,5485,256,0396,111,6859
17,3970108032227,Left,2,559517,0,6045356,1,471826,359,5485,256,0396,111,6859
17,4110145568848,Left,2,530566,0,6045119,1,438205,359,5593,255,974,111,6524
17,4248657226563,Left,2,519032,0,6045658,1,427057,359,5382,255,9711,111,6394
17,4387016296387,Left,2,486812,0,6047739,1,394246,359,4451,255,981,111,6107
17,4527721405029,Left,2,459118,0,6049565,1,368453,359,3676,255,9894,111,5812
17,4664001464844,Left,2,443574,0,6052316,1,355611,359,2363,255,9484,111,4727
17,4804782867432,Left,2,410005,0,6058297,1,328443,358,9602,255,9543,111,3213
17,4945201873779,Left,2,398289,0,6059831,1,320295,358,8453,255,9643,111,2894
17,508171081543,Left,2,365664,0,6062791,1,299231,358,5846,255,9475,110,9006
17,5221843719482,Left,2,337238,0,6067523,1,287225,358,3073,256,104,110,5533
17,5362014770508,Left,2,32181,0,6065856,1,281402,358,5119,256,1274,110,759
17,5498046875,Left,2,286635,0,6061397,1,277685,358,6851,256,128,110,7522
17,5638961791992,Left,2,256129,0,6061038,1,280071,358,7271,256,1571,110,7551
17,5775718688965,Left,2,232884,0,606,1,285154,358,7631,256,167,110,7162
17,5914897918701,Left,2,194708,0,605925,1,291776,358,7917,256,1935,110,7496
17,6054801940918,Left,2,176697,0,6057895,1,297439,358,8359,256,2102,110,7612
17,6191253662109,Left,2,134379,0,6056427,1,308657,358,8721,256,2239,110,7707
17,6332092285156,Left,2,099595,0,6056136,1,31909,358,8721,256,2239,110,7707
17,6471042633057,Left,2,077482,0,6056583,1,327128,358,8366,256,2977,110,7581
17,6606864929199,Left,2,037588,0,6057691,1,341671,358,8223,256,3276,110,753
17,6747188568115,Left,2,022108,0,6057864,1,34766,358,8303,256,3546,110,7534
17,6884326934814,Left,1,979967,0,6057504,1,364346,358,8392,256,3846,110,7538
17,7024078369141,Left,1,943745,0,6056497,1,37939,358,9108,256,4492,110,7226
17,7164058685303,Left,1,923582,0,6055704,1,387894,358,9342,256,481,110,6771
17,7299327850342,Left,1,882718,0,6054296,1,405156,358,9749,256,5335,110,5747
17,7438411712646,Left,1,852198,0,6053455,1,417903,359,0157,256,5722,110,5236
17,7576465606689,Left,1,829199,0,6052579,1,427447,359,0577,256,5935,110,5139
17,7713680267334,Left,1,792138,0,6050892,1,442709,359,136,256,6313,110,53
17,7852478027344,Left,1,776145,0,6050274,1,449207,359,1647,256,6432,110,5501
17,7990131378174,Left,1,735342,0,6165799,1,465426,359,2353,256,6894,110,6056
17,813009262085,Left,1,702335,0,6281452,1,478166,359,2401,256,6932,110,6096
17,8269882202148,Left,1,682168,0,6263987,1,485956,359,2786,256,6887,110,5855
17,8406314849854,Left,1,646796,0,6299912,1,499385,359,3083,256,7084,110,7219
17,8544063568115,Left,1,634885,0,6300981,1,503438,359,2536,256,681,110,8823
17,8682460784912,Left,1,604138,0,630236,1,512696,359,1723,256,6625,111,0589
17,8823299407959,Left,1,583816,0,6302738,1,516584,359,1446,256,7026,111,1318
17,89621925354,Left,1,574535,0,6299809,1,516927,359,1393,256,7091,111,1377
17,9099578857422,Left,1,553643,0,6302832,1,518761,359,1376,256,7549,111,1419
17,9237422943115,Left,1,538167,0,6301891,1,518457,359,1371,256,7522,111,1464
17,9378204345703,Left,1,52528,0,6301093,1,516556,359,1741,256,7872,111,1728
17,9517517089844,Left,1,50591,0,6299589,1,514426,359,1844,256,7969,111,1801
17,9655437469482,Left,1,495809,0,6299143,1,51084,359,2227,256,8126,111,1914
17,979434967041,Left,1,470658,0,6299515,1,502272,359,258,256,8241,111,2096
17,993522644043,Left,1,450576,0,6300946,1,493778,359,2834,256,8143,111,2605
18,0073795318604,Left,1,436028,0,6301128,1,485623,359,2735,256,8034,111,2573
18,0209217071533,Left,1,411304,0,6371359,1,47128,359,2429,256,7537,111,2882
18,0349102020264,Left,1,400969,0,6797901,1,464799,359,2429,256,7537,111,2882
18,0489501953125,Left,1,372699,0,6931189,1,446266,359,2113,256,692,111,4164
18,0627021789551,Left,1,352198,0,7027982,1,431098,359,5443,256,5721,111,4532
18,0766429901123,Left,1,345373,0,7009878,1,424607,359,7305,256,4339,111,3571
18,0905685424805,Left,1,327389,0,7029054,1,409537,359,6507,256,5775,111,5462
18,1043720245361,Left,1,330648,0,7019828,1,412535,359,6448,256,5666,111,5176
18,11842918396,Left,1,324255,0,7022188,1,407115,359,5611,256,5694,111,5022
18,1324234008789,Left,1,323935,0,7024817,1,406447,359,3929,256,6046,111,6299
18,1460266113281,Left,1,324167,0,7026913,1,406457,359,3269,256,6507,111,6698
18,1602516174316,Left,1,32492,0,7036067,1,406472,358,9419,256,687,111,8062
18,1737728118896,Left,1,324816,0,7036268,1,406513,358,9064,256,6785,111,7861
18,1877765655518,Left,1,325208,0,7037767,1,406962,358,7676,256,6653,111,5672
18,2017211914063,Left,1,325286,0,7036347,1,407224,358,8053,256,7413,111,429
18,2154808044434,Left,1,325336,0,7035668,1,407322,358,8112,256,7247,111,3174
18,2296714782715,Left,1,325534,0,7035662,1,407449,358,7772,256,6843,111,0719
18,2430477142334,Left,1,324315,0,7068622,1,406363,358,7155,256,683,111,0546
18,2571411132813,Left,1,321475,0,7063563,1,403972,358,5741,256,7534,111,12
18,2710819244385,Left,1,317526,0,7070621,1,401019,358,5178,256,7813,111,1459
18,2846412658691,Left,1,315759,0,7073514,1,39984,358,4959,256,794,111,062
18,2986755371094,Left,1,312485,0,706522,1,397671,358,5578,256,8418,111,0696
18,3127632141113,Left,1,309858,0,7059662,1,395517,358,8799,256,8139,111,5654
18,3263854980469,Left,1,310139,0,7054636,1,395431,359,1031,256,7504,111,7224
18,3403491973877,Left,1,308256,0,703612,1,394141,359,8737,256,562,112,0227
18,3541564941406,Left,1,308296,0,703254,1,39404,359,9882,256,5025,112,1091
18,3680515289307,Left,1,308122,0,702947,1,393752,0,03580385,256,4457,112,274
18,3820991516113,Left,1,308259,0,7031289,1,393933,359,9077,256,5616,112,3031
18,3956928253174,Left,1,308061,0,7030972,1,393729,359,9639,256,5172,112,2897
18,4095993041992,Left,1,307364,0,7025146,1,392975,0,3857993,256,4179,112,4276
18,4237747192383,Left,1,307211,0,7021047,1,393013,0,6008952,256,3453,112,3072
18,437328338623,Left,1,307734,0,7024423,1,393386,0,4230299,256,389,112,1741
18,451208114624,Left,1,308216,0,7029272,1,39361,0,2075938,256,5321,112,206
18,4651336669922,Left,1,308185,0,7028986,1,393719,0,205345,256,6088,112,2447
18,478889465332,Left,1,308926,0,7031299,1,394657,0,03762922,257,0315,112,3239
18,4929447174072,Left,1,310628,0,7048852,1,396505,358,9088,257,3311,111,8305
18,5066184997559,Left,1,310208,0,7049239,1,396335,358,9652,257,3638,111,8765
18,5206127166748,Left,1,30913,0,7042289,1,395888,359,4026,257,1822,111,9037
18,5345077514648,Left,1,309336,0,7039541,1,396187,359,5122,257,1577,111,8136
18,5482425689697,Left,1,30936,0,7035519,1,397042,359,5974,257,2367,111,5457
18,5624694824219,Left,1,309349,0,703538,1,39781,359,505,257,3516,111,3062
18,5763721466064,Left,1,30906,0,7035115,1,398627,359,4659,257,4901,110,9705
18,5898284912109,Left,1,308489,0,7038835,1,399835,359,3404,257,713,110,2915
18,6039199829102,Left,1,30854,0,704867,1,399249,359,2491,257,7148,110,4819
18,6175765991211,Left,1,305576,0,704824,1,396363,359,3069,257,7137,110,7357
18,6316375732422,Left,1,302321,0,7038972,1,393567,359,5201,257,6655,110,923
18,6455135345459,Left,1,299889,0,7036544,1,39184,359,865,257,678,111,011
18,6592693328857,Left,1,293914,0,7007192,1,38727,0,9592903,257,5405,111,2764
18,6734638214111,Left,1,290702,0,6995209,1,383183,1,362273,257,1168,111,7965
18,6872501373291,Left,1,291595,0,6992475,1,383197,1,392141,257,0068,112,0947
18,7015495300293,Left,1,290961,0,6991044,1,382113,1,368741,256,9333,112,377
18,7150859832764,Left,1,291421,0,6996464,1,382802,1,110257,257,0395,112,2214
18,7288722991943,Left,1,291494,0,6997942,1,38285,1,032523,257,0668,112,2338
18,7426776885986,Left,1,291729,0,7002844,1,383559,0,8381658,257,1237,111,98
18,7567558288574,Left,1,291613,0,700379,1,383465,0,8416462,257,1287,111,9899
18,7703628540039,Left,1,291449,0,7002913,1,383544,0,8915071,257,1124,111,9578
18,78444480896,Left,1,291186,0,7000586,1,383723,1,002919,257,0215,111,7446
18,7984008789063,Left,1,290933,0,6997974,1,383953,1,101118,256,9607,111,5991
18,8123188018799,Left,1,290614,0,6994559,1,384045,1,292253,256,9562,111,5151
18,8261451721191,Left,1,290259,0,6990316,1,38409,1,492379,256,9329,111,4675
18,840051651001,Left,1,289851,0,6984199,1,384203,1,716577,256,7952,111,2006
18,8537578582764,Left,1,290115,0,6986828,1,384018,1,659456,256,8022,111,2438
18,8678646087646,Left,1,290125,0,6988402,1,383805,1,603557,256,8076,111,3814
18,8816242218018,Left,1,289758,0,698491,1,383501,1,793738,256,7031,111,4578
18,895414352417,Left,1,289752,0,6983505,1,383368,1,873419,256,6537,111,5041
18,9097156524658,Left,1,289672,0,6980944,1,382915,1,986735,256,4588,111,5579
18,9232807159424,Left,1,289854,0,6981527,1,382862,1,965306,256,4366,111,6385
18,9372596740723,Left,1,289896,0,698157,1,382789,1,994825,256,4468,111,7617
18,9512023925781,Left,1,290027,0,6981883,1,38294,2,012875,256,4765,111,8739
18,9648342132568,Left,1,290068,0,6981677,1,383035,2,001369,256,483,111,8779
18,9788265228271,Left,1,29019,0,6983117,1,3832,1,974329,256,4992,111,8653
18,9927139282227,Left,1,29047,0,6985064,1,383427,1,847941,256,5028,111,8482
19,0067710876465,Left,1,290468,0,6985615,1,383484,1,847943,256,5029,111,8482
19,0205593109131,Left,1,290532,0,6987435,1,383808,1,786345,256,5272,111,8315
19,0347118377686,Left,1,290512,0,6987629,1,383862,1,779175,256,5367,111,828
19,0483245849609,Left,1,290719,0,6987805,1,38454,1,742025,256,6672,111,7794
19,062479019165,Left,1,290737,0,6986999,1,384937,1,746144,256,751,111,6671
19,0758285522461,Left,1,290725,0,6986285,1,385083,1,783196,256,8184,111,6053
19,0898609161377,Left,1,290656,0,6985138,1,385318,1,83993,256,9102,111,4857
19,1036510467529,Left,1,290502,0,6985593,1,385319,1,892479,256,939,111,2793
19,1176853179932,Left,1,290541,0,6987069,1,38516,1,877239,256,9444,111,3047
19,1317977905273,Left,1,290634,0,6988569,1,385035,1,823755,256,9308,111,3457
19,1457252502441,Left,1,29084,0,6990905,1,384901,1,739269,256,9471,111,4002
19,1595497131348,Left,1,291213,0,699519,1,384529,1,593007,256,9277,111,5098
19,1734104156494,Left,1,291656,0,7000031,1,384016,1,403056,256,8226,111,727
19,1870079040527,Left,1,291912,0,7002314,1,383805,1,30381,256,7674,111,8818
19,2011394500732,Left,1,292141,0,7003831,1,383751,1,207433,256,6817,111,9494
19,2148151397705,Left,1,292234,0,7004454,1,383782,1,171036,256,6842,111,9679
19,2288284301758,Left,1,292731,0,7009069,1,383932,0,9755194,256,7008,111,9904
19,2428913116455,Left,1,293028,0,7014147,1,38423,0,7533711,256,6776,111,8486
19,2565231323242,Left,1,293051,0,70163,1,38429,0,6843346,256,683,111,814
19,2705860137939,Left,1,292908,0,7016747,1,384412,0,6831222,256,6692,111,74
19,284200668335,Left,1,29299,0,7016972,1,384399,0,681266,256,6415,111,6749
19,2982578277588,Left,1,29307,0,7016643,1,384431,0,6859843,256,6103,111,5817
19,3123378753662,Left,1,293104,0,7016511,1,384323,0,707407,256,6217,111,6011
19,3260116577148,Left,1,293067,0,7015898,1,384314,0,7073985,256,6217,111,6011
19,3400287628174,Left,1,29297,0,7014384,1,38419,0,7095912,256,6182,111,595
19,3538341522217,Left,1,292952,0,7014254,1,384166,0,7073985,256,6217,111,6011
19,3677635192871,Left,1,292933,0,7013636,1,384035,0,7074053,256,6217,111,6011
19,381929397583,Left,1,292993,0,7013734,1,383915,0,7076427,256,6249,111,6019
19,3953590393066,Left,1,293,0,7013741,1,38387,0,7074019,256,6217,111,6011
19,4093627929688,Left,1,293014,0,7013781,1,383685,0,7074036,256,6217,111,6011
19,4234600067139,Left,1,292967,0,7013814,1,383583,0,7236778,256,6705,111,6837
19,4371948242188,Left,1,292886,0,7013024,1,38362,0,7236847,256,6705,111,6837
19,4511814117432,Left,1,292703,0,7011652,1,383561,0,7936746,256,6725,111,7027
19,4653015136719,Left,1,292686,0,7011239,1,383614,0,7936832,256,6725,111,7027
19,4788589477539,Left,1,292569,0,7010604,1,383754,0,8133509,256,7355,111,6975
19,4928150177002,Left,1,292469,0,7010772,1,383936,0,8219612,256,7929,111,6702
19,5068683624268,Left,1,29243,0,7011416,1,384045,0,7956111,256,7947,111,62
19,5204219818115,Left,1,292408,0,7013425,1,384185,0,7316886,256,8264,111,5936
19,5343704223633,Left,1,292339,0,7013613,1,384204,0,7316903,256,8264,111,5936
19,5481014251709,Left,1,292199,0,7014592,1,384373,0,709656,256,8713,111,6183
19,56227684021,Left,1,291973,0,7014734,1,384552,0,7050384,256,9156,111,6411
19,5761470794678,Left,1,291914,0,7013804,1,38464,0,7059709,256,9315,111,6289
19,5899391174316,Left,1,291857,0,7012103,1,38477,0,7242618,256,9643,111,5955
19,6040782928467,Left,1,291708,0,7010982,1,384906,0,7757881,257,006,111,569
19,6177501678467,Left,1,291522,0,7008773,1,385072,0,8653701,257,013,111,4952
19,6314525604248,Left,1,291446,0,700782,1,385131,0,9114845,257,0215,111,4764
19,6455173492432,Left,1,291467,0,7007322,1,385207,0,9490538,257,0516,111,5044
19,659200668335,Left,1,29145,0,700511,1,385514,1,0559,257,1174,111,5254
19,6731872558594,Left,1,291449,0,7002572,1,385761,1,176369,257,1453,111,4714
19,6872634887695,Left,1,291458,0,7000695,1,385918,1,250775,257,1838,111,4231
19,7011337280273,Left,1,291619,0,6999399,1,386264,1,269768,257,2672,111,3103
19,7148780822754,Left,1,291629,0,6999701,1,386272,1,26619,257,281,111,2908
19,7288703918457,Left,1,291691,0,699789,1,386591,1,313186,257,342,111,2034
19,7425594329834,Left,1,291681,0,6996559,1,386593,1,351926,257,3304,111,181
19,7566242218018,Left,1,291686,0,6995411,1,386573,1,379847,257,3073,111,1741
19,7704563140869,Left,1,291716,0,6994227,1,386488,1,423372,257,2571,111,1773
19,7842979431152,Left,1,291759,0,6994187,1,386488,1,42337,257,2571,111,1773
19,7982616424561,Left,1,291796,0,6994582,1,386369,1,410481,257,2151,111,1998
19,8121929168701,Left,1,291819,0,6994957,1,386306,1,381473,257,1522,111,2293
19,8263034820557,Left,1,291779,0,6995463,1,386208,1,35842,257,0842,111,2412
19,8399829864502,Left,1,29169,0,6999831,1,385655,1,201904,256,8482,111,2652
19,8538055419922,Left,1,291755,0,7006708,1,385017,0,9116126,256,5424,111,218
19,8677711486816,Left,1,291796,0,701113,1,38491,0,7226771,256,4773,111,1591
19,8816108703613,Left,1,291593,0,7014768,1,385217,0,5618945,256,4908,110,9294
19,8953342437744,Left,1,291538,0,7016568,1,385435,0,4881271,256,5203,110,7785
19,9095363616943,Left,1,291672,0,7028421,1,386999,359,8193,256,6013,109,8781
19,9232501983643,Left,1,29152,0,7035882,1,387591,359,4929,256,7599,109,5957
19,9371662139893,Left,1,291345,0,7033142,1,387413,359,6697,256,7676,109,7857
19,9511203765869,Left,1,291065,0,7029475,1,387009,359,9237,256,7728,110,1087
19,9649219512939,Left,1,291168,0,70269,1,387047,359,9939,256,7719,110,2175
19,9788227081299,Left,1,291114,0,7025684,1,387002,0,006620161,256,8041,110,5448
19,992748260498,Left,1,291054,0,7027922,1,386696,359,9203,256,8719,111,157
20,0065460205078,Left,1,290949,0,7026772,1,386518,359,9028,256,8059,111,4249
20,0206699371338,Left,1,290873,0,7025206,1,385181,0,04966744,256,8826,112,7334
20,0346126556396,Left,1,290962,0,7022443,1,385183,0,03862302,256,74,112,7851
20,0482273101807,Left,1,291716,0,7028353,1,384505,359,7024,256,6507,113,0698
20,0623226165771,Left,1,292031,0,7032095,1,383513,359,5149,256,4944,113,352
20,0759677886963,Left,1,29192,0,703061,1,383125,359,5465,256,368,113,5095
20,0899448394775,Left,1,291388,0,7066524,1,378927,359,6472,256,0856,113,8806
20,1037769317627,Left,1,290958,0,7164148,1,362869,359,7373,255,9286,114,0685
20,1175651550293,Left,1,292281,0,7230412,1,340484,359,8577,255,9513,114,1948
20,1318378448486,Left,1,294395,0,7262788,1,310527,359,9255,255,8806,113,7058
20,1457328796387,Left,1,298509,0,7259743,1,288813,359,8411,255,8799,113,5261
20,159309387207,Left,1,305536,0,7249286,1,246239,359,6546,255,7398,113,1911
20,1732902526855,Left,1,312892,0,7212971,1,209591,359,6007,255,6729,113,1335
20,1871109008789,Left,1,318615,0,7168889,1,185767,359,5605,255,6421,113,0496
20,201078414917,Left,1,329403,0,7085606,1,142201,359,3465,255,5131,112,7781
20,2149982452393,Left,1,334135,0,7032152,1,125406,359,1801,255,4308,112,5615
20,2290821075439,Left,1,347182,0,6896158,1,077599,358,7408,255,2501,112,0529
20,2427654266357,Left,1,356559,0,6760694,1,041302,358,6399,255,1514,111,8755
20,2566413879395,Left,1,362667,0,6655871,1,018636,358,5345,255,107,111,8863
20,2707653045654,Left,1,372723,0,6445072,0,9728577,358,1898,255,117,111,89
20,2844352722168,Left,1,374318,0,6356186,0,9583666,358,0948,255,0806,111,7414
20,2981300354004,Left,1,380131,0,6106722,0,9109383,357,9461,254,9742,111,5278
20,312219619751,Left,1,383908,0,6069402,0,8690659,357,985,254,9166,111,5089
20,3261013031006,Left,1,381844,0,6068569,0,8479576,358,0284,254,8992,111,4822
20,339864730835,Left,1,378512,0,6067162,0,800527,358,078,254,851,111,3984
20,3538761138916,Left,1,373875,0,6067544,0,7652805,358,0272,254,7081,111,1688
20,3679656982422,Left,1,366374,0,6068429,0,7381092,357,9793,254,7128,111,1325
20,3816585540771,Left,1,353959,0,6068401,0,6990872,357,9374,254,6734,110,8137
20,3957118988037,Left,1,34714,0,6070892,0,6798472,357,8254,254,6488,110,6842
20,4093608856201,Left,1,329429,0,6074482,0,6371613,357,6515,254,6331,110,5505
20,4233283996582,Left,1,31398,0,6076784,0,6038386,357,5573,254,6782,110,4157
20,437313079834,Left,1,30254,0,6077483,0,5809772,357,5335,254,7067,110,4692
20,4513320922852,Left,1,283157,0,6079915,0,5413799,357,4341,254,7206,110,4599
20,4651565551758,Left,1,274967,0,608111,0,5259009,357,3955,254,7206,110,3928
20,4790649414063,Left,1,251612,0,6083704,0,4835434,357,3594,254,7206,110,3302
20,4926795959473,Left,1,233115,0,6083825,0,4513364,357,3264,254,667,110,2135
20,5069713592529,Left,1,216806,0,608371,0,4316256,357,3476,254,6903,110,1913
20,5204753875732,Left,1,188124,0,6083436,0,3984842,357,3835,254,7175,110,2098
20,5344734191895,Left,1,176714,0,6083718,0,3867418,357,3835,254,7175,110,2098
20,5487365722656,Left,1,139081,0,6083965,0,35395,357,4623,254,7038,110,1403
20,5621490478516,Left,1,108837,0,6084892,0,3312323,357,4736,254,7018,110,1304
20,5762805938721,Left,1,090108,0,6084548,0,3179368,357,4736,254,7018,110,1304
20,5903186798096,Left,1,049879,0,608401,0,2924638,357,5094,254,7536,110,1192
20,603853225708,Left,1,03887,0,6084747,0,2868295,357,5083,254,7629,110,0929
20,6178207397461,Left,0,9961951,0,608482,0,2624769,357,5134,254,7715,110,0601
20,632007598877,Left,0,9588675,0,6087793,0,2417336,357,4958,254,8121,110,0153
20,6455764770508,Left,0,9424875,0,6088412,0,2333411,357,4756,254,7991,109,9233
20,6595668792725,Left,0,8987184,0,6089747,0,2105241,357,4596,254,7889,109,8507
20,6732940673828,Left,0,8667641,0,6089465,0,1942399,357,4911,254,8313,109,8521
20,6875267028809,Left,0,8416691,0,6089053,0,1834775,357,523,254,8528,109,8344
20,7013607025146,Left,0,8021713,0,6088459,0,1660193,357,5814,254,8717,109,8072
20,7151107788086,Left,0,7859885,0,6088369,0,1592184,357,5892,254,8895,109,7461
20,7290744781494,Left,0,7407109,0,6088101,0,1409723,357,6079,254,961,109,5949
20,7431659698486,Left,0,7045866,0,6088327,0,1276392,357,618,255,0048,109,5001
20,7569160461426,Left,0,6824864,0,6088485,0,1193787,357,6227,255,0074,109,5042
20,7709293365479,Left,0,6395178,0,6088439,0,1033867,357,618,255,0048,109,5001
20,7844505310059,Left,0,6260149,0,6088439,0,09834513,357,618,255,0048,109,5001
20,7986621856689,Left,0,5776539,0,6083438,0,08265358,357,8803,255,074,109,4744
20,8127956390381,Left,0,5398233,0,6082125,0,07011509,357,9807,255,0974,109,527
20,8262405395508,Left,0,5203714,0,6080689,0,06378508,358,075,255,1064,109,6383
20,8405590057373,Left,0,4737449,0,6078621,0,04811651,358,2172,255,1141,109,926
20,8540782928467,Left,0,4618469,0,6078483,0,04401702,358,2046,255,1079,109,9076
20,8680839538574,Left,0,41479,0,6078054,0,02798757,358,2279,255,0592,110,0184
20,8819408416748,Left,0,3761186,0,6078372,0,01423165,358,2456,254,9511,110,0074
20,8957195281982,Left,0,3577028,0,6078634,0,007445097,358,2487,254,9097,109,9964
20,9097862243652,Left,0,3118512,0,607928,-0,01052442,358,2764,254,7732,109,9355
20,9236488342285,Left,0,2796842,0,6080163,-0,02489331,358,2878,254,6815,109,8845
20,9374332427979,Left,0,256363,0,6080198,-0,03536552,358,284,254,6149,109,8354
20,9517765045166,Left,0,2157084,0,6080052,-0,05366951,358,289,254,4837,109,6759
20,9651870727539,Left,0,2010964,0,6081161,-0,06062979,358,2768,254,4219,109,5879
20,9791889190674,Left,0,1565441,0,6084026,-0,08147886,358,2022,254,2071,109,3446
20,9930648803711,Left,0,1230326,0,6087704,-0,09746996,358,1678,254,1478,109,3126
21,0068111419678,Left,0,1021831,0,6090004,-0,1079553,358,1491,254,0882,109,3738
21,021032333374,Left,0,06058741,0,6094747,-0,128678,358,0953,253,9379,109,5112
21,034725189209,Left,0,04708588,0,6099185,-0,1362701,358,0786,253,7712,109,5957
21,0484580993652,Left,0,005582541,0,6114429,-0,1594075,357,9734,253,2501,109,78
21,062671661377,Left,-0,0285974,0,6138873,-0,1804786,357,6699,252,5353,109,9084
21,0763397216797,Left,-0,04630579,0,6150523,-0,1918708,357,5168,252,1543,109,9304
21,0903663635254,Left,-0,08639055,0,6179318,-0,218012,357,1314,251,1988,109,8045
21,104190826416,Left,-0,09779879,0,618836,-0,2262894,357,008,250,9681,109,6204
21,1180191040039,Left,-0,1368675,0,6215944,-0,2543608,356,8269,250,1043,108,8705
21,1320304870605,Left,-0,169585,0,6241326,-0,2797147,356,7685,249,5745,107,8521
21,1458625793457,Left,-0,1842623,0,6256417,-0,2938269,356,6716,249,0074,106,9584
21,1596412658691,Left,-0,2191589,0,629216,-0,3273321,356,5091,247,6908,105,4151
21,1736259460449,Left,-0,2440854,0,6324402,-0,3550346,356,4488,246,6166,104,5618
21,1879253387451,Left,-0,2635112,0,6347924,-0,3776613,356,4965,245,7487,103,9666
21,2017116546631,Left,-0,2908652,0,6387705,-0,4116646,356,6801,244,3234,102,8738
21,2155227661133,Left,-0,302542,0,6413392,-0,4279056,356,7163,243,6196,102,363
21,2292728424072,Left,-0,331926,0,6464685,-0,4675167,356,7288,242,1302,101,2671
21,2432823181152,Left,-0,3531278,0,6523533,-0,5002784,356,4884,240,8422,100,5618
21,2571334838867,Left,-0,3669161,0,6565325,-0,5215883,356,0381,240,1384,100,1194
21,2708129882813,Left,-0,3910232,0,6648281,-0,5603188,355,0193,238,8193,99,36427
21,2848052978516,Left,-0,4000231,0,668054,-0,575736,354,7361,238,3911,99,16483
21,2988452911377,Left,-0,4255442,0,6767424,-0,6187204,354,1513,237,4,98,56554
21,3126487731934,Left,-0,4447133,0,6841536,-0,6525979,353,4744,236,8128,98,21565
21,3265285491943,Left,-0,4563259,0,6878195,-0,6728915,353,1376,236,3492,97,9435
21,3404541015625,Left,-0,4785354,0,6975629,-0,7149715,352,0322,235,3825,97,91199
21,3543949127197,Left,-0,4858397,0,7001831,-0,7290235,351,7768,235,0623,97,96609
21,3683090209961,Left,-0,5083654,0,7090929,-0,7733476,350,9173,233,9996,98,03908
21,3820514678955,Left,-0,5261637,0,716419,-0,8105241,350,2208,233,0797,98,19778
21,3960628509521,Left,-0,5352268,0,7201264,-0,8304591,349,7871,232,6201,98,38492
21,4103507995605,Left,-0,5559974,0,7282267,-0,8761079,348,976,231,6116,98,34405
21,4239158630371,Left,-0,5604175,0,7301114,-0,8878298,348,786,231,3664,98,28496
21,43776512146,Left,-0,5800366,0,7370722,-0,9331914,348,1811,230,6506,98,05738
21,4517002105713,Left,-0,5963168,0,7430584,-0,9731477,347,6206,229,9729,97,74527
21,4656620025635,Left,-0,603439,0,7457915,-0,992283,347,3573,229,5843,97,62495
21,4796981811523,Left,-0,6209888,0,7515849,-1,039229,346,8251,228,7171,96,83678
21,4933071136475,Left,-0,6326464,0,7558967,-1,073219,346,369,227,8095,96,04034
21,5072078704834,Left,-0,6404869,0,7590626,-1,098101,346,05,227,2205,95,57351
21,5212078094482,Left,-0,6540512,0,7638862,-1,141467,345,6768,226,2194,94,5733
21,5349807739258,Left,-0,6588835,0,7660821,-1,158058,345,4553,225,8817,94,32337
21,5490417480469,Left,-0,6730736,0,7719225,-1,206278,344,8644,225,0881,93,78976
21,562837600708,Left,-0,6830506,0,7906938,-1,243332,344,4589,224,5025,93,81913
21,5767574310303,Left,-0,6890154,0,799525,-1,266699,344,1973,224,0827,94,11528
21,5906467437744,Left,-0,6997144,0,8110922,-1,312151,343,7078,223,2181,94,8913
21,6044063568115,Left,-0,7033091,0,8124514,-1,327088,343,5751,222,882,95,05522
21,6183815002441,Left,-0,7145317,0,8192858,-1,375781,343,094,221,898,95,56082
21,632661819458,Left,-0,7235896,0,8238219,-1,416822,342,8535,221,0229,95,78424
21,6461200714111,Left,-0,7276013,0,8268604,-1,436788,342,5995,220,4818,95,75895
21,6600761413574,Left,-0,7368603,0,8331655,-1,485795,341,9509,219,2726,95,79025
21,6740169525146,Left,-0,7391766,0,8349741,-1,499855,341,7419,218,9543,95,77267
21,6877384185791,Left,-0,7474452,0,8413413,-1,547897,341,192,217,8888,95,80707
21,7017803192139,Left,-0,7540763,0,8469315,-1,59193,340,8333,216,8403,95,82635
21,7156410217285,Left,-0,7565327,0,8492709,-1,612307,340,7964,216,1406,95,72853
21,729434967041,Left,-0,7615956,0,8554202,-1,662557,340,5219,214,5325,95,528
21,7433261871338,Left,-0,7622348,0,8602893,-1,701725,340,2316,212,8696,95,01089
21,757209777832,Left,-0,7625168,0,8635667,-1,72894,340,0566,211,452,94,4133
21,7711868286133,Left,-0,7603094,0,8698044,-1,777277,339,7269,209,1971,93,55815
21,7854309082031,Left,-0,7559823,0,8726951,-1,79857,339,5242,208,2197,93,19533
21,7988567352295,Left,-0,7355911,0,8890961,-1,836474,347,3005,213,0583,101,3451
21,812931060791,Left,-0,7268085,0,9042785,-1,870533,0,5609741,216,0333,114,2386
21,8267269134521,Left,-0,7177597,0,9069344,-1,89358,7,626205,219,9599,125,34
21,8405475616455,Left,-0,6995302,0,9093994,-1,953198,11,78181,237,6213,144,2139
21,854606628418,Left,-0,7050508,0,9092886,-1,974018,15,86994,235,4024,142,3154
21,8683910369873,Left,-0,6936104,0,9117427,-2,021646,11,26186,227,9988,135,3765
21,8826599121094,Left,-0,6874095,0,9087928,-2,053075,356,8478,206,8673,114,8869
21,8964214324951,Left,-0,6839207,0,907411,-2,066868,341,4555,198,824,94,53665
21,9099063873291,Left,-0,6701408,0,9215912,-2,084804,336,3494,193,8238,91,35867
21,9240703582764,Left,-0,6634711,0,9265729,-2,087176,334,9546,190,9948,89,86476
21,9379692077637,Left,-0,6582173,0,930684,-2,090561,334,1954,188,6529,89,01062
21,9516754150391,Left,-0,6482424,0,936453,-2,094842,333,4725,184,2568,88,29255
21,9656887054443,Left,-0,642862,0,9391457,-2,095329,333,0931,182,0459,88,17439
21,9797916412354,Left,-0,6312623,0,9462358,-2,096795,331,8385,177,4618,88,47421
21,9933376312256,Left,-0,6238521,0,9525045,-2,092905,330,4035,175,7498,90,27633
22,0075435638428,Left,-0,6208311,0,9573866,-2,088877,329,5027,176,4312,93,16291
22,0213432312012,Left,-0,6147379,0,9636635,-2,08737,328,5841,175,578,95,38246
22,0351238250732,Left,-0,6150073,0,9646412,-2,086879,328,5609,176,3828,96,4744
22,049186706543,Left,-0,6138677,0,9669327,-2,087141,328,6335,177,0387,97,39208
22,0629119873047,Left,-0,61142,0,9675119,-2,089214,328,732,175,5848,97,37692
22,0771884918213,Left,-0,6110365,0,9669324,-2,09066,329,1965,175,4762,96,67802
22,0908832550049,Left,-0,6104432,0,9647025,-2,094251,330,3817,173,845,94,47055
22,1045761108398,Left,-0,6091776,0,9650332,-2,092756,330,44,173,3952,94,05434
22,1189308166504,Left,-0,6064215,0,9663159,-2,090803,330,0302,172,6381,94,13593
22,1325569152832,Left,-0,6036093,0,9684896,-2,085162,328,6052,173,0287,96,75306
22,1464328765869,Left,-0,6021351,0,9691917,-2,084194,328,1852,172,6917,97,36591
22,1604690551758,Left,-0,5992252,0,9699331,-2,081774,327,1676,171,8598,98,32613
22,1740455627441,Left,-0,5982739,0,9696277,-2,081493,327,0356,171,4179,98,12532
22,1880550384521,Left,-0,5942181,0,9686785,-2,080709,326,782,169,7291,97,34754
22,2021522521973,Left,-0,5903552,0,968299,-2,078769,326,5599,168,3231,96,61287
22,2157878875732,Left,-0,5883893,0,9684423,-2,077213,326,336,167,5068,96,54837
0,Plate grabbed,0,0,0,0,0,0
22,2298603057861,Left,-0,5855077,0,9687062,-2,073597,325,9604,166,797,97,16381
22,2435417175293,Left,-0,5852585,0,9680623,-2,071687,326,301,167,7074,98,0298
22,2574710845947,Left,-0,5853831,0,9674217,-2,070285,326,7936,168,5328,98,50085
22,271369934082,Left,-0,5866827,0,9656126,-2,068562,327,7806,170,0618,98,91491
22,2851505279541,Left,-0,5896004,0,9644497,-2,066483,328,0164,171,3271,98,14412
22,2992076873779,Left,-0,5942774,0,9637818,-2,059793,327,2987,172,7516,95,92148
22,3130588531494,Left,-0,596124,0,9655747,-2,052327,325,5235,172,7297,93,81767
22,3270263671875,Left,-0,5958056,0,9676784,-2,045959,324,039,172,2394,92,59676
22,34104347229,Left,-0,5953627,0,9695562,-2,037527,322,3206,171,8941,91,57672
22,3547039031982,Left,-0,5932257,0,9718755,-2,033561,321,5167,171,4767,91,94337
22,3685836791992,Left,-0,5893517,0,9750803,-2,025196,320,1244,170,4984,92,48296
22,3825721740723,Left,-0,5842006,0,9774354,-2,020525,319,6576,168,7863,92,87785
22,3962860107422,Left,-0,5799672,0,9787426,-2,019069,319,7417,167,4444,93,07318
22,4104290008545,Left,-0,5670247,0,9825007,-2,016573,319,7992,163,252,94,55577
22,4241733551025,Left,-0,5641493,0,9832627,-2,014576,319,616,162,4248,94,91766
22,4380054473877,Left,-0,544472,0,9875366,-2,014508,319,836,156,3799,97,89313
22,4520683288574,Left,-0,5286096,0,9903654,-2,013141,320,0539,151,3259,100,3804
22,4658641815186,Left,-0,5199428,0,9915962,-2,011763,319,9966,148,2406,101,9074
22,4797382354736,Left,-0,5011764,0,9948892,-2,009962,319,8989,142,4202,104,6057
22,4935741424561,Left,-0,4885215,0,996041,-2,008558,319,9392,138,9872,105,8091
22,5072002410889,Left,-0,4789781,0,9968452,-2,009188,320,3336,136,7188,106,4436
22,5212535858154,Left,-0,4625134,0,9977622,-2,011296,321,3808,133,4776,107,6748
22,535213470459,Left,-0,457355,0,9975476,-2,015015,321,8017,133,1237,107,4435
22,5489025115967,Left,-0,444668,0,9980743,-2,023319,322,412,131,7732,106,3032
22,5632705688477,Left,-0,4359476,0,9982095,-2,03293,323,0291,131,8413,103,6823
22,5770034790039,Left,-0,4318018,0,9974253,-2,043014,323,6888,132,9556,100,6745
22,5906181335449,Left,-0,4254058,0,9937647,-2,067354,325,6269,136,3249,94,42848
22,604564666748,Left,-0,4225265,0,9931276,-2,076761,326,8577,137,6568,92,89246
22,6183433532715,Left,-0,4132571,0,9861858,-2,104435,331,068,140,4917,90,40235
22,6322975158691,Left,-0,4057777,0,979403,-2,12589,335,2339,142,8513,90,01754
22,6462459564209,Left,-0,4034607,0,9744449,-2,138596,337,5292,144,6515,90,37368
22,6600475311279,Left,-0,399992,0,9631444,-2,165212,341,3955,147,6119,89,82115
22,6741676330566,Left,-0,4003316,0,9595163,-2,173812,342,3531,148,3642,88,80589
22,6880588531494,Left,-0,4011838,0,9459981,-2,199136,344,9642,149,1652,83,94127
22,7016944885254,Left,-0,4002543,0,9379708,-2,216233,346,4766,148,9026,79,34815
22,7157459259033,Left,-0,4020958,0,9368517,-2,221297,346,1523,148,8265,77,00071
22,7295722961426,Left,-0,4066166,0,9337537,-2,233351,345,9245,150,2785,74,82845
22,7434253692627,Left,-0,4111191,0,9396129,-2,232967,343,8752,151,2389,79,55354
22,7574062347412,Left,-0,4137174,0,9394244,-2,236251,343,8411,152,4163,82,29209
22,7712345123291,Left,-0,420634,0,939624,-2,239358,344,3844,154,6496,86,2684
22,7852191925049,Left,-0,4253041,0,9364261,-2,241898,344,7427,155,049,84,84386
22,7992477416992,Left,-0,4341585,0,9303942,-2,249344,345,251,155,6675,80,01389
22,8127899169922,Left,-0,4416357,0,9276478,-2,253797,344,6288,156,0079,72,79237
22,8267555236816,Left,-0,4459171,0,9260202,-2,256636,344,071,156,331,68,11404
22,8407897949219,Left,-0,4512237,0,9226182,-2,263068,343,8274,156,6239,62,87331
22,8544940948486,Left,-0,4519045,0,9233692,-2,264693,344,2006,156,6953,62,99609
22,8684730529785,Left,-0,4525562,0,9197869,-2,271551,345,7832,156,5688,64,58712
22,882345199585,Left,-0,4500589,0,9161233,-2,277612,347,6574,155,7946,67,85973
22,8964061737061,Left,-0,4480317,0,9130611,-2,281312,347,9343,154,7498,68,34738
22,9101390838623,Left,-0,445198,0,9075033,-2,289693,348,1238,152,9557,66,80188
22,9238758087158,Left,-0,4436909,0,9060232,-2,291577,347,4911,151,9618,64,36398
22,9378967285156,Left,-0,4387422,0,899158,-2,30103,345,9843,149,4173,57,2252
22,9518566131592,Left,-0,434452,0,8968777,-2,307607,344,5351,147,5586,51,54585
22,9655799865723,Left,-0,4321949,0,8968763,-2,310456,344,27,146,7636,50,11571
22,9797515869141,Left,-0,4241972,0,8921947,-2,318716,345,2631,145,2541,50,24666
22,99365234375,Left,-0,4214284,0,8897982,-2,323857,345,0517,144,4896,49,97914
23,0075016021729,Left,-0,4195092,0,8864428,-2,326929,345,2047,144,8467,51,55968
23,0214195251465,Left,-0,4212371,0,8804837,-2,330116,345,7325,147,4897,53,9706
23,0351085662842,Left,-0,4219794,0,8772251,-2,331726,347,1118,148,5944,54,52574
23,0491485595703,Left,-0,4227051,0,8731409,-2,335275,347,7701,148,8105,55,09524
23,0630302429199,Left,-0,4232263,0,8759314,-2,333621,349,0235,147,8381,57,45929
0,Milk grabbed,0,0,0,0,0,0
23,0768508911133,Left,-0,4253065,0,8797829,-2,329711,349,6897,148,0314,59,7881
23,0908737182617,Left,-0,4328599,0,8852382,-2,324415,349,575,150,3538,62,69903
23,1049137115479,Left,-0,4387204,0,8891865,-2,320118,348,2958,151,0454,63,13631
23,1184921264648,Left,-0,4509106,0,8958386,-2,310027,347,8782,153,1686,62,03429
23,1326141357422,Left,-0,4629569,0,9026505,-2,301127,346,923,154,52,61,24002
23,1466197967529,Left,-0,4704937,0,9053111,-2,296331,345,4598,155,5992,61,08067
23,1605949401855,Left,-0,4868756,0,9118448,-2,285194,343,3198,158,2957,60,39763
23,1741676330566,Left,-0,4915469,0,9137049,-2,282503,341,906,160,4073,59,37779
23,1880016326904,Left,-0,50618,0,9228228,-2,27053,340,9476,162,0362,62,49361
23,2020606994629,Left,-0,5202698,0,9256245,-2,260497,338,9288,164,0956,61,07337
23,2160778045654,Left,-0,5287735,0,9292294,-2,255792,338,4694,162,4659,60,59259
23,2296371459961,Left,-0,5453029,0,9384369,-2,23998,337,4791,163,8496,64,24009
23,2437362670898,Left,-0,5563627,0,9429727,-2,232466,338,5994,161,3898,68,50108
23,2575244903564,Left,-0,5623759,0,950918,-2,230492,338,8789,158,0677,72,74465
23,2713375091553,Left,-0,5754373,0,9564895,-2,216405,340,7678,147,4764,77,6889
23,2853450775146,Left,-0,5873184,0,9584877,-2,20414,340,9684,149,1629,83,82369
23,299144744873,Left,-0,6066056,0,9628942,-2,185684,338,0695,155,1637,89,40717
23,3130722045898,Left,-0,622472,0,9609995,-2,178305,333,3652,158,6147,85,09805
23,327205657959,Left,-0,6301851,0,9578463,-2,176791,336,9675,158,6582,73,59615
23,3408050537109,Left,-0,6469572,0,9639938,-2,148588,331,7862,162,991,78,79877
23,3548545837402,Left,-0,6494334,0,9563085,-2,144712,324,1921,175,3408,69,14674
23,3687114715576,Left,-0,6635519,0,9610888,-2,131902,319,2632,181,1403,64,63041
23,3824405670166,Left,-0,6820183,0,9615009,-2,120688,317,0331,182,0305,64,87171
23,3964691162109,Left,-0,7006587,0,9549955,-2,121584,318,7475,184,2867,58,07838
23,4103622436523,Left,-0,7492253,0,9516403,-2,118463,320,1819,189,1358,52,82248
23,4242000579834,Left,-0,7650797,0,9514478,-2,122204,320,7021,189,2471,53,09451
23,4382343292236,Left,-0,8208714,0,9470032,-2,126009,320,525,192,3654,51,3037
23,451997756958,Left,-0,8630716,0,9464458,-2,120881,319,8514,193,6665,51,60562
23,4658145904541,Left,-0,8860703,0,9467028,-2,117177,319,4958,193,2357,52,34238
23,4798583984375,Left,-0,937951,0,9459805,-2,106659,317,4296,191,418,53,03467
23,4936714172363,Left,-0,9781389,0,9434393,-2,097729,315,9363,192,7666,51,84103
23,5075130462646,Left,-1,009547,0,9412377,-2,091539,316,0391,193,7972,51,23711
23,5215911865234,Left,-1,065084,0,935268,-2,083343,316,5328,198,7382,49,29727
23,5351943969727,Left,-1,086408,0,9340117,-2,081646,317,8188,199,8116,49,62735
23,5494079589844,Left,-1,142211,0,9276676,-2,080387,318,7741,201,5109,50,74717
23,563138961792,Left,-1,182352,0,9245796,-2,075706,321,6707,203,7076,52,87029
23,576904296875,Left,-1,20799,0,9229081,-2,073037,323,8809,203,6737,56,09417
23,5909881591797,Left,-1,257628,0,9187739,-2,064353,324,0851,205,1293,56,69904
23,6047744750977,Left,-1,275885,0,9155545,-2,059369,324,5252,205,6893,56,08879
23,6187438964844,Left,-1,329261,0,9118523,-2,044312,323,9404,206,9552,54,73852
23,6326141357422,Left,-1,371832,0,905957,-2,029353,322,2229,208,774,52,9768
23,6463871002197,Left,-1,394134,0,9000206,-2,021434,321,889,210,8596,49,57182
23,6604976654053,Left,-1,442456,0,8887407,-2,000972,322,3918,212,0137,48,52312
23,6742362976074,Left,-1,456948,0,884275,-1,991537,322,3716,213,9822,48,77022
23,6879806518555,Left,-1,503616,0,8727957,-1,966994,321,9952,215,2305,48,07013
23,7019710540771,Left,-1,544128,0,8666145,-1,94088,323,3727,216,7795,44,70406
23,7156848907471,Left,-1,563595,0,8666314,-1,927414,320,7499,216,3652,46,92162
23,7297992706299,Left,-1,609547,0,8585049,-1,895093,323,1462,219,0244,40,0867
23,7433261871338,Left,-1,639458,0,8571098,-1,867052,321,5048,222,8069,38,91488
23,7572441101074,Left,-1,659043,0,8495439,-1,850692,322,4336,228,5048,31,08583
23,7712478637695,Left,-1,695419,0,8534346,-1,811396,319,1009,230,5983,31,0288
23,7851600646973,Left,-1,707735,0,8491058,-1,796799,319,2184,231,1873,29,72839
23,7989311218262,Left,-1,74192,0,8436688,-1,763277,311,0712,230,9767,16,70329
23,8129386901855,Left,-1,767108,0,8423585,-1,713254,309,5188,234,1294,18,90604
23,8266792297363,Left,-1,779139,0,8331194,-1,69454,313,2819,240,0536,11,75657
23,8406276702881,Left,-1,80309,0,8315915,-1,639937,321,9458,252,0986,14,88407
23,8546104431152,Left,-1,817803,0,8387216,-1,637916,320,7114,237,5397,28,85926
23,8684501647949,Left,-1,838918,0,8323625,-1,594411,323,0096,231,6333,35,62049
23,882604598999,Left,-1,855827,0,8255956,-1,553975,328,1143,227,3065,41,36525
23,8964157104492,Left,-1,863731,0,8170569,-1,532685,337,8559,228,9266,40,54745
23,910249710083,Left,-1,877115,0,8146889,-1,481238,342,9458,236,3431,35,80052
23,9240951538086,Left,-1,880387,0,8244544,-1,466564,332,6029,236,4804,41,32903
23,9381103515625,Left,-1,887447,0,8235879,-1,416082,325,3516,233,3358,50,51239
23,9517993927002,Left,-1,890938,0,8157005,-1,374943,327,0272,234,6803,47,30392
23,965763092041,Left,-1,890288,0,816729,-1,352838,327,3319,235,0831,47,52764
23,9796962738037,Left,-1,889371,0,814017,-1,301572,328,1269,236,2601,48,46766
23,9936618804932,Left,-1,884693,0,8151851,-1,263555,327,8759,238,4808,46,4469
24,0074615478516,Left,-1,879185,0,8160602,-1,237033,328,2683,239,4727,46,52944
24,0212135314941,Left,-1,868553,0,81768,-1,192976,328,6824,240,8363,48,06502
24,0352687835693,Left,-1,863399,0,8175738,-1,174678,328,2163,241,8121,48,56082
24,0491504669189,Left,-1,848472,0,8188524,-1,12829,327,8697,242,7914,49,58532
24,0628871917725,Left,-1,835693,0,8193429,-1,092971,328,3737,243,8039,50,31503
24,0769233703613,Left,-1,826027,0,8193949,-1,070948,328,6679,244,2717,49,79559
24,0908126831055,Left,-1,807362,0,8191079,-1,029952,329,1613,245,315,49,42875
24,10475730896,Left,-1,800028,0,8194912,-1,015089,329,3167,246,0364,48,66852
24,1186237335205,Left,-1,778539,0,8204524,-0,9723371,329,4632,246,7801,48,35278
24,132381439209,Left,-1,760567,0,8219349,-0,9379796,329,4684,247,1285,49,05095
24,1464500427246,Left,-1,749424,0,8223301,-0,9178758,329,4871,247,6114,49,45569
24,1603546142578,Left,-1,726123,0,8236232,-0,8769131,329,8398,248,8093,50,37518
24,1740493774414,Left,-1,719836,0,8235323,-0,865697,330,1555,249,2346,50,57106
24,1880168914795,Left,-1,694607,0,8245215,-0,8242775,330,5433,250,4292,50,82861
24,2022895812988,Left,-1,672647,0,8251562,-0,7888352,330,5802,251,2062,50,70415
24,2157821655273,Left,-1,663019,0,8255627,-0,773367,330,5139,251,3157,50,61594
24,2299137115479,Left,-1,636,0,8265868,-0,7322807,330,4863,251,3407,50,51316
24,2434120178223,Left,-1,61687,0,8279275,-0,7042091,329,9586,251,3988,50,37199
24,2578048706055,Left,-1,600164,0,8286221,-0,6809326,329,8612,251,8237,50,38449
24,2713432312012,Left,-1,576884,0,8294932,-0,6470892,330,1618,252,8127,50,78711
24,2850284576416,Left,-1,567773,0,829325,-0,6322874,330,3787,253,8159,50,60483
24,2990875244141,Left,-1,54057,0,8303568,-0,5910642,331,0245,255,5202,51,27521
24,3131904602051,Left,-1,519793,0,8303033,-0,558865,331,8935,257,6047,51,14901
24,3267402648926,Left,-1,508052,0,8303189,-0,5398451,331,5734,258,6009,50,26816
24,3407974243164,Left,-1,482338,0,8308014,-0,5002146,330,5341,259,7509,48,32333
24,3548049926758,Left,-1,472834,0,8314772,-0,4858346,330,6815,260,3851,47,96627
24,3684673309326,Left,-1,446453,0,8324005,-0,4457892,330,5,261,7878,47,00262
24,3824100494385,Left,-1,423467,0,8327371,-0,4121283,330,3626,263,4104,45,31121
24,3961582183838,Left,-1,411541,0,8340092,-0,3949896,329,046,263,2198,45,23134
24,4104423522949,Left,-1,38287,0,8353972,-0,3544627,327,5522,262,4894,45,82745
24,4242076873779,Left,-1,374748,0,8344441,-0,343464,327,9772,261,7038,47,16941
24,437894821167,Left,-1,34787,0,8350891,-0,3050143,328,7123,259,4551,49,53265
24,451868057251,Left,-1,325231,0,8334419,-0,2696714,334,5115,259,7852,50,61126
24,4658546447754,Left,-1,316144,0,8342934,-0,2517645,337,1613,259,2807,54,66042
24,4795627593994,Left,-1,294776,0,8292633,-0,208569,335,4853,260,7771,50,4528
24,4936122894287,Left,-1,27763,0,8327507,-0,1733961,333,1423,262,6707,52,79427
24,5073108673096,Left,-1,271077,0,8295985,-0,1493962,330,3905,261,5865,50,67765
24,5214004516602,Left,-1,255419,0,8303395,-0,1050942,326,8477,258,6877,49,91911
24,5355892181396,Left,-1,250601,0,837873,-0,08304006,329,0232,260,8287,52,09911
24,5489253997803,Left,-1,240549,0,8399476,-0,04075226,320,4756,256,3541,60,38731
24,5630016326904,Left,-1,221112,0,8341149,-0,0005674958,331,957,262,8701,54,67126
24,5768947601318,Left,-1,214789,0,8381145,0,02420661,331,964,263,6414,54,44764
24,5906181335449,Left,-1,201477,0,8393469,0,07166857,331,4991,265,0296,55,11082
24,6046085357666,Left,-1,197323,0,8393834,0,08880395,331,2238,265,5533,55,91294
24,6183319091797,Left,-1,184494,0,8393502,0,1372921,331,1423,266,6933,56,82238
24,6323280334473,Left,-1,174477,0,8389955,0,1786492,330,9482,267,5774,57,84266
24,6463451385498,Left,-1,169345,0,8390431,0,2016071,330,8998,268,2142,58,42693
24,6603679656982,Left,-1,157522,0,839187,0,250306,331,4311,269,2939,59,87836
24,6741027832031,Left,-1,15551,0,8381025,0,2643152,332,0834,269,9089,60,36544
24,6879501342773,Left,-1,145174,0,837016,0,3132125,333,539,271,1812,61,34752
24,7019557952881,Left,-1,137866,0,8349719,0,3547464,334,9992,271,8508,61,61579
24,7156639099121,Left,-1,135345,0,83448,0,3742755,335,8076,271,949,61,6766
24,7296581268311,Left,-1,129033,0,8349473,0,4244226,336,7248,272,4008,62,44123
24,7433757781982,Left,-1,127705,0,8353897,0,4614186,336,9026,273,2939,63,09594
24,7577133178711,Left,-1,128462,0,8362818,0,4883631,336,533,274,312,63,55331
24,771203994751,Left,-1,132566,0,8368967,0,5233145,336,1241,275,2649,63,56974
24,7850933074951,Left,-1,137324,0,8371499,0,5343087,336,914,274,2043,64,44326
24,7990627288818,Left,-1,14439,0,8365851,0,5694371,337,0233,275,8561,64,70294
24,8128280639648,Left,-1,15388,0,8368888,0,5888391,338,2591,278,2234,64,38261
24,8268985748291,Left,-1,161714,0,8367344,0,6001215,339,5489,279,2415,63,28458
24,8407592773438,Left,-1,174508,0,8371491,0,6184202,342,4282,280,6423,62,70093
24,8545875549316,Left,-1,181827,0,8383794,0,6240455,344,4645,278,7821,64,74828
24,8686866760254,Left,-1,199129,0,8489404,0,6369838,337,481,265,5917,79,01161
24,882396697998,Left,-1,20702,0,8351209,0,649772,341,1384,272,1361,63,59329
24,8964138031006,Left,-1,212184,0,8510915,0,6480018,338,1704,267,599,77,30493
24,9105987548828,Left,-1,221166,0,8478825,0,6588825,339,4002,272,827,76,13148
24,9240684509277,Left,-1,22548,0,8489599,0,6582528,341,7517,274,1606,75,37452
24,9381637573242,Left,-1,234418,0,8531941,0,6651441,342,6443,276,7118,75,1653
24,9521160125732,Left,-1,242706,0,8555381,0,6706627,342,8767,277,2549,75,92831
24,9657669067383,Left,-1,245836,0,856198,0,6728935,343,0596,277,5165,75,95646
24,9797611236572,Left,-1,252734,0,8572496,0,6786507,343,497,278,824,74,95637
24,9933261871338,Left,-1,257796,0,8598077,0,6819727,344,5391,279,8185,75,63169
25,0070915222168,Left,-1,260862,0,8609653,0,6843824,345,3985,280,5059,76,98923
25,0209636688232,Left,-1,265325,0,8625906,0,6884248,346,3288,281,3945,77,82094
25,0345230102539,Left,-1,265824,0,8629254,0,6894578,347,8311,281,7166,78,32884
25,0485954284668,Left,-1,26818,0,8654622,0,6928736,348,171,282,9254,79,29993
25,0628185272217,Left,-1,270233,0,8680311,0,6952708,347,2063,283,7733,80,29335
25,0762119293213,Left,-1,272423,0,8693912,0,6968066,346,1693,282,9146,80,51797
25,090368270874,Left,-1,275201,0,8716636,0,6993524,344,6492,282,0105,79,68954
25,1042709350586,Left,-1,276533,0,873915,0,6996457,343,7205,281,6339,80,518
25,1180515289307,Left,-1,279609,0,8745797,0,7030961,342,3638,280,6651,80,20875
25,132080078125,Left,-1,283365,0,8766394,0,7053654,342,6193,279,8267,79,67539
25,1457710266113,Left,-1,284539,0,8756472,0,7085548,352,1904,282,4654,75,90022
25,1598281860352,Left,-1,283179,0,8773709,0,7121049,348,4823,285,0735,72,12455
25,1737575531006,Left,-1,283356,0,877053,0,7144902,345,0735,289,46,68,98901
25,1874446868896,Left,-1,286085,0,8795392,0,7157964,343,4501,289,5981,69,51535
25,201681137085,Left,-1,285611,0,8776559,0,7183364,342,551,290,3459,67,004
25,2152996063232,Left,-1,284577,0,8783426,0,7178218,340,8849,292,4567,64,41116
25,2291946411133,Left,-1,284291,0,8781363,0,7179028,339,8857,294,3118,63,2817
25,242977142334,Left,-1,285132,0,8793314,0,7206163,339,1329,294,2225,63,48736
25,256856918335,Left,-1,283777,0,878653,0,7232369,338,5905,295,3636,64,65563
25,2708778381348,Left,-1,283637,0,8764894,0,726732,341,5473,295,0882,63,1134
25,285026550293,Left,-1,281298,0,8770305,0,7255428,337,2881,293,532,59,03311
25,2984828948975,Left,-1,279337,0,8794495,0,7229359,332,8434,287,6477,64,80124
25,3128471374512,Left,-1,277329,0,8754421,0,7225774,333,6148,285,6592,70,50349
25,3263778686523,Left,-1,277127,0,8726711,0,7225453,333,6252,285,4218,71,87006
25,3400268554688,Left,-1,277357,0,8696584,0,7223418,333,3613,285,3887,71,82355
25,3540630340576,Left,-1,277712,0,8689502,0,721688,334,563,284,5691,73,13986
25,3678379058838,Left,-1,277716,0,8648686,0,7210381,337,9574,284,495,73,83063
25,3821086883545,Left,-1,279774,0,8588654,0,7200765,343,3523,282,4238,72,8299
25,3957958221436,Left,-1,278446,0,8599723,0,7179651,343,805,281,7689,78,74371
25,4096565246582,Left,-1,279461,0,854626,0,7191319,342,1682,282,4786,80,13557
25,4237480163574,Left,-1,280095,0,8535069,0,7192951,341,5008,282,7177,81,02776
25,4376106262207,Left,-1,28003,0,8518062,0,7201464,341,4941,283,3857,80,39147
25,4512367248535,Left,-1,279968,0,8497558,0,7216093,341,4033,283,8248,80,15412
25,4653739929199,Left,-1,279727,0,8491737,0,7224536,341,0515,284,1249,80,09536
25,4793319702148,Left,-1,279536,0,8469915,0,7242737,340,8506,285,3736,80,12058
25,4930458068848,Left,-1,280189,0,8456877,0,7254235,341,0947,285,4926,80,53848
25,5070152282715,Left,-1,279878,0,8449968,0,7261554,341,3274,285,6804,80,97925
25,5207443237305,Left,-1,279455,0,8425598,0,7282844,341,9644,286,3488,80,17056
25,5346813201904,Left,-1,279527,0,8424314,0,7289704,343,34,285,2763,79,7008
25,5485935211182,Left,-1,279296,0,8426148,0,7298867,345,4817,284,0501,80,45205
25,5623264312744,Left,-1,277722,0,8412848,0,731486,345,9349,281,9873,80,53484
25,5762882232666,Left,-1,276339,0,8410426,0,7329466,345,6043,281,5921,80,2529
25,590404510498,Left,-1,275166,0,8403022,0,7363117,345,7056,282,2733,79,8324
25,6039752960205,Left,-1,274817,0,8408482,0,7356701,345,0678,283,6564,79,29897
25,618350982666,Left,-1,273991,0,8406406,0,739271,345,1041,285,3806,78,96435
25,6321125030518,Left,-1,273719,0,8410012,0,7403648,345,1668,286,6324,78,92046
25,6458740234375,Left,-1,274662,0,8412904,0,7405293,345,3183,286,1639,79,54465
25,6596145629883,Left,-1,274674,0,8409823,0,7417941,344,942,284,9753,79,24268
25,673318862915,Left,-1,273512,0,8415394,0,7417853,345,5881,286,7901,80,47906
25,6875667572021,Left,-1,274864,0,8420024,0,74205,345,9298,285,6676,81,07234
25,7016105651855,Left,-1,272811,0,8407448,0,7431289,344,6814,285,6915,79,89758
25,7152061462402,Left,-1,27327,0,8416228,0,7429817,344,5771,285,9248,79,65579
25,7292594909668,Left,-1,272918,0,8418013,0,7436573,343,9174,286,4583,79,26462
25,7429370880127,Left,-1,273051,0,8417277,0,7441978,343,5887,287,5583,78,82355
25,7569274902344,Left,-1,274089,0,8416139,0,7444872,344,1742,288,3116,79,14671
25,7707405090332,Left,-1,273729,0,8416439,0,7450516,344,0718,288,9027,79,46322
25,7844867706299,Left,-1,274333,0,841581,0,7450557,344,3204,289,0041,79,8546
25,7984657287598,Left,-1,274843,0,8415335,0,7456489,344,7932,288,6462,79,73473
0,Serving start,0,0,0,0,0,0
25,8125381469727,Left,-1,275213,0,8420926,0,745478,345,7794,287,4946,80,64739
25,8261852264404,Left,-1,275042,0,8418912,0,7456335,346,396,286,7405,80,89494
25,8402919769287,Left,-1,275154,0,8415686,0,7458473,347,4592,285,4104,80,48572
25,8542995452881,Left,-1,274612,0,8424103,0,7456033,348,3958,284,7511,81,16382
25,8680782318115,Left,-1,274679,0,8425668,0,7461528,348,8606,284,0733,80,7622
25,8819885253906,Left,-1,274157,0,8437139,0,746386,349,4298,285,6498,80,52581
25,8956871032715,Left,-1,275014,0,8444767,0,7464639,349,7541,285,8656,80,95028
0,Plate dropped,0,0,0,0,0,0
25,9096755981445,Left,-1,274595,0,8449474,0,7476048,349,8372,287,6578,79,62797
25,9236755371094,Left,-1,276839,0,8481454,0,7481315,350,3268,286,9374,79,75729
25,9374237060547,Left,-1,277085,0,8486691,0,7484221,350,6779,286,7203,79,93386
25,9513988494873,Left,-1,27806,0,8517255,0,7498217,351,0726,286,3858,80,02009
25,9654350280762,Left,-1,278114,0,8528637,0,7506372,350,6917,286,7439,79,52635
25,9791316986084,Left,-1,27835,0,8574637,0,7542854,350,8019,288,2982,78,75445
25,9929714202881,Left,-1,280075,0,8606389,0,7564073,350,3043,288,406,78,5827
26,0067195892334,Left,-1,28073,0,8624197,0,7580348,351,4342,288,6253,79,12373
26,0207118988037,Left,-1,282277,0,866048,0,7609063,351,2241,288,9617,78,66338
26,0346946716309,Left,-1,282762,0,8674654,0,7618556,351,0905,289,4432,77,60841
26,0485172271729,Left,-1,284803,0,8726879,0,7644637,349,441,290,1153,76,33514
26,062536239624,Left,-1,286559,0,8782614,0,7663014,349,3698,289,8042,77,29108
26,0764484405518,Left,-1,28718,0,8812794,0,7676954,348,8368,289,349,77,46677
26,0905380249023,Left,-1,287984,0,8874143,0,7708133,347,5869,289,0314,77,87678
26,1041202545166,Left,-1,288385,0,889456,0,7723674,345,9998,288,6571,77,50877
26,1178417205811,Left,-1,289602,0,8961384,0,776823,345,105,289,4639,77,48232
26,1319885253906,Left,-1,291047,0,9023765,0,7810894,344,5056,291,1342,78,07594
26,145881652832,Left,-1,29292,0,9057437,0,7843537,344,4184,291,9572,78,31239
26,1595153808594,Left,-1,295596,0,9134964,0,7909381,344,2323,292,88,78,55042
26,1734886169434,Left,-1,298545,0,9205154,0,7988746,343,8945,293,6168,78,04787
26,1878604888916,Left,-1,299911,0,9249034,0,8030432,343,2113,294,2039,77,10366
26,201379776001,Left,-1,302031,0,9333654,0,8126993,342,7976,295,6418,76,51553
26,2152557373047,Left,-1,302924,0,9380474,0,8178979,342,386,296,664,76,45367
26,2289943695068,Left,-1,303805,0,9490326,0,8296785,341,8242,298,9058,76,36439
26,2429275512695,Left,-1,305122,0,9582543,0,8402731,342,0894,300,9833,76,44392
26,2569351196289,Left,-1,305615,0,9648322,0,8476688,341,9899,302,2364,76,74509
26,2707633972168,Left,-1,307222,0,9749065,0,8602328,342,064,302,4459,76,48094
26,284704208374,Left,-1,307304,0,9801595,0,8671386,341,9542,302,2549,76,3658
26,2988452911377,Left,-1,307875,0,9924634,0,8824439,341,8242,303,2502,76,2216
26,3127899169922,Left,-1,30713,1,003627,0,8967113,340,931,304,7376,75,31992
26,3263359069824,Left,-1,305829,1,010301,0,9054287,339,9125,306,4114,74,33775
26,3400688171387,Left,-1,302623,1,023705,0,9234914,338,2391,309,6156,72,69315
26,3540935516357,Left,-1,302471,1,028165,0,9303483,337,7681,310,8752,72,3646
26,3681240081787,Left,-1,297103,1,040725,0,9509396,337,7323,313,5363,72,10535
26,3818225860596,Left,-1,292962,1,050562,0,9689999,338,2083,315,6827,71,30145
26,3958263397217,Left,-1,290372,1,055429,0,9787982,337,6406,316,9178,69,67184
26,4098453521729,Left,-1,282918,1,068346,0,9995367,336,4602,319,3861,67,57635
26,4235382080078,Left,-1,276458,1,078935,1,014604,334,7667,320,8368,66,96421
26,4375972747803,Left,-1,270383,1,085519,1,025788,333,5867,322,8134,66,10412
26,4513492584229,Left,-1,261351,1,095119,1,044191,333,13,325,3479,64,60831
26,4654712677002,Left,-1,253182,1,09702,1,05417,333,782,327,8492,63,97689
26,4792461395264,Left,-1,242054,1,10442,1,074367,334,0864,329,7687,62,85544
26,4929103851318,Left,-1,233774,1,109984,1,090728,334,0529,331,8669,61,31184
26,5072860717773,Left,-1,227838,1,112218,1,101397,334,2181,333,2356,59,91296
26,5209560394287,Left,-1,217895,1,116733,1,119964,334,6094,335,2735,57,5242
26,5346126556396,Left,-1,214456,1,118493,1,126664,334,6899,336,3257,55,5118
26,5488872528076,Left,-1,203809,1,120993,1,146908,335,003,337,3328,51,48925
26,562686920166,Left,-1,196984,1,123117,1,161248,334,7332,337,5839,49,57893
26,5763149261475,Left,-1,192768,1,124876,1,169075,335,5726,338,5891,49,96642
26,5903949737549,Left,-1,183703,1,125362,1,18571,337,6659,339,7683,53,75348
26,604076385498,Left,-1,182475,1,125157,1,191703,338,3897,339,0636,55,24414
26,6180286407471,Left,-1,173012,1,126166,1,2079,338,894,340,022,57,45464
26,6320686340332,Left,-1,16529,1,125038,1,222136,338,8446,342,9924,58,0358
26,6458435058594,Left,-1,161841,1,123928,1,228965,338,5649,343,8019,57,7685
26,6597499847412,Left,-1,152534,1,122908,1,243694,338,0273,345,5436,56,6114
26,6736831665039,Left,-1,147646,1,119666,1,253867,338,1149,345,9769,54,76034
26,6876525878906,Left,-1,144354,1,11729,1,260886,338,7963,345,3451,54,18042
26,701452255249,Left,-1,137679,1,11423,1,272649,339,7212,345,2833,53,46333
26,715503692627,Left,-1,13476,1,11224,1,277324,340,1355,345,6898,52,75758
26,7292747497559,Left,-1,128332,1,107795,1,289471,341,2785,346,877,51,83241
26,7432651519775,Left,-1,12498,1,105844,1,297293,342,0651,347,9781,53,07029
26,7570552825928,Left,-1,122177,1,104815,1,303224,342,5502,348,9582,53,36234
26,7708911895752,Left,-1,117931,1,102201,1,313446,343,4118,349,2969,54,9262
26,7849445343018,Left,-1,117426,1,101194,1,316714,343,3989,348,5038,56,21575
26,7985706329346,Left,-1,113486,1,098194,1,327176,343,3118,347,8849,57,28713
26,8125858306885,Left,-1,111063,1,095084,1,334697,343,2539,348,532,57,50158
26,8265705108643,Left,-1,109797,1,093302,1,339895,343,4331,348,8456,57,46467
26,8402805328369,Left,-1,106695,1,089832,1,348491,343,1617,348,9215,56,9967
26,8544692993164,Left,-1,105695,1,089391,1,35183,342,6761,348,8498,57,07725
26,8682746887207,Left,-1,102986,1,087295,1,360129,342,1028,348,6591,57,23929
26,8820095062256,Left,-1,100602,1,085829,1,366925,341,9206,348,6161,58,10577
26,895975112915,Left,-1,099283,1,084377,1,369912,341,9475,348,8364,58,53025
26,9096202850342,Left,-1,096071,1,08117,1,377204,342,2147,349,6048,59,62413
26,923755645752,Left,-1,093829,1,077025,1,38257,343,1826,349,9315,60,00483
26,9378280639648,Left,-1,092248,1,074732,1,386492,343,7729,350,0242,60,6385
26,951639175415,Left,-1,0902,1,071182,1,392757,344,5003,349,4184,61,17245
26,9657096862793,Left,-1,088202,1,069973,1,394525,344,0448,349,5115,61,0523
26,9793167114258,Left,-1,084138,1,067088,1,400673,343,4853,349,347,60,90779
26,9931182861328,Left,-1,080782,1,064801,1,404784,342,8375,349,9764,60,87487
27,0071830749512,Left,-1,078634,1,06256,1,407616,342,9522,350,2582,60,75863
27,0208435058594,Left,-1,074562,1,0584,1,412282,343,1169,351,5605,60,15475
27,0348815917969,Left,-1,073421,1,056955,1,414272,343,5192,351,8548,59,92913
27,0487728118896,Left,-1,069959,1,052941,1,419096,343,9546,352,557,59,67936
27,0625953674316,Left,-1,068198,1,050023,1,422807,344,2325,353,2682,59,97647
27,0766620635986,Left,-1,067723,1,048119,1,424548,344,6698,353,745,60,5447
27,0903434753418,Left,-1,066883,1,044407,1,428719,345,4275,353,675,61,90865
27,1044158935547,Left,-1,067228,1,042012,1,430243,346,0821,352,6819,62,62283
27,1182956695557,Left,-1,066532,1,036348,1,434911,347,2722,351,6259,63,53355
27,1321258544922,Left,-1,065464,1,029984,1,438241,348,6538,351,643,63,23016
27,1461715698242,Left,-1,065084,1,027479,1,440131,349,0699,351,6338,62,82105
27,1600170135498,Left,-1,063314,1,022221,1,442298,348,87,352,2339,61,48822
27,1737308502197,Left,-1,06331,1,021578,1,443434,348,7737,351,6031,61,15615
27,1878147125244,Left,-1,061549,1,017527,1,444669,348,4598,351,8943,61,15113
27,2016143798828,Left,-1,060617,1,013566,1,445423,348,3889,352,197,61,58347
27,2155055999756,Left,-1,060256,1,011217,1,445938,348,6464,352,5695,61,54511
27,2294158935547,Left,-1,058754,1,004836,1,447152,350,3146,352,9926,61,64356
27,2435970306396,Left,-1,058202,0,9999217,1,447977,350,9685,351,7659,60,03753
27,2571334838867,Left,-1,058647,0,9972794,1,447923,351,2183,351,0804,58,80273
27,2711715698242,Left,-1,061598,0,9929035,1,449085,352,4125,348,9295,57,94307
27,285135269165,Left,-1,063288,0,9914768,1,449164,351,6544,347,667,56,29064
0,Milk dropped,0,0,0,0,0,0
27,2988185882568,Left,-1,06904,0,9897397,1,447748,351,7992,344,8583,57,32875
27,3127269744873,Left,-1,070681,0,9869608,1,445801,352,3745,345,0563,59,78961
27,3265380859375,Left,-1,070094,0,9869775,1,442729,352,9336,346,2119,62,00865
27,3405780792236,Left,-1,068501,0,9862795,1,43971,352,3336,347,699,62,0988
27,3543529510498,Left,-1,068053,0,9865428,1,440077,352,2102,347,8077,61,47436
27,3682994842529,Left,-1,066542,0,9862822,1,435447,350,3009,349,0168,57,76245
27,3822765350342,Left,-1,069155,0,9898319,1,433046,347,9695,348,2398,54,79196
27,3961868286133,Left,-1,071707,0,9922935,1,431068,347,2981,347,3922,54,57325
27,4103355407715,Left,-1,078179,0,995015,1,426886,347,0214,345,7542,55,77473
27,4240322113037,Left,-1,080616,0,9967605,1,423725,347,2464,345,3429,57,76294
27,437744140625,Left,-1,085512,0,9993048,1,418793,347,4304,344,6668,60,25893
27,4517250061035,Left,-1,088634,1,000108,1,412951,348,0376,344,6491,62,64701
27,4656391143799,Left,-1,088669,1,000495,1,409649,348,2768,345,4076,63,7863
27,4797744750977,Left,-1,089383,1,002636,1,402944,347,9916,346,7045,65,42173
27,493465423584,Left,-1,089707,1,002714,1,399148,347,7743,347,8986,65,35001
27,5073471069336,Left,-1,090499,1,001821,1,396852,347,5521,348,1483,63,53429
27,5213165283203,Left,-1,093451,1,001598,1,392253,346,8016,347,5446,61,01182
27,5350551605225,Left,-1,094993,1,002839,1,389824,346,686,347,3344,60,7182
27,5488452911377,Left,-1,099561,1,004165,1,383423,346,7003,346,6918,60,48671
27,5628681182861,Left,-1,103722,1,005849,1,377264,347,1546,346,2331,62,18331
27,5767936706543,Left,-1,105079,1,006308,1,373825,347,0332,346,3312,62,376
27,5905475616455,Left,-1,107064,1,00814,1,366735,346,0865,346,8143,61,70264
27,6046447753906,Left,-1,107711,1,009767,1,363832,345,2775,347,0073,60,53975
27,6185302734375,Left,-1,110732,1,011765,1,356351,344,1024,347,0231,59,10444
27,6323661804199,Left,-1,114447,1,014727,1,349414,343,5447,346,5893,58,51474
27,6462249755859,Left,-1,118763,1,017052,1,343813,343,5395,345,4497,60,22634
27,660213470459,Left,-1,125473,1,021555,1,333618,343,1873,344,1114,62,5167
27,6739921569824,Left,-1,127403,1,021612,1,328594,343,1738,343,7722,64,05991
27,6878967285156,Left,-1,132618,1,024482,1,316013,342,8649,343,1683,66,26647
27,701940536499,Left,-1,134473,1,024811,1,30328,342,13,343,445,65,93655
27,7157669067383,Left,-1,135339,1,025971,1,296633,341,49,343,6095,65,63165
27,7295684814453,Left,-1,138643,1,028827,1,281978,340,4851,343,6325,66,08607
27,7436008453369,Left,-1,142505,1,030675,1,268972,339,9336,343,0944,67,70511
27,7573146820068,Left,-1,145133,1,031811,1,260184,339,547,342,7711,68,58197
27,7712554931641,Left,-1,148919,1,032521,1,243096,338,5006,342,4981,69,34595
27,7852821350098,Left,-1,150055,1,032241,1,235783,338,0253,342,7007,69,08212
27,7990703582764,Left,-1,15419,1,031242,1,216719,336,9173,342,6818,68,28537
27,8129825592041,Left,-1,158287,1,031611,1,202672,336,117,342,2936,68,53749
27,8269557952881,Left,-1,16132,1,031923,1,193119,335,6364,341,9466,69,0096
27,8407897949219,Left,-1,16989,1,031377,1,173503,335,2242,340,6538,71,1573
27,8547191619873,Left,-1,173877,1,029403,1,165525,335,3129,339,8704,72,07094
27,8686218261719,Left,-1,182557,1,027895,1,144761,335,0616,338,6133,73,86089
27,8823413848877,Left,-1,19006,1,025387,1,127033,334,808,337,6783,75,33704
27,8963088989258,Left,-1,194962,1,023185,1,117403,334,51,336,6844,75,48735
27,9105930328369,Left,-1,205298,1,018402,1,09643,333,484,334,0243,74,48544
27,9240417480469,Left,-1,208148,1,017339,1,089534,333,1396,333,3143,74,20454
27,93798828125,Left,-1,214962,1,012368,1,052928,331,6627,330,5661,72,99791
27,9519329071045,Left,-1,217993,1,008636,1,008044,330,948,328,2557,74,0836
27,9658393859863,Left,-1,216133,1,00588,0,9748217,331,2293,327,1357,75,40913
27,9797306060791,Left,-1,216104,0,9980427,0,9108484,332,4017,324,1588,78,60455
27,9933261871338,Left,-1,2114,0,9904647,0,8626268,333,53,322,3715,80,79767
28,0074462890625,Left,-1,205544,0,9846646,0,8279691,334,4739,320,9204,82,105
28,02121925354,Left,-1,194442,0,9747413,0,7714479,335,2896,318,1519,83,35574
28,0352973937988,Left,-1,186256,0,9698817,0,7477472,335,35,316,7756,83,31836
28,0490589141846,Left,-1,167618,0,9594765,0,6883463,335,4659,313,4651,83,59205
28,0630073547363,Left,-1,148516,0,9502504,0,642266,335,5532,310,7444,83,56882
28,0768623352051,Left,-1,135273,0,9435769,0,6156655,335,7653,308,7509,83,04675
28,0907783508301,Left,-1,109977,0,9318662,0,564049,336,4374,305,2911,82,278
28,1044826507568,Left,-1,099661,0,9271986,0,545981,336,9474,304,3102,82,04277
28,1187019348145,Left,-1,067312,0,9145155,0,49132,338,4396,301,7166,82,63931
28,1323680877686,Left,-1,039244,0,9034989,0,4500819,340,7486,300,3033,85,00993
28,1464710235596,Left,-1,021045,0,8960518,0,4279014,342,4038,299,3386,86,40914
28,1602191925049,Left,-0,9849299,0,883566,0,3815541,344,2689,296,8165,88,06657
28,174108505249,Left,-0,9702778,0,8797302,0,3681464,344,2357,295,9546,88,26059
28,1881084442139,Left,-0,9279259,0,8693331,0,323,344,5701,293,0948,88,3449
28,2018871307373,Left,-0,8874593,0,8613018,0,2875824,344,1378,290,5414,87,09489
28,2156677246094,Left,-0,8676826,0,8577954,0,2711865,344,1695,289,427,86,55974
28,2296142578125,Left,-0,8230606,0,8477477,0,2322922,344,7979,286,7302,86,27374
28,2436199188232,Left,-0,7846872,0,8410489,0,2048051,344,9817,284,7509,85,33062
28,2573509216309,Left,-0,754311,0,8399504,0,1844697,344,8239,283,7759,85,66763
28,2713737487793,Left,-0,7087802,0,834479,0,147307,345,0751,281,7879,86,35373
28,2852096557617,Left,-0,6909227,0,8323353,0,1301356,345,3874,280,8803,86,97202
28,2992668151855,Left,-0,6442802,0,8261992,0,08333337,346,0039,278,0297,87,82652
28,3130207061768,Left,-0,6091285,0,8221825,0,04539746,346,042,275,5823,88,31346
28,3267211914063,Left,-0,5888823,0,8192704,0,02076137,346,2969,274,0162,88,47169
28,3408241271973,Left,-0,5489125,0,8150378,-0,03056347,346,551,269,6935,88,24668
28,3550071716309,Left,-0,5327036,0,8135451,-0,05117854,346,6145,268,3558,88,18798
28,3684864044189,Left,-0,4927633,0,8095281,-0,1025316,346,8199,264,8848,88,30473
28,382532119751,Left,-0,4567078,0,8076246,-0,1483504,347,07,262,6975,89,14619
28,3963794708252,Left,-0,4397018,0,8061465,-0,1751596,347,1835,261,3729,89,64221
28,4101638793945,Left,-0,403023,0,8034132,-0,2307751,347,4954,258,8642,90,25575
28,4241180419922,Left,-0,3926007,0,8033884,-0,248511,347,2668,258,3383,90,2531
28,4378776550293,Left,-0,3591636,0,8004977,-0,3064495,347,3229,255,7748,90,48893
28,4518661499023,Left,-0,3293788,0,7996569,-0,3562139,347,2691,254,0395,89,80235
28,4659614562988,Left,-0,3167539,0,7989408,-0,383137,347,3798,252,8207,89,661
28,4796543121338,Left,-0,2879789,0,7978076,-0,4425496,347,6592,249,6596,89,07339
28,4938049316406,Left,-0,2653013,0,7984903,-0,4867832,347,4345,247,7816,88,49882
28,5075702667236,Left,-0,2513888,0,7982476,-0,519822,347,2657,246,3566,88,20341
28,5214748382568,Left,-0,2332419,0,8010477,-0,5592536,346,3121,244,2031,87,17976
28,5354461669922,Left,-0,2271435,0,8023088,-0,5542147,346,2543,243,5259,87,06298
28,5491962432861,Left,-0,216252,0,8039158,-0,5758087,346,2024,241,691,87,13564
28,5631237030029,Left,-0,2111959,0,8058319,-0,5834278,346,2712,240,4782,87,84332
28,5770454406738,Left,-0,2086783,0,8064489,-0,5889716,346,1366,239,4613,87,88953
28,5912837982178,Left,-0,2044282,0,8083138,-0,5982307,345,763,237,6671,87,96435
28,6049556732178,Left,-0,2034853,0,8091851,-0,6009145,345,6017,237,047,87,95551
28,6188659667969,Left,-0,2048729,0,8115715,-0,6085669,345,0603,235,3506,87,51527
28,6325054168701,Left,-0,2102888,0,8136779,-0,6167618,344,7401,234,2734,87,62454
28,6465625762939,Left,-0,2199713,0,8146936,-0,6248297,344,6317,233,7057,87,79002
28,6602382659912,Left,-0,2384815,0,8165935,-0,6490563,344,3987,232,3375,88,01328
28,6742324829102,Left,-0,2407741,0,8170334,-0,6711305,344,4722,231,9858,88,30463
28,6883525848389,Left,-0,2617509,0,8186867,-0,7136233,344,4474,230,4158,88,63957
28,7019939422607,Left,-0,2812453,0,819375,-0,749205,344,6874,229,3129,88,62777
28,7161254882813,Left,-0,2930406,0,8196065,-0,7680483,344,5869,228,7879,88,14395
28,7298278808594,Left,-0,3215116,0,820536,-0,8039732,344,1752,228,1119,86,63184
28,7435855865479,Left,-0,3445711,0,8224092,-0,8284631,343,7601,227,8744,85,86012
28,7576637268066,Left,-0,362528,0,8236839,-0,8477172,343,4054,227,6311,85,6445
28,7714157104492,Left,-0,3900914,0,8254159,-0,8796681,343,0204,226,8921,85,18626
28,7854423522949,Left,-0,4070171,0,8270711,-0,8883694,342,6666,227,7337,86,1701
28,7993659973145,Left,-0,4436923,0,8301338,-0,9177585,343,0371,227,8164,87,72739
28,8132305145264,Left,-0,4746634,0,8298102,-0,9406823,343,1505,227,7183,88,35052
28,8274269104004,Left,-0,4964405,0,8303784,-0,9570181,343,2886,227,6664,88,85336
28,8409767150879,Left,-0,5307877,0,8315091,-0,9836434,343,3459,227,4736,89,43594
28,8547592163086,Left,-0,5449501,0,8317735,-0,9938111,343,3328,227,4363,89,47254
28,8688831329346,Left,-0,5851767,0,8333145,-1,024297,343,1821,227,3764,89,50628
28,8827610015869,Left,-0,6163869,0,8340389,-1,048289,343,1356,227,4268,89,41434
28,8965034484863,Left,-0,6344671,0,8348663,-1,062514,343,1684,227,4936,89,67656
28,9105625152588,Left,-0,6728432,0,8367134,-1,093149,343,4147,227,5555,90,72218
28,9241256713867,Left,-0,6833294,0,8370998,-1,101935,343,4401,227,5105,91,09895
28,9383029937744,Left,-0,7223742,0,8393496,-1,135482,343,4703,227,195,92,45282
28,9522533416748,Left,-0,7532173,0,8410529,-1,162838,343,3216,226,6034,93,25961
28,9657783508301,Left,-0,7676792,0,8417627,-1,1758,343,2584,226,2757,93,36288
28,9797706604004,Left,-0,8045072,0,851231,-1,208565,343,172,225,868,93,44762
28,9937610626221,Left,-0,8310022,0,8671151,-1,232731,343,184,225,6226,93,26791
29,0074100494385,Left,-0,8493413,0,867668,-1,250167,343,1444,225,4815,93,29428
29,0214347839355,Left,-0,8795261,0,8739161,-1,280874,342,8416,225,4906,93,13854
29,0352172851563,Left,-0,8911155,0,8752432,-1,294114,342,7217,225,4425,93,19468
29,0493354797363,Left,-0,92335,0,8791672,-1,331086,342,2523,225,211,93,43124
29,0632858276367,Left,-0,9440029,0,8830253,-1,361341,341,7824,225,2434,93,69328
29,0768585205078,Left,-0,9571563,0,8842229,-1,380401,341,6371,225,1477,93,72511
29,0909156799316,Left,-0,9781271,0,8890744,-1,422247,341,4342,224,8646,93,68136
29,1046981811523,Left,-0,9828348,0,8902265,-1,438087,341,3559,224,7359,93,56953
29,1183128356934,Left,-0,9988579,0,8951434,-1,48413,341,022,224,1185,92,82927
29,1322364807129,Left,-1,007958,0,8998348,-1,525906,340,6136,223,5119,91,81759
29,1459178924561,Left,-1,010784,0,90248,-1,547341,340,3913,223,2804,90,80955
29,1598529815674,Left,-1,018699,0,9081216,-1,598303,339,9167,222,8634,89,30293
29,1739540100098,Left,-1,022476,0,9139323,-1,637057,339,5226,222,5372,88,3148
29,1873893737793,Left,-1,025044,0,917793,-1,664114,339,3272,222,2073,87,86616
29,2013397216797,Left,-1,030029,0,9249537,-1,712834,339,1568,221,8288,87,12696
29,2152252197266,Left,-1,032426,0,9285769,-1,733872,339,4213,222,0589,86,54214
29,2290897369385,Left,-1,038612,0,9356373,-1,78703,339,5429,222,0073,85,3604
29,2430629730225,Left,-1,043292,0,9430219,-1,831908,340,3868,222,2557,84,28957
29,2569332122803,Left,-1,044993,0,9472953,-1,859865,340,5751,222,1393,83,72679
29,2706813812256,Left,-1,047058,0,9564988,-1,908396,340,8618,221,8028,82,70733
29,2847518920898,Left,-1,045595,0,9616421,-1,92209,340,4249,221,0177,82,36642
29,2983722686768,Left,-1,0446,0,9716507,-1,959153,339,9557,220,0059,81,3286
29,3123455047607,Left,-1,042852,0,9799207,-1,986592,339,7035,219,3629,80,44533
29,3262062072754,Left,-1,038068,0,9884974,-1,987825,337,8294,217,4288,79,97334
29,3400173187256,Left,-1,032652,1,002441,-2,007387,336,4214,215,2397,79,19723
29,3539447784424,Left,-1,031627,1,005947,-2,011674,336,7224,214,7272,79,07711
29,3679084777832,Left,-1,029326,1,016804,-2,025815,337,5227,213,2718,78,62123
29,3817920684814,Left,-1,027028,1,026141,-2,036537,338,0062,212,1978,78,25468
29,3956851959229,Left,-1,02718,1,030572,-2,041367,338,0772,211,9237,77,90636
29,409538269043,Left,-1,027034,1,041146,-2,053166,337,879,211,2265,76,95243
29,4233150482178,Left,-1,028528,1,049228,-2,061815,336,6769,210,9867,76,01225
29,437385559082,Left,-1,030247,1,0534,-2,067986,335,9239,210,5999,74,27612
29,4511528015137,Left,-1,035095,1,059292,-2,079064,334,9041,210,1508,70,17892
29,4652671813965,Left,-1,036141,1,062203,-2,084169,335,0492,209,662,69,21127
29,4790458679199,Left,-1,042659,1,064286,-2,098675,336,7485,208,7737,67,27979
29,4929294586182,Left,-1,04548,1,068073,-2,108756,337,7945,208,3449,66,9081
29,5067405700684,Left,-1,050373,1,065856,-2,115422,339,9362,208,6966,68,64404
29,5210876464844,Left,-1,058839,1,0631,-2,127422,341,7896,209,0119,68,74863
29,5348815917969,Left,-1,063909,1,060641,-2,130407,341,8642,209,4994,67,25533
29,5484008789063,Left,-1,075209,1,055937,-2,140428,342,201,210,2259,63,34209
29,5621776580811,Left,-1,085343,1,051217,-2,1494,343,0097,210,8773,59,33436
29,5762233734131,Left,-1,090843,1,047954,-2,154437,343,6635,211,2178,57,4546
29,5900840759277,Left,-1,101589,1,0402,-2,166261,344,8912,211,6099,54,09396
29,6039257049561,Left,-1,104551,1,038263,-2,16982,345,4319,211,5913,53,68634
29,6178321838379,Left,-1,113205,1,030177,-2,183705,347,0635,210,6113,54,58402
29,6317481994629,Left,-1,118194,1,02922,-2,200908,347,533,201,3977,60,71878
29,6455326080322,Left,-1,122322,1,019964,-2,189495,342,1288,201,8479,43,70716
29,6594982147217,Left,-1,136948,1,018888,-2,171794,339,9058,209,3674,27,92242
29,6732444763184,Left,-1,148672,1,011893,-2,16904,345,0321,214,1698,31,16853
29,6872158050537,Left,-1,153718,1,011578,-2,173115,346,058,213,8333,33,08683
29,7013263702393,Left,-1,160539,1,010973,-2,179117,348,325,211,9908,41,63765
29,7150611877441,Left,-1,163706,1,009255,-2,178862,347,2944,211,8072,42,36929
29,7289619445801,Left,-1,171116,1,015239,-2,169875,345,5596,213,7034,48,78243
29,7428588867188,Left,-1,174098,1,011375,-2,166261,349,1841,215,9414,55,00744
29,7569313049316,Left,-1,172883,1,000627,-2,169498,352,4639,214,325,54,73554
29,7705860137939,Left,-1,171182,0,9894198,-2,170071,353,4717,211,0778,49,20325
29,7845230102539,Left,-1,172295,0,9897592,-2,163906,351,7213,211,8365,45,22636
29,7982578277588,Left,-1,177462,0,9850498,-2,157077,350,7477,213,1762,41,92926
29,8127059936523,Left,-1,183963,0,9848944,-2,149178,349,9337,215,7269,42,30867
29,8260059356689,Left,-1,186794,0,9857699,-2,14486,349,1309,216,9643,43,38744
29,8401260375977,Left,-1,192373,0,9874973,-2,136999,347,2116,219,1089,46,99387
29,8540096282959,Left,-1,193242,0,9876922,-2,137385,346,5552,219,0941,48,97515
29,8677883148193,Left,-1,196129,0,9880983,-2,135425,345,3349,219,4308,52,38262
29,8817367553711,Left,-1,19902,0,9822296,-2,136973,344,9668,219,2136,51,3039
29,8956813812256,Left,-1,20031,0,9780138,-2,138625,345,3362,218,8201,48,79453
29,909366607666,Left,-1,20354,0,9695498,-2,141936,346,3632,218,0341,44,21606
29,9235458374023,Left,-1,205518,0,9643731,-2,146339,348,8764,217,3974,42,21373
29,9373111724854,Left,-1,206721,0,9639541,-2,149179,349,3144,216,9631,42,46773
29,9512500762939,Left,-1,208141,0,9659832,-2,154907,348,6479,216,2001,44,7642
29,9652729034424,Left,-1,208935,0,9662142,-2,157191,348,7396,215,9006,45,93593
29,9790000915527,Left,-1,21134,0,9666236,-2,163417,349,0141,215,052,48,49139
29,9928894042969,Left,-1,213414,0,9643545,-2,16978,349,2164,213,6658,49,45913
30,0068340301514,Left,-1,21527,0,9626113,-2,172944,349,61,213,1757,49,60144
30,0206050872803,Left,-1,219021,0,9597027,-2,177676,350,1522,212,5972,49,38806
30,0348701477051,Left,-1,22062,0,9587556,-2,178921,350,1962,212,5848,48,99946
30,048791885376,Left,-1,225248,0,9549891,-2,182389,350,4964,212,6918,47,57637
30,0623054504395,Left,-1,228978,0,952674,-2,18473,351,0224,213,0699,46,84905
30,0763492584229,Left,-1,23077,0,9515616,-2,186646,351,2083,212,9353,46,74845
30,0901756286621,Left,-1,233988,0,9494331,-2,191171,351,6258,212,3316,47,28793
30,1040554046631,Left,-1,234566,0,9488773,-2,192493,351,5841,211,9762,47,69708
30,118200302124,Left,-1,237109,0,9472858,-2,197233,351,8991,211,1826,49,04784
30,1316566467285,Left,-1,23905,0,9444306,-2,200876,352,3673,210,923,49,7221
30,1457328796387,Left,-1,239971,0,9429762,-2,202846,352,4764,210,6534,49,68578
30,1601467132568,Left,-1,242507,0,9397475,-2,2067,352,6251,210,2852,49,24359
30,1734352111816,Left,-1,243271,0,9391145,-2,207234,352,7049,210,3038,49,1618
30,1875858306885,Left,-1,246792,0,9355296,-2,209774,352,9316,210,4446,48,49996
30,2012176513672,Left,-1,249712,0,933161,-2,212062,352,8895,210,3811,47,80425
30,2150745391846,Left,-1,250755,0,9324339,-2,213317,352,9322,210,2696,47,69123
30,2291717529297,Left,-1,253484,0,9300238,-2,216967,353,0194,209,9457,47,46354
30,2427406311035,Left,-1,255674,0,9282385,-2,220312,352,9859,209,6218,47,24346
30,2568950653076,Left,-1,257274,0,9264557,-2,222405,352,9892,209,5131,46,7314
30,2708644866943,Left,-1,260353,0,9227714,-2,226783,353,2644,209,2017,45,68582
30,2844543457031,Left,-1,261329,0,9218492,-2,228317,353,5211,209,0341,45,53476
30,2985458374023,Left,-1,264392,0,9178764,-2,233239,354,2527,208,7937,45,47728
30,3124713897705,Left,-1,267232,0,9164237,-2,236568,354,3284,208,7954,45,4161
30,3261871337891,Left,-1,268635,0,9159686,-2,238528,354,2046,208,6787,45,76837
30,3401699066162,Left,-1,271484,0,9152741,-2,24261,353,6906,208,4564,45,95025
30,3540287017822,Left,-1,271834,0,9156088,-2,244026,353,4684,208,1904,46,22077
30,3680801391602,Left,-1,273385,0,9153139,-2,249156,353,0905,207,394,46,45534
30,3819408416748,Left,-1,274866,0,914287,-2,252789,353,0603,206,9388,46,53933
30,3956470489502,Left,-1,2751,0,9136512,-2,25414,353,0846,206,8795,46,20712
30,4096260070801,Left,-1,276353,0,9118857,-2,258115,353,1053,206,5041,45,41275
30,4238700866699,Left,-1,277893,0,9110794,-2,261055,353,0742,206,2088,45,24384
30,4372539520264,Left,-1,278992,0,9102495,-2,263272,353,0509,206,0019,45,1349
30,4513568878174,Left,-1,279363,0,909041,-2,265329,353,4272,205,7734,45,32293
30,465518951416,Left,-1,279563,0,9090033,-2,265631,353,2203,205,6357,45,50727
30,4791507720947,Left,-1,280703,0,9082486,-2,267354,352,8029,205,4891,45,45768
30,4930076599121,Left,-1,282145,0,9076482,-2,26822,352,4347,205,5977,45,16567
30,5067138671875,Left,-1,283146,0,9066819,-2,26911,352,5415,205,632,45,05911
30,5209579467773,Left,-1,285087,0,9050959,-2,270942,352,6685,205,6508,44,89766
0,Mustard grabbed,0,0,0,0,0,0
30,5346755981445,Left,-1,284901,0,905292,-2,270181,352,8236,205,7615,44,98762
30,5485057830811,Left,-1,287506,0,9036353,-2,272139,352,9934,205,8893,44,95337
30,5624141693115,Left,-1,289508,0,902223,-2,274116,353,0271,205,8769,44,76253
30,5763854980469,Left,-1,291665,0,9005116,-2,276585,353,0354,205,7888,44,3839
30,5902481079102,Left,-1,293865,0,8986655,-2,279536,352,9488,205,6118,43,6033
30,6041011810303,Left,-1,294575,0,898392,-2,280778,352,8562,205,4521,43,30294
30,6178722381592,Left,-1,297317,0,8963873,-2,285485,352,7338,205,0779,42,61908
30,6319389343262,Left,-1,299759,0,8947864,-2,288801,352,8177,204,9564,42,26877
30,6459159851074,Left,-1,301078,0,8936083,-2,29128,352,9383,204,869,42,25451
30,6594562530518,Left,-1,303177,0,8904703,-2,29733,353,0869,204,185,41,88829
30,6735248565674,Left,-1,304128,0,8877477,-2,302574,353,0331,203,2837,41,28489
30,6875114440918,Left,-1,304935,0,8854979,-2,306564,352,6643,202,5692,40,4638
30,7013168334961,Left,-1,306568,0,8813218,-2,31221,352,8126,201,5515,39,70835
30,7152328491211,Left,-1,307491,0,8790225,-2,313546,353,2939,201,2576,39,78595
30,7290344238281,Left,-1,31005,0,8724353,-2,317226,354,7247,200,4977,40,87936
30,7429161071777,Left,-1,312184,0,8678355,-2,318681,354,9608,200,3279,41,69116
30,756856918335,Left,-1,314249,0,8659685,-2,317466,355,6352,200,8255,42,89867
30,7707576751709,Left,-1,317295,0,8616348,-2,314708,356,291,202,6025,44,01353
30,7846488952637,Left,-1,319324,0,8593377,-2,312763,357,8638,205,1489,45,35161
30,7985572814941,Left,-1,320891,0,8533168,-2,311507,359,6074,206,0246,43,81616
30,8124504089355,Left,-1,31987,0,8529474,-2,315255,1,175773,204,3297,43,97836
30,8262767791748,Left,-1,317004,0,8562415,-2,314702,0,7777144,203,5199,45,92478
30,8403549194336,Left,-1,314111,0,859844,-2,312865,359,3918,203,3825,49,27712
30,8541316986084,Left,-1,31379,0,8599816,-2,311612,358,9845,203,1083,49,55016
30,8682518005371,Left,-1,314199,0,8638929,-2,306396,358,5579,202,6323,50,56194
30,8817253112793,Left,-1,315594,0,8661393,-2,299444,358,1817,203,2761,51,18886
30,8956813812256,Left,-1,317558,0,866577,-2,293396,358,0662,204,4014,50,92199
30,9097423553467,Left,-1,321617,0,8687061,-2,281534,357,5023,206,4076,50,20553
30,9234218597412,Left,-1,324813,0,8717909,-2,271479,356,2645,207,9526,48,67191
30,9374122619629,Left,-1,326377,0,874451,-2,264843,355,2971,208,7856,47,68783
30,9513092041016,Left,-1,327727,0,8804362,-2,252924,353,364,209,7814,46,43719
30,9650382995605,Left,-1,328216,0,8831908,-2,24832,352,7711,210,212,46,43286
30,9790897369385,Left,-1,328801,0,8897846,-2,234624,351,2321,211,4277,46,7591
30,9928092956543,Left,-1,329127,0,8941199,-2,224332,350,5703,212,3801,47,68637
31,0068054199219,Left,-1,329456,0,896172,-2,218157,350,1638,212,9858,48,05199
31,021017074585,Left,-1,329814,0,899324,-2,206038,349,5892,214,2269,48,25727
31,0345249176025,Left,-1,329617,0,9003627,-2,202054,349,4849,214,5136,48,38403
31,0484752655029,Left,-1,329046,0,9048541,-2,189093,348,6613,215,4796,48,73322
31,0623474121094,Left,-1,329239,0,9081172,-2,179108,347,9157,216,3441,48,89061
31,0761280059814,Left,-1,328314,0,9112312,-2,172129,347,1104,217,1387,49,32706
31,0903148651123,Left,-1,327426,0,9150693,-2,159049,345,2914,218,6902,48,52158
31,1044654846191,Left,-1,327758,0,9153309,-2,156332,345,0992,219,1221,47,74855
31,117826461792,Left,-1,327695,0,915445,-2,148597,344,6319,219,8807,45,79099
31,132007598877,Left,-1,327158,0,9169052,-2,14424,344,5143,220,0513,45,34747
31,145679473877,Left,-1,326555,0,9183391,-2,143627,344,1812,219,8674,45,83181
31,1597137451172,Left,-1,325236,0,9217393,-2,142955,343,4005,219,2337,46,95586
31,1735134124756,Left,-1,324502,0,9230655,-2,140676,342,8297,219,0855,47,10618
31,1872406005859,Left,-1,32408,0,9244673,-2,137082,342,4184,219,268,47,09845
31,2015686035156,Left,-1,325195,0,9227378,-2,151786,341,9759,217,8274,44,53842
31,2152404785156,Left,-1,325545,0,923057,-2,154349,342,0792,217,6077,43,85432
31,2290115356445,Left,-1,326112,0,9225063,-2,162486,341,8492,216,4312,41,68606
31,2431678771973,Left,-1,326475,0,9213683,-2,170254,342,104,215,4838,39,38583
31,2569427490234,Left,-1,326623,0,9205862,-2,175372,342,3816,214,9078,38,05436
31,2707366943359,Left,-1,326641,0,91908,-2,186061,343,192,213,5163,36,81955
31,2847061157227,Left,-1,326856,0,9187485,-2,191246,344,103,212,7232,37,56129
31,2984943389893,Left,-1,32871,0,9137583,-2,204505,347,421,211,7684,38,54875
31,3125381469727,Left,-1,329586,0,9102531,-2,213334,349,8021,212,2435,39,42319
31,3263893127441,Left,-1,329644,0,9103207,-2,216497,350,0067,212,123,39,38922
31,3404407501221,Left,-1,330559,0,9088131,-2,229798,348,11,210,6578,37,11247
31,3541698455811,Left,-1,330815,0,9088598,-2,231875,348,354,210,3743,37,12674
31,3683300018311,Left,-1,33188,0,9071377,-2,243097,348,4673,209,0073,36,50776
31,381778717041,Left,-1,332442,0,9052008,-2,251201,349,129,208,1804,36,47641
31,3958988189697,Left,-1,333019,0,9032452,-2,254499,349,9978,207,9381,37,02815
31,4096126556396,Left,-1,334718,0,8982302,-2,262423,351,5414,207,5199,37,27454
31,4235954284668,Left,-1,336759,0,8943245,-2,267319,352,7441,207,3536,36,94264
31,4375190734863,Left,-1,337798,0,8927014,-2,271215,353,0726,207,0044,36,66006
31,4513645172119,Left,-1,338772,0,8912984,-2,276875,353,1042,206,3672,36,35675
31,4653377532959,Left,-1,339019,0,8914144,-2,278652,352,9701,206,173,36,47473
31,4793739318848,Left,-1,339699,0,8914278,-2,284877,352,6391,205,4088,36,84676
31,4931583404541,Left,-1,339699,0,8930447,-2,2884,352,056,204,7004,37,75203
31,5069675445557,Left,-1,340073,0,893868,-2,290326,352,0079,204,5483,38,37818
31,5209274291992,Left,-1,340532,0,8949766,-2,294492,351,8929,204,0804,39,53007
31,5347290039063,Left,-1,340592,0,8950449,-2,295675,351,8505,203,9534,39,86244
31,5488739013672,Left,-1,341572,0,8954732,-2,299581,351,7591,203,7021,40,31061
31,562650680542,Left,-1,343133,0,8950493,-2,301598,351,619,203,9655,39,96983
31,5765037536621,Left,-1,344102,0,8952659,-2,302888,351,4748,204,0745,39,77776
31,5904235839844,Left,-1,345603,0,8957403,-2,306108,351,1444,204,0288,39,65612
31,6041011810303,Left,-1,345925,0,8965861,-2,306522,350,7064,203,9665,39,63951
31,6180839538574,Left,-1,34713,0,8986501,-2,309045,349,6536,203,8346,39,7897
31,6320362091064,Left,-1,348146,0,8996482,-2,311332,348,6647,203,8141,39,45427
31,6458320617676,Left,-1,348612,0,8997312,-2,312475,348,2635,203,798,39,04975
31,6597805023193,Left,-1,349754,0,8992057,-2,315624,347,7491,203,7376,38,37999
31,6736316680908,Left,-1,350572,0,8980091,-2,318033,347,9657,203,623,38,48788
31,6876640319824,Left,-1,351197,0,8970124,-2,320045,348,1824,203,477,38,67831
31,7015953063965,Left,-1,351548,0,8946553,-2,320583,349,0809,203,5719,39,08941
31,7153186798096,Left,-1,353131,0,8917493,-2,324336,349,618,203,676,39,04462
31,7292728424072,Left,-1,354976,0,8872285,-2,328097,350,5091,203,9208,38,63422
31,7431621551514,Left,-1,355913,0,8835459,-2,331514,351,0566,203,7895,38,1364
31,7572364807129,Left,-1,356288,0,8813141,-2,333849,351,1657,203,5916,37,86483
31,7709922790527,Left,-1,356902,0,8775116,-2,337674,350,9368,203,2772,37,23938
31,7848606109619,Left,-1,357113,0,8762445,-2,338964,350,8245,203,1637,37,22282
31,7991199493408,Left,-1,357815,0,8722315,-2,343345,350,1234,202,842,36,51163
31,8128604888916,Left,-1,357478,0,8689089,-2,346386,349,9047,202,5375,35,76615
31,8263683319092,Left,-1,357538,0,8672099,-2,34821,349,793,202,3537,35,55596
31,8403224945068,Left,-1,356822,0,8627332,-2,352095,349,8383,201,889,35,546
31,8543739318848,Left,-1,356991,0,8616707,-2,353156,350,4319,201,7997,36,04044
31,8679447174072,Left,-1,356825,0,857455,-2,356596,349,5813,201,2567,36,64807
31,8820056915283,Left,-1,35669,0,8521748,-2,358647,349,3667,201,1379,35,93906
31,8958778381348,Left,-1,356778,0,8508156,-2,359516,348,5706,199,877,35,67667
31,9096965789795,Left,-1,357799,0,8485613,-2,3582,348,3659,199,6144,36,59818
31,9237403869629,Left,-1,356735,0,8489614,-2,351633,349,2823,201,8595,41,10438
31,9376316070557,Left,-1,3567,0,8485283,-2,349968,349,1912,202,9312,43,05144
31,9513454437256,Left,-1,356941,0,848297,-2,348048,348,7267,203,0508,43,76307
31,9654350280762,Left,-1,356617,0,8499808,-2,347375,348,5488,203,0943,42,84787
0,Ketchup grabbed,0,0,0,0,0,0
31,9791145324707,Left,-1,356335,0,8553939,-2,343271,349,4592,203,3143,42,53214
31,9933032989502,Left,-1,356729,0,8573233,-2,340389,349,3777,203,5521,41,19931
32,0071487426758,Left,-1,356199,0,8591061,-2,337664,348,8475,203,7667,39,96656
32,0209159851074,Left,-1,355466,0,8622862,-2,332887,348,7359,203,6393,39,45807
32,0351486206055,Left,-1,355085,0,8646488,-2,331491,346,4323,203,534,40,01807
32,048755645752,Left,-1,35395,0,8688517,-2,328022,345,8973,202,9993,40,95594
32,0625190734863,Left,-1,352413,0,8712981,-2,325221,345,9428,202,612,42,83815
32,076717376709,Left,-1,351986,0,8734842,-2,323628,345,6213,202,6495,44,42097
32,0902900695801,Left,-1,352161,0,8764816,-2,320638,346,4439,203,9595,48,46567
32,1041374206543,Left,-1,352529,0,8738584,-2,319546,350,3197,206,6358,48,13939
32,1182403564453,Left,-1,353349,0,8777885,-2,316682,351,9506,208,9096,47,999
32,1319618225098,Left,-1,352933,0,8804064,-2,314887,351,4202,208,9189,45,97357
32,1459732055664,Left,-1,352356,0,8825028,-2,312485,350,8721,209,2777,44,48182
32,1599311828613,Left,-1,351904,0,8885766,-2,305666,349,1516,210,9038,44,19606
32,1738510131836,Left,-1,351866,0,8939282,-2,303097,348,2577,210,1204,46,23597
32,1876258850098,Left,-1,351358,0,8970876,-2,301139,347,5506,209,0672,47,87059
32,2014198303223,Left,-1,349425,0,9017605,-2,295702,347,8647,208,4762,48,25516
32,2153472900391,Left,-1,348961,0,9054257,-2,293151,347,05,207,9718,48,79072
32,2295570373535,Left,-1,347654,0,9131376,-2,285309,345,2944,207,6565,49,72057
32,2431297302246,Left,-1,34674,0,9190136,-2,278931,343,8088,207,8989,50,31897
32,2572326660156,Left,-1,345497,0,9224647,-2,273508,344,3028,208,3277,48,08946
32,271167755127,Left,-1,343991,0,930562,-2,265204,342,6619,208,2422,48,07008
32,2846984863281,Left,-1,343224,0,9319572,-2,261662,342,8053,208,2833,47,40722
32,2987442016602,Left,-1,342338,0,9391413,-2,250806,342,8914,209,4779,48,30917
32,3127555847168,Left,-1,342306,0,943482,-2,243386,343,1439,210,2225,47,00306
32,3263816833496,Left,-1,343333,0,9442116,-2,239062,343,2957,213,1033,42,53329
32,3403816223145,Left,-1,343588,0,9544537,-2,220033,349,0865,221,0879,41,71846
32,3543472290039,Left,-1,348519,0,9546381,-2,222887,351,5369,220,9385,39,34444
32,368236541748,Left,-1,351139,0,9620051,-2,209947,349,5906,222,9702,36,53152
32,3821792602539,Left,-1,354309,0,9673013,-2,200433,348,6978,220,0979,40,76326
32,3958854675293,Left,-1,354937,0,967562,-2,194175,348,1807,219,345,39,89917
32,4099502563477,Left,-1,354599,0,9701418,-2,178632,344,3152,216,7173,39,57103
32,4238204956055,Left,-1,354988,0,9758837,-2,166026,341,6635,217,3997,40,20716
32,4376411437988,Left,-1,355272,0,9776935,-2,159057,336,9515,215,9348,40,90096
32,4516448974609,Left,-1,350547,0,9814596,-2,138868,331,2716,217,818,44,17379
32,4655952453613,Left,-1,34927,0,975686,-2,133713,337,3582,222,1849,38,73731
32,4794235229492,Left,-1,346837,0,9797295,-2,120981,336,9919,223,6518,38,78894
32,4934577941895,Left,-1,345676,0,9810163,-2,11075,339,1594,224,964,37,44123
32,5070419311523,Left,-1,344631,0,9841616,-2,102507,343,1731,225,3092,40,3583
32,5212936401367,Left,-1,344201,0,9871289,-2,091684,340,9333,225,5701,41,13572
32,5349311828613,Left,-1,342917,0,9863305,-2,08638,342,4646,224,5076,42,21515
32,5486640930176,Left,-1,340118,0,9842546,-2,071366,345,2961,224,3979,40,73648
32,5628471374512,Left,-1,340186,0,9883219,-2,055444,345,5061,224,7934,44,53516
32,576488494873,Left,-1,340954,0,9885289,-2,044984,339,4506,225,57,44,33718
32,5904579162598,Left,-1,35012,0,9959911,-2,022523,328,5252,228,3998,43,76007
32,6043395996094,Left,-1,355761,0,9940404,-2,013828,328,6906,228,8703,43,35911
32,6180763244629,Left,-1,368633,0,9922521,-1,985595,327,797,230,9829,42,69929
32,6320915222168,Left,-1,38568,0,9904718,-1,956196,326,4656,233,4001,40,89084
32,6459083557129,Left,-1,392067,0,9909538,-1,938618,325,2299,236,5585,40,82129
32,659595489502,Left,-1,412643,0,9863337,-1,901795,325,3017,242,4739,38,57631
32,6735763549805,Left,-1,429649,0,9846493,-1,873542,326,9335,242,9824,38,12614
32,6874504089355,Left,-1,440128,0,9834476,-1,849114,328,0691,243,1806,39,71466
32,7014770507813,Left,-1,458872,0,9815958,-1,807713,328,7098,243,5187,41,21109
32,7152557373047,Left,-1,465985,0,9795744,-1,788833,329,3331,244,3745,41,80204
32,7293434143066,Left,-1,486434,0,975717,-1,738343,329,6489,246,207,42,37551
32,7432289123535,Left,-1,500684,0,9716562,-1,698771,330,3287,248,1008,42,36835
32,7567749023438,Left,-1,507831,0,9689934,-1,673444,330,706,249,5322,42,11421
32,7707633972168,Left,-1,520167,0,9647283,-1,622411,330,9652,251,3143,42,55859
32,784797668457,Left,-1,523491,0,9640409,-1,603464,329,8505,251,7607,43,00881
32,798526763916,Left,-1,530525,0,9607322,-1,548144,328,7969,252,9,44,92396
32,8124237060547,Left,-1,536424,0,9570046,-1,501656,328,3594,253,1798,45,90638
32,8263092041016,Left,-1,536681,0,9544875,-1,474014,329,9091,252,6662,47,33448
32,840461730957,Left,-1,539047,0,9474924,-1,414354,331,5741,253,4927,45,91622
32,8541984558105,Left,-1,538098,0,9448007,-1,39721,333,5886,253,2465,42,87067
32,8679962158203,Left,-1,534785,0,9415648,-1,334538,334,1458,253,8303,41,81965
32,8818359375,Left,-1,530623,0,9368067,-1,280359,334,773,254,749,41,7305
32,8959350585938,Left,-1,527681,0,9341039,-1,253551,334,0963,256,3725,39,62937
32,9096031188965,Left,-1,520075,0,9274936,-1,193372,333,7051,260,9435,31,99364
32,9239654541016,Left,-1,509691,0,927385,-1,144635,334,6244,265,8068,30,57113
32,9374084472656,Left,-1,505336,0,9311162,-1,110547,332,0923,262,1878,42,38777
32,9514579772949,Left,-1,489081,0,9131584,-1,055255,331,2071,262,0399,47,49347
32,9655418395996,Left,-1,483216,0,9019756,-1,031859,333,4193,263,3871,44,01753
32,9793472290039,Left,-1,460699,0,8859894,-0,9719437,341,5167,268,6172,39,98568
32,9929351806641,Left,-1,448155,0,8780556,-0,9300879,340,7169,268,8177,40,30895
33,007022857666,Left,-1,435171,0,8762336,-0,9008441,342,6108,269,8946,40,77897
33,0206413269043,Left,-1,413383,0,8705035,-0,8498852,344,8521,271,0056,41,81398
33,0348129272461,Left,-1,405354,0,8679494,-0,8311858,348,9769,271,1339,41,21206
33,048526763916,Left,-1,381272,0,8688871,-0,7778567,349,5726,272,1147,43,2104
33,0622634887695,Left,-1,359869,0,8665513,-0,7341312,347,5107,273,5214,45,60016
33,0763549804688,Left,-1,345548,0,8636671,-0,7079605,346,2793,276,9712,43,89837
33,090274810791,Left,-1,321241,0,8701008,-0,6539402,346,4035,277,2782,51,70647
33,1039352416992,Left,-1,314388,0,8650506,-0,6406336,345,7689,275,6234,50,69842
33,1181221008301,Left,-1,283823,0,8713481,-0,5857353,345,5829,277,8668,51,55133
33,1318168640137,Left,-1,261518,0,8752922,-0,5417702,340,8522,279,6505,53,06334
33,1457366943359,Left,-1,253428,0,8771138,-0,5192773,335,0602,279,0544,54,18071
33,1597137451172,Left,-1,227202,0,876193,-0,465506,329,9526,281,851,51,35663
33,1735572814941,Left,-1,211071,0,8783611,-0,4258412,328,8906,281,808,50,9158
33,1875648498535,Left,-1,197003,0,8780764,-0,3956336,331,7734,283,6675,51,4472
33,2016372680664,Left,-1,178492,0,8799281,-0,3467183,334,916,286,1864,53,1543
33,215087890625,Left,-1,174213,0,8803022,-0,3277012,336,5787,288,2818,54,01926
33,2294044494629,Left,-1,15905,0,8825324,-0,270025,337,6869,290,6166,55,15977
33,2428741455078,Left,-1,153456,0,8828586,-0,2297704,338,0097,292,5862,53,29514
33,256160736084,Left,-1,151241,0,8834328,-0,2082338,340,384,294,3599,54,07391
33,2700119018555,Left,-1,149741,0,883864,-0,1598563,340,9414,296,2213,52,20643
33,2836608886719,Left,-1,151539,0,8851892,-0,1493679,341,845,296,5313,52,77577
33,2977409362793,Left,-1,154457,0,8860213,-0,1037823,342,8927,296,256,52,7064
33,3117179870605,Left,-1,160061,0,8865618,-0,06754398,345,1918,296,1415,51,78374
33,3254623413086,Left,-1,165475,0,8879163,-0,05267167,344,3137,294,6438,50,6989
33,3399772644043,Left,-1,174161,0,8877991,-0,01049042,343,083,294,1573,47,79567
33,3531913757324,Left,-1,176786,0,8912555,-0,003365636,343,928,292,9496,49,30174
33,3671569824219,Left,-1,18748,0,8898403,0,03574657,345,6676,292,4435,45,04667
33,3811264038086,Left,-1,197322,0,8942419,0,07118452,344,0621,294,1553,40,81824
33,3947944641113,Left,-1,202801,0,8977618,0,08576152,343,5237,294,8996,43,07902
33,408763885498,Left,-1,215021,0,8998798,0,1248558,347,9802,295,0074,48,6029
33,4229850769043,Left,-1,225298,0,9001203,0,1556203,346,1303,293,4051,53,19842
33,4364433288574,Left,-1,230817,0,8985676,0,1722514,344,6269,292,0626,55,12721
33,4505348205566,Left,-1,242316,0,8970184,0,2089501,343,1988,291,0059,54,72321
33,4645462036133,Left,-1,245999,0,8971494,0,2208029,342,3271,290,5846,55,07538
33,4781074523926,Left,-1,257898,0,8961564,0,2558852,341,4379,289,798,54,60842
33,4920387268066,Left,-1,266877,0,8953878,0,2866931,340,1036,290,2026,53,46737
33,5058174133301,Left,-1,273241,0,8957911,0,3003669,338,1163,289,7819,52,70493
33,5198593139648,Left,-1,284234,0,8957304,0,3363214,336,9352,287,7242,54,52085
33,5338325500488,Left,-1,292495,0,8941696,0,3614171,335,0317,287,4692,53,85496
33,5475578308105,Left,-1,299452,0,8945478,0,3796203,334,9212,285,8453,54,27447
33,5617637634277,Left,-1,307284,0,8941054,0,4097588,331,5087,285,8251,54,0878
33,5754089355469,Left,-1,309754,0,8945593,0,4198813,329,9197,285,4013,54,32137
33,589168548584,Left,-1,317484,0,8947871,0,4499635,328,9531,284,5505,56,286
33,6032180786133,Left,-1,322358,0,8924825,0,4750012,328,2198,286,501,55,53449
33,6169242858887,Left,-1,325071,0,8913366,0,4905974,328,5719,288,9523,54,90279
33,6310348510742,Left,-1,331817,0,888915,0,5195603,329,7487,291,8538,51,96264
33,6448822021484,Left,-1,332639,0,8885641,0,5302978,331,6996,293,6405,50,98577
33,6593627929688,Left,-1,339923,0,8838704,0,5640775,335,5115,295,2025,49,47816
33,6728363037109,Left,-1,342214,0,8838212,0,5871013,338,4657,297,018,50,74401
33,6866683959961,Left,-1,346094,0,8826668,0,6022791,338,6797,298,0003,50,89591
33,7003364562988,Left,-1,3505,0,8817512,0,6303713,338,8268,298,9963,51,22868
33,7144432067871,Left,-1,353175,0,8809874,0,6404984,338,4758,299,1365,50,61763
33,7280426025391,Left,-1,357022,0,8799976,0,6680346,338,4178,299,4636,49,98476
33,742115020752,Left,-1,360362,0,8791361,0,691231,338,7853,300,1464,49,21589
33,756031036377,Left,-1,362177,0,8791882,0,7018852,338,9954,300,8239,48,94955
33,7697601318359,Left,-1,36617,0,878464,0,7259257,339,7048,301,7378,49,24091
33,7838859558105,Left,-1,370134,0,8778062,0,7429557,339,3448,302,0742,48,17781
33,7977867126465,Left,-1,372406,0,8778912,0,7545044,340,1502,302,1999,48,43786
33,8114814758301,Left,-1,374928,0,8777248,0,7699899,341,0429,303,1462,49,00328
33,8254814147949,Left,-1,3758,0,878425,0,7750649,341,3767,303,9183,49,89841
33,8393516540527,Left,-1,378316,0,8795645,0,7856371,342,0038,304,7647,51,35783
33,8531761169434,Left,-1,380665,0,8807852,0,7902973,342,3621,305,2242,52,26168
33,8672142028809,Left,-1,382467,0,8811429,0,7926106,342,1365,305,317,52,52042
33,8809394836426,Left,-1,385725,0,882633,0,7970375,341,7789,304,657,52,93793
33,8951644897461,Left,-1,38719,0,8834496,0,7986854,341,0183,304,2104,52,62229
33,9090347290039,Left,-1,389673,0,8846298,0,8021796,340,0161,303,6437,52,4577
33,9226531982422,Left,-1,391851,0,8848076,0,8051273,339,6429,303,8336,52,17781
33,9366455078125,Left,-1,392983,0,8843982,0,8070632,340,3044,304,2412,51,76292
33,9508972167969,Left,-1,395681,0,8857579,0,8117737,340,1514,304,3567,51,04413
33,9643058776855,Left,-1,396034,0,8860922,0,812858,339,981,304,226,50,53065
33,9783248901367,Left,-1,396969,0,8886255,0,8180347,339,9808,304,0569,50,65893
33,9921951293945,Left,-1,396441,0,8907702,0,8219717,340,3829,304,5888,50,83244
34,0061187744141,Left,-1,397752,0,8908806,0,8235846,341,0638,304,839,51,21541
34,0200233459473,Left,-1,399848,0,8917385,0,8273634,341,571,305,9824,51,47944
34,0337524414063,Left,-1,400093,0,8925963,0,8295087,341,2446,306,2903,51,37497
34,0478324890137,Left,-1,402309,0,8939087,0,8336777,340,5974,306,515,51,4369
34,0617637634277,Left,-1,403284,0,8950403,0,8367233,340,3896,307,2641,51,61904
34,0754814147949,Left,-1,40463,0,8954247,0,8375944,339,9277,307,1471,51,84129
34,089527130127,Left,-1,407219,0,8964911,0,840075,339,4784,306,4049,52,14516
34,1034851074219,Left,-1,408949,0,8971893,0,842014,339,0794,305,8934,52,47172
34,1172485351563,Left,-1,409491,0,8978825,0,8438129,338,4142,306,3883,52,47492
34,1313323974609,Left,-1,413309,0,8986279,0,8486094,338,1432,306,3882,52,40278
34,1449851989746,Left,-1,415284,0,8979576,0,8505307,337,9998,306,5084,51,31888
34,1589965820313,Left,-1,421095,0,8987228,0,8558446,338,0873,305,4164,51,00789
34,1728820800781,Left,-1,425257,0,899236,0,8601317,338,6123,305,6276,51,55533
34,186595916748,Left,-1,429522,0,8988945,0,863813,339,9409,306,062,51,39145
34,2006301879883,Left,-1,437775,0,8989398,0,8711203,339,7394,306,1921,50,94034
34,2148551940918,Left,-1,441186,0,8993139,0,8744508,339,5195,306,5398,50,90125
34,2285423278809,Left,-1,450959,0,8999352,0,8837185,339,4267,307,0212,51,06075
34,2424392700195,Left,-1,461214,0,8999599,0,8925092,338,8179,307,4706,50,57211
34,2560844421387,Left,-1,466586,0,9005268,0,8973441,338,2639,307,6571,50,53885
34,2704849243164,Left,-1,479724,0,9011729,0,9098075,338,2179,308,7847,50,86958
34,2840614318848,Left,-1,485017,0,901629,0,9146472,337,6781,308,7469,50,56503
34,2977867126465,Left,-1,499233,0,9027951,0,9281904,337,6188,308,625,50,80353
34,3118095397949,Left,-1,512532,0,9033871,0,9400986,337,9534,308,2557,51,42744
34,325855255127,Left,-1,519973,0,9031132,0,9460035,338,0998,307,4449,51,52625
34,3394508361816,Left,-1,533492,0,90273,0,9589803,339,0879,307,528,51,22662
34,3536949157715,Left,-1,546476,0,903285,0,9702474,339,1747,306,5288,50,92648
34,3671569824219,Left,-1,553375,0,903719,0,9777633,339,7215,306,6894,51,11572
34,3811836242676,Left,-1,567695,0,9041179,0,9924833,339,744,307,0786,50,6986
34,3951454162598,Left,-1,573282,0,9041579,0,9981264,339,976,307,6354,50,28779
34,4087944030762,Left,-1,586915,0,905613,1,010879,339,0927,308,2048,49,71818
34,4229621887207,Left,-1,598339,0,9060511,1,013256,339,4154,309,265,49,7843
34,4373054504395,Left,-1,606784,0,9063367,1,014646,339,4224,309,341,49,73768
34,4507064819336,Left,-1,618999,0,9066998,1,016796,339,7027,309,5136,49,66471
34,4646682739258,Left,-1,624195,0,9070566,1,018125,339,8558,309,5351,49,73142
34,4784202575684,Left,-1,636725,0,9072132,1,020835,341,1141,309,7869,50,01687
34,4923324584961,Left,-1,648299,0,907272,1,022644,341,6255,309,9169,50,18932
34,5063209533691,Left,-1,654187,0,9075306,1,023468,341,3602,310,0114,50,5215
34,5199928283691,Left,-1,664793,0,907829,1,025616,340,1151,309,8608,50,31472
34,5342292785645,Left,-1,666267,0,9077767,1,02568,339,8994,310,193,50,15804
34,5479316711426,Left,-1,672267,0,9086106,1,028149,338,9352,310,0292,50,04545
34,5619125366211,Left,-1,671878,0,9084587,1,029392,338,177,310,406,49,6543
34,5760116577148,Left,-1,67086,0,9082667,1,030036,338,4977,310,8185,49,89751
34,589542388916,Left,-1,669594,0,9074789,1,031013,339,6009,311,3864,49,87226
34,6036682128906,Left,-1,668823,0,9073412,1,031801,340,8726,311,8324,50,113
34,6174964904785,Left,-1,668768,0,907113,1,032102,341,3641,311,981,49,98079
34,6312522888184,Left,-1,668138,0,9071935,1,032326,341,5246,312,1152,50,01262
34,6453514099121,Left,-1,668067,0,9075751,1,032855,341,0781,311,9723,50,08778
34,6590995788574,Left,-1,666081,0,9068574,1,034571,341,3143,311,9796,50,21709
34,6729927062988,Left,-1,665672,0,9065443,1,035997,341,1672,312,1918,49,9962
34,686897277832,Left,-1,665665,0,9065031,1,03656,341,0092,312,0886,50,00986
34,7007102966309,Left,-1,664161,0,9055845,1,038397,341,4509,312,2379,49,86651
34,7147102355957,Left,-1,663986,0,9057389,1,038569,341,2964,312,3251,49,84225
34,7287139892578,Left,-1,663188,0,9053535,1,039539,341,8176,312,5661,49,85989
34,7423973083496,Left,-1,662938,0,9054789,1,040184,341,8764,312,7499,49,74353
34,7565116882324,Left,-1,662904,0,9054112,1,040344,342,0816,312,7813,49,73785
34,770393371582,Left,-1,662163,0,9049965,1,04197,342,5771,312,7338,49,67287
34,7843475341797,Left,-1,662041,0,905305,1,04239,342,6219,312,1146,49,96535
34,7981948852539,Left,-1,660591,0,905394,1,043252,342,6517,311,9417,50,22577
0,Mustard dropped,0,0,0,0,0,0
34,8117752075195,Left,-1,658756,0,905742,1,044956,342,3246,312,2687,50,36898
34,8259620666504,Left,-1,658109,0,9057846,1,045392,341,9871,312,7411,50,46849
34,8398971557617,Left,-1,656823,0,9059091,1,046752,341,3409,313,4509,50,16008
34,8536643981934,Left,-1,656193,0,9061641,1,048049,340,6766,313,8668,49,66279
34,8675994873047,Left,-1,655479,0,906678,1,049751,340,2971,313,7112,49,1084
34,8814888000488,Left,-1,654976,0,9072023,1,051058,339,8338,313,6362,48,5517
34,8953056335449,Left,-1,65441,0,90767,1,052118,340,0896,313,6208,48,36396
34,9094543457031,Left,-1,652914,0,9082869,1,053646,341,2296,313,9314,48,44083
34,9230194091797,Left,-1,650505,0,9097661,1,056225,341,8859,314,5037,48,56409
34,9370193481445,Left,-1,649003,0,9107967,1,057782,342,3679,314,6202,48,90454
34,9509887695313,Left,-1,645977,0,9116008,1,059572,342,8173,315,5948,48,93439
34,9646377563477,Left,-1,645234,0,9122699,1,060385,342,5391,316,0682,48,91869
34,9787406921387,Left,-1,642652,0,9139352,1,063693,341,4635,316,5578,48,74588
34,9926795959473,Left,-1,640838,0,9151292,1,066592,340,4819,316,7162,48,89093
35,0067481994629,Left,-1,639145,0,9164562,1,068507,339,1619,317,1938,49,56738
35,0203742980957,Left,-1,638152,0,9157426,1,07394,340,3522,316,422,49,01925
35,034107208252,Left,-1,636447,0,9169157,1,075014,340,2589,316,4079,48,83768
35,0481147766113,Left,-1,632864,0,9173988,1,080678,340,4731,316,9479,48,22374
35,0622024536133,Left,-1,628899,0,9177338,1,086718,341,1289,318,0484,47,63569
35,075813293457,Left,-1,627193,0,9181892,1,088811,341,4389,318,8231,47,39529
35,0898704528809,Left,-1,622103,0,9187922,1,095153,341,7684,320,3847,47,14527
35,1042900085449,Left,-1,619064,0,9200014,1,100058,341,4613,321,0573,47,53476
35,1175422668457,Left,-1,617136,0,9209223,1,103472,340,973,321,0145,47,77062
35,1315689086914,Left,-1,613706,0,9221267,1,109145,340,2761,320,7945,48,06983
35,1452903747559,Left,-1,612064,0,9222212,1,111728,340,053,320,8338,47,99014
35,1592483520508,Left,-1,60743,0,9232306,1,117825,339,8383,321,3861,47,81565
35,1733360290527,Left,-1,602961,0,9239038,1,122007,339,9802,322,9886,47,41265
35,1869583129883,Left,-1,600531,0,9243089,1,124609,340,4081,323,7137,47,07972
35,2010650634766,Left,-1,595682,0,9262447,1,128421,340,5199,324,7377,47,42939
35,2150268554688,Left,-1,594219,0,9268491,1,129668,341,1457,325,241,47,76628
35,2286224365234,Left,-1,590524,0,9293557,1,133225,340,9517,325,3373,48,26511
35,2429313659668,Left,-1,58796,0,9310834,1,134999,340,2277,325,0161,48,26093
35,2565574645996,Left,-1,586948,0,9321443,1,135807,340,652,323,4484,48,50636
35,2704277038574,Left,-1,583954,0,9334456,1,138033,340,8972,321,9258,48,51096
35,284351348877,Left,-1,580984,0,9345118,1,138325,340,0531,323,4145,48,53851
35,2981033325195,Left,-1,577101,0,9365856,1,139323,339,705,324,3069,48,94137
35,3123626708984,Left,-1,57344,0,9374738,1,140158,339,5216,325,7981,49,27282
35,326057434082,Left,-1,57318,0,9387869,1,140487,338,2891,325,1212,50,08297
35,3398208618164,Left,-1,570357,0,93941,1,140942,338,0879,324,5041,49,96159
35,3538627624512,Left,-1,568262,0,9398699,1,140999,338,5277,324,1475,50,08312
35,3678245544434,Left,-1,567155,0,939861,1,141262,338,4966,323,7516,49,94048
35,3817329406738,Left,-1,564954,0,9394121,1,141119,338,9178,323,9359,49,67398
35,3955078125,Left,-1,564112,0,9395649,1,141362,338,8201,324,2239,49,83968
0,Ketchup dropped,0,0,0,0,0,0
0,Ketchup grabbed,0,0,0,0,0,0
35,409351348877,Left,-1,562837,0,9388099,1,141168,338,7574,324,6396,50,21696
35,4233818054199,Left,-1,567278,0,9356803,1,144629,338,377,322,2694,48,04509
35,4372444152832,Left,-1,566419,0,9356136,1,14353,338,5523,322,0823,47,90895
35,4510116577148,Left,-1,566876,0,9344395,1,143371,338,8369,321,9447,47,42771
35,4650459289551,Left,-1,567359,0,9347427,1,143097,338,8855,321,8311,47,53875
35,4789237976074,Left,-1,568754,0,9330035,1,142496,339,1394,321,5088,47,33083
35,4926452636719,Left,-1,569825,0,9309335,1,141798,339,6158,321,4333,47,19283
35,5067100524902,Left,-1,570091,0,9292999,1,141531,340,2684,321,6697,47,22429
35,5206604003906,Left,-1,573765,0,928,1,138484,340,0488,320,8987,46,94118
35,5345840454102,Left,-1,574641,0,9269428,1,137626,339,8453,320,6346,45,98056
35,5485038757324,Left,-1,577447,0,9244151,1,135826,340,2662,320,1905,45,44203
35,5621719360352,Left,-1,58199,0,9237742,1,134051,340,1306,319,0013,44,5867
35,576301574707,Left,-1,583346,0,9242588,1,132088,339,987,318,6551,44,85949
35,5900764465332,Left,-1,587425,0,9253107,1,128091,339,6779,317,8806,46,13648
35,6037521362305,Left,-1,588534,0,9248491,1,126549,339,622,317,7113,46,83439
35,6178283691406,Left,-1,592479,0,9248352,1,122749,339,6671,317,1012,48,30746
35,6317291259766,Left,-1,595467,0,9236371,1,120331,340,01,316,7104,49,17706
35,6455764770508,Left,-1,596857,0,9231125,1,119298,340,0215,316,3945,49,33598
35,6597099304199,Left,-1,600734,0,922776,1,116902,340,1163,315,1815,49,88471
35,6733589172363,Left,-1,601692,0,9232311,1,114694,340,0507,314,8802,50,77396
35,6877403259277,Left,-1,602511,0,9230885,1,113361,339,8369,314,736,50,96898
35,7012367248535,Left,-1,602767,0,9230866,1,111219,339,2102,314,5913,50,73498
35,7149085998535,Left,-1,602458,0,9232092,1,110186,338,9846,314,6024,50,74868
35,7291374206543,Left,-1,60327,0,9230335,1,107576,338,7234,314,3641,51,04151
35,742919921875,Left,-1,603681,0,9220595,1,105834,338,8111,314,2521,51,21185
35,7565536499023,Left,-1,603844,0,9211131,1,10497,338,9985,314,3016,51,23473
35,7707710266113,Left,-1,60334,0,9186501,1,10476,339,523,314,7473,50,82583
35,7843742370605,Left,-1,603267,0,9187371,1,105009,339,5103,314,7618,50,79986
35,798397064209,Left,-1,603453,0,9163333,1,10393,339,8359,314,961,50,5536
35,8123588562012,Left,-1,60381,0,9144073,1,102686,340,0738,315,0533,50,47228
35,826114654541,Left,-1,603994,0,913664,1,102064,340,1347,315,0215,50,5029
35,8401947021484,Left,-1,604654,0,911501,1,099897,340,3157,314,9108,50,84428
35,8543434143066,Left,-1,604672,0,9112713,1,099812,340,3362,314,9202,50,85369
35,8681449890137,Left,-1,605026,0,9101648,1,098988,340,4408,314,9263,51,00443
35,8819122314453,Left,-1,605425,0,9055055,1,097665,340,9676,315,1057,50,44992
35,8955726623535,Left,-1,605955,0,9040509,1,097042,341,2757,315,0685,50,5218
35,9097595214844,Left,-1,606166,0,9020284,1,096569,341,7881,315,0209,50,54734
35,9234580993652,Left,-1,605945,0,9009351,1,096239,341,8238,315,1412,50,33487
35,9372482299805,Left,-1,605498,0,9015429,1,096438,341,6452,315,2408,50,28152
35,9513053894043,Left,-1,604935,0,9022264,1,096277,341,335,315,3497,50,22086
35,9652900695801,Left,-1,60508,0,9023978,1,096417,341,333,315,2964,50,23431
35,9791603088379,Left,-1,605278,0,9023255,1,095521,341,2137,314,969,50,41716
35,9929847717285,Left,-1,606053,0,900577,1,092666,341,2996,314,3637,50,97852
36,0067253112793,Left,-1,605931,0,9002196,1,092391,341,3358,314,3717,50,96815
36,0207138061523,Left,-1,605772,0,8996554,1,092167,341,4183,314,4546,50,75683
36,0346450805664,Left,-1,605882,0,8992285,1,091825,341,4836,314,4225,50,69328
36,0483589172363,Left,-1,605806,0,8984843,1,091214,341,6339,314,4248,50,57126
36,0624237060547,Left,-1,605549,0,8981574,1,09064,341,7643,314,4512,50,67235
36,0763282775879,Left,-1,605554,0,8981331,1,090521,341,7618,314,4396,50,68912
36,090389251709,Left,-1,605619,0,8978515,1,089912,341,7897,314,4412,50,69949
36,1042137145996,Left,-1,605628,0,8978266,1,089874,341,7936,314,438,50,67355
36,1180572509766,Left,-1,605973,0,8973373,1,089177,341,8597,314,36,50,53921
36,1320648193359,Left,-1,60605,0,8972884,1,088633,341,896,314,2512,50,47194
36,145866394043,Left,-1,605947,0,8973169,1,088583,341,8849,314,2589,50,47016
36,1597290039063,Left,-1,605915,0,8971633,1,088403,341,9765,314,2796,50,39322
36,1736221313477,Left,-1,606064,0,8969251,1,088263,342,0765,314,2627,50,27167
36,1875419616699,Left,-1,606038,0,8968451,1,088259,342,1258,314,2809,50,23555
36,2015991210938,Left,-1,605865,0,8967232,1,0883,342,2118,314,34,50,13646
36,2153968811035,Left,-1,605585,0,896705,1,088389,342,2326,314,4,50,05113
36,2290382385254,Left,-1,604842,0,8967305,1,088596,342,2761,314,5384,49,91953
36,2429542541504,Left,-1,604467,0,8967594,1,088734,342,3197,314,5888,49,88443
36,2569007873535,Left,-1,604234,0,8967801,1,088774,342,3253,314,6228,49,87057
36,2711143493652,Left,-1,603377,0,8969061,1,088957,342,3379,314,749,49,8355
36,2847709655762,Left,-1,603227,0,8968843,1,088972,342,3356,314,7679,49,81703
36,2985916137695,Left,-1,601917,0,896854,1,089184,342,3151,314,9588,49,6366
36,3126029968262,Left,-1,601013,0,8968763,1,089365,342,2969,315,0435,49,46267
36,3262901306152,Left,-1,600713,0,8969215,1,089395,342,3207,315,0789,49,45948
36,3403549194336,Left,-1,599832,0,8967956,1,089482,342,3676,315,2174,49,42269
36,354434967041,Left,-1,599609,0,8967572,1,089575,342,36,315,2608,49,3683
36,3680877685547,Left,-1,598903,0,8966101,1,089669,342,3506,315,351,49,24286
36,3818359375,Left,-1,59863,0,8965141,1,089666,342,3506,315,3594,49,22943
36,3958549499512,Left,-1,598451,0,896383,1,089641,342,3995,315,3691,49,22494
36,4097900390625,Left,-1,59811,0,8960683,1,089661,342,4736,315,3837,49,19259
36,4236450195313,Left,-1,597958,0,8959848,1,089684,342,4745,315,3936,49,19298
36,4375610351563,Left,-1,597874,0,8959163,1,089684,342,475,315,3887,49,19326
36,4513893127441,Left,-1,59784,0,8958904,1,089685,342,475,315,3887,49,19326
0,Ketchup dropped,0,0,0,0,0,0
36,46533203125,Left,-1,597582,0,8955204,1,089606,342,5364,315,3994,49,21737
36,4792594909668,Left,-1,59724,0,8947771,1,089513,342,6581,315,4131,49,23686
36,4931144714355,Left,-1,597088,0,8943008,1,089458,342,7371,315,4088,49,2568
36,5070838928223,Left,-1,597012,0,8940174,1,089379,342,7409,315,4009,49,2647
36,5211181640625,Left,-1,596928,0,8936848,1,089246,342,7966,315,368,49,30891
36,534782409668,Left,-1,596892,0,893309,1,088983,342,8238,315,3137,49,38097
36,5489082336426,Left,-1,596805,0,8926761,1,08849,342,9042,315,2478,49,51736
36,5625534057617,Left,-1,596661,0,8918529,1,088084,343,0126,315,2653,49,55623
36,5764503479004,Left,-1,59655,0,891147,1,087832,343,1343,315,3045,49,52749
36,5907897949219,Left,-1,59639,0,8899529,1,087405,343,327,315,3492,49,42143
36,6042175292969,Left,-1,596421,0,889559,1,087183,343,3822,315,3525,49,37372
36,618236541748,Left,-1,596485,0,8889493,1,086811,343,4493,315,3521,49,33326
36,6322784423828,Left,-1,596672,0,8885348,1,086301,343,4561,315,3498,49,33005
36,6464195251465,Left,-1,596917,0,8880758,1,085747,343,5237,315,2439,49,43256
36,6598472595215,Left,-1,597335,0,8875123,1,084992,343,5955,315,1049,49,52198
36,6737098693848,Left,-1,598012,0,8866729,1,083725,343,6615,314,9011,49,52262
36,6874313354492,Left,-1,598338,0,8864636,1,083266,343,6696,314,8279,49,52696
36,7015953063965,Left,-1,599379,0,8859091,1,081428,343,6784,314,5346,49,61316
36,715259552002,Left,-1,599787,0,8858321,1,080519,343,6754,314,4087,49,74762
36,7292976379395,Left,-1,600867,0,8857101,1,078363,343,6542,314,058,50,07975
36,7434616088867,Left,-1,601902,0,885516,1,075383,343,6352,313,7408,50,71081
36,7570915222168,Left,-1,601904,0,8854468,1,07537,343,6421,313,7384,50,71819
36,7710037231445,Left,-1,603217,0,8853287,1,071917,343,5658,313,3283,51,23988
36,7850532531738,Left,-1,603725,0,8852243,1,069975,343,4466,313,1067,51,42625
36,7987632751465,Left,-1,604492,0,8854973,1,066604,343,2342,312,7906,51,89872
36,8127670288086,Left,-1,605044,0,8854414,1,063768,343,1871,312,5814,52,48185
36,8264427185059,Left,-1,605525,0,8851246,1,061664,343,3841,312,4788,53,09692
36,8404006958008,Left,-1,606467,0,8845603,1,057949,343,507,312,2596,53,94295
36,854362487793,Left,-1,60689,0,884028,1,05633,343,528,312,1781,54,2694
36,8684158325195,Left,-1,608809,0,883536,1,051414,343,7837,311,6909,55,53909
36,882152557373,Left,-1,611272,0,8824472,1,046988,344,0925,310,9025,56,85395
36,8961448669434,Left,-1,612623,0,8816596,1,044485,344,1708,310,4107,57,39767
36,9099502563477,Left,-1,615746,0,880241,1,038563,344,3126,309,3305,58,68833
36,923942565918,Left,-1,617997,0,8779613,1,03385,344,5871,308,6056,59,57082
36,9376411437988,Left,-1,619163,0,8773163,1,031128,344,7079,308,2239,60,15726
36,9515609741211,Left,-1,614343,0,8736998,1,013036,344,8408,306,9094,60,56541
36,9655685424805,Left,-1,607512,0,8721398,1,000506,345,1847,306,5253,61,11535
36,9796028137207,Left,-1,590001,0,868148,0,9667488,346,0258,305,4407,62,49657
36,993522644043,Left,-1,572036,0,8654655,0,9411454,346,4739,304,6331,63,42451
37,0072898864746,Left,-1,557044,0,8635888,0,9233552,346,6141,303,9877,63,90213
37,0209541320801,Left,-1,530221,0,8607017,0,892252,346,8951,303,11,64,66087
37,0352592468262,Left,-1,515448,0,8590872,0,8792731,347,0151,302,9092,64,83189
37,0489120483398,Left,-1,482265,0,8559917,0,8433564,347,0669,302,2844,65,03551
37,0625839233398,Left,-1,453038,0,8536828,0,8155883,347,1111,301,6837,65,44882
37,0766563415527,Left,-1,436799,0,8527275,0,7928006,347,3226,301,1377,66,1778
37,0906105041504,Left,-1,402139,0,8500537,0,7563683,347,5094,299,9571,66,88549
37,1043434143066,Left,-1,390358,0,84898,0,7436261,347,5524,299,422,66,95949
37,1185722351074,Left,-1,350945,0,8468608,0,7020904,347,4872,298,1074,67,29816
37,132007598877,Left,-1,320002,0,8457279,0,6678755,347,3455,297,7417,68,08404
37,1460952758789,Left,-1,30353,0,8446391,0,6480895,347,31,297,2362,68,22801
37,1603240966797,Left,-1,268175,0,8419866,0,6035283,347,384,295,6841,67,76955
37,1737365722656,Left,-1,270307,0,8416449,0,5832838,347,471,295,1156,67,65912
37,1878929138184,Left,-1,242008,0,8391151,0,5308903,347,7632,293,6644,67,74029
37,2019348144531,Left,-1,226123,0,8368577,0,4800883,347,8879,291,879,67,47247
37,2155494689941,Left,-1,220865,0,835476,0,456225,347,9793,290,8267,67,12395
37,2294654846191,Left,-1,202278,0,8329799,0,3980691,348,1844,288,8506,66,76663
37,2432060241699,Left,-1,186386,0,8311302,0,3560419,348,3163,287,6228,66,73056
37,2571983337402,Left,-1,179561,0,828877,0,3222267,348,3098,285,9831,65,87756
37,2713584899902,Left,-1,16437,0,826938,0,2610641,348,5833,283,6185,65,31559
37,2850036621094,Left,-1,159145,0,8261652,0,2395498,348,6515,282,9286,65,20396
37,2991790771484,Left,-1,144326,0,8235004,0,17421,348,916,280,7964,64,7237
37,3129768371582,Left,-1,132107,0,8217866,0,1262323,349,0728,279,1343,64,37522
37,3265380859375,Left,-1,126901,0,8208622,0,09594122,349,0801,277,9031,64,07961
37,3405723571777,Left,-1,11348,0,8197271,0,03302664,348,959,275,5318,63,5994
37,3544731140137,Left,-1,112808,0,818935,0,01148245,348,9467,274,5658,63,11723
37,3683090209961,Left,-1,103256,0,8178667,-0,05305758,348,7449,272,0755,62,65903
37,382194519043,Left,-1,098661,0,8179441,-0,1077768,348,3159,270,2308,62,48186
37,3960494995117,Left,-1,09729,0,8173802,-0,1359511,348,2781,269,2794,62,2824
37,4102439880371,Left,-1,096213,0,8163154,-0,2011796,348,241,267,1343,61,78613
37,4240112304688,Left,-1,100775,0,8160365,-0,2181471,348,3257,266,4987,61,79301
37,4377784729004,Left,-1,104978,0,8147948,-0,2813349,348,4273,264,1581,61,69881
37,4518508911133,Left,-1,110716,0,8370283,-0,336104,348,478,262,012,61,68229
37,4656524658203,Left,-1,113517,0,8400586,-0,360367,348,3708,261,1386,61,74624
37,4795532226563,Left,-1,120579,0,8501117,-0,4217164,348,2126,258,7765,62,03735
37,4935836791992,Left,-1,128118,0,8497959,-0,4664594,348,2334,256,9573,62,06946
37,5074157714844,Left,-1,137728,0,8472646,-0,4963109,348,2685,255,6739,62,05264
37,5214233398438,Left,-1,157288,0,8421829,-0,5418552,348,2512,253,6305,61,87546
37,535213470459,Left,-1,166835,0,8379413,-0,5607259,348,2379,252,7287,61,8725
37,5489463806152,Left,-1,192823,0,8274325,-0,6060898,348,3109,250,8731,61,61721
37,5630340576172,Left,-1,216187,0,8155177,-0,63938,348,5546,249,4667,61,09915
37,5770111083984,Left,-1,231994,0,8081868,-0,6600703,348,6531,248,6987,61,08873
37,5908393859863,Left,-1,260637,0,8045017,-0,6970055,348,8037,247,2403,61,37704
37,604736328125,Left,-1,271763,0,8041417,-0,7097278,348,7134,246,6101,61,47588
37,6184844970703,Left,-1,301948,0,8048896,-0,7474427,348,6255,244,9467,62,8017
37,6326370239258,Left,-1,329413,0,8042608,-0,77702,348,5943,243,5302,63,6546
37,6465148925781,Left,-1,345555,0,804005,-0,7912389,348,7406,242,8916,64,03118
37,6603775024414,Left,-1,379832,0,8034196,-0,8218009,348,8703,241,5666,64,7237
37,6743316650391,Left,-1,391011,0,8031514,-0,8309348,348,8784,241,0947,64,93404
37,6880493164063,Left,-1,426485,0,803071,-0,8596463,349,0449,239,8342,65,80289
37,7018814086914,Left,-1,457937,0,8027615,-0,8828956,349,351,238,695,66,78838
37,7161102294922,Left,-1,475648,0,8024836,-0,8938946,349,4908,238,1363,67,20425
37,7297973632813,Left,-1,512912,0,8023975,-0,9189162,349,516,236,7748,67,62807
37,7437171936035,Left,-1,541085,0,8024369,-0,9367592,349,4643,235,6778,67,7612
37,7575836181641,Left,-1,562609,0,8027956,-0,949366,349,2823,234,9735,67,55392
37,7713165283203,Left,-1,597128,0,8038074,-0,969362,348,9655,234,016,67,31903
37,7853012084961,Left,-1,612764,0,8044419,-0,9773402,348,8997,233,7379,67,28365
37,7992706298828,Left,-1,652476,0,8053437,-1,000052,348,9016,232,78,67,49555
37,813045501709,Left,-1,68342,0,8063326,-1,016037,348,9497,232,3571,67,6296
37,8269958496094,Left,-1,70444,0,807773,-1,026735,348,8713,232,2001,67,8937
37,840763092041,Left,-1,741853,0,809601,-1,04707,348,8449,231,5853,68,21333
37,8548126220703,Left,-1,756703,0,810481,-1,054673,348,8233,231,3685,68,22979
37,8686752319336,Left,-1,797328,0,8136958,-1,077337,348,6336,230,4023,68,16209
37,882453918457,Left,-1,829677,0,8172156,-1,096282,348,1435,229,2873,67,99406
37,8967247009277,Left,-1,849988,0,8195841,-1,108018,347,7579,228,6034,67,86675
37,9103088378906,Left,-1,886904,0,8246203,-1,130944,347,0234,227,3291,67,65498
37,9241333007813,Left,-1,898813,0,8264143,-1,137652,346,854,226,9721,67,66246
37,9384078979492,Left,-1,939798,0,8320478,-1,162914,346,3414,225,8701,67,83781
37,9520149230957,Left,-1,971685,0,8369616,-1,182286,345,9206,225,2607,68,04015
37,9660491943359,Left,-1,989564,0,8555371,-1,192506,345,5945,225,0072,68,05755
37,9798889160156,Left,-2,028068,0,8809012,-1,216478,344,8139,224,3208,68,03117
37,9934539794922,Left,-2,055498,0,8908209,-1,233465,344,1248,223,7785,67,76221
38,0076026916504,Left,-2,077895,0,8924743,-1,24735,343,7673,223,4038,67,46883
38,0214729309082,Left,-2,112146,0,8968982,-1,270131,343,1214,222,6455,67,21766
38,0352516174316,Left,-2,126401,0,8959862,-1,279875,342,8993,222,3353,67,18055
38,0493240356445,Left,-2,165721,0,8948352,-1,307013,342,3645,221,6291,67,2187
38,063159942627,Left,-2,194483,0,890494,-1,327667,342,0259,221,3616,67,27866
38,0771255493164,Left,-2,213847,0,8887124,-1,343005,341,8401,220,9252,67,38841
38,091007232666,Left,-2,24747,0,8913615,-1,371108,341,2219,219,8769,67,68718
38,104736328125,Left,-2,258953,0,891274,-1,381606,340,8426,219,2178,68,04707
38,1187591552734,Left,-2,2936,0,8935906,-1,416034,339,835,217,1642,68,88711
38,1326751708984,Left,-2,319088,0,8916516,-1,444119,339,0021,215,5861,69,49529
38,1465377807617,Left,-2,334137,0,9077451,-1,460714,338,9495,214,8815,69,80176
38,1604995727539,Left,-2,364662,0,9158157,-1,496629,338,8373,213,7089,70,30231
38,1745986938477,Left,-2,375005,0,9125394,-1,509296,338,9112,213,4824,70,44606
38,1882247924805,Left,-2,405246,0,9181483,-1,545697,339,1515,212,881,70,6106
38,202091217041,Left,-2,430761,0,9193284,-1,577663,339,2126,212,6169,70,24332
38,2158851623535,Left,-2,442528,0,9196442,-1,59433,339,2001,212,4582,70,00441
38,2297706604004,Left,-2,470911,0,9224657,-1,633459,338,8737,211,8225,69,72929
38,2436904907227,Left,-2,489551,0,9251453,-1,662564,338,416,211,1473,70,19735
38,2575569152832,Left,-2,501599,0,9268053,-1,686137,338,1659,210,6905,70,41249
38,2715110778809,Left,-2,521367,0,9291748,-1,723777,337,8065,210,3977,70,4335
38,2856101989746,Left,-2,530614,0,9297841,-1,74149,337,6904,210,3333,70,06477
38,2992286682129,Left,-2,550833,0,9318717,-1,783853,337,3456,209,9146,69,38611
38,3131828308105,Left,-2,566563,0,933363,-1,81822,337,2926,209,5012,69,08169
38,3271255493164,Left,-2,577131,0,9343376,-1,841232,337,3264,209,1963,69,12894
38,3408660888672,Left,-2,596014,0,9356278,-1,882196,337,4675,208,7547,69,27762
38,355037689209,Left,-2,604264,0,9357767,-1,898945,337,5556,208,6589,69,27585
38,3690452575684,Left,-2,625578,0,93641,-1,943449,337,5981,208,4187,69,0192
38,3825302124023,Left,-2,642169,0,936569,-1,976389,337,5824,208,5235,68,49583
38,396671295166,Left,-2,652984,0,9372092,-1,997707,337,8393,208,6343,68,58584
38,4102821350098,Left,-2,673704,0,9379342,-2,038087,337,5898,207,797,67,70805
38,4243392944336,Left,-2,680959,0,9381505,-2,05317,338,0337,206,9187,67,52534
38,4381904602051,Left,-2,695311,0,9413447,-2,088665,336,7999,204,325,67,53963
38,4519500732422,Left,-2,700834,0,9443762,-2,111103,335,1953,201,3671,67,55768
38,4661254882813,Left,-2,690548,0,94588,-2,106027,334,299,199,5362,68,66416
38,4797630310059,Left,-2,685432,0,9485377,-2,113426,332,9913,197,1721,69,66566
38,493824005127,Left,-2,678069,0,9471593,-2,114085,333,4818,195,5826,71,31074
38,5077629089355,Left,-2,673918,0,9462498,-2,11496,333,8489,194,7039,72,14791
38,5213623046875,Left,-2,668535,0,9435017,-2,115484,334,6383,193,835,73,04449
38,5354690551758,Left,-2,667404,0,9406691,-2,114742,335,2424,194,0073,72,91056
38,5492782592773,Left,-2,664859,0,9351012,-2,113091,336,3633,194,6734,71,91149
38,5631217956543,Left,-2,663747,0,9310079,-2,110602,336,8064,195,6413,69,57599
38,5771598815918,Left,-2,662001,0,9291166,-2,109066,336,4687,195,6362,67,8049
38,5908813476563,Left,-2,657601,0,927159,-2,106754,335,8919,195,2617,65,71822
38,6050109863281,Left,-2,654924,0,9276437,-2,105455,335,6065,194,8571,65,436
38,6189842224121,Left,-2,649385,0,9255397,-2,103956,335,3196,194,1388,64,48586
38,6325263977051,Left,-2,643389,0,9255744,-2,101425,335,5471,193,3821,66,38823
38,6467933654785,Left,-2,641013,0,9239538,-2,100322,335,7648,193,471,67,04604
0,Teapot grabbed,0,0,0,0,0,0
38,6605606079102,Left,-2,636986,0,9217561,-2,098011,335,9149,193,9469,67,92785
38,6746597290039,Left,-2,635524,0,9208062,-2,097465,335,922,194,4486,68,59536
38,6882972717285,Left,-2,631006,0,9190618,-2,095623,335,9186,194,9119,69,66235
38,7019386291504,Left,-2,629163,0,9156319,-2,097187,336,6209,194,8829,69,65105
38,7159271240234,Left,-2,627639,0,914643,-2,098917,336,6804,194,0487,68,91264
38,7301292419434,Left,-2,622276,0,9141698,-2,10012,335,8875,192,7014,68,69588
38,7436294555664,Left,-2,620136,0,915168,-2,099682,335,1715,192,5847,69,564
38,7576866149902,Left,-2,613411,0,9155771,-2,10001,334,4365,191,3597,70,83926
38,771656036377,Left,-2,608623,0,9148598,-2,10178,334,6462,190,5841,73,00291
38,7853012084961,Left,-2,608134,0,9133281,-2,102636,335,1278,190,6589,73,10944
38,799373626709,Left,-2,605577,0,9114116,-2,104081,335,9876,190,7843,73,2309
38,8132934570313,Left,-2,604578,0,9102149,-2,103791,336,6743,191,6684,72,84007
38,8271484375,Left,-2,602714,0,911725,-2,103375,336,6184,191,3736,72,91728
38,8410797119141,Left,-2,599113,0,9129179,-2,103517,336,4931,190,7876,73,30298
38,8548698425293,Left,-2,597858,0,9145631,-2,102716,336,139,190,4431,73,32686
38,8687553405762,Left,-2,594589,0,9176214,-2,101668,335,5637,189,9397,73,42776
38,8826751708984,Left,-2,592455,0,9213735,-2,100426,334,8685,189,6411,73,38998
38,8964424133301,Left,-2,591089,0,9230372,-2,10004,334,6521,189,5068,73,56994
38,9104423522949,Left,-2,588735,0,9274832,-2,099867,334,051,189,1707,73,82302
38,92431640625,Left,-2,588212,0,9296924,-2,100713,333,6953,188,8125,73,65204
38,9381065368652,Left,-2,585928,0,9341821,-2,102632,332,9562,187,9797,73,22429
38,9521789550781,Left,-2,584276,0,9383346,-2,104617,332,2457,187,2314,72,40308
38,9659271240234,Left,-2,584353,0,9406199,-2,10651,331,9415,187,0558,71,62495
38,9799766540527,Left,-2,58561,0,9452131,-2,11224,331,6473,187,0881,69,85865
38,9937629699707,Left,-2,586271,0,9469017,-2,114051,331,7705,187,4017,69,50676
39,0075492858887,Left,-2,588516,0,9504551,-2,121514,331,9283,188,0701,68,19495
39,0217399597168,Left,-2,58873,0,954105,-2,129607,331,6049,187,3238,67,17893
39,0355453491211,Left,-2,589945,0,9540061,-2,1379,332,5355,186,3141,66,38638
39,0495376586914,Left,-2,59203,0,9558554,-2,150423,333,5667,186,2588,65,6554
39,0633583068848,Left,-2,594047,0,9569181,-2,160777,333,8478,186,2769,65,12425
39,0769691467285,Left,-2,596626,0,9558014,-2,170401,333,9218,186,4356,64,38887
39,0911445617676,Left,-2,600056,0,9551853,-2,184614,333,9385,186,111,62,44947
39,104850769043,Left,-2,601968,0,9547452,-2,191305,333,9813,185,7767,61,02684
39,1187629699707,Left,-2,606938,0,9514533,-2,21044,334,477,184,9392,57,62409
39,1326370239258,Left,-2,612064,0,947203,-2,226545,336,0705,184,7737,55,65223
39,1465377807617,Left,-2,61695,0,9427013,-2,236104,337,746,185,4141,54,79453
39,1602363586426,Left,-2,626343,0,93412,-2,254314,340,6046,186,6602,53,35524
39,1744613647461,Left,-2,630252,0,9315415,-2,260247,341,5749,187,199,52,89399
39,1881332397461,Left,-2,640956,0,9212585,-2,276762,343,8712,188,1831,50,65511
39,2020835876465,Left,-2,649781,0,913725,-2,290155,345,3186,188,6766,48,09789
39,216194152832,Left,-2,655015,0,9093516,-2,296226,346,1093,189,1146,46,64428
39,2297096252441,Left,-2,634727,0,9495912,-2,247977,331,1285,199,4196,72,82945
39,2437438964844,Left,-2,635941,0,9491563,-2,226531,326,6103,215,9038,96,13927
39,257740020752,Left,-2,648427,0,9493508,-2,229336,316,7951,216,058,98,39054
39,2713737487793,Left,-2,656747,0,9532617,-2,236959,313,6691,208,5408,104,3836
39,285758972168,Left,-2,643326,0,9752765,-2,246628,312,8616,209,1604,102,301
39,2993087768555,Left,-2,650317,0,9802197,-2,25585,312,7726,205,0281,98,90908
39,313175201416,Left,-2,644079,0,9715005,-2,248796,321,5494,217,4874,83,78645
39,3271255493164,Left,-2,632545,0,9669577,-2,25264,321,1382,216,913,79,266
39,3408699035645,Left,-2,605861,0,9642081,-2,260391,321,6963,207,548,69,77727
39,3549423217773,Left,-2,59256,0,9645147,-2,258493,323,2613,206,3383,66,84375
39,3687744140625,Left,-2,568296,0,9576661,-2,267812,331,2991,197,8916,61,85583
39,3825225830078,Left,-2,546275,0,9534898,-2,26577,337,7607,194,3966,60,59223
39,3966789245605,Left,-2,532744,0,9505914,-2,26655,341,3885,192,7779,60,7314
39,4106178283691,Left,-2,51044,0,951181,-2,269192,341,9651,190,5541,61,42754
39,424186706543,Left,-2,50453,0,9534171,-2,259571,340,1616,191,4866,61,93657
39,438304901123,Left,-2,500482,0,9662369,-2,237213,331,7293,198,5501,63,93171
39,4519386291504,Left,-2,498635,0,973403,-2,233556,327,6539,199,0913,65,92812
39,465934753418,Left,-2,494858,0,9778259,-2,233665,326,5602,196,6853,70,12141
39,4798965454102,Left,-2,490037,0,9803423,-2,230591,324,9104,193,9382,74,76578
39,4937057495117,Left,-2,493229,0,9748112,-2,234968,325,6279,192,7995,73,79654
39,5077857971191,Left,-2,4958,0,9711719,-2,237118,326,5505,192,5361,72,01552
39,5216064453125,Left,-2,499286,0,9660782,-2,238403,327,6868,192,8163,69,66821
39,535270690918,Left,-2,501527,0,9638788,-2,238623,328,9879,193,6416,68,27593
39,5492706298828,Left,-2,506702,0,9575783,-2,239923,331,3174,194,797,66,11999
39,5631446838379,Left,-2,509821,0,9549419,-2,240579,332,3405,195,09,65,94082
39,5769844055176,Left,-2,510994,0,9535517,-2,240477,332,6478,195,1044,65,67657
39,5910301208496,Left,-2,51375,0,9516904,-2,240855,333,0511,195,0228,65,82494
39,6049346923828,Left,-2,515277,0,9518735,-2,240703,332,9124,195,265,66,79789
39,6187591552734,Left,-2,518285,0,9533722,-2,238586,331,9206,195,9935,70,63693
39,6327323913574,Left,-2,521508,0,9490795,-2,239394,332,0727,196,0176,70,33868
39,646484375,Left,-2,523308,0,9468843,-2,239563,332,2887,196,1312,69,71872
39,6604652404785,Left,-2,526295,0,9436935,-2,239774,332,8038,196,148,68,13998
39,6741561889648,Left,-2,526634,0,9434067,-2,239654,332,8728,195,9381,67,97801
39,6881217956543,Left,-2,527677,0,941776,-2,239349,332,8723,195,1705,68,20399
39,702018737793,Left,-2,527581,0,9414142,-2,238109,332,6358,194,5477,69,44393
39,7159614562988,Left,-2,52755,0,9408482,-2,237664,332,584,194,2072,70,3412
39,7300682067871,Left,-2,527924,0,9393582,-2,236804,333,0574,193,9624,72,37524
39,743824005127,Left,-2,528539,0,9379286,-2,236763,333,156,193,8671,72,6103
39,7575492858887,Left,-2,530273,0,9357782,-2,235559,333,3976,193,9491,73,03754
39,7715034484863,Left,-2,533252,0,932825,-2,234492,333,7765,194,5836,72,20119
39,7853469848633,Left,-2,534882,0,9315323,-2,234152,333,9682,194,803,71,3043
39,7992820739746,Left,-2,53787,0,9292307,-2,23291,334,2725,194,9544,70,03283
39,8132705688477,Left,-2,539649,0,9277567,-2,231968,334,5522,194,9427,69,63443
39,8270568847656,Left,-2,541441,0,9260305,-2,23125,335,3302,195,2661,69,26048
39,8410415649414,Left,-2,544421,0,9241902,-2,229089,335,6477,195,7209,68,6873
39,8549270629883,Left,-2,545281,0,9238766,-2,228204,335,8122,195,9725,68,7891
39,8686256408691,Left,-2,547969,0,9228938,-2,225423,336,1775,197,0271,69,32365
39,8828964233398,Left,-2,549449,0,9214397,-2,22443,336,9315,197,5097,70,42476
39,8966445922852,Left,-2,549622,0,9205171,-2,224058,337,0083,197,1177,70,68314
39,9104232788086,Left,-2,549814,0,9199123,-2,221551,336,5003,196,8142,70,522
39,9243469238281,Left,-2,549849,0,919698,-2,221077,336,3868,196,7782,70,47105
39,9383735656738,Left,-2,549914,0,9194222,-2,220113,336,1841,196,6821,70,40594
39,9522399902344,Left,-2,550757,0,9182501,-2,218199,336,2393,196,653,70,75182
39,9660682678223,Left,-2,551327,0,9175324,-2,217077,336,3186,196,6952,70,94402
39,9797286987305,Left,-2,552205,0,9161986,-2,214151,336,6096,197,0073,71,70463
39,9936866760254,Left,-2,552679,0,9154737,-2,212481,336,5436,197,239,72,02438
40,0077362060547,Left,-2,552979,0,9150891,-2,211832,336,5117,197,2678,72,18701
40,0214691162109,Left,-2,553201,0,9143162,-2,21114,336,5923,197,309,72,19834
40,0356063842773,Left,-2,552441,0,9149552,-2,212302,336,4471,197,1638,71,85435
40,049201965332,Left,-2,551958,0,9152172,-2,212329,336,3188,197,0891,71,59488
40,063304901123,Left,-2,551875,0,9152584,-2,211569,336,2509,197,089,71,58453
40,077091217041,Left,-2,552023,0,9150638,-2,210396,336,1777,197,1356,71,73918
40,0909309387207,Left,-2,552294,0,9147316,-2,208449,336,045,197,2482,72,21648
40,1049308776855,Left,-2,552504,0,9143251,-2,207331,336,0152,197,3864,72,74055
40,1188545227051,Left,-2,552043,0,9147149,-2,206727,335,9727,197,4547,73,76237
40,1324577331543,Left,-2,551789,0,9148161,-2,206238,335,931,197,2925,74,30653
40,1465148925781,Left,-2,551786,0,9149727,-2,205855,335,9429,197,2971,74,35413
40,1605644226074,Left,-2,551851,0,9151376,-2,205741,335,8732,197,2333,74,06567
40,1742515563965,Left,-2,551835,0,9151854,-2,205925,335,8713,197,2015,73,9332
40,1878890991211,Left,-2,551796,0,9152675,-2,206081,335,8632,197,1598,73,79187
40,2018051147461,Left,-2,55145,0,9155972,-2,206685,335,8987,196,9132,74,06901
40,2157974243164,Left,-2,551348,0,915329,-2,206997,335,9877,196,8201,74,24472
40,2298164367676,Left,-2,551458,0,9151216,-2,207394,336,1725,196,8895,74,44786
40,2434921264648,Left,-2,551818,0,9149597,-2,207302,336,1997,197,0112,74,31201
40,2575569152832,Left,-2,551973,0,9150735,-2,207212,336,172,197,0657,74,23801
40,2716827392578,Left,-2,552058,0,9152983,-2,207067,336,1247,197,1012,74,20757
40,28515625,Left,-2,552044,0,9154595,-2,206952,336,0779,197,0919,74,21259
40,2991027832031,Left,-2,551895,0,9157788,-2,206629,335,9747,197,0558,74,26077
40,3127212524414,Left,-2,551577,0,9159789,-2,206241,335,9528,197,0322,74,48055
40,3267288208008,Left,-2,55164,0,9159323,-2,206197,335,9894,197,063,74,50726
40,340503692627,Left,-2,551933,0,9157934,-2,205858,336,2226,197,2903,74,59299
40,3541984558105,Left,-2,552053,0,9157236,-2,205843,336,2779,197,3805,74,6206
40,3682670593262,Left,-2,552095,0,9155253,-2,205961,336,3761,197,4704,74,67439
40,3822021484375,Left,-2,551896,0,9152634,-2,206264,336,3969,197,3902,74,66864
40,396125793457,Left,-2,551808,0,9151179,-2,206339,336,4365,197,3871,74,67474
40,4100036621094,Left,-2,551741,0,9149609,-2,206424,336,4612,197,3851,74,67855
40,4238357543945,Left,-2,551744,0,9149132,-2,206439,336,4851,197,3817,74,6533
40,4375419616699,Left,-2,551765,0,9147238,-2,206387,336,5674,197,4062,74,57848
40,4514007568359,Left,-2,551862,0,9145201,-2,206024,336,6286,197,4827,74,54383
40,4652366638184,Left,-2,551905,0,914444,-2,205875,336,6541,197,5083,74,5603
40,4792404174805,Left,-2,552,0,9140837,-2,205364,336,7861,197,6085,74,71056
40,4931564331055,Left,-2,552155,0,9133192,-2,205177,337,0118,197,776,74,99664
40,5068054199219,Left,-2,552172,0,9133323,-2,20522,336,9904,197,7587,74,97352
40,5208702087402,Left,-2,552289,0,9125952,-2,205338,337,116,197,7233,75,02364
40,5345764160156,Left,-2,552344,0,9124045,-2,205256,337,1339,197,6957,75,01696
40,5486030578613,Left,-2,552544,0,9119004,-2,205076,337,1674,197,6009,75,00607
40,5625915527344,Left,-2,552761,0,9111574,-2,204951,337,2611,197,5461,75,16327
40,5762481689453,Left,-2,552911,0,9108105,-2,204954,337,3164,197,5534,75,20287
40,5903816223145,Left,-2,553312,0,9100352,-2,205007,337,4436,197,5798,75,27094
40,6044235229492,Left,-2,553749,0,9095306,-2,204962,337,5277,197,6295,75,21449
40,6180877685547,Left,-2,554485,0,9087283,-2,204865,337,6635,197,6679,75,10828
40,6320762634277,Left,-2,554893,0,908462,-2,204617,337,724,197,6562,75,08698
40,645809173584,Left,-2,554996,0,9083948,-2,204498,337,7237,197,6745,75,12927
40,6596527099609,Left,-2,555442,0,9079608,-2,20431,337,7686,197,735,75,22317
40,673454284668,Left,-2,555927,0,907506,-2,204194,337,8589,197,83,75,28121
40,6875457763672,Left,-2,556185,0,9073356,-2,204112,337,889,197,8726,75,28749
40,7013854980469,Left,-2,556832,0,9070148,-2,203722,337,9631,197,9515,75,28249
40,7153205871582,Left,-2,557,0,9069337,-2,203614,337,9742,197,9574,75,24735
40,7291145324707,Left,-2,55749,0,906643,-2,203244,337,9919,197,9899,75,11419
40,7430572509766,Left,-2,557857,0,9065347,-2,202815,337,9848,198,0037,75,01103
40,7568817138672,Left,-2,558037,0,9065567,-2,202403,337,9936,198,0415,75,01353
40,7708625793457,Left,-2,558721,0,9065498,-2,201104,337,9857,198,1763,75,02581
40,784610748291,Left,-2,559105,0,9065888,-2,200402,338,0019,198,2876,75,03838
40,7986335754395,Left,-2,56061,0,906934,-2,197525,337,9837,198,6685,75,07198
40,8126335144043,Left,-2,561817,0,9074854,-2,195033,337,8455,199,0428,75,12695
40,8262023925781,Left,-2,562709,0,9077913,-2,193351,337,779,199,3172,75,14581
40,8401336669922,Left,-2,563542,0,9079146,-2,191816,337,791,199,4401,75,11202
40,8539810180664,Left,-2,563817,0,9079587,-2,191242,337,8268,199,4859,75,11589
40,8682975769043,Left,-2,565148,0,9079263,-2,188574,337,8856,199,7269,74,89551
40,8819389343262,Left,-2,566366,0,9077247,-2,186443,337,787,199,8617,74,4124
40,8955078125,Left,-2,566806,0,907972,-2,185452,337,7352,199,9319,74,21603
40,9093437194824,Left,-2,568185,0,9082039,-2,182541,337,522,200,1417,73,7925
40,9234237670898,Left,-2,567859,0,9085994,-2,182572,337,5117,199,9625,74,1196
40,9370803833008,Left,-2,567413,0,9086571,-2,182959,337,5497,199,7449,74,38543
40,9513740539551,Left,-2,568343,0,9086699,-2,178821,337,6705,199,6798,74,92065
40,9653930664063,Left,-2,568673,0,9084412,-2,177723,337,7255,199,774,74,93763
40,978702545166,Left,-2,569628,0,907974,-2,174931,337,8377,199,9049,75,07578
40,9928741455078,Left,-2,570146,0,9077361,-2,172405,337,9915,199,802,75,45921
41,0064926147461,Left,-2,570279,0,9074407,-2,171863,338,0205,199,7081,75,53364
41,0205154418945,Left,-2,570545,0,9068394,-2,170487,338,0785,199,4103,75,57438
41,0346488952637,Left,-2,570691,0,9063796,-2,169569,338,1611,199,2552,75,48475
41,0484199523926,Left,-2,570617,0,9049772,-2,166114,338,1179,197,9658,75,10465
41,0621376037598,Left,-2,569981,0,9046711,-2,164029,338,0305,197,2295,74,99384
41,0761184692383,Left,-2,570313,0,9035287,-2,163116,338,6909,197,5722,75,27018
41,0898895263672,Left,-2,571961,0,9010996,-2,160592,339,581,198,3085,75,191
41,1040267944336,Left,-2,572691,0,8997795,-2,158732,340,0452,198,639,75,19908
41,1177635192871,Left,-2,572992,0,8988989,-2,157568,340,2399,198,5793,75,12345
41,1315307617188,Left,-2,574211,0,8956548,-2,157644,341,585,198,252,74,49289
41,1455039978027,Left,-2,574307,0,89473,-2,157108,341,7175,197,7872,73,90269
41,1593818664551,Left,-2,574527,0,8930218,-2,155025,342,0734,197,7222,73,74969
41,17333984375,Left,-2,574922,0,891952,-2,153223,342,4136,197,9773,74,12978
41,1871643066406,Left,-2,575371,0,8913714,-2,151777,342,5353,198,3449,74,39536
41,2011528015137,Left,-2,576665,0,8907974,-2,149356,342,3642,199,0384,74,47556
41,2151908874512,Left,-2,577154,0,8901116,-2,148802,342,4612,199,0911,74,37186
41,2289962768555,Left,-2,578804,0,8886742,-2,146416,342,3837,199,4477,73,43771
41,2425918579102,Left,-2,580613,0,8871722,-2,143823,342,4063,200,2936,72,19547
41,256649017334,Left,-2,581762,0,8863181,-2,142577,343,0372,201,21,72,00095
41,270637512207,Left,-2,583304,0,884671,-2,14102,343,8076,201,9491,71,68051
41,2843818664551,Left,-2,583553,0,8847687,-2,140653,343,6713,201,9794,71,57946
41,2983474731445,Left,-2,585275,0,883302,-2,13948,344,2739,202,5805,71,20991
41,3121032714844,Left,-2,585439,0,8835236,-2,13859,343,5946,201,9038,70,46361
41,3262939453125,Left,-2,585059,0,8841514,-2,137311,343,3713,201,8998,70,73416
41,3400993347168,Left,-2,584447,0,884622,-2,135605,343,2812,202,0138,71,59334
41,3537864685059,Left,-2,584327,0,8843628,-2,136199,343,3,201,8775,71,68322
41,3679580688477,Left,-2,584268,0,8838233,-2,134929,343,4527,201,7948,71,80927
41,3815765380859,Left,-2,584532,0,8827789,-2,132409,343,6445,202,0171,71,87355
41,3954162597656,Left,-2,584599,0,8824102,-2,131815,343,68,202,037,71,82302
41,4093551635742,Left,-2,58461,0,8818117,-2,129734,343,6129,202,0917,71,59147
41,4232025146484,Left,-2,584891,0,8809748,-2,124572,343,5788,202,6641,71,66165
41,4372215270996,Left,-2,585471,0,8801678,-2,122218,343,7711,203,1683,71,5955
41,4511756896973,Left,-2,587313,0,8779,-2,11941,344,8467,204,4398,71,5792
41,464900970459,Left,-2,587255,0,8774959,-2,118908,344,7228,204,1741,71,39909
41,4789924621582,Left,-2,586154,0,8769208,-2,115818,344,3564,204,0012,71,66216
41,4927711486816,Left,-2,585592,0,8756126,-2,113411,344,2151,204,1678,71,72532
41,5065841674805,Left,-2,585209,0,8753188,-2,113596,344,1514,203,979,71,63541
41,5207099914551,Left,-2,584688,0,8743795,-2,11259,344,0441,203,8112,71,60334
41,534294128418,Left,-2,584548,0,8740734,-2,112131,344,0165,203,7682,71,69106
41,5482978820801,Left,-2,584037,0,8722938,-2,109473,344,0311,203,7595,72,14513
41,5627098083496,Left,-2,583838,0,8700774,-2,107837,344,1734,203,6769,72,36787
41,576244354248,Left,-2,583734,0,8697332,-2,107822,344,1832,203,6391,72,26099
41,5901412963867,Left,-2,583039,0,8681888,-2,1061,343,3807,203,6409,72,16557
41,6038665771484,Left,-2,583003,0,8673743,-2,105576,343,0504,203,7073,72,04724
41,6176567077637,Left,-2,582099,0,8642944,-2,103221,342,0088,203,5582,72,02621
41,6317596435547,Left,-2,581744,0,8642311,-2,102847,341,546,203,5037,72,20639
41,645378112793,Left,-2,581863,0,8642614,-2,102884,341,4864,203,5578,72,08921
41,6592979431152,Left,-2,581841,0,8640577,-2,102563,341,3753,203,5809,71,90691
41,6733207702637,Left,-2,582995,0,8644156,-2,091413,341,1237,203,6743,71,83343
41,6870613098145,Left,-2,584734,0,8647755,-2,077726,341,4609,204,3071,71,1341
41,7012100219727,Left,-2,583803,0,8614848,-2,046988,339,9223,206,3966,68,56184
41,7150650024414,Left,-2,580809,0,8612977,-2,025034,340,1873,207,8384,68,30424
41,7287445068359,Left,-2,578215,0,8620818,-1,981267,340,1348,208,7443,67,0172
41,7428741455078,Left,-2,571578,0,8615283,-1,938499,340,8388,208,9586,67,27141
41,7568244934082,Left,-2,565881,0,8618199,-1,918833,340,8793,208,7899,66,86741
41,7706489562988,Left,-2,558509,0,8618006,-1,884241,340,9576,208,959,67,00526
41,7845649719238,Left,-2,560646,0,861685,-1,896677,340,9567,208,98,66,86206
41,7984657287598,Left,-2,55708,0,8610757,-1,883584,341,4828,208,8294,67,62383
41,8123626708984,Left,-2,554706,0,8585185,-1,880231,340,9729,208,7195,66,60193
41,8262023925781,Left,-2,553859,0,8598783,-1,879871,340,2313,208,5472,67,27007
41,8398971557617,Left,-2,544507,0,861344,-1,841046,339,8311,210,1054,68,95513
41,8538703918457,Left,-2,534732,0,8602391,-1,805333,337,8409,208,4485,68,42361
41,8678817749023,Left,-2,528052,0,8581423,-1,776043,336,7465,206,1489,69,44308
41,8816719055176,Left,-2,519374,0,859499,-1,73493,336,4626,202,5864,71,63208
41,8956565856934,Left,-2,514347,0,856514,-1,712468,341,1735,202,5005,70,74049
41,9093322753906,Left,-2,50493,0,8555607,-1,665687,343,1236,202,7598,69,29636
41,923454284668,Left,-2,497428,0,8555629,-1,629318,343,3597,202,2887,68,66479
41,9373359680176,Left,-2,492895,0,8569686,-1,603793,343,4356,202,2602,68,74648
41,9511871337891,Left,-2,484813,0,8570663,-1,560282,343,5189,202,2393,68,8331
41,9649848937988,Left,-2,482012,0,8575344,-1,544011,343,5494,202,3113,69,41527
41,9790954589844,Left,-2,4737,0,8575805,-1,495985,343,5664,202,3768,69,99906
41,9926528930664,Left,-2,466048,0,8611203,-1,45671,343,2344,202,7892,71,17218
42,0067749023438,Left,-2,462639,0,8612062,-1,431926,343,1943,203,094,71,22416
42,0206489562988,Left,-2,455904,0,8615666,-1,386943,343,1618,203,2261,71,03656
42,0344161987305,Left,-2,453487,0,8618444,-1,371976,343,1229,203,2188,70,97822
42,0483703613281,Left,-2,446009,0,8604929,-1,323931,343,0154,203,1192,70,81499
42,0622062683105,Left,-2,43941,0,8574777,-1,284049,342,9733,203,0852,70,88687
42,076301574707,Left,-2,435784,0,8535954,-1,261492,342,9601,203,1222,70,97498
42,0901412963867,Left,-2,428138,0,8460714,-1,214127,342,9497,203,2806,71,23166
42,103702545166,Left,-2,42624,0,8449966,-1,202068,342,9668,203,314,71,28542
42,117847442627,Left,-2,418496,0,8423981,-1,152575,343,1349,203,4494,71,44492
42,131664276123,Left,-2,411415,0,8423708,-1,111299,343,2619,203,3556,71,80817
42,1457748413086,Left,-2,407526,0,8435408,-1,089969,342,9449,203,3477,72,13997
42,1594886779785,Left,-2,399008,0,8464306,-1,040518,341,9405,204,1604,73,24693
42,173168182373,Left,-2,393518,0,8473936,-1,004921,342,0579,204,5016,74,09921
42,1872482299805,Left,-2,390555,0,8451498,-0,9822539,343,2454,203,6104,73,39668
42,2011871337891,Left,-2,387582,0,8450223,-0,9672116,343,2412,202,7777,73,02744
42,2149696350098,Left,-2,387749,0,845134,-0,9697105,343,1827,202,8114,72,98946
42,2292861938477,Left,-2,386655,0,8456017,-0,9655578,342,8502,202,8567,73,07594
42,2427825927734,Left,-2,386713,0,8455398,-0,9653184,342,8009,202,9776,73,06084
42,2567901611328,Left,-2,386772,0,8454833,-0,9651916,342,8181,203,0664,73,06119
42,2706069946289,Left,-2,386761,0,8452051,-0,9654476,342,9548,202,9289,72,97002
42,2847595214844,Left,-2,386504,0,8452691,-0,9651982,342,9349,202,7693,72,90513
42,2983207702637,Left,-2,386261,0,8453525,-0,9648042,342,9129,202,6967,72,89829
42,3123245239258,Left,-2,386281,0,8452877,-0,9646736,342,904,202,7148,72,90805
42,3259620666504,Left,-2,386192,0,8452287,-0,9645138,342,904,202,7148,72,90806
42,3400268554688,Left,-2,386016,0,8450553,-0,9643048,342,8981,202,5775,72,92715
42,3538360595703,Left,-2,385907,0,8449929,-0,9641869,342,8971,202,5202,72,94507
42,3678741455078,Left,-2,385633,0,8448673,-0,9640754,342,8968,202,3624,73,0452
42,3817443847656,Left,-2,385515,0,8447381,-0,9640071,342,8826,202,2691,73,09724
42,3955230712891,Left,-2,38557,0,8446622,-0,9639107,342,8423,202,2314,73,06361
42,4094848632813,Left,-2,385746,0,8445786,-0,9638131,342,7781,202,1963,73,00503
42,4235534667969,Left,-2,386044,0,8444499,-0,9637509,342,7478,202,1401,72,93644
42,4371337890625,Left,-2,386353,0,8443041,-0,9637151,342,766,202,1381,72,87901
42,4510803222656,Left,-2,386681,0,8442986,-0,963552,342,8107,202,2096,72,90899
42,4652671813965,Left,-2,387209,0,8441818,-0,9634349,342,845,202,2863,72,92483
42,4790191650391,Left,-2,388806,0,8440033,-0,9629995,342,9101,202,5993,72,97066
42,4928894042969,Left,-2,390138,0,8438944,-0,9629915,342,9465,202,8559,72,97858
42,5066337585449,Left,-2,390887,0,8438934,-0,9630717,342,9465,202,9456,72,93987
42,520580291748,Left,-2,392949,0,8438238,-0,9629626,343,0173,203,285,72,75212
42,5345115661621,Left,-2,393612,0,8439456,-0,9630234,343,0428,203,3963,72,6916
42,5484504699707,Left,-2,396627,0,8440228,-0,9626761,343,1173,203,8537,72,30401
42,5623435974121,Left,-2,399776,0,8443177,-0,9624382,343,2896,204,4593,71,97457
42,5762329101563,Left,-2,401109,0,844664,-0,9624011,343,3577,204,611,71,84808
42,5901260375977,Left,-2,402946,0,8458382,-0,9616437,343,2604,204,8544,72,10168
42,6040229797363,Left,-2,404305,0,8461179,-0,9613015,343,3197,205,1964,72,17968
42,6177520751953,Left,-2,407602,0,8473783,-0,9599048,343,6115,206,1392,72,36267
42,6319694519043,Left,-2,411453,0,849052,-0,9588001,343,7313,206,911,72,253
42,645751953125,Left,-2,413485,0,8500516,-0,9583755,343,6176,207,1975,71,9725
42,6594161987305,Left,-2,418359,0,8516656,-0,9568907,343,7018,208,1121,71,2936
42,6736068725586,Left,-2,424472,0,8523066,-0,9556028,344,8737,210,1575,70,81643
42,6874771118164,Left,-2,427045,0,8536146,-0,9546576,344,3162,210,2064,69,97353
42,7013931274414,Left,-2,431835,0,8576154,-0,9518517,342,9338,210,9963,69,20609
42,7151489257813,Left,-2,434665,0,8590028,-0,951078,342,6558,211,5018,68,88747
42,7288856506348,Left,-2,441398,0,8617888,-0,9495146,342,3042,212,3172,68,22217
42,7430191040039,Left,-2,446772,0,8646678,-0,9499831,342,2276,212,1924,68,35918
42,7568855285645,Left,-2,453151,0,8664302,-0,9562098,342,1161,212,0742,68,72763
42,7705574035645,Left,-2,461952,0,8695853,-0,9621903,341,9579,212,199,69,53162
42,7846260070801,Left,-2,467571,0,8704416,-0,9685897,341,9144,212,2145,69,98347
42,7986526489258,Left,-2,4792,0,874229,-0,9817115,341,9344,211,9849,71,94604
42,8123588562012,Left,-2,489442,0,8761092,-0,9935804,342,2129,211,9013,73,6286
42,8263053894043,Left,-2,495137,0,8766825,-1,000922,342,5283,211,9098,74,90588
42,8401374816895,Left,-2,507325,0,8781164,-1,015005,342,9685,212,2032,76,75397
42,8541107177734,Left,-2,507679,0,8781915,-1,015605,343,1371,212,5492,78,05164
42,8680419921875,Left,-2,516695,0,8791249,-1,028015,343,9516,212,9892,80,65022
42,8817901611328,Left,-2,5213,0,8783254,-1,032602,344,5024,212,7393,81,3251
42,895824432373,Left,-2,523326,0,8780077,-1,033988,344,5357,212,5999,81,34476
42,9103240966797,Left,-2,527493,0,8772632,-1,037497,344,5678,212,4569,80,69912
42,9235572814941,Left,-2,528468,0,8770834,-1,038231,344,6938,212,6734,80,53893
42,9374961853027,Left,-2,532962,0,8760363,-1,041081,345,1857,213,1266,80,28233
42,9511833190918,Left,-2,536765,0,8755803,-1,043656,345,5938,213,2364,80,23778
42,9652824401855,Left,-2,535428,0,8757222,-1,048163,345,7006,213,4251,80,56041
42,9792251586914,Left,-2,53204,0,8762459,-1,056854,345,7031,214,3961,81,69848
42,9929275512695,Left,-2,525518,0,8760869,-1,07024,345,8218,214,7428,82,23834
43,0071983337402,Left,-2,52017,0,8755758,-1,08029,345,9074,214,5381,82,12354
43,0210571289063,Left,-2,506545,0,8746374,-1,103297,346,1696,213,7839,81,28318
43,0345611572266,Left,-2,501304,0,874728,-1,119743,346,3141,213,5448,80,86704
43,0487213134766,Left,-2,484099,0,8748419,-1,154063,346,251,213,1044,80,05574
43,0623359680176,Left,-2,472327,0,8756943,-1,187662,345,7528,213,3321,79,69955
43,0766258239746,Left,-2,465434,0,8761755,-1,209675,345,7352,213,6392,79,79655
43,0903396606445,Left,-2,4535,0,8768966,-1,251998,345,8296,213,9669,80,06422
43,1040229797363,Left,-2,452775,0,877098,-1,264885,345,919,214,2282,80,30247
43,1180572509766,Left,-2,442896,0,8775975,-1,310242,346,1305,214,7376,80,91533
43,1321105957031,Left,-2,433967,0,8779323,-1,34895,346,1725,215,1248,81,63116
43,1459808349609,Left,-2,430139,0,8780119,-1,368906,346,235,215,129,81,87016
43,1598472595215,Left,-2,420865,0,8779501,-1,415123,346,3187,215,1552,82,08218
43,1735458374023,Left,-2,414449,0,8775848,-1,448021,346,2105,215,2852,81,70339
43,1875114440918,Left,-2,408926,0,8827268,-1,473664,346,1958,215,3607,81,49319
43,2015495300293,Left,-2,400563,0,8889938,-1,515812,346,1878,215,4581,81,28857
43,2151260375977,Left,-2,397603,0,8906425,-1,532168,346,1729,215,5401,81,20184
43,2291946411133,Left,-2,38898,0,8956536,-1,580074,346,174,215,7411,80,92546
43,2433586120605,Left,-2,383269,0,8970611,-1,616774,346,2614,216,0555,80,77617
43,2569274902344,Left,-2,380559,0,8977188,-1,639061,346,4138,216,3686,80,70312
43,2708435058594,Left,-2,374251,0,8976954,-1,683335,346,4904,216,6323,80,03832
43,2846069335938,Left,-2,372002,0,8977298,-1,69884,346,4595,216,6225,79,59209
43,2985916137695,Left,-2,365686,0,8962501,-1,74705,346,4886,216,6963,78,92748
43,3126220703125,Left,-2,362437,0,8969021,-1,787061,346,4814,216,638,78,70173
43,3262786865234,Left,-2,361009,0,8955696,-1,808455,346,3636,216,5313,78,59781
43,3403625488281,Left,-2,357992,0,8925988,-1,856578,346,1773,216,4216,78,31103
43,354564666748,Left,-2,357588,0,8891522,-1,873127,346,1212,216,338,78,09827
43,3681373596191,Left,-2,355721,0,8814594,-1,919451,346,0422,216,2598,77,51027
43,3819961547852,Left,-2,355305,0,880439,-1,960367,346,1882,216,3226,77,09195
43,3959274291992,Left,-2,358311,0,8811672,-1,981126,346,2078,216,3364,76,97628
43,4096374511719,Left,-2,36091,0,8821609,-2,027583,346,2923,216,4063,76,86453
43,4236259460449,Left,-2,36895,0,8831489,-2,062459,346,1956,216,5045,76,64074
43,4373626708984,Left,-2,377333,0,8843448,-2,085955,345,9985,216,4952,76,8825
43,4512634277344,Left,-2,388576,0,8848353,-2,122046,345,9706,216,4716,77,22998
43,4655265808105,Left,-2,397573,0,8846987,-2,112648,345,9726,216,4646,77,35043
43,4790992736816,Left,-2,416243,0,8852733,-2,126531,345,9593,216,4847,77,57221
43,4931755065918,Left,-2,434853,0,8866062,-2,126475,345,9579,216,5947,77,74161
43,507080078125,Left,-2,447994,0,8870936,-2,127788,345,9903,216,6636,77,77386
43,5208930969238,Left,-2,470581,0,8880606,-2,127014,346,0917,216,9177,77,74468
43,5347595214844,Left,-2,480112,0,897171,-2,127689,346,1172,217,0102,77,71493
43,548583984375,Left,-2,506168,0,9034437,-2,127244,346,2617,217,4102,77,40825
43,5628280639648,Left,-2,527821,0,9096139,-2,127838,346,48,217,4883,77,25922
43,576717376709,Left,-2,54086,0,9105358,-2,128474,346,7173,217,5233,77,25275
43,5905838012695,Left,-2,565249,0,9127926,-2,128727,346,9471,217,5784,77,25467
43,6043395996094,Left,-2,574849,0,9116135,-2,1291,347,1894,217,7004,77,00912
43,618278503418,Left,-2,601768,0,9108852,-2,129582,347,5854,217,7873,76,67278
43,6320419311523,Left,-2,624179,0,9093527,-2,130032,348,0547,217,7868,76,22987
43,6459426879883,Left,-2,635677,0,9087811,-2,130127,348,3015,217,7992,76,04246
43,6599349975586,Left,-2,661207,0,9074942,-2,130377,348,6871,217,7949,75,82627
43,6735992431641,Left,-2,675587,0,9065809,-2,130531,348,9587,217,8556,75,77124
43,6876602172852,Left,-2,687022,0,9056827,-2,131274,349,1698,217,7102,75,73049
43,7014122009277,Left,-2,700421,0,9046398,-2,132438,349,3257,217,3634,75,73991
43,7153511047363,Left,-2,700802,0,9044768,-2,133129,349,3205,217,1573,75,93548
43,7293128967285,Left,-2,709116,0,9045308,-2,134762,349,1694,216,7127,76,45914
43,7430801391602,Left,-2,708772,0,9045724,-2,137038,348,8274,215,9648,77,17514
43,7570724487305,Left,-2,708043,0,9048219,-2,137581,348,287,215,7988,77,34711
43,7710227966309,Left,-2,70761,0,9050095,-2,1388,347,694,215,5766,77,56496
43,7847099304199,Left,-2,706902,0,9045656,-2,139785,347,8806,215,4996,77,71863
43,7989234924316,Left,-2,705456,0,9033024,-2,142599,348,4293,215,2035,78,17841
43,8126678466797,Left,-2,704025,0,9023912,-2,14491,348,5468,214,6258,78,32707
43,8269577026367,Left,-2,702826,0,90233,-2,146536,348,4092,214,1981,78,33775
43,8405723571777,Left,-2,701138,0,9022138,-2,149556,348,2043,213,3799,78,4127
43,8542060852051,Left,-2,700243,0,9021053,-2,150869,348,083,212,8739,78,28368
43,8683280944824,Left,-2,698593,0,9018367,-2,154219,347,919,211,9221,78,26672
43,8821601867676,Left,-2,695257,0,9011702,-2,161337,347,6477,209,3691,77,25781
43,8960113525391,Left,-2,693028,0,9014648,-2,1638,347,5294,208,3108,77,01183
43,9100646972656,Left,-2,690276,0,9008867,-2,16948,347,2338,206,5114,76,24763
43,9243354797363,Left,-2,68929,0,9007414,-2,171569,347,0714,205,7126,75,47123
43,9376106262207,Left,-2,687485,0,8998016,-2,177181,346,7216,204,0464,74,56353
43,9515800476074,Left,-2,685302,0,898933,-2,183206,345,9213,201,7384,72,483
43,9653396606445,Left,-2,684254,0,8991888,-2,184794,345,6225,200,9716,71,59296
43,9794120788574,Left,-2,683323,0,8979999,-2,190923,344,4243,198,7751,68,34409
43,9932136535645,Left,-2,681506,0,8986076,-2,194119,343,7585,197,3828,66,9368
44,0071792602539,Left,-2,681829,0,8979954,-2,196087,342,8415,196,823,64,85253
44,0211181640625,Left,-2,68289,0,8958106,-2,199572,342,4691,196,5466,61,8844
44,0349998474121,Left,-2,683581,0,894831,-2,200583,342,9431,196,8922,61,2612
44,0488128662109,Left,-2,684179,0,8914649,-2,204974,343,1873,196,552,59,39268
44,0628890991211,Left,-2,684066,0,8899609,-2,208495,343,4517,196,0782,58,64133
44,0764846801758,Left,-2,683264,0,8900097,-2,210358,343,5158,195,6625,59,13893
44,0904350280762,Left,-2,68158,0,8895858,-2,214197,343,2679,194,7837,59,74493
44,1044120788574,Left,-2,680864,0,8896343,-2,214712,342,9463,194,5512,59,81353
44,118221282959,Left,-2,679552,0,8893507,-2,217548,342,3107,194,0168,59,33038
44,1322631835938,Left,-2,679186,0,8886615,-2,219762,342,0997,193,8013,58,59664
44,1464500427246,Left,-2,679423,0,8881125,-2,220649,341,9957,193,8593,58,04544
44,1598091125488,Left,-2,679519,0,8868501,-2,223319,341,7724,193,7294,57,05082
44,1739120483398,Left,-2,6794,0,8860823,-2,22507,341,8347,193,5632,56,56185
44,187572479248,Left,-2,679105,0,8855873,-2,226567,341,95,193,3901,56,49949
44,2016143798828,Left,-2,678779,0,8849872,-2,228416,342,1928,193,3851,56,87369
44,215633392334,Left,-2,67872,0,8847643,-2,22919,342,1575,193,4041,57,05175
44,2295036315918,Left,-2,678612,0,884155,-2,231295,342,0824,193,3412,57,10809
44,2436103820801,Left,-2,679047,0,8833041,-2,23277,342,1991,193,3929,57,02776
44,2571868896484,Left,-2,679456,0,8824705,-2,233831,342,3464,193,5253,56,88903
44,2707901000977,Left,-2,679615,0,8816677,-2,23554,342,4043,193,5127,56,72702
44,2851753234863,Left,-2,679743,0,8818319,-2,234876,342,4859,193,6003,56,80325
44,298999786377,Left,-2,68158,0,8770692,-2,239395,343,4375,193,918,56,07568
44,3126449584961,Left,-2,681464,0,8763632,-2,241987,343,3719,193,5535,55,90349
44,3265686035156,Left,-2,681181,0,8758756,-2,243234,343,1606,193,3262,55,57824
44,3407669067383,Left,-2,68072,0,874823,-2,245828,342,9581,192,9288,55,01868
44,354320526123,Left,-2,680506,0,8747286,-2,246553,342,9269,192,7645,54,95961
44,3681106567383,Left,-2,679703,0,8738898,-2,249413,342,848,192,1923,54,86763
44,3818778991699,Left,-2,679193,0,8734266,-2,251169,342,8753,191,9906,55,05307
44,3956527709961,Left,-2,679193,0,8729795,-2,251937,342,8125,192,0259,54,9659
44,4093780517578,Left,-2,679084,0,8720333,-2,254225,342,5668,191,9082,54,4898
44,4233093261719,Left,-2,678746,0,8719778,-2,255963,342,1218,191,5644,53,8813
44,4373092651367,Left,-2,678745,0,8719969,-2,256971,341,9612,191,4954,53,7215
44,4510955810547,Left,-2,678761,0,871996,-2,258915,341,6486,191,3852,53,4841
44,465160369873,Left,-2,67876,0,8720472,-2,259663,341,5867,191,3683,53,46003
44,4789619445801,Left,-2,678746,0,8716425,-2,262185,341,6241,191,272,53,41148
44,4927749633789,Left,-2,678678,0,8711811,-2,264498,341,6798,191,076,53,36975
44,506721496582,Left,-2,678498,0,8708777,-2,265982,341,7723,190,9117,53,464
44,5207786560059,Left,-2,678322,0,869889,-2,268853,342,0212,190,76,53,33569
44,5343208312988,Left,-2,678258,0,8695998,-2,269751,342,0632,190,6802,53,2909
44,548397064209,Left,-2,678077,0,8683751,-2,27313,342,467,190,4541,53,35456
44,5620079040527,Left,-2,677981,0,8677649,-2,274938,342,7712,190,3952,53,60218
44,5760078430176,Left,-2,678079,0,8674515,-2,275564,342,8461,190,4571,53,57106
44,589973449707,Left,-2,67835,0,8663602,-2,278718,343,0722,190,395,53,31046
44,6036758422852,Left,-2,678383,0,8664841,-2,278662,343,1086,190,3838,53,35577
44,617790222168,Left,-2,678879,0,8656113,-2,281432,343,5819,190,3118,53,83177
44,6314506530762,Left,-2,679423,0,8651533,-2,282301,343,667,190,4235,54,07322
44,6455497741699,Left,-2,679645,0,8655135,-2,280937,343,3613,190,5434,53,79483
44,6594314575195,Left,-2,68037,0,8652248,-2,28209,343,1542,190,6733,53,40849
44,6732063293457,Left,-2,68115,0,8647671,-2,284525,343,1135,190,7494,53,07714
44,6871528625488,Left,-2,681436,0,8641286,-2,286483,343,0941,190,6195,52,91174
44,7010726928711,Left,-2,682023,0,8622652,-2,290492,343,3291,190,3853,52,82421
44,7147560119629,Left,-2,68204,0,8620316,-2,290726,343,3313,190,3401,52,80158
44,7287063598633,Left,-2,682143,0,8616345,-2,292473,342,972,190,1352,52,89795
44,7427215576172,Left,-2,682053,0,8612568,-2,294603,342,748,189,8616,53,05
44,7566375732422,Left,-2,682019,0,8611448,-2,295124,342,7118,189,8005,53,27007
44,7704658508301,Left,-2,682054,0,8605262,-2,297286,342,4383,189,6054,53,55895
44,7843132019043,Left,-2,682003,0,8601717,-2,297613,342,5938,189,3971,53,51499
44,7981796264648,Left,-2,682451,0,8587484,-2,299697,342,5623,189,253,53,39119
44,8121719360352,Left,-2,682731,0,8574885,-2,301082,342,2466,189,065,53,63384
44,8258628845215,Left,-2,683074,0,8564184,-2,302406,342,4734,189,0451,53,85997
44,8398780822754,Left,-2,683092,0,855876,-2,302662,342,425,188,8548,54,22416
44,8539237976074,Left,-2,683171,0,8560471,-2,301465,342,1119,188,9319,54,35524
44,8676109313965,Left,-2,683332,0,8559669,-2,301188,342,1317,188,9636,54,34376
44,8816070556641,Left,-2,684131,0,8555565,-2,300563,342,1172,189,2849,54,45203
44,8956031799316,Left,-2,685041,0,8548427,-2,300236,342,2674,189,8659,54,62951
44,909309387207,Left,-2,687017,0,8542737,-2,296372,342,1896,191,498,55,30681
44,9232749938965,Left,-2,688038,0,8529453,-2,296074,343,4331,192,4802,55,60246
44,9370498657227,Left,-2,687171,0,8537734,-2,296764,343,751,192,1726,56,11522
44,9510269165039,Left,-2,684385,0,8563279,-2,297067,343,5434,190,8329,57,26703
0,Mug grabbed,0,0,0,0,0,0
44,9650382995605,Left,-2,684296,0,8566477,-2,295241,343,2957,191,0891,57,6088
44,9788398742676,Left,-2,684874,0,8560798,-2,292861,342,7657,191,6842,57,31459
44,9927825927734,Left,-2,686386,0,8561715,-2,28991,342,1398,192,8026,56,44653
45,0067405700684,Left,-2,687185,0,8567629,-2,288528,341,5936,192,6447,57,16826
45,020393371582,Left,-2,6882,0,857843,-2,283837,340,7891,193,4647,58,55075
45,0343551635742,Left,-2,688126,0,8584332,-2,283602,339,9575,193,021,58,85158
45,0481185913086,Left,-2,687896,0,8622928,-2,279112,339,2216,193,0926,60,03197
45,062068939209,Left,-2,688155,0,8645363,-2,275316,339,6086,193,8469,59,61272
45,0759925842285,Left,-2,688543,0,8684129,-2,271122,338,81,195,4691,61,0839
45,0898399353027,Left,-2,689624,0,8730448,-2,2636,338,675,197,7457,61,78351
45,1039352416992,Left,-2,690973,0,8743446,-2,258635,340,6328,200,0757,59,94604
45,1177062988281,Left,-2,691368,0,8767439,-2,256761,341,0696,200,376,59,65778
45,1314544677734,Left,-2,693191,0,8818119,-2,245784,341,1475,201,2709,59,09447
45,1455612182617,Left,-2,694067,0,8842493,-2,240625,340,9763,201,6259,58,80079
45,1592979431152,Left,-2,695941,0,8899395,-2,229975,338,7072,201,5764,59,26308
45,1731796264648,Left,-2,696929,0,8935432,-2,222244,337,5678,201,3874,59,82056
45,1871223449707,Left,-2,69806,0,8962092,-2,213661,336,9967,202,1805,60,05387
45,2011985778809,Left,-2,700121,0,9006895,-2,199198,335,1862,203,616,59,60497
45,2150535583496,Left,-2,700955,0,9025624,-2,195865,334,8061,203,9798,59,39666
45,2287673950195,Left,-2,702712,0,9057997,-2,179855,333,3746,205,929,59,37911
45,2426223754883,Left,-2,703847,0,9073824,-2,168139,332,8838,207,8756,59,56921
45,2566108703613,Left,-2,703989,0,9075751,-2,161155,332,8794,208,699,60,01326
45,2704467773438,Left,-2,70422,0,9079929,-2,14736,332,8239,210,1256,60,78343
45,2841949462891,Left,-2,704507,0,9076687,-2,144054,332,8264,210,6434,60,87391
45,2983589172363,Left,-2,704457,0,9077731,-2,131631,332,3156,211,8273,60,55021
45,3120384216309,Left,-2,703632,0,907207,-2,122069,331,839,213,3563,60,7416
45,3261260986328,Left,-2,702812,0,9065725,-2,117493,331,7929,213,8232,61,25187
45,339916229248,Left,-2,700331,0,9059042,-2,10597,332,0106,214,6654,63,07216
45,3536720275879,Left,-2,698762,0,904792,-2,097966,332,1697,215,0718,64,53136
45,3677024841309,Left,-2,69756,0,9030766,-2,091398,332,4856,215,7168,66,19707
45,3816452026367,Left,-2,697873,0,9002297,-2,080066,333,2808,216,3452,67,64465
45,3953628540039,Left,-2,702132,0,8986673,-2,06387,333,5917,216,5251,67,97039
45,4097175598145,Left,-2,707543,0,8957154,-2,0326,333,5923,217,1722,67,97701
45,4231948852539,Left,-2,710901,0,8942655,-1,990278,332,6049,219,0474,67,65829
45,4374618530273,Left,-2,711408,0,8928964,-1,956711,332,2468,220,1458,67,4109
45,4513702392578,Left,-2,711124,0,8894047,-1,905895,332,2049,221,0468,67,00411
45,4648170471191,Left,-2,707329,0,8883964,-1,88717,332,3087,221,5533,67,33617
45,4789581298828,Left,-2,698978,0,8846339,-1,828974,332,9729,222,839,68,13096
45,4928245544434,Left,-2,687342,0,8814455,-1,78632,333,4229,223,5395,68,71313
45,5066299438477,Left,-2,67877,0,8793262,-1,761459,333,7945,223,9158,69,19382
45,5205726623535,Left,-2,660805,0,8754106,-1,711522,334,6017,224,6381,70,30424
45,5344696044922,Left,-2,653229,0,8739736,-1,695783,334,7402,225,0574,70,928
45,5483131408691,Left,-2,631147,0,8709739,-1,645807,335,2526,225,924,72,27469
45,5624809265137,Left,-2,61058,0,8675008,-1,605311,335,8157,226,7399,73,27881
45,5759391784668,Left,-2,599959,0,8657835,-1,586832,335,9002,227,1355,73,08177
45,590217590332,Left,-2,571887,0,8622841,-1,538443,336,1146,228,458,73,21312
45,603931427002,Left,-2,564795,0,8606114,-1,52912,336,0595,228,2815,72,841
45,6176681518555,Left,-2,536323,0,856912,-1,489177,336,2278,228,2517,72,77398
45,6316604614258,Left,-2,508569,0,8536585,-1,45446,336,4701,228,6198,73,28534
45,6457595825195,Left,-2,49434,0,8519496,-1,439381,336,7661,229,0154,73,31145
45,6594390869141,Left,-2,461791,0,84808,-1,404686,337,6785,230,1073,73,57749
45,673583984375,Left,-2,434356,0,8452997,-1,38003,338,664,231,1758,74,09155
45,6871109008789,Left,-2,416147,0,8417069,-1,366612,339,4615,231,7114,75,05791
45,7012672424316,Left,-2,380334,0,8347555,-1,340588,340,5088,232,6761,76,5752
45,7150917053223,Left,-2,366106,0,8297123,-1,333413,340,5385,232,5232,77,08364
45,7287940979004,Left,-2,326515,0,8188553,-1,310014,340,6313,232,527,77,63267
45,7428894042969,Left,-2,292498,0,8102303,-1,293976,340,2486,232,4726,77,3034
45,7569046020508,Left,-2,271532,0,8131934,-1,286537,339,7775,232,4576,76,28452
45,7707595825195,Left,-2,230952,0,8261176,-1,271893,339,7348,232,8236,75,76743
45,7845993041992,Left,-2,216822,0,829061,-1,268773,339,8951,233,1607,75,72996
45,7982368469238,Left,-2,174335,0,8419321,-1,257614,340,0173,233,8703,75,99561
45,812183380127,Left,-2,137914,0,8494067,-1,250752,340,1046,235,0317,77,01134
45,8261909484863,Left,-2,118593,0,8488967,-1,249502,340,1926,235,4448,77,51477
45,8398094177246,Left,-2,076341,0,8511785,-1,24638,340,3288,236,0464,78,32381
45,8539161682129,Left,-2,04391,0,8490442,-1,247598,340,2379,236,6824,78,57306
45,8678894042969,Left,-2,019014,0,8459937,-1,250391,339,8998,237,262,78,45535
45,8816719055176,Left,-1,982067,0,8409415,-1,255772,339,3676,238,2547,78,15182
45,8958740234375,Left,-1,963918,0,8356309,-1,26106,339,3707,238,5879,78,17838
45,9096603393555,Left,-1,923997,0,8247169,-1,271806,339,6761,239,3884,77,97648
45,9232635498047,Left,-1,895527,0,8135076,-1,281938,339,8863,240,128,77,85088
45,9375419616699,Left,-1,873572,0,8141904,-1,291309,339,9382,240,7689,77,85136
45,9509201049805,Left,-1,841534,0,8110383,-1,305078,340,2631,242,0623,77,39476
45,965030670166,Left,-1,82809,0,8111492,-1,313588,340,3848,242,5082,77,29887
45,9789276123047,Left,-1,793094,0,8111266,-1,333427,340,6513,243,6536,77,39105
45,9927711486816,Left,-1,766385,0,8112856,-1,350943,340,8319,244,6232,77,95222
46,0066871643066,Left,-1,750573,0,8111939,-1,362347,340,738,245,1487,77,92883
46,0207023620605,Left,-1,718616,0,8113039,-1,385239,340,4618,246,2154,77,98978
46,0344314575195,Left,-1,709258,0,8114694,-1,393265,340,2695,246,6974,77,88276
46,0482711791992,Left,-1,677848,0,8282546,-1,418594,340,225,247,6411,77,58845
46,0620536804199,Left,-1,652931,0,8361822,-1,440364,340,6409,248,6453,77,30213
46,0760040283203,Left,-1,640289,0,8335019,-1,452361,340,7501,249,1049,77,50027
46,0900764465332,Left,-1,609412,0,8364887,-1,476773,341,0386,250,4581,76,75153
46,1039237976074,Left,-1,596246,0,8369302,-1,47758,340,8586,251,1014,76,80546
46,1177368164063,Left,-1,560391,0,8381124,-1,495768,340,7936,252,6426,76,60067
46,1319885253906,Left,-1,525486,0,838351,-1,507249,340,6262,253,7723,76,31007
46,1457138061523,Left,-1,507847,0,8390173,-1,506075,340,5308,254,4038,76,59592
46,1593856811523,Left,-1,466587,0,8402086,-1,510405,340,5584,255,6292,76,90303
46,1731834411621,Left,-1,433783,0,8416638,-1,507071,340,3846,256,4691,76,92525
46,1870269775391,Left,-1,411321,0,8426089,-1,502901,340,1775,257,1295,76,78324
46,2011108398438,Left,-1,370232,0,8435684,-1,496706,340,0441,258,4967,76,09253
46,2149543762207,Left,-1,355312,0,844258,-1,491257,340,0434,258,9081,75,75717
46,2287864685059,Left,-1,311725,0,8453698,-1,479634,339,869,260,2372,75,34279
46,2428894042969,Left,-1,277265,0,8467461,-1,463815,339,8832,261,3491,75,28705
46,2565155029297,Left,-1,258076,0,8476588,-1,453709,339,8618,262,0071,75,29697
46,2707366943359,Left,-1,216097,0,8495309,-1,433021,339,9836,263,0555,75,21387
46,2842445373535,Left,-1,205226,0,8501462,-1,424956,340,0262,263,3919,75,09704
46,2982139587402,Left,-1,161137,0,8524148,-1,401155,339,7757,264,5693,74,77539
46,3122711181641,Left,-1,125607,0,8546852,-1,379084,339,354,265,4979,74,66741
46,3260192871094,Left,-1,108403,0,8561522,-1,366959,339,0002,265,8503,74,71938
46,3399391174316,Left,-1,067026,0,8592309,-1,33884,338,3246,266,844,74,95816
46,3540687561035,Left,-1,039645,0,861107,-1,315381,338,1485,267,3426,75,04962
46,3676567077637,Left,-1,019971,0,8627005,-1,29636,337,9489,267,9914,75,24883
46,3815803527832,Left,-0,987471,0,8648183,-1,264604,337,7805,269,339,75,59024
46,3955688476563,Left,-0,9760025,0,865564,-1,246969,337,8219,269,5937,75,49875
46,4094085693359,Left,-0,9429266,0,8659914,-1,207669,337,8744,270,3162,74,86601
46,4234046936035,Left,-0,9186581,0,8641143,-1,17658,337,8336,270,9629,74,43159
46,437068939209,Left,-0,9028239,0,8608661,-1,156187,337,8181,271,4361,74,14867
46,451000213623,Left,-0,8723843,0,8544906,-1,117976,337,7649,272,417,73,81458
46,4649543762207,Left,-0,8608758,0,8533487,-1,103187,337,673,272,8245,73,89794
46,4787178039551,Left,-0,8284331,0,8531038,-1,063187,337,3351,273,856,74,1839
46,4927825927734,Left,-0,803201,0,8537494,-1,028608,337,0476,274,8754,74,20762
46,506664276123,Left,-0,7895087,0,8547068,-1,007499,336,8151,275,5463,74,2798
46,5205078125,Left,-0,7615434,0,8563187,-0,9659745,336,5511,276,6613,74,49403
46,5345993041992,Left,-0,7545004,0,8563806,-0,9492844,336,6449,276,7752,74,61649
46,5483322143555,Left,-0,7293859,0,8574994,-0,9047176,336,8723,277,2214,74,68938
46,5622978210449,Left,-0,7091826,0,8585863,-0,8656728,336,9065,277,676,75,07239
46,5761795043945,Left,-0,7010698,0,8586941,-0,8437108,336,8411,277,9562,75,34457
46,5898628234863,Left,-0,681699,0,8595113,-0,7966099,336,6759,278,3748,75,55554
46,6038398742676,Left,-0,6723921,0,8592026,-0,7590963,336,9493,278,8919,75,50245
46,6178207397461,Left,-0,6661728,0,8591014,-0,7294819,337,2219,279,0436,75,2042
46,6314964294434,Left,-0,6584304,0,8593709,-0,6839211,337,4992,279,514,74,88023
46,6455535888672,Left,-0,6560172,0,8591791,-0,6624581,337,8475,279,4083,74,82116
46,65966796875,Left,-0,6495438,0,8588237,-0,6086106,338,3269,279,5941,73,74442
46,6734313964844,Left,-0,6460696,0,8588195,-0,5698071,338,4207,279,7086,72,97049
46,6873397827148,Left,-0,6445537,0,8588887,-0,541575,338,3676,279,8222,72,32105
46,7011184692383,Left,-0,6419554,0,8591011,-0,4938147,338,4523,280,2347,72,04285
46,7150650024414,Left,-0,6439023,0,8591077,-0,4740068,338,6528,280,5811,72,24352
46,7290458679199,Left,-0,6453415,0,8590385,-0,4201779,339,0679,281,5222,72,63422
46,7427062988281,Left,-0,6494927,0,8589974,-0,3790466,339,3583,282,5189,73,22388
46,756721496582,Left,-0,6535795,0,8591571,-0,3529994,339,3863,283,0995,73,58887
46,7706756591797,Left,-0,6607453,0,8598372,-0,3035168,339,4011,283,7918,74,11932
46,7844505310059,Left,-0,6681607,0,8597547,-0,2881226,339,4882,283,8782,73,97849
46,7987213134766,Left,-0,6839315,0,8600067,-0,2359026,339,5874,284,2036,73,75297
46,8122253417969,Left,-0,7022935,0,8603679,-0,1993461,339,7967,284,4725,73,71861
46,8262596130371,Left,-0,7164873,0,8605499,-0,1800978,339,8598,284,5665,73,74247
46,840145111084,Left,-0,7453004,0,8605862,-0,1388688,339,8016,284,9963,73,56565
46,8539047241211,Left,-0,7542835,0,8607652,-0,1279005,339,7815,284,973,73,60241
46,867862701416,Left,-0,7857058,0,8605525,-0,08644074,340,02,285,4901,73,30398
46,8821678161621,Left,-0,8139727,0,8607603,-0,04990929,340,1028,285,7906,73,02912
46,8955574035645,Left,-0,8261685,0,8611484,-0,03513187,340,0958,285,9527,73,00275
46,9095001220703,Left,-0,8587623,0,8620284,0,005993485,340,0666,286,5167,72,99226
46,9232978820801,Left,-0,8830233,0,8627584,0,03622478,339,9667,287,1878,73,0397
46,9372863769531,Left,-0,9002618,0,8633597,0,05801159,339,9443,287,5516,72,97247
46,9511413574219,Left,-0,9295063,0,8641109,0,0954932,340,125,288,2369,72,85648
46,9649238586426,Left,-0,9412041,0,8646112,0,1105458,340,1748,288,6258,72,38576
46,9790534973145,Left,-0,9740049,0,8660731,0,154195,340,1447,289,6269,71,3736
46,9928970336914,Left,-0,9991201,0,8678692,0,1875523,340,053,290,6154,70,53352
47,0067329406738,Left,-1,01472,0,8694928,0,2084553,339,8654,291,1561,70,02859
47,0206336975098,Left,-1,045021,0,8722421,0,2491517,339,5266,292,1055,69,40081
47,0347518920898,Left,-1,056576,0,8739171,0,2643303,339,3056,292,3298,69,35009
47,0482902526855,Left,-1,087157,0,8768841,0,3048987,339,0167,292,7415,69,10934
47,0625305175781,Left,-1,111102,0,880214,0,3433903,338,7577,293,0644,68,97952
47,0759544372559,Left,-1,115982,0,8815777,0,3651314,338,5303,293,6484,68,60883
47,0901069641113,Left,-1,13023,0,884559,0,4176415,338,3073,294,4368,68,09051
47,1039962768555,Left,-1,125491,0,8858134,0,4330534,338,3456,294,1567,68,21559
47,1176948547363,Left,-1,125398,0,8886182,0,4855146,338,2115,294,657,68,17729
47,1317825317383,Left,-1,119567,0,8906378,0,5335783,338,2815,294,8885,67,63966
47,1455421447754,Left,-1,114117,0,8918579,0,5541493,338,3489,295,1453,67,47467
47,1594276428223,Left,-1,101704,0,8948616,0,606967,338,0008,295,8303,67,49046
47,1734580993652,Left,-1,088767,0,8976155,0,6460528,337,5717,296,2287,68,36272
47,1871528625488,Left,-1,080219,0,8991338,0,6720117,337,3798,296,4842,68,73549
47,2015228271484,Left,-1,063754,0,9015946,0,721486,337,3192,296,8752,69,28329
47,2153205871582,Left,-1,056991,0,902302,0,7415411,337,3995,297,2098,69,14705
47,2288551330566,Left,-1,039219,0,9048578,0,7930152,337,6823,298,0867,68,75946
47,2430038452148,Left,-1,022472,0,9075988,0,837243,337,7331,299,0677,68,20576
47,2568664550781,Left,-1,012082,0,9091995,0,8639394,337,8162,299,7553,67,98232
47,2706527709961,Left,-0,9931579,0,9119766,0,9126891,337,9777,300,6971,67,45718
47,2847709655762,Left,-0,9900559,0,9136006,0,926085,337,8597,301,1057,67,21082
47,298755645752,Left,-0,9737124,0,917489,0,9713541,337,529,302,4521,66,60625
47,3125228881836,Left,-0,9649974,0,9209136,0,9987937,337,3703,304,138,65,94561
47,3264198303223,Left,-0,9614879,0,9231379,1,001064,337,4352,305,6138,65,25256
47,3400840759277,Left,-0,9524454,0,9277259,1,018842,337,2005,308,1452,64,42751
47,3541793823242,Left,-0,9531082,0,9302918,1,022944,336,9391,308,5839,64,33931
47,3679351806641,Left,-0,9454256,0,9379269,1,034714,335,9541,311,0352,64,59689
47,3820266723633,Left,-0,9421022,0,9432682,1,045312,335,6873,313,1248,65,218
47,3959579467773,Left,-0,9423848,0,9453876,1,050834,336,0489,313,823,65,57526
47,4096183776855,Left,-0,9416122,0,9499409,1,062107,336,728,314,2741,65,28119
47,4237403869629,Left,-0,9406959,0,9538122,1,070125,337,087,314,6842,64,90211
47,4376106262207,Left,-0,9404118,0,9568677,1,075695,336,92,314,6674,64,54663
47,451301574707,Left,-0,9381913,0,961271,1,085168,336,5612,315,1104,63,19027
47,4654731750488,Left,-0,9364805,0,9643161,1,089146,336,0061,315,4646,62,93806
47,4795074462891,Left,-0,9326763,0,9703355,1,099799,335,5811,316,1558,63,45796
47,4930038452148,Left,-0,9295765,0,9742612,1,108405,335,6772,317,1468,64,01061
47,5069885253906,Left,-0,9261835,0,9758921,1,114603,336,093,318,3046,64,61208
47,5209693908691,Left,-0,9212301,0,9788979,1,12574,336,8328,320,2728,65,48525
47,5348205566406,Left,-0,920508,0,9794918,1,130408,337,2468,320,9588,66,22061
47,5486679077148,Left,-0,916755,0,9815517,1,142457,338,3973,322,6268,67,64149
47,5626029968262,Left,-0,9148997,0,9842101,1,151708,337,997,322,6333,67,83101
47,5764770507813,Left,-0,9135001,0,9855412,1,157048,337,6051,322,8351,67,52192
47,5904731750488,Left,-0,9102304,0,9890896,1,167428,336,2762,322,8189,65,206
47,604175567627,Left,-0,9095057,0,9903156,1,170817,336,1288,323,0167,64,76484
47,6182060241699,Left,-0,9064497,0,9928835,1,182059,335,4955,323,2994,63,08031
47,6320762634277,Left,-0,90386,0,9942808,1,191426,336,0757,323,898,63,10807
47,646125793457,Left,-0,9024897,0,9937078,1,196591,337,0532,324,1511,63,5419
47,6600227355957,Left,-0,8988559,0,9942422,1,207376,338,3322,324,7825,64,25991
47,6736946105957,Left,-0,8980726,0,9941328,1,210256,338,716,324,9283,64,96918
47,6876373291016,Left,-0,8945329,0,9944885,1,220873,339,7916,325,6907,66,30679
47,7015419006348,Left,-0,8921961,0,9948087,1,230863,340,2585,326,4191,67,19753
47,7157287597656,Left,-0,8916813,0,9948778,1,23545,340,1903,326,5306,66,90852
47,7293281555176,Left,-0,8894485,0,9963291,1,245422,340,0334,326,9557,66,63148
47,7431335449219,Left,-0,8874824,0,9975968,1,253493,340,136,327,3812,66,87043
47,7571792602539,Left,-0,8877889,0,9986467,1,258474,339,0988,326,9105,66,00093
47,771183013916,Left,-0,8899908,1,001492,1,266431,337,2984,325,6195,65,02269
47,7847366333008,Left,-0,8897758,1,002465,1,269211,337,2378,325,5956,65,59292
47,7988700866699,Left,-0,8897039,1,002738,1,279935,337,7299,325,5849,66,64162
47,8126602172852,Left,-0,8885882,1,001748,1,288281,339,0883,326,2839,67,98643
47,8264389038086,Left,-0,8877621,1,001096,1,293235,339,9588,326,9258,68,98582
47,8406715393066,Left,-0,8860773,0,9994928,1,303401,341,9936,328,0491,71,17969
47,8545608520508,Left,-0,8860209,0,9976756,1,307256,342,2634,327,9593,71,11368
47,8683090209961,Left,-0,8846706,0,9951485,1,317832,343,204,328,3023,70,94422
47,8822288513184,Left,-0,882768,0,9930185,1,325994,342,8955,328,439,68,83506
47,8960151672363,Left,-0,8819194,0,9927207,1,330253,342,7314,328,499,68,63098
47,9099006652832,Left,-0,8796419,0,9923605,1,339093,341,722,328,4521,67,32983
0,Teapot dropped,0,0,0,0,0,0
47,9239616394043,Left,-0,8776231,0,9926447,1,345419,341,2559,328,6918,67,11527
47,9377403259277,Left,-0,8751419,0,9922548,1,350251,341,0965,329,2317,67,18283
47,9516639709473,Left,-0,8724806,0,9900308,1,358621,341,5517,329,8197,67,28249
47,965705871582,Left,-0,8717012,0,9888667,1,362463,342,0781,329,9511,67,48354
47,979564666748,Left,-0,8695771,0,9855742,1,371641,343,6291,330,3529,67,92892
47,9934043884277,Left,-0,8679529,0,9837877,1,377691,344,6503,330,8997,69,54173
48,0071716308594,Left,-0,8673642,0,9826832,1,381904,345,1395,330,988,70,5858
48,0210151672363,Left,-0,8656766,0,9808938,1,390011,345,6939,331,1098,71,67193
48,0350952148438,Left,-0,8661356,0,9811102,1,391837,345,4244,330,5482,72,29831
48,0489692687988,Left,-0,8653043,0,9808079,1,397679,344,7302,329,7027,72,37585
48,062915802002,Left,-0,8630987,0,9794309,1,402937,344,7076,330,1,71,83695
48,0768394470215,Left,-0,8609641,0,9787788,1,405774,344,4407,330,8428,70,83756
48,090648651123,Left,-0,8578539,0,9775174,1,411704,344,2375,331,6852,69,76081
48,104564666748,Left,-0,8569266,0,9777802,1,413399,344,0474,331,8661,69,60276
48,118522644043,Left,-0,8542738,0,9769425,1,419176,343,6283,332,0153,69,31794
48,1321601867676,Left,-0,8529686,0,9764297,1,423447,343,5212,331,9584,69,65538
48,1462097167969,Left,-0,8522716,0,9755899,1,425832,343,8016,332,0847,69,60758
48,16015625,Left,-0,8514246,0,9739875,1,430214,344,2438,331,9862,69,42996
48,1740913391113,Left,-0,8517421,0,9737411,1,430612,344,4052,331,8363,69,35277
48,1879615783691,Left,-0,8510354,0,9721882,1,434659,344,8161,331,8489,69,0043
48,2018699645996,Left,-0,8503834,0,9714406,1,437531,345,1615,331,8806,69,20921
48,215633392334,Left,-0,8500686,0,9709949,1,43917,345,2657,331,918,69,36902
48,229606628418,Left,-0,8497512,0,969462,1,442271,345,5027,332,037,69,90926
48,243335723877,Left,-0,8493302,0,9682044,1,444501,345,4958,332,1771,70,23152
48,2572860717773,Left,-0,8493137,0,9676663,1,445671,345,299,332,0551,70,37587
48,2710380554199,Left,-0,8501212,0,9682587,1,444395,344,7457,331,9803,70,58552
48,2850303649902,Left,-0,85017,0,9681779,1,44432,344,6771,331,9195,70,6807
48,2991790771484,Left,-0,8503179,0,9677232,1,444491,344,5821,332,0905,70,55299
48,3128967285156,Left,-0,8514308,0,9634999,1,452576,344,8187,331,3031,69,71151
48,3268966674805,Left,-0,8522595,0,9615904,1,455352,345,2734,330,9067,69,35996
48,3407096862793,Left,-0,8527257,0,9597512,1,458149,345,8315,330,7371,68,82829
48,3544807434082,Left,-0,8533343,0,9583353,1,459672,346,2611,330,8882,68,5515
48,3685111999512,Left,-0,8570102,0,9547378,1,462635,346,8652,330,2751,68,78156
48,3821754455566,Left,-0,860214,0,9525645,1,464271,347,2018,329,4461,69,03262
48,3963890075684,Left,-0,8620182,0,9515929,1,464888,347,3157,328,9488,69,44644
48,4102745056152,Left,-0,8658171,0,948934,1,467052,347,6247,327,6686,69,57262
48,4238815307617,Left,-0,8659195,0,9481295,1,467396,347,7789,327,3836,69,57207
48,4378929138184,Left,-0,8675267,0,9450669,1,469968,348,4645,327,1423,69,41821
48,4519119262695,Left,-0,8677844,0,9421407,1,472143,349,4108,327,3926,69,12834
48,4657096862793,Left,-0,8673841,0,9409505,1,472728,349,8324,327,8651,69,38338
48,4795227050781,Left,-0,8677378,0,9383514,1,47418,350,3424,328,0757,70,03377
48,4933662414551,Left,-0,8664359,0,9344123,1,474404,351,252,328,3953,70,29657
48,5073890686035,Left,-0,8657408,0,9325116,1,473328,351,3304,328,1374,69,66902
48,5213661193848,Left,-0,8653147,0,9309351,1,4717,351,0956,327,2538,68,19939
48,534984588623,Left,-0,8645546,0,9316672,1,470345,350,8665,327,0128,67,40807
48,5490112304688,Left,-0,8630027,0,9318483,1,468243,350,3901,326,8754,66,19005
48,5628662109375,Left,-0,8615071,0,9325003,1,466285,350,0724,326,9894,64,98655
48,5766334533691,Left,-0,860757,0,9328294,1,465114,349,8544,327,1805,64,64279
48,590705871582,Left,-0,8595347,0,9328454,1,462965,349,5276,327,4237,64,2416
48,6045608520508,Left,-0,8589948,0,9329602,1,462041,349,3293,327,7221,64,26521
48,6182708740234,Left,-0,857885,0,9325997,1,459851,349,1062,328,5851,64,3307
48,6324157714844,Left,-0,8582611,0,9319185,1,458561,349,1466,328,8661,64,44174
48,6460952758789,Left,-0,8594364,0,9313613,1,457696,349,3125,328,8329,64,32698
48,6600570678711,Left,-0,8617805,0,9303108,1,455298,349,1273,328,011,63,35966
48,6740875244141,Left,-0,8624784,0,9312837,1,454405,348,7254,327,4698,63,38621
0,Mug dropped,0,0,0,0,0,0
48,6876525878906,Left,-0,8640509,0,9324138,1,452184,348,3222,327,1717,63,30766
48,7018394470215,Left,-0,8663109,0,9309973,1,451955,349,9594,326,2549,61,64835
48,7156295776367,Left,-0,8665167,0,932707,1,449998,349,9524,325,9975,61,73613
48,7295227050781,Left,-0,8651393,0,9342048,1,450566,349,6783,326,7781,63,37532
48,7435989379883,Left,-0,8683772,0,9332342,1,444276,350,6238,327,2894,64,64481
48,7572326660156,Left,-0,8689607,0,9333128,1,443041,350,6359,327,3293,65,39717
48,77099609375,Left,-0,869119,0,9331952,1,443668,349,7635,326,7368,64,55196
48,785041809082,Left,-0,871369,0,9336208,1,440074,350,0797,326,4944,63,53029
48,7988243103027,Left,-0,8749701,0,934628,1,436531,350,6917,325,9926,62,21218
48,8128852844238,Left,-0,8774474,0,9367204,1,433212,350,4097,325,5272,61,89837
48,8267250061035,Left,-0,8792417,0,9381785,1,430983,350,1287,325,2151,61,90692
48,8405418395996,Left,-0,8819982,0,9404248,1,4269,349,9777,325,069,62,5291
48,8544921875,Left,-0,8828367,0,9412001,1,425337,349,8048,325,1202,62,61834
48,868293762207,Left,-0,8855959,0,9435846,1,420823,349,4727,325,1173,62,73256
48,8821830749512,Left,-0,8889909,0,9449607,1,416776,349,4459,324,8332,62,66507
48,8961296081543,Left,-0,8910105,0,9457701,1,414584,349,4054,324,5557,62,70727
48,9099006652832,Left,-0,8958116,0,947675,1,409297,349,2752,323,8734,62,92994
48,9239120483398,Left,-0,8996558,0,9496483,1,404419,349,063,323,4236,63,47852
48,937858581543,Left,-0,902511,0,9512326,1,400783,348,6856,323,055,63,69133
48,9515762329102,Left,-0,9069996,0,9535973,1,394781,348,0326,322,3846,63,77814
48,9658012390137,Left,-0,9088926,0,954503,1,391964,347,8887,322,1202,63,86763
48,9794540405273,Left,-0,9132774,0,9568064,1,385118,347,6417,321,6122,64,35163
48,9934730529785,Left,-0,9158072,0,9585935,1,379203,347,403,321,4456,65,0827
49,0073280334473,Left,-0,9175143,0,9597735,1,375102,347,3479,321,396,65,6236
49,0210380554199,Left,-0,9204948,0,9614152,1,368272,347,2812,321,2428,66,24821
49,0350646972656,Left,-0,9213995,0,9617701,1,365528,347,1299,321,1995,66,14017
49,0489921569824,Left,-0,9242368,0,9633805,1,358226,346,6161,320,9077,65,60248
49,062671661377,Left,-0,9261196,0,9649529,1,351767,346,2689,320,7198,65,29893
49,0769729614258,Left,-0,9274236,0,9661462,1,347522,346,1432,320,626,65,53967
49,0908355712891,Left,-0,9301762,0,9681586,1,339858,345,9578,320,1888,66,07285
49,1044120788574,Left,-0,9309785,0,9688115,1,337072,345,9124,319,9954,66,36118
49,1185035705566,Left,-0,9333658,0,9711853,1,32843,345,7867,319,6569,67,18023
49,1322364807129,Left,-0,9338066,0,9725325,1,321404,345,5263,319,9982,67,68791
49,1461753845215,Left,-0,9342862,0,9730266,1,318074,345,3554,320,0616,67,68111
49,1601638793945,Left,-0,9353955,0,9746515,1,310323,344,8694,319,9335,67,66853
49,1738624572754,Left,-0,9353903,0,9750968,1,307936,344,7196,319,9357,67,64017
49,1880645751953,Left,-0,9361436,0,9767891,1,299473,344,2343,319,9301,67,65673
49,2019233703613,Left,-0,9366669,0,9779807,1,292439,343,6089,319,876,67,44874
49,2156982421875,Left,-0,9372966,0,9788271,1,289141,343,4265,319,83,67,50218
49,2297515869141,Left,-0,9392348,0,9795374,1,2814,342,9085,319,055,67,42787
49,2433700561523,Left,-0,9400284,0,9797778,1,2752,342,8843,318,6663,67,80453
49,2573699951172,Left,-0,9402027,0,9797899,1,270616,342,8447,318,5879,68,10649
49,2712898254395,Left,-0,9404504,0,9798706,1,262854,342,9196,318,623,69,01099
49,2850074768066,Left,-0,9407153,0,9797729,1,259962,342,9608,318,6105,69,26048
0,Teapot grabbed,0,0,0,0,0,0
49,2994270324707,Left,-0,9406043,0,9786032,1,251843,343,2219,318,9368,69,78207
49,3130912780762,Left,-0,9403709,0,977273,1,246238,343,1761,319,1415,69,49043
49,3267669677734,Left,-0,9405063,0,9766862,1,242401,342,9982,318,9858,69,12339
49,3405952453613,Left,-0,9408647,0,9762273,1,234717,342,7527,318,7949,68,90199
49,3544769287109,Left,-0,9408022,0,9760638,1,231794,342,633,318,7409,68,8121
49,3683891296387,Left,-0,940927,0,975498,1,223431,342,3011,318,6644,68,64575
49,3822822570801,Left,-0,9409741,0,9753171,1,216521,341,8923,318,5885,68,56899
49,3961296081543,Left,-0,9411224,0,9752229,1,212919,341,7571,318,5508,68,5734
49,4101142883301,Left,-0,9409966,0,9747977,1,204781,341,5869,318,5807,68,84113
49,4240531921387,Left,-0,9407857,0,9744449,1,202375,341,557,318,6382,69,03082
49,4380531311035,Left,-0,9401813,0,9738027,1,193934,341,2579,318,6912,69,27518
49,4516830444336,Left,-0,93985,0,9732151,1,187199,341,1666,318,8163,69,69064
49,465648651123,Left,-0,9397843,0,9727007,1,184223,340,9511,318,7635,69,54089
49,4794425964355,Left,-0,9395023,0,9720325,1,176546,340,4672,318,7047,69,24738
49,4934005737305,Left,-0,9390253,0,9715781,1,170355,339,9532,318,5482,68,95543
49,5073204040527,Left,-0,9388445,0,9712549,1,166007,339,7358,318,4786,68,91033
49,5214195251465,Left,-0,9390026,0,9704394,1,158532,339,5167,318,2087,69,33033
49,5349426269531,Left,-0,9392155,0,9700774,1,155715,339,4698,318,0849,69,54897
49,5487327575684,Left,-0,9397051,0,9687471,1,147827,339,3732,317,6887,70,34823
49,5626564025879,Left,-0,9397705,0,9672982,1,141511,339,2956,317,4799,70,97198
49,5766296386719,Left,-0,9397874,0,9662242,1,137861,339,3101,317,2888,71,415
49,5903739929199,Left,-0,9398946,0,9644139,1,130581,339,1968,316,8678,72,09096
49,6041984558105,Left,-0,9398175,0,9634343,1,128489,339,1412,316,6954,72,24677
49,6184310913086,Left,-0,9399303,0,961034,1,121469,338,9803,316,2123,72,70119
49,6317367553711,Left,-0,9400305,0,9589779,1,115853,338,8926,315,8481,73,1002
49,645637512207,Left,-0,939971,0,9575033,1,113599,339,0449,315,7527,73,32989
49,6593551635742,Left,-0,9400509,0,954654,1,107635,339,2598,315,4512,73,87041
49,6733856201172,Left,-0,9400958,0,9521658,1,103368,339,4051,315,1039,74,15731
49,6873168945313,Left,-0,9401696,0,9507566,1,100455,339,326,314,821,74,31461
49,7009506225586,Left,-0,9405771,0,9481667,1,096127,339,3104,314,4663,74,66486
49,7150192260742,Left,-0,9410007,0,9469018,1,094562,339,4376,314,1975,74,78442
49,7290840148926,Left,-0,9415122,0,9441894,1,090326,339,6485,313,6398,75,09091
49,7428894042969,Left,-0,9416282,0,9422728,1,086482,339,76,313,2638,75,39824
49,7565536499023,Left,-0,9418852,0,9412174,1,084674,339,9224,312,9545,75,5663
49,7703475952148,Left,-0,9420998,0,9390973,1,081198,340,1342,312,5408,75,64612
49,784309387207,Left,-0,9418462,0,93844,1,080118,340,1624,312,5143,75,53268
49,798210144043,Left,-0,9408377,0,9367185,1,077445,340,0926,312,6161,74,92085
49,8118705749512,Left,-0,9400587,0,9363824,1,075042,339,9774,312,5807,74,6064
49,8259468078613,Left,-0,9396185,0,9366661,1,07382,339,9515,312,514,74,59809
49,8404541015625,Left,-0,9387853,0,9361928,1,070678,339,8943,312,4874,74,59948
0,Teapot dropped,0,0,0,0,0,0
49,8538436889648,Left,-0,9387881,0,9366234,1,071946,339,9103,312,5739,74,5881
49,8678436279297,Left,-0,937883,0,9363575,1,069831,339,9052,312,7513,74,41405
49,8814125061035,Left,-0,9376329,0,9355967,1,067192,340,0225,312,6068,74,17516
49,8954582214355,Left,-0,9373805,0,9354171,1,065792,340,1206,312,5734,74,06523
49,9093360900879,Left,-0,937088,0,9357301,1,064835,340,134,312,6353,74,03137
49,9231948852539,Left,-0,9369927,0,9357585,1,062995,340,0703,312,5978,73,91408
49,9370880126953,Left,-0,9370202,0,9358275,1,061928,340,0211,312,5198,73,86179
49,9510841369629,Left,-0,9369903,0,936365,1,060566,339,8435,312,5156,73,90896
49,9648551940918,Left,-0,9370205,0,9364036,1,060494,339,8552,312,5188,73,94016
49,9787483215332,Left,-0,9371342,0,9364648,1,059547,339,8854,312,5087,74,05066
49,9926338195801,Left,-0,9372207,0,9362591,1,057802,339,9096,312,4334,74,03903
50,0066680908203,Left,-0,9376231,0,9361348,1,056086,339,9106,312,2846,74,05619
50,020393371582,Left,-0,9382901,0,9360285,1,05393,339,9199,312,0481,74,13969
50,0342712402344,Left,-0,938543,0,9359353,1,05287,339,9321,311,9223,74,24387
50,0482635498047,Left,-0,9396132,0,9356969,1,049439,340,0177,311,4951,74,71637
50,0623245239258,Left,-0,9400676,0,9350537,1,04587,340,1376,311,165,75,4879
50,0762023925781,Left,-0,9399878,0,9346387,1,045075,340,1286,311,0895,75,73284
50,0898971557617,Left,-0,9398593,0,9339104,1,043615,340,1082,310,907,75,99258
50,103946685791,Left,-0,9395436,0,9336091,1,043381,340,073,310,889,75,94225
50,1176300048828,Left,-0,9388991,0,9332435,1,043582,340,0065,311,0655,75,77731
50,131591796875,Left,-0,9384412,0,9327381,1,043672,339,9688,311,1374,75,56873
50,1453590393066,Left,-0,9384819,0,9327343,1,043549,339,9797,311,1223,75,57711
50,159366607666,Left,-0,9381911,0,9316785,1,0426,340,0849,311,0909,75,55603
50,17333984375,Left,-0,9380077,0,9309057,1,04177,340,1599,311,0709,75,59748
50,1872177124023,Left,-0,9378641,0,9304801,1,041295,340,174,311,0669,75,6428
50,2010726928711,Left,-0,9376605,0,9293509,1,040025,340,2312,311,0012,75,81566
50,214958190918,Left,-0,9376012,0,9285772,1,039352,340,3097,310,9276,75,93961
50,2286949157715,Left,-0,9373742,0,9266009,1,03766,340,5042,310,7421,76,23421
50,2426834106445,Left,-0,9370801,0,9255685,1,036917,340,5348,310,649,76,31921
50,2566833496094,Left,-0,9368274,0,9250757,1,036229,340,4672,310,5478,76,39165
50,2704429626465,Left,-0,9365798,0,9245267,1,03536,340,437,310,4449,76,52454
50,2845458984375,Left,-0,936336,0,9238828,1,034596,340,4955,310,4139,76,72451
50,298454284668,Left,-0,9356707,0,922487,1,03299,340,5136,310,3374,77,03358
50,3122291564941,Left,-0,9352754,0,9217579,1,032136,340,4521,310,2909,77,17801
50,3261337280273,Left,-0,9352112,0,9213817,1,031755,340,5188,310,2748,77,25092
50,3398933410645,Left,-0,9349255,0,9200667,1,030614,340,6223,310,1464,77,44436
50,3540191650391,Left,-0,9345627,0,9191581,1,029512,340,641,310,0998,77,68865
50,3682060241699,Left,-0,9344176,0,9182185,1,028702,340,7712,310,0779,77,92571
50,3815841674805,Left,-0,9342421,0,9170288,1,028116,340,8775,310,0804,78,03175
50,395751953125,Left,-0,9342282,0,9166009,1,027899,340,846,310,0394,78,00608
50,4094161987305,Left,-0,934332,0,9160205,1,02746,340,8753,309,9871,77,99727
50,4233512878418,Left,-0,9345497,0,9140567,1,026346,341,1875,309,8898,78,08003
50,4371871948242,Left,-0,9345812,0,9137367,1,026066,341,2041,309,8535,78,07031
50,4509468078613,Left,-0,9345704,0,912885,1,025005,341,2033,309,7637,78,19604
50,4651412963867,Left,-0,9346392,0,9122107,1,024396,341,2733,309,7205,78,3104
50,4790077209473,Left,-0,93492,0,9104913,1,022981,341,5224,309,6132,78,54168
50,4926719665527,Left,-0,9350743,0,9094319,1,022252,341,6767,309,5774,78,54812
50,5069198608398,Left,-0,9352181,0,9088229,1,021693,341,7549,309,5756,78,54299
50,5206146240234,Left,-0,9355294,0,907845,1,020863,341,8958,309,5513,78,53973
50,5346641540527,Left,-0,9356363,0,9074118,1,020467,341,9578,309,521,78,5419
50,5484237670898,Left,-0,9358762,0,906819,1,019735,342,0056,309,437,78,55972
50,5621109008789,Left,-0,936434,0,906095,1,018538,342,0893,309,2422,78,71194
50,5761413574219,Left,-0,936866,0,9055496,1,017627,342,163,309,0916,78,82535
50,5900917053223,Left,-0,9371574,0,905187,1,016918,342,1812,308,9786,78,8745
50,6037750244141,Left,-0,9372286,0,9050791,1,016677,342,1779,308,9413,78,88676
50,6182670593262,Left,-0,9377428,0,9045398,1,015741,342,249,308,788,78,97139
50,6318054199219,Left,-0,9378329,0,904238,1,015322,342,3185,308,7513,79,03152
50,6456108093262,Left,-0,9378395,0,9041332,1,015114,342,3442,308,7689,79,08945
50,6594734191895,Left,-0,9380221,0,903877,1,014587,342,4081,308,7546,79,26551
0,Teapot grabbed,0,0,0,0,0,0
50,6735610961914,Left,-0,9380707,0,9036383,1,014319,342,427,308,7383,79,3271
50,6873970031738,Left,-0,9380776,0,9036726,1,014307,342,4378,308,7326,79,35186
50,7012557983398,Left,-0,9381123,0,9033217,1,014141,342,4641,308,6582,79,37897
50,7149963378906,Left,-0,9381168,0,9032999,1,014112,342,4659,308,6487,79,3803
50,7291679382324,Left,-0,9381261,0,9030945,1,01393,342,4764,308,6157,79,3804
50,7430267333984,Left,-0,9381579,0,9028915,1,013836,342,4407,308,539,79,34128
50,7568893432617,Left,-0,938148,0,9027238,1,013794,342,4676,308,5148,79,33399
50,7708435058594,Left,-0,9380084,0,9025052,1,013805,342,4795,308,504,79,33076
50,784423828125,Left,-0,9379193,0,9024071,1,013844,342,5045,308,5157,79,34473
50,7985191345215,Left,-0,9376307,0,9020447,1,014024,342,5771,308,5486,79,3897
50,8123970031738,Left,-0,9374007,0,9017702,1,014221,342,5841,308,5517,79,39436
50,8264350891113,Left,-0,937155,0,9016019,1,01438,342,6052,308,6025,79,39993
50,8401184082031,Left,-0,9368025,0,9013376,1,014712,342,6166,308,6302,79,40295
50,8541069030762,Left,-0,9365242,0,9011502,1,014873,342,6296,308,6814,79,37916
50,8678703308105,Left,-0,9358962,0,9007694,1,015255,342,642,308,7904,79,32307
50,8817520141602,Left,-0,9352563,0,900518,1,015525,342,6181,308,8886,79,33887
50,8961791992188,Left,-0,9351447,0,90046,1,015565,342,6284,308,9119,79,34544
50,9095306396484,Left,-0,9346299,0,9000837,1,015718,342,6368,308,9525,79,37639
50,9236907958984,Left,-0,9344783,0,8998939,1,015651,342,6458,308,9998,79,4015
50,9374847412109,Left,-0,9344246,0,8997206,1,015622,342,6403,308,9973,79,39624
50,9513893127441,Left,-0,9342693,0,8992968,1,01549,342,6403,308,9973,79,39623
50,9652557373047,Left,-0,9342228,0,8990846,1,015456,342,6678,309,001,79,38071
50,9790420532227,Left,-0,9341497,0,8983073,1,015296,342,7517,309,0025,79,32497
50,9930572509766,Left,-0,9342329,0,8977355,1,015077,342,8191,308,9774,79,30796
51,0068206787109,Left,-0,9344331,0,8972774,1,014857,342,8725,308,9247,79,30353
51,0205917358398,Left,-0,9348486,0,8963607,1,014411,342,9612,308,8161,79,25938
51,0346260070801,Left,-0,9350835,0,8957956,1,014071,342,9967,308,7341,79,16473
51,0483093261719,Left,-0,9353812,0,8951948,1,013802,343,0358,308,6591,79,06786
51,0625305175781,Left,-0,9356126,0,8946101,1,013495,343,1193,308,6466,79,00047
51,0764579772949,Left,-0,9357497,0,894295,1,013355,343,1536,308,6263,78,9584
51,0900726318359,Left,-0,9361401,0,8936343,1,013016,343,2348,308,5714,78,94624
51,1041374206543,Left,-0,9362732,0,89333,1,012817,343,2926,308,5633,78,96871
51,1180381774902,Left,-0,9365606,0,8928398,1,012605,343,3788,308,5409,78,99355
51,1318893432617,Left,-0,9368289,0,8922852,1,012445,343,4491,308,4815,78,98362
51,1458168029785,Left,-0,9368606,0,8922246,1,012402,343,4561,308,4633,78,98174
51,1596717834473,Left,-0,9370606,0,8919427,1,012213,343,4807,308,376,78,99969
51,1737747192383,Left,-0,9370356,0,8917479,1,011961,343,4811,308,3748,79,00346
51,1875228881836,Left,-0,9370028,0,891686,1,011877,343,479,308,3728,78,99956
51,201774597168,Left,-0,9369415,0,8915642,1,01176,343,4854,308,3298,79,06013
51,2152481079102,Left,-0,9368332,0,8914969,1,011736,343,4874,308,3354,79,09554
51,2292785644531,Left,-0,9366829,0,8913841,1,011755,343,4949,308,3405,79,09657
51,2429046630859,Left,-0,936613,0,8913154,1,011759,343,4886,308,354,79,14935
51,2570381164551,Left,-0,9366013,0,8911577,1,011811,343,4886,308,354,79,14935
51,2710914611816,Left,-0,936543,0,8909959,1,011875,343,4873,308,378,79,19733
51,2846794128418,Left,-0,9364291,0,8909199,1,012018,343,4868,308,3936,79,22968
51,2986297607422,Left,-0,9359148,0,8907021,1,012602,343,5075,308,4818,79,3212
51,3124046325684,Left,-0,9354904,0,8904371,1,013227,343,5582,308,5894,79,34467
51,3264007568359,Left,-0,9352361,0,8903167,1,013462,343,5693,308,6471,79,34699
0,Teapot dropped,0,0,0,0,0,0
51,3403129577637,Left,-0,9343814,0,8899533,1,014211,343,6034,308,8225,79,35432
51,354061126709,Left,-0,9344283,0,8899399,1,014283,343,6068,308,8312,79,358
51,368293762207,Left,-0,9339322,0,8895762,1,014894,343,6896,308,9223,79,41029
51,3821067810059,Left,-0,9337499,0,8893492,1,015239,343,7249,308,9603,79,41264
51,3959655761719,Left,-0,9336934,0,8892797,1,015317,343,7246,308,9717,79,3951
51,4098205566406,Left,-0,9331864,0,8887624,1,015788,343,7543,309,0391,79,28349
51,4235572814941,Left,-0,9329576,0,8885633,1,015948,343,7661,309,0752,79,24059
51,4375877380371,Left,-0,9327273,0,8882985,1,016109,343,8053,309,1238,79,22173
51,4514083862305,Left,-0,9323136,0,8877906,1,016489,343,9083,309,2443,79,19577
51,4651908874512,Left,-0,9322141,0,8876379,1,016596,343,9329,309,2808,79,17901
51,4792175292969,Left,-0,9319928,0,8873321,1,016755,343,9552,309,3141,79,16373
51,4936180114746,Left,-0,9317432,0,8869344,1,016762,344,0106,309,3896,79,09711
51,5070114135742,Left,-0,9316776,0,8866983,1,016719,344,0436,309,3795,79,07349
51,5209274291992,Left,-0,9315823,0,886378,1,016559,344,0639,309,3723,79,05701
51,5347442626953,Left,-0,9315915,0,8863511,1,016561,344,0682,309,3647,79,04817
51,5486831665039,Left,-0,931619,0,886057,1,016373,344,0927,309,3382,79,02321
51,5626487731934,Left,-0,9316517,0,8857539,1,016187,344,1767,309,2799,79,00897
51,5764007568359,Left,-0,9315904,0,8857766,1,016127,344,175,309,2809,79,01255
51,5903854370117,Left,-0,9314048,0,8856845,1,015931,344,1904,309,2752,79,01875
51,6044235229492,Left,-0,9313884,0,8856805,1,015801,344,1922,309,2528,79,03124
51,618091583252,Left,-0,9313734,0,8857175,1,01525,344,1664,309,168,79,07919
51,6321105957031,Left,-0,9314603,0,8859115,1,014463,344,1084,309,0084,79,25962
51,6460418701172,Left,-0,9314495,0,8859253,1,014317,344,1147,308,988,79,32751
51,6598739624023,Left,-0,9313076,0,8858459,1,013882,344,1237,308,9225,79,57126
51,6739082336426,Left,-0,9312159,0,8856581,1,013979,344,125,308,9274,79,53402
51,6875495910645,Left,-0,9311691,0,8855782,1,014012,344,1185,308,9283,79,5369
51,7017593383789,Left,-0,9310689,0,8854362,1,014056,344,1185,308,9283,79,5369
51,7158889770508,Left,-0,9309679,0,8853188,1,014057,344,1188,308,925,79,5339
51,7292785644531,Left,-0,9307975,0,8850406,1,014114,344,1419,308,8935,79,52187
51,7433891296387,Left,-0,9305104,0,8846818,1,014152,344,1478,308,8905,79,5288
51,7570838928223,Left,-0,9303623,0,8845154,1,014196,344,161,308,8973,79,56671
51,7707901000977,Left,-0,9300253,0,8840881,1,014347,344,168,308,8999,79,5853
51,7851524353027,Left,-0,9298078,0,8838682,1,014402,344,187,308,9442,79,62543
51,7986221313477,Left,-0,9293636,0,8832259,1,014634,344,246,309,0417,79,71225
51,812686920166,Left,-0,9291517,0,8826116,1,014884,344,3136,309,0935,79,76668
51,8266868591309,Left,-0,9290915,0,8822318,1,015031,344,3594,309,1116,79,79134
51,8402519226074,Left,-0,9290327,0,8815732,1,015291,344,4228,309,1358,79,80272
51,8543891906738,Left,-0,9290339,0,8813851,1,015361,344,4228,309,1358,79,8027
51,8686637878418,Left,-0,9290831,0,8806222,1,015657,344,4963,309,1356,79,76025
51,882137298584,Left,-0,9292413,0,8797262,1,015893,344,6116,309,1232,79,77969
51,8961372375488,Left,-0,9293137,0,8794869,1,015926,344,6433,309,1209,79,79876
51,9097747802734,Left,-0,929575,0,8786853,1,016018,344,7539,309,1026,79,88104
51,9240531921387,Left,-0,9298196,0,8779646,1,016048,344,8674,309,0674,79,94708
51,9378089904785,Left,-0,9298745,0,8775861,1,016012,344,8781,309,0625,79,94183
51,9516105651855,Left,-0,9299563,0,8773144,1,015995,344,933,309,0397,79,92231
51,9654388427734,Left,-0,9299799,0,8771941,1,015928,344,933,309,0397,79,92231
51,9793357849121,Left,-0,9300214,0,8770826,1,015898,344,933,309,0397,79,92231
51,9931831359863,Left,-0,9304785,0,8764502,1,015663,345,0163,308,9584,80,04803
52,007194519043,Left,-0,9306099,0,8761292,1,015538,345,0573,308,9153,80,10143
0,Teapot grabbed,0,0,0,0,0,0
52,0210075378418,Left,-0,9307581,0,8757099,1,015384,345,1053,308,8639,80,14816
52,0350723266602,Left,-0,9307579,0,8755269,1,01534,345,1124,308,8611,80,14378
52,0489959716797,Left,-0,930768,0,875258,1,015275,345,112,308,8645,80,14742
52,0625801086426,Left,-0,9307737,0,8749712,1,015213,345,1935,308,839,80,16934
52,0764198303223,Left,-0,930765,0,8748238,1,01517,345,219,308,834,80,19611
52,0902442932129,Left,-0,9307476,0,8741525,1,015165,345,3181,308,8223,80,26369
52,1043357849121,Left,-0,9306837,0,8739868,1,015201,345,3183,308,8277,80,2536
52,1181335449219,Left,-0,9305444,0,873419,1,015337,345,3916,308,859,80,21745
52,1316795349121,Left,-0,9304674,0,8730865,1,015434,345,4464,308,8827,80,19443
52,1457672119141,Left,-0,9304662,0,8731011,1,015425,345,4464,308,8827,80,19443
52,1597709655762,Left,-0,9302924,0,8725003,1,015642,345,5378,308,9319,80,1591
52,1736145019531,Left,-0,9299365,0,8716173,1,015989,345,6796,309,0394,80,10479
52,1874351501465,Left,-0,9298155,0,8714017,1,016086,345,7125,309,0676,80,08379
52,2016906738281,Left,-0,929697,0,8711804,1,016185,345,7363,309,0945,80,07803
52,2149963378906,Left,-0,9296514,0,8711022,1,016209,345,7504,309,1144,80,06359
52,2290000915527,Left,-0,9295128,0,8708036,1,016324,345,8101,309,1703,80,03853
52,2426605224609,Left,-0,9294523,0,8707162,1,016387,345,8142,309,1746,80,03544
52,2566871643066,Left,-0,929379,0,8706567,1,016428,345,8337,309,213,80,03108
52,2707328796387,Left,-0,9293411,0,8705968,1,016506,345,8433,309,2317,80,02897
52,2844429016113,Left,-0,9293282,0,8705831,1,016523,345,8589,309,2383,80,04878
52,2984657287598,Left,-0,929309,0,8705283,1,016578,345,8779,309,2521,80,06821
52,3124389648438,Left,-0,929311,0,8705552,1,016579,345,9013,309,2703,80,10313
52,3261489868164,Left,-0,9293076,0,8705431,1,016614,345,9013,309,2703,80,10313
52,3401336669922,Left,-0,9292992,0,8706171,1,016602,345,9095,309,2994,80,15434
52,3539085388184,Left,-0,9293249,0,8706256,1,016611,345,9094,309,3048,80,19036
52,3678283691406,Left,-0,9294164,0,870692,1,016565,345,9158,309,3103,80,32058
52,3818855285645,Left,-0,9295732,0,8706141,1,016536,345,9417,309,2913,80,46658
52,3955955505371,Left,-0,9296796,0,8704696,1,016545,345,9669,309,2704,80,55118
52,4095726013184,Left,-0,9298169,0,8700604,1,01668,346,0251,309,2433,80,63286
52,4235420227051,Left,-0,9297982,0,8697946,1,016847,346,0349,309,2432,80,62817
52,4372596740723,Left,-0,9298006,0,8695112,1,017058,346,0797,309,2508,80,6046
52,4512367248535,Left,-0,9296513,0,868754,1,017662,346,182,309,2931,80,55802
52,4652404785156,Left,-0,9294397,0,8682426,1,018119,346,2647,309,3596,80,54498
52,4789619445801,Left,-0,928893,0,8670855,1,019178,346,4577,309,5354,80,48082
52,4930763244629,Left,-0,9284833,0,8664764,1,019788,346,5575,309,6214,80,38332
52,506706237793,Left,-0,9277321,0,8658671,1,020381,346,6021,309,7572,80,2132
52,520637512207,Left,-0,9266848,0,8653229,1,021011,346,5885,309,8991,79,94819
52,5347938537598,Left,-0,9263904,0,8654225,1,020981,346,5563,309,9172,79,92295
52,5489616394043,Left,-0,9258589,0,8654479,1,020892,346,5334,309,958,79,94753
52,5623321533203,Left,-0,925625,0,8653466,1,020888,346,5322,309,9601,79,95277
52,5763206481934,Left,-0,925212,0,8651198,1,020851,346,5683,310,0338,79,96288
52,5900764465332,Left,-0,9246303,0,8646083,1,020807,346,6042,310,1498,79,92383
52,6043243408203,Left,-0,9246245,0,8645005,1,020795,346,6129,310,1546,79,89697
52,6177520751953,Left,-0,9245228,0,8638842,1,020668,346,6549,310,1503,79,76785
52,631721496582,Left,-0,9246296,0,8630689,1,020439,346,7218,310,1049,79,57921
52,645679473877,Left,-0,9248722,0,8626847,1,020236,346,7663,310,0652,79,5147
52,6593894958496,Left,-0,9252378,0,8621427,1,020037,346,8129,310,016,79,45756
52,6735229492188,Left,-0,9259089,0,8612059,1,019766,346,9361,309,9386,79,40578
52,6873779296875,Left,-0,9264686,0,8603403,1,019555,347,0765,309,8928,79,37453
52,7013931274414,Left,-0,9269928,0,8595626,1,019455,347,1967,309,8432,79,3364
52,715087890625,Left,-0,9273366,0,8590168,1,019317,347,276,309,7983,79,3121
52,7289772033691,Left,-0,9278326,0,8583701,1,019235,347,3707,309,758,79,28351
52,7428016662598,Left,-0,9286915,0,8572012,1,019156,347,5988,309,6977,79,33881
52,7568168640137,Left,-0,9289627,0,8568411,1,019144,347,6627,309,6606,79,36623
52,7705078125,Left,-0,9293953,0,8561626,1,01905,347,7495,309,5386,79,4166
52,7848167419434,Left,-0,9292794,0,8561103,1,019004,347,7285,309,519,79,42483
52,7984848022461,Left,-0,9291487,0,8559505,1,01902,347,7132,309,4899,79,46992
0,Teapot dropped,0,0,0,0,0,0
52,8123779296875,Left,-0,9291118,0,8556404,1,019122,347,7509,309,5042,79,52939
52,8262519836426,Left,-0,9290432,0,8554113,1,01923,347,7742,309,5249,79,57424
52,8401870727539,Left,-0,9287817,0,8549365,1,019518,347,8199,309,5861,79,68268
52,8538703918457,Left,-0,9285745,0,8547765,1,01964,347,8307,309,617,79,72221
52,8679962158203,Left,-0,9278718,0,8544451,1,019951,347,8487,309,6759,79,78123
52,8816375732422,Left,-0,9274269,0,8542796,1,02011,347,8312,309,7245,79,81022
52,8956413269043,Left,-0,9271868,0,8541304,1,020282,347,8278,309,7522,79,82642
52,9095840454102,Left,-0,9266459,0,8538728,1,02057,347,8096,309,813,79,86804
52,9235343933105,Left,-0,9260238,0,8535997,1,02084,347,796,309,8788,79,96344
52,9374961853027,Left,-0,9256009,0,8534421,1,020939,347,8011,309,9235,80,03115
52,9512367248535,Left,-0,9249433,0,853128,1,021091,347,7998,309,9987,80,11423
52,965030670166,Left,-0,9248082,0,8530176,1,021137,347,7941,310,0183,80,13004
52,9791297912598,Left,-0,924502,0,8527236,1,021182,347,7885,310,0374,80,14544
52,9929580688477,Left,-0,9243693,0,8524647,1,021165,347,8178,310,0665,80,17738
53,0068206787109,Left,-0,9242705,0,8523054,1,02116,347,8178,310,0665,80,17738
53,0207099914551,Left,-0,9237686,0,8518384,1,021014,347,8293,310,0692,80,18305
53,034725189209,Left,-0,9237167,0,8517264,1,020966,347,8621,310,0787,80,19002
53,0487365722656,Left,-0,9236048,0,8509677,1,0207,347,9849,310,0638,80,22968
53,0624008178711,Left,-0,9237224,0,8503967,1,020448,348,0569,310,012,80,22691
53,0760955810547,Left,-0,9237709,0,8501178,1,020307,348,0763,309,9854,80,1833
53,0901718139648,Left,-0,9239009,0,8493339,1,019887,348,1478,309,9112,80,03287
53,1040344238281,Left,-0,9238573,0,849263,1,019634,348,1687,309,9032,80,0162
53,1177978515625,Left,-0,9238429,0,8491286,1,019432,348,1707,309,8964,79,9847
53,1319961547852,Left,-0,9239905,0,8489536,1,019011,348,2296,309,8663,80,05811
53,1459808349609,Left,-0,9240354,0,8488891,1,018874,348,2334,309,8455,80,06944
53,1594390869141,Left,-0,9243205,0,8487959,1,018271,348,2419,309,7515,80,12887
53,1734046936035,Left,-0,9244355,0,8487363,1,01788,348,2408,309,6627,80,12617
53,1872215270996,Left,-0,9244637,0,8487527,1,017713,348,2257,309,6225,80,12347
53,2012252807617,Left,-0,9244721,0,8488216,1,017489,348,2198,309,6053,80,12057
53,2151870727539,Left,-0,9245358,0,8488836,1,017387,348,2113,309,5664,80,16996
53,2293243408203,Left,-0,9245901,0,8489311,1,017196,348,2138,309,4998,80,26715
53,2428779602051,Left,-0,9245158,0,8488883,1,017186,348,2145,309,4977,80,27071
53,2569122314453,Left,-0,9244869,0,8489006,1,0172,348,2163,309,4939,80,30618
53,2706069946289,Left,-0,9243043,0,8488382,1,017377,348,2067,309,4641,80,36889
53,2846145629883,Left,-0,9241991,0,8487597,1,017515,348,2067,309,4641,80,36888
53,2983665466309,Left,-0,9239233,0,8486175,1,017958,348,2367,309,4769,80,3979
53,3124961853027,Left,-0,9232548,0,8482155,1,019029,348,308,309,569,80,39382
53,3262557983398,Left,-0,9230279,0,8480861,1,019348,348,3359,309,6162,80,38914
53,3400497436523,Left,-0,9215361,0,8471655,1,021506,348,5225,309,9611,80,2551
53,3541069030762,Left,-0,9213023,0,8470385,1,022052,348,5563,310,039,80,18855
53,3680877685547,Left,-0,9201561,0,8465328,1,023707,348,6705,310,3113,79,96
53,3815879821777,Left,-0,9178867,0,8461859,1,025783,348,6207,310,702,79,6718
53,3957557678223,Left,-0,9176184,0,8465046,1,026273,348,5959,310,7936,79,63846
53,4094696044922,Left,-0,9160509,0,846728,1,027292,348,5918,311,0919,79,61862
53,4234008789063,Left,-0,9150079,0,8469756,1,027923,348,5757,311,3151,79,63271
53,4373397827148,Left,-0,9144717,0,8472158,1,028086,348,5175,311,409,79,64294
53,450984954834,Left,-0,9136503,0,847818,1,028055,348,3841,311,5,79,67879
53,4652786254883,Left,-0,9133941,0,8481054,1,027941,348,323,311,5236,79,72768
53,479133605957,Left,-0,9130039,0,8486074,1,027463,348,2126,311,5135,79,79946
53,4926986694336,Left,-0,9129398,0,8486767,1,027164,348,1763,311,5013,79,80704
53,5067481994629,Left,-0,9128483,0,8487356,1,026944,348,1763,311,5013,79,80705
53,5208053588867,Left,-0,9127159,0,848854,1,026345,348,107,311,517,79,82639
53,5345344543457,Left,-0,9127628,0,8488646,1,02621,348,096,311,4988,79,82544
53,5485305786133,Left,-0,9128146,0,8489863,1,025566,348,0482,311,4249,79,82997
53,562198638916,Left,-0,9130293,0,8491128,1,024372,347,9896,311,2603,79,84615
53,5761909484863,Left,-0,9132071,0,8490527,1,023661,347,9901,311,1709,79,85381
53,5903129577637,Left,-0,9137623,0,8488245,1,021976,348,0082,310,963,79,85168
53,6039390563965,Left,-0,913897,0,8487518,1,0214,348,0167,310,9082,79,85307
53,6179237365723,Left,-0,9148778,0,8484463,1,019061,348,0457,310,6287,79,85086
53,6317596435547,Left,-0,9154888,0,848261,1,017527,348,0688,310,4358,79,89272
53,6456146240234,Left,-0,9160852,0,8479995,1,015717,348,1102,310,237,79,86687
53,6595687866211,Left,-0,9167096,0,8477488,1,013909,348,1061,310,064,79,80676
53,6734237670898,Left,-0,9173638,0,8476818,1,011478,348,0659,309,8284,79,73613
53,6872711181641,Left,-0,9177417,0,8476514,1,010155,348,0703,309,686,79,70952
0,Teapot grabbed,0,0,0,0,0,0
53,7015495300293,Left,-0,9186696,0,8474411,1,007031,348,1279,309,3831,79,69201
53,7151489257813,Left,-0,9186958,0,8473833,1,006827,348,142,309,3757,79,68363
53,7290306091309,Left,-0,91966,0,8468438,1,004028,348,2254,309,1033,79,50516
53,7428932189941,Left,-0,9200626,0,8465887,1,002577,348,2404,309,0044,79,32022
53,7566871643066,Left,-0,9207625,0,8462139,1,00065,348,276,308,8481,79,0881
53,7707328796387,Left,-0,9209818,0,8461684,1,000128,348,2862,308,8112,79,00899
53,7849006652832,Left,-0,9213217,0,8460994,0,9992998,348,2932,308,7749,78,96217
53,7983589172363,Left,-0,921698,0,8460277,0,9984737,348,3003,308,7376,78,91417
53,8124237060547,Left,-0,9216913,0,8460392,0,9984623,348,3003,308,7376,78,91417
53,8261413574219,Left,-0,9252393,0,8456562,0,9948463,348,421,308,0598,79,05715
53,8400764465332,Left,-0,9275569,0,8451543,0,9924563,348,539,307,5468,79,15024
53,8541030883789,Left,-0,9275323,0,8451707,0,9925764,348,5267,307,5494,79,17673
53,8678169250488,Left,-0,9282603,0,8451519,0,9923486,348,5406,307,3929,79,17638
53,8817901611328,Left,-0,9282014,0,8453763,0,9927506,348,5144,307,4363,79,25963
53,895679473877,Left,-0,9281653,0,8454337,0,9928958,348,5078,307,4412,79,30176
53,9095344543457,Left,-0,9280251,0,8456674,0,9931506,348,4604,307,4591,79,37496
53,9236145019531,Left,-0,9280434,0,8459849,0,9932702,348,3917,307,4021,79,49348
53,9372749328613,Left,-0,9278616,0,8460799,0,9934274,348,374,307,4352,79,55432
53,9511833190918,Left,-0,9275679,0,8462701,0,9937971,348,3192,307,4602,79,60679
53,9651374816895,Left,-0,9273942,0,8463654,0,9940076,348,2958,307,4896,79,63889
53,9788970947266,Left,-0,9265435,0,8466874,0,9949107,348,2162,307,6426,79,77168
53,9928894042969,Left,-0,9256845,0,8467804,0,996008,348,1424,307,8245,79,87359
54,0069808959961,Left,-0,9249016,0,8468162,0,9970385,348,1021,307,9586,79,99728
54,0206832885742,Left,-0,923708,0,8464844,0,9989404,348,0978,308,1754,80,11563
54,0346145629883,Left,-0,9234968,0,8462783,0,9993774,348,1065,308,2256,80,07988
54,0484199523926,Left,-0,9214629,0,8451859,1,00247,348,1978,308,6359,79,89587
54,0623435974121,Left,-0,920517,0,8446729,1,004146,348,238,308,8668,79,81197
54,076229095459,Left,-0,9194927,0,8439751,1,006013,348,3174,309,1072,79,78221
54,0900382995605,Left,-0,9181362,0,8428162,1,008816,348,4945,309,4612,79,83538
54,1040115356445,Left,-0,9178021,0,8423325,1,009824,348,5597,309,5789,79,87019
54,1180572509766,Left,-0,9170961,0,8412406,1,01178,348,6954,309,7613,79,82944
54,1318473815918,Left,-0,916642,0,8405173,1,013163,348,7714,309,844,79,66972
54,1457443237305,Left,-0,9163967,0,8402097,1,013975,348,8056,309,8891,79,60293
54,1597557067871,Left,-0,915876,0,8396463,1,015427,348,8598,309,9946,79,55209
54,1734161376953,Left,-0,9155676,0,8392926,1,016445,348,9252,310,086,79,52002
54,1873321533203,Left,-0,9152483,0,8390439,1,017378,348,9804,310,1745,79,47968
54,2011642456055,Left,-0,9148968,0,8390341,1,018322,348,9712,310,2572,79,48403
54,2151107788086,Left,-0,9147522,0,8390032,1,018688,348,9824,310,3027,79,49218
54,2290649414063,Left,-0,91426,0,8389299,1,019739,349,0143,310,4069,79,49383
54,2432594299316,Left,-0,9136913,0,8388989,1,020789,349,0166,310,5659,79,41991
54,2569732666016,Left,-0,9134655,0,8389784,1,021235,348,9875,310,6252,79,35709
54,2705917358398,Left,-0,9129769,0,839137,1,022084,348,9072,310,7151,79,17653
54,2846183776855,Left,-0,9128377,0,8392287,1,022412,348,8885,310,7477,79,09015
54,2985458374023,Left,-0,9121911,0,8392751,1,02354,348,8239,310,8341,78,7608
54,3125991821289,Left,-0,912016,0,8394986,1,02389,348,7929,310,8724,78,63548
54,3263702392578,Left,-0,9118255,0,8394823,1,024252,348,806,310,9414,78,52892
54,3401832580566,Left,-0,9116251,0,8394257,1,024758,348,8481,311,0494,78,3472
54,353931427002,Left,-0,9116677,0,8395172,1,024746,348,8481,311,0494,78,3472
54,3680648803711,Left,-0,9116677,0,8395172,1,024746,348,8481,311,0494,78,3472
54,3817443847656,Left,-0,9117185,0,8395475,1,024839,348,8809,311,0823,78,294
54,3960609436035,Left,-0,9117264,0,8395735,1,024898,348,8901,311,0964,78,26704
54,4097213745117,Left,-0,9118103,0,8396587,1,024921,348,8977,311,1078,78,23541
54,4233551025391,Left,-0,9118808,0,8396891,1,024895,348,9041,311,1205,78,13599
54,4374847412109,Left,-0,9119869,0,83978,1,024791,348,9011,311,1058,78,09441
54,4513473510742,Left,-0,9120693,0,8398702,1,024703,348,8921,311,0929,78,05776
54,4652252197266,Left,-0,9121715,0,8399697,1,024588,348,8785,311,066,78,04299
54,4792137145996,Left,-0,9125022,0,840145,1,024287,348,8499,310,9829,78,00681
54,4930419921875,Left,-0,9129374,0,8402933,1,02387,348,8314,310,8664,78,04561
54,5068054199219,Left,-0,9130343,0,8403342,1,02378,348,8249,310,8406,78,06735
54,5208396911621,Left,-0,9134498,0,8403367,1,023398,348,8439,310,7186,78,17101
54,5346832275391,Left,-0,9134059,0,8402867,1,023413,348,8429,310,723,78,16495
54,5485229492188,Left,-0,9134141,0,8401727,1,02335,348,8448,310,6894,78,17092
54,5629005432129,Left,-0,9133866,0,840085,1,023384,348,8493,310,6551,78,13831
54,576358795166,Left,-0,9133496,0,8400315,1,023357,348,8493,310,6551,78,13832
54,5902671813965,Left,-0,9132534,0,8398676,1,023379,348,8493,310,6551,78,13831
54,604133605957,Left,-0,9131718,0,8397828,1,02342,348,869,310,6609,78,14136
54,6180191040039,Left,-0,9127591,0,8394775,1,023625,348,9131,310,7197,78,15561
54,6319999694824,Left,-0,9125799,0,8393447,1,023782,348,9172,310,7318,78,15803
54,6461563110352,Left,-0,9122155,0,8391389,1,024002,348,9196,310,7906,78,14708
54,6596603393555,Left,-0,9115961,0,8387266,1,02455,348,9256,310,8357,78,14334
54,673641204834,Left,-0,9113233,0,838594,1,024725,348,9512,310,9095,78,13852
54,6875114440918,Left,-0,9109626,0,8384494,1,024992,348,9683,310,9506,78,17065
54,701473236084,Left,-0,9104298,0,8382498,1,025355,348,9945,311,0042,78,23214
0,Teapot dropped,0,0,0,0,0,0
54,715518951416,Left,-0,9099802,0,8381547,1,025603,348,9943,311,0483,78,28172
54,7291107177734,Left,-0,9095818,0,8381058,1,025772,348,9856,311,0762,78,32371
54,7431602478027,Left,-0,909161,0,8380394,1,025967,348,9703,311,1046,78,36221
54,7569808959961,Left,-0,9089986,0,8379805,1,02606,348,9703,311,1046,78,36221
54,7709197998047,Left,-0,9085913,0,8379194,1,026131,348,9814,311,1475,78,40055
54,7848243713379,Left,-0,9082904,0,8378159,1,026185,348,9829,311,1812,78,39635
54,7987785339355,Left,-0,90756,0,8375812,1,026319,349,0052,311,272,78,36468
54,8125839233398,Left,-0,9071063,0,8373703,1,026472,349,0353,311,3481,78,32629
54,8264427185059,Left,-0,9069379,0,8372731,1,026537,349,0502,311,3815,78,29974
54,8405456542969,Left,-0,9066669,0,8371081,1,026607,349,0641,311,4095,78,26567
54,8543281555176,Left,-0,9066215,0,8370456,1,026543,349,0695,311,4099,78,24672
54,8681907653809,Left,-0,9063529,0,8367641,1,026261,349,1082,311,4086,78,14334
54,8819618225098,Left,-0,9063079,0,8366624,1,026094,349,1259,311,399,78,09589
54,8962631225586,Left,-0,9063126,0,8366752,1,025952,349,1259,311,399,78,0959
54,9100685119629,Left,-0,9063676,0,8366451,1,02571,349,1285,311,3747,78,04241
54,9236106872559,Left,-0,9064027,0,8367206,1,025526,349,1208,311,3639,78,04001
54,9375648498535,Left,-0,9066792,0,8369321,1,024731,349,0809,311,2928,78,05089
54,9512672424316,Left,-0,9071456,0,8372072,1,02371,349,0366,311,1713,78,11404
54,9654273986816,Left,-0,9073414,0,837262,1,023473,349,0291,311,1304,78,13266
54,9794616699219,Left,-0,9083815,0,8376219,1,022172,348,9655,310,8745,78,21229
54,9930229187012,Left,-0,90905,0,8378597,1,02126,348,925,310,6925,78,33263
55,0070648193359,Left,-0,9094229,0,8378692,1,020735,348,9388,310,6028,78,39191
55,0211868286133,Left,-0,9098119,0,8378717,1,020071,348,9164,310,5021,78,42822
55,0346984863281,Left,-0,9098469,0,8378624,1,019854,348,9135,310,4896,78,43377
55,0486717224121,Left,-0,909983,0,8378543,1,019605,348,8956,310,4663,78,43648
55,0624694824219,Left,-0,910179,0,8377906,1,019181,348,8914,310,4523,78,44889
55,0767059326172,Left,-0,9103552,0,8377902,1,018989,348,8751,310,3858,78,49632
55,0904884338379,Left,-0,9106644,0,8376421,1,018434,348,8717,310,2639,78,62137
55,1040725708008,Left,-0,9106585,0,8375084,1,018305,348,882,310,2496,78,65681
55,1182861328125,Left,-0,9106855,0,8371794,1,018062,348,8967,310,229,78,70758
55,1321334838867,Left,-0,9106078,0,8369074,1,018042,348,8979,310,2323,78,70323
55,1458587646484,Left,-0,9105804,0,8367321,1,018018,348,9379,310,2251,78,69559
55,159839630127,Left,-0,9103785,0,8362438,1,017929,348,9666,310,2224,78,68726
55,1735649108887,Left,-0,9101654,0,8358895,1,017838,349,0312,310,2687,78,70093
55,1874847412109,Left,-0,9099507,0,8355528,1,017773,349,0378,310,2681,78,70791
55,2015800476074,Left,-0,9096826,0,8352231,1,017691,349,0833,310,3082,78,75762
55,2152709960938,Left,-0,9095155,0,8349249,1,017711,349,0919,310,3138,78,75909
55,2294235229492,Left,-0,9092155,0,8345138,1,017687,349,1252,310,3344,78,8036
55,2432441711426,Left,-0,9088246,0,833933,1,017696,349,1647,310,3806,78,85713
55,2569885253906,Left,-0,9087146,0,8337346,1,017693,349,1854,310,3907,78,87869
55,2710571289063,Left,-0,9084713,0,8331434,1,01768,349,2462,310,3891,78,94958
55,2848243713379,Left,-0,9084347,0,8330461,1,017691,349,2395,310,393,78,93925
55,2986869812012,Left,-0,9083025,0,8326665,1,017719,349,2395,310,393,78,93924
55,3128433227539,Left,-0,908173,0,8322975,1,017758,349,2989,310,3881,78,97475
55,3263854980469,Left,-0,9080212,0,8319315,1,017788,349,3416,310,3982,78,99677
55,3405876159668,Left,-0,907782,0,8314176,1,017834,349,3653,310,4039,79,00904
55,3543663024902,Left,-0,9077077,0,8312998,1,017832,349,3994,310,4233,79,03135
55,3680381774902,Left,-0,9074548,0,8308567,1,017853,349,4819,310,4742,79,07571
55,3820877075195,Left,-0,9072539,0,8305411,1,017872,349,5188,310,5138,79,08247
55,3959922790527,Left,-0,9071772,0,830433,1,01786,349,5182,310,5137,79,07842
55,4099273681641,Left,-0,9069687,0,8302102,1,017804,349,5536,310,5562,79,08114
55,4240341186523,Left,-0,9067957,0,8300578,1,017687,349,5521,310,5571,79,08012
55,4374618530273,Left,-0,9067637,0,8300298,1,017651,349,5537,310,5563,79,08113
55,4514198303223,Left,-0,9066037,0,8298569,1,017354,349,5845,310,5852,79,10849
55,465576171875,Left,-0,9065613,0,8297324,1,017174,349,5845,310,5852,79,1085
55,4791831970215,Left,-0,9065086,0,8295482,1,016746,349,6221,310,6066,79,1398
0,Teapot grabbed,0,0,0,0,0,0
55,4932060241699,Left,-0,9065155,0,8292906,1,016289,349,6512,310,604,79,14808
55,5073051452637,Left,-0,9066101,0,8291225,1,016017,349,6834,310,5953,79,14037
55,5210609436035,Left,-0,9069505,0,8285113,1,01516,349,7662,310,5524,79,08022
55,5349807739258,Left,-0,9073225,0,828095,1,01459,349,8434,310,4998,79,01459
55,5486869812012,Left,-0,9078014,0,8275881,1,014071,349,9282,310,4425,78,92284
55,562557220459,Left,-0,9084077,0,827051,1,013447,350,0285,310,3661,78,81131
55,5765800476074,Left,-0,9087913,0,8267424,1,013062,350,1109,310,3097,78,7448
55,5902862548828,Left,-0,9093307,0,8262804,1,012505,350,2235,310,2345,78,61382
55,6043548583984,Left,-0,9094138,0,8263965,1,012295,350,209,310,2222,78,61642
55,6182632446289,Left,-0,9096876,0,8263874,1,012024,350,1968,310,1805,78,60768
55,6319808959961,Left,-0,9099315,0,826447,1,011654,350,1914,310,1695,78,60644
55,6461524963379,Left,-0,9101146,0,8264861,1,011441,350,1871,310,1193,78,64777
55,6598815917969,Left,-0,9103124,0,8264623,1,01104,350,1844,310,0884,78,6732
55,6738014221191,Left,-0,9105554,0,8264859,1,010643,350,1711,310,001,78,67413
55,6879653930664,Left,-0,9107336,0,8265175,1,010324,350,1577,309,9477,78,68576
55,7014923095703,Left,-0,9109342,0,8265533,1,009932,350,1415,309,8767,78,72456
55,7154693603516,Left,-0,910959,0,8265139,1,009766,350,1408,309,8777,78,73679
55,7295761108398,Left,-0,9110199,0,8265051,1,009549,350,1369,309,8564,78,80772
55,743221282959,Left,-0,9109977,0,8263535,1,009516,350,1363,309,8567,78,81044
55,7574081420898,Left,-0,9110335,0,8261446,1,009442,350,1439,309,8525,78,8177
55,7711296081543,Left,-0,9110883,0,8259925,1,009405,350,1725,309,8357,78,85074
55,7849349975586,Left,-0,9110859,0,8258756,1,009394,350,1691,309,8369,78,84892
55,7988090515137,Left,-0,911226,0,8253886,1,009388,350,1982,309,8011,78,91393
55,8125534057617,Left,-0,9112267,0,8250328,1,00947,350,2212,309,7678,78,96535
55,8265609741211,Left,-0,911239,0,8247921,1,009546,350,2482,309,746,78,9929
55,840503692627,Left,-0,9112616,0,8242238,1,00974,350,3033,309,7053,79,05075
55,8542289733887,Left,-0,9112726,0,823935,1,009838,350,3287,309,7032,79,06859
55,8682823181152,Left,-0,9113603,0,8230743,1,010231,350,418,309,7052,79,1334
55,8822593688965,Left,-0,9113599,0,8221849,1,010741,350,5305,309,7278,79,2085
55,8963890075684,Left,-0,9112312,0,8216963,1,011089,350,5869,309,7737,79,25083
55,9100074768066,Left,-0,9110182,0,8210429,1,011588,350,6729,309,8385,79,28798
55,9238090515137,Left,-0,9109781,0,8208196,1,011778,350,6947,309,8568,79,28387
55,9375915527344,Left,-0,9107949,0,8201205,1,012348,350,7726,309,9156,79,2627
55,9516181945801,Left,-0,9106839,0,8196903,1,01274,350,7859,309,9248,79,25817
55,9653739929199,Left,-0,9106199,0,819536,1,012869,350,8125,309,9545,79,27213
55,9794921875,Left,-0,9102948,0,8189398,1,013421,350,8793,310,0238,79,30667
55,9936714172363,Left,-0,9100831,0,8184335,1,013846,350,957,310,0726,79,3238
56,0074462890625,Left,-0,9099534,0,8180296,1,014142,351,0313,310,1199,79,33997
56,0210456848145,Left,-0,9097724,0,8176253,1,014442,351,0737,310,187,79,34691
56,0350608825684,Left,-0,9097376,0,8174814,1,014552,351,0904,310,2106,79,34583
56,0488319396973,Left,-0,9096124,0,8170772,1,014814,351,1415,310,2664,79,31848
56,0627174377441,Left,-0,9095016,0,8167148,1,015053,351,1872,310,3134,79,25774
56,0765151977539,Left,-0,9094601,0,8163688,1,015229,351,2362,310,3459,79,19247
56,0907821655273,Left,-0,9095404,0,815894,1,015385,351,3234,310,3895,79,10055
56,1044654846191,Left,-0,9096069,0,815817,1,01538,351,347,310,3915,79,07866
56,1183433532715,Left,-0,9098421,0,8154693,1,015362,351,4304,310,395,79,00908
56,1321678161621,Left,-0,9100509,0,8150824,1,015339,351,5369,310,4129,78,89726
56,1462287902832,Left,-0,9101617,0,8150197,1,015303,351,558,310,4058,78,83823
56,1599006652832,Left,-0,9103753,0,8149928,1,015227,351,5705,310,4016,78,80308
56,1738586425781,Left,-0,9107556,0,8148736,1,015208,351,6087,310,3861,78,68454
56,1876907348633,Left,-0,91109,0,8148342,1,015214,351,6241,310,382,78,57986
56,2017211914063,Left,-0,9116099,0,8148316,1,01536,351,6335,310,3902,78,42895
56,2157783508301,Left,-0,9117033,0,8149381,1,015398,351,6339,310,3894,78,45702
56,2295074462891,Left,-0,9119922,0,8150114,1,01559,351,6339,310,3894,78,45702
56,2433815002441,Left,-0,9121383,0,8150644,1,015706,351,6339,310,3894,78,45702
56,2572937011719,Left,-0,9128233,0,8153101,1,016097,351,6143,310,3908,78,50548
56,2710494995117,Left,-0,9132394,0,8155527,1,016377,351,5732,310,3851,78,53329
56,2850799560547,Left,-0,9133633,0,8155575,1,016522,351,5732,310,3851,78,53329
56,2988395690918,Left,-0,9139,0,8159238,1,017249,351,4977,310,3827,78,68436
56,3128395080566,Left,-0,9141363,0,816023,1,017832,351,4622,310,3801,78,81345
56,3268432617188,Left,-0,9141978,0,8160971,1,01836,351,4395,310,407,78,94962
56,3404579162598,Left,-0,9141178,0,816062,1,019371,351,4206,310,4959,79,1888
56,3544502258301,Left,-0,9140441,0,8158975,1,019612,351,4297,310,5142,79,20203
56,3684158325195,Left,-0,9134878,0,8154411,1,020776,351,4569,310,652,79,28963
56,3820343017578,Left,-0,9133512,0,8152823,1,021093,351,4682,310,6879,79,31097
56,3961410522461,Left,-0,9129236,0,8149382,1,021732,351,4908,310,7775,79,37121
56,410083770752,Left,-0,9121494,0,8142512,1,022839,351,5512,310,9447,79,45306
56,4240798950195,Left,-0,9118428,0,8139461,1,02324,351,5841,311,0169,79,45312
56,4384841918945,Left,-0,9107594,0,8130856,1,024339,351,6729,311,261,79,44254
56,451717376709,Left,-0,9099295,0,8122216,1,025242,351,7584,311,4576,79,38096
56,4654960632324,Left,-0,9099166,0,8121858,1,025306,351,7668,311,4709,79,38239
56,4794044494629,Left,-0,9092737,0,8114645,1,025886,351,8352,311,6309,79,34665
56,4931793212891,Left,-0,9087615,0,810787,1,026477,351,9177,311,7908,79,22607
56,5071868896484,Left,-0,9087151,0,8106371,1,02659,351,9326,311,8147,79,18678
56,5212135314941,Left,-0,9086694,0,810298,1,026745,351,9663,311,8413,79,05206
0,Teapot dropped,0,0,0,0,0,0
56,5348739624023,Left,-0,9087562,0,810349,1,026641,351,9656,311,8198,79,04513
56,5489692687988,Left,-0,9089148,0,8102677,1,026414,351,9648,311,7975,79,03795
56,5631141662598,Left,-0,9090611,0,8101577,1,026318,352,0037,311,7639,79,02452
56,576587677002,Left,-0,9091485,0,8101079,1,026252,352,0183,311,7503,79,01381
56,5906105041504,Left,-0,909388,0,8100646,1,026042,352,0258,311,7433,79,00835
56,6043930053711,Left,-0,9095367,0,8100833,1,025929,352,0292,311,7006,78,99812
56,6182975769043,Left,-0,909942,0,8102889,1,025358,352,0246,311,5939,78,98914
56,6325874328613,Left,-0,9105669,0,8107171,1,024441,351,996,311,4512,79,00205
56,6459770202637,Left,-0,910736,0,810806,1,024252,351,9823,311,4219,78,9995
56,6599655151367,Left,-0,9113233,0,8110963,1,023608,351,9602,311,3117,78,97295
56,6744537353516,Left,-0,9115022,0,8111901,1,02335,351,9533,311,2751,78,95073
56,6877365112305,Left,-0,9120917,0,8114336,1,022682,351,94,311,1697,78,89532
56,7016639709473,Left,-0,9125628,0,8116716,1,022022,351,9379,311,0669,78,88461
56,7154846191406,Left,-0,9127707,0,8117601,1,021759,351,9312,311,017,78,8793
56,7295951843262,Left,-0,9133158,0,8119532,1,021122,351,9196,310,89,78,86788
56,7433700561523,Left,-0,9136519,0,8120559,1,020719,351,9099,310,8086,78,84184
56,7571716308594,Left,-0,9138343,0,8121377,1,020485,351,9042,310,7649,78,83495
56,7711067199707,Left,-0,913968,0,8122237,1,020188,351,9043,310,7482,78,83988
56,7851791381836,Left,-0,91403,0,8122632,1,020085,351,8963,310,7098,78,84115
56,799015045166,Left,-0,9141318,0,8123707,1,019754,351,8805,310,6521,78,84854
56,8128509521484,Left,-0,9142358,0,8124518,1,019575,351,8572,310,583,78,89409
56,8265762329102,Left,-0,9142047,0,8124272,1,019546,351,8608,310,6027,78,88081
56,8405075073242,Left,-0,9142355,0,812448,1,01945,351,8502,310,537,78,91884
56,8544616699219,Left,-0,914137,0,8124023,1,019408,351,8502,310,537,78,91883
56,8682632446289,Left,-0,913923,0,8123285,1,019385,351,8505,310,4995,78,97775
56,8825416564941,Left,-0,9135431,0,8120322,1,019522,351,8589,310,5037,78,99942
56,8963508605957,Left,-0,9134567,0,8119955,1,019549,351,8672,310,5177,79,019
56,9098930358887,Left,-0,913016,0,8116202,1,019814,351,8997,310,5755,79,03429
56,9239349365234,Left,-0,9124677,0,8111007,1,020175,351,9492,310,6458,79,02776
56,9379081726074,Left,-0,912062,0,8106967,1,020442,351,9928,310,7142,79,00335
56,9518280029297,Left,-0,911814,0,8104303,1,020596,352,0205,310,7471,78,9856
56,9656600952148,Left,-0,9116095,0,8101628,1,020765,352,0558,310,7882,78,96252
56,9793395996094,Left,-0,9110822,0,8093358,1,021249,352,1613,310,8857,78,87834
56,9934387207031,Left,-0,9109681,0,8090557,1,021413,352,1813,310,8911,78,87732
57,0073852539063,Left,-0,910946,0,8089712,1,02144,352,2018,310,8956,78,87023
57,0210838317871,Left,-0,9108627,0,8087325,1,021519,352,2141,310,8975,78,86895
57,0350112915039,Left,-0,9108075,0,8085215,1,021599,352,2557,310,9107,78,85634
57,0489463806152,Left,-0,9107078,0,8081499,1,021739,352,2997,310,9257,78,84016
57,0627021789551,Left,-0,9106955,0,8080444,1,021766,352,2965,310,9236,78,84399
57,0768699645996,Left,-0,9106928,0,8079588,1,021757,352,3001,310,9198,78,85217
57,0903816223145,Left,-0,9106458,0,8079566,1,021681,352,3481,310,9214,78,87078
57,1045722961426,Left,-0,910603,0,8079617,1,021635,352,3458,310,9214,78,86702
57,1186027526855,Left,-0,9105452,0,8080098,1,021513,352,3469,310,9222,78,86823
57,1320533752441,Left,-0,9106146,0,8079973,1,021452,352,342,310,8765,78,83438
57,1462631225586,Left,-0,9106343,0,8080577,1,021361,352,342,310,8765,78,83437
57,1601943969727,Left,-0,9107202,0,808188,1,021183,352,313,310,851,78,84566
57,1736907958984,Left,-0,9107071,0,8081942,1,021189,352,3141,310,8504,78,84184
57,1879234313965,Left,-0,9107082,0,8083763,1,02093,352,3087,310,8403,78,87194
57,2016868591309,Left,-0,9107255,0,8085135,1,020787,352,2707,310,8069,78,92168
57,2156410217285,Left,-0,910771,0,8085881,1,020668,352,2428,310,779,78,92754
57,2295722961426,Left,-0,9108751,0,8088042,1,020346,352,1824,310,7112,78,93834
57,2432708740234,Left,-0,910876,0,8089504,1,020114,352,1442,310,6831,78,99265
57,2571983337402,Left,-0,9108724,0,8090093,1,019997,352,1267,310,6645,79,03179
57,2711486816406,Left,-0,9108832,0,8092541,1,019505,352,0696,310,5761,79,24243
57,2850151062012,Left,-0,9108342,0,8091326,1,019443,352,0666,310,5598,79,28346
57,2990684509277,Left,-0,9107696,0,8090129,1,019274,352,0637,310,5438,79,32359
57,3127365112305,Left,-0,9106818,0,8088487,1,019178,352,0546,310,5,79,38028
57,3298263549805,Left,-0,9104878,0,8086117,1,019149,352,0628,310,5167,79,39616
57,3438949584961,Left,-0,9102538,0,8084341,1,019146,352,0902,310,5411,79,46619
57,357608795166,Left,-0,9100049,0,8081933,1,019177,352,1107,310,5722,79,50643
57,3715744018555,Left,-0,9094574,0,8076874,1,019272,352,175,310,6661,79,54773
57,3853645324707,Left,-0,9096034,0,8078026,1,019253,352,1555,310,6388,79,54282
57,3991928100586,Left,-0,9083325,0,8066901,1,019456,352,2966,310,8985,79,4493
57,4131355285645,Left,-0,9079052,0,8063276,1,019514,352,3301,310,9931,79,38042
57,4269638061523,Left,-0,9076538,0,8060898,1,019512,352,3687,311,0468,79,31574
57,4408073425293,Left,-0,9068314,0,8051525,1,019304,352,5186,311,2171,79,11578
57,4547348022461,Left,-0,9068,0,8050735,1,019211,352,5515,311,2347,79,0798
0,Teapot grabbed,0,0,0,0,0,0
57,4776878356934,Left,-0,9065942,0,8047534,1,019077,352,6202,311,2864,79,00461
57,5004196166992,Left,-0,9063759,0,8043616,1,017892,352,6878,311,3243,78,67421
57,5088310241699,Left,-0,8990228,0,7973017,1,011755,352,6805,311,2889,78,65786
57,522891998291,Left,-0,9065444,0,8045305,1,01739,352,6805,311,2889,78,65785
57,5359840393066,Left,-0,9067183,0,8046526,1,01711,352,6545,311,2391,78,66723
57,5495872497559,Left,-0,9072233,0,8050104,1,016113,352,5842,311,1054,78,69355
57,563060760498,Left,-0,9078214,0,8054819,1,015006,352,4902,310,9172,78,7216
57,5766677856445,Left,-0,9082041,0,8059542,1,014261,352,4021,310,7808,78,75256
57,5902633666992,Left,-0,9083256,0,8061543,1,01386,352,3589,310,7138,78,76783
57,6035385131836,Left,-0,9088347,0,8067988,1,013074,352,2418,310,5665,78,87025
57,6177978515625,Left,-0,9102575,0,8083723,1,010674,351,944,310,0948,79,30101
57,6310653686523,Left,-0,9109937,0,8091077,1,009702,351,8506,309,8966,79,57826
57,644947052002,Left,-0,9111139,0,8090845,1,009223,351,7743,309,7752,79,69119
57,6588020324707,Left,-0,9112258,0,8090914,1,008851,351,713,309,6422,79,76555
57,672550201416,Left,-0,9109504,0,8087316,1,008961,351,7669,309,6268,79,73321
57,6865501403809,Left,-0,9108257,0,808615,1,009099,351,7708,309,6586,79,71885
57,7001495361328,Left,-0,9105777,0,8083666,1,009208,351,8164,309,7273,79,77656
57,7137641906738,Left,-0,9105332,0,8082341,1,009298,351,8203,309,7367,79,77447
57,727611541748,Left,-0,9102452,0,8080423,1,009392,351,8413,309,7696,79,77948
57,7413940429688,Left,-0,9099032,0,8079105,1,009466,351,8486,309,7706,79,77745
57,7550506591797,Left,-0,9097062,0,8077682,1,009474,351,8457,309,8084,79,78065
57,7690315246582,Left,-0,9092994,0,8074319,1,009526,351,8517,309,8744,79,78178
57,782657623291,Left,-0,9089973,0,8070618,1,009601,351,8735,309,9319,79,79218
57,7967834472656,Left,-0,9088392,0,8068025,1,009639,351,8954,309,961,79,79993
57,811149597168,Left,-0,908552,0,806313,1,009724,351,9057,309,9745,79,80354
57,8242950439453,Left,-0,9084519,0,8060846,1,009748,351,9531,309,9994,79,79952
57,8384284973145,Left,-0,9081871,0,8052692,1,009808,352,0844,310,0784,79,77936
57,8522148132324,Left,-0,9081125,0,8048914,1,009815,352,124,310,115,79,74312
57,8660469055176,Left,-0,908111,0,8045756,1,009797,352,163,310,1418,79,68802
57,880126953125,Left,-0,9081205,0,8040764,1,009696,352,2254,310,1897,79,59599
57,893798828125,Left,-0,9081292,0,8040761,1,009646,352,2254,310,1897,79,59601
57,9077453613281,Left,-0,9081044,0,8038447,1,009518,352,2561,310,204,79,54961
57,921688079834,Left,-0,908332,0,8035159,1,009199,352,3196,310,1899,79,47926
57,9355506896973,Left,-0,9085242,0,8034156,1,009013,352,3404,310,1843,79,44772
57,9494247436523,Left,-0,9091254,0,8031569,1,008549,352,3856,310,1222,79,39649
57,9631843566895,Left,-0,9094312,0,8031005,1,008306,352,4029,310,0825,79,39368
57,9772109985352,Left,-0,9099423,0,803064,1,007965,352,42,310,0081,79,41231
57,9913482666016,Left,-0,9110318,0,8028268,1,007351,352,5128,309,8517,79,45779
58,0048866271973,Left,-0,9110934,0,8027301,1,007292,352,525,309,8384,79,44249
58,018970489502,Left,-0,9117174,0,8023748,1,007159,352,5947,309,7945,79,35445
58,0331535339355,Left,-0,9123361,0,8020003,1,007205,352,6894,309,7675,79,23119
58,0465774536133,Left,-0,9125065,0,8018815,1,007298,352,7404,309,7671,79,19148
58,0607948303223,Left,-0,9127313,0,8015949,1,007686,352,8512,309,7873,79,11111
58,0744018554688,Left,-0,9127451,0,801552,1,007889,352,8831,309,8052,79,07499
58,088306427002,Left,-0,9128631,0,8013284,1,008715,352,966,309,8633,78,9297
58,1023979187012,Left,-0,9129412,0,8012198,1,009625,353,0459,309,9155,78,71854
58,1161155700684,Left,-0,912775,0,801332,1,009912,353,0172,309,9901,78,67745
58,1301956176758,Left,-0,9122195,0,8017079,1,011139,352,9466,310,2162,78,52722
58,1441307067871,Left,-0,9121984,0,8018193,1,011246,352,9445,310,2298,78,54189
58,1578063964844,Left,-0,9116349,0,8023193,1,012204,352,9041,310,4079,78,61407
58,1717758178711,Left,-0,911513,0,8027494,1,01293,352,8373,310,4532,78,75719
58,1856002807617,Left,-0,9115106,0,8028039,1,01318,352,8194,310,4431,78,79411
58,1998062133789,Left,-0,9114632,0,8030431,1,013706,352,7769,310,4141,78,86778
58,213451385498,Left,-0,9112161,0,8032247,1,014242,352,7319,310,3972,78,93175
58,227222442627,Left,-0,9108865,0,8033745,1,01481,352,7052,310,3979,79,00504
58,2411689758301,Left,-0,9102407,0,8035221,1,015925,352,6965,310,4655,79,18445
58,2551803588867,Left,-0,9099977,0,8034917,1,016254,352,6932,310,5075,79,2435
58,2693977355957,Left,-0,9091281,0,8034245,1,017312,352,6941,310,6727,79,40322
58,2831344604492,Left,-0,9085419,0,8032416,1,017893,352,6812,310,7627,79,40702
58,2969360351563,Left,-0,9085018,0,8031602,1,017989,352,6807,310,7664,79,39854
58,3107070922852,Left,-0,9075758,0,8027275,1,018764,352,7072,310,9033,79,32222
58,3245468139648,Left,-0,90716,0,8024889,1,019193,352,7365,310,9992,79,32198
58,3384170532227,Left,-0,906391,0,8019497,1,01991,352,8148,311,1617,79,32576
58,352237701416,Left,-0,9059981,0,8014538,1,020384,352,9013,311,2549,79,35622
58,3662338256836,Left,-0,9057106,0,8010079,1,020723,352,9719,311,3237,79,32383
58,3802261352539,Left,-0,9052671,0,8003457,1,021182,353,0439,311,4208,79,24552
58,3942489624023,Left,-0,9051384,0,8001103,1,021378,353,0844,311,4657,79,20405
58,408073425293,Left,-0,9048675,0,799397,1,021833,353,1901,311,5588,79,11723
58,4218597412109,Left,-0,904785,0,7990674,1,022043,353,2555,311,6254,79,11552
58,4357833862305,Left,-0,9048022,0,7989522,1,022123,353,2599,311,6326,79,11892
58,4496231079102,Left,-0,904774,0,7987806,1,022181,353,2866,311,6805,79,13076
58,4634780883789,Left,-0,9047958,0,798753,1,022201,353,282,311,6709,79,13599
58,4775848388672,Left,-0,9048255,0,7986348,1,022212,353,2892,311,6727,79,13432
58,491340637207,Left,-0,9048495,0,7985854,1,022217,353,282,311,6709,79,13598
58,505313873291,Left,-0,904886,0,7985558,1,022218,353,3004,311,6854,79,14684
58,5192375183105,Left,-0,9049809,0,798543,1,02222,353,3164,311,6981,79,15623
58,5331954956055,Left,-0,9049927,0,7986031,1,022183,353,3164,311,6981,79,15624
58,5471305847168,Left,-0,9050035,0,7987294,1,022138,353,3,311,6924,79,2043
58,5606384277344,Left,-0,9050136,0,7988848,1,022104,353,2935,311,6902,79,22325
58,5746116638184,Left,-0,9050214,0,79904,1,022091,353,2681,311,6837,79,2413
58,5885353088379,Left,-0,9050059,0,7993165,1,022088,353,2572,311,6765,79,25854
58,6024742126465,Left,-0,904923,0,7996181,1,022071,353,1729,311,679,79,24934
58,6164474487305,Left,-0,9048736,0,7997345,1,022038,353,1517,311,6836,79,24738
58,6302871704102,Left,-0,9047444,0,8000062,1,02196,353,103,311,701,79,25523
58,6444396972656,Left,-0,9047028,0,8000948,1,021967,353,1006,311,7003,79,25549
58,6580810546875,Left,-0,9045924,0,8002779,1,02195,353,103,311,701,79,25523
58,6718368530273,Left,-0,9044654,0,8004512,1,021912,353,0544,311,6834,79,24812
58,6857757568359,Left,-0,9044377,0,800459,1,021891,353,0544,311,6834,79,24812
58,6997222900391,Left,-0,9043791,0,8002695,1,021873,353,0576,311,6435,79,16114
58,713508605957,Left,-0,9043049,0,8000047,1,021864,353,0713,311,6269,79,03978
58,7277679443359,Left,-0,904246,0,7997957,1,02194,353,0964,311,6252,78,95535
58,74169921875,Left,-0,9041432,0,7993489,1,022138,353,1468,311,6216,78,77965
58,7554397583008,Left,-0,9040809,0,799116,1,022272,353,1758,311,6395,78,67204
58,7693176269531,Left,-0,9040387,0,7986316,1,02256,353,2426,311,6642,78,48455
58,7831687927246,Left,-0,9041033,0,7986276,1,022564,353,241,311,6575,78,49046
58,7969284057617,Left,-0,9041512,0,7985784,1,022594,353,248,311,6619,78,48022
58,8109817504883,Left,-0,9042439,0,7984842,1,022643,353,2455,311,6649,78,4778
58,8247032165527,Left,-0,9043411,0,7984296,1,022686,353,2563,311,6347,78,46343
58,8386535644531,Left,-0,904563,0,7983334,1,022728,353,2544,311,5673,78,42581
58,8525657653809,Left,-0,9047951,0,7983696,1,022588,353,241,311,4824,78,43351
58,8664703369141,Left,-0,9049384,0,7983965,1,022481,353,2364,311,4298,78,47006
58,8804969787598,Left,-0,9055885,0,7984594,1,022136,353,2444,311,2411,78,70113
58,8943099975586,Left,-0,9055633,0,7982985,1,022123,353,2551,311,2302,78,71671
58,9080429077148,Left,-0,9057038,0,7980597,1,022101,353,2704,311,1859,78,76505
58,9220275878906,Left,-0,9057013,0,7978075,1,022173,353,3092,311,178,78,69317
58,9358863830566,Left,-0,9057064,0,7975796,1,022213,353,3423,311,1834,78,65717
58,9499168395996,Left,-0,9056071,0,7969262,1,022413,353,4243,311,2398,78,54744
58,9645347595215,Left,-0,9054022,0,7962217,1,022721,353,5261,311,3454,78,43174
58,9776344299316,Left,-0,9053007,0,7958628,1,022867,353,5709,311,3934,78,37972
58,9914855957031,Left,-0,9052083,0,7952646,1,023102,353,6612,311,4541,78,2878
59,0054359436035,Left,-0,9052202,0,7950819,1,023127,353,6846,311,457,78,25768
59,0192985534668,Left,-0,9052566,0,7947226,1,023114,353,7039,311,4594,78,23284
59,0331077575684,Left,-0,9053174,0,7943075,1,023054,353,791,311,4737,78,20787
59,0469398498535,Left,-0,9053079,0,7943106,1,023044,353,7797,311,4675,78,20999
0,Teapot dropped,0,0,0,0,0,0
59,0609741210938,Left,-0,9053292,0,7939466,1,022954,353,8389,311,4994,78,19911
59,0748825073242,Left,-0,9053622,0,793824,1,022893,353,8488,311,5036,78,19497
59,0889129638672,Left,-0,9054461,0,7936418,1,022757,353,8389,311,4994,78,19911
59,1028823852539,Left,-0,9056723,0,7934254,1,022499,353,9052,311,4925,78,20955
59,1165924072266,Left,-0,9058945,0,7932923,1,02228,353,9211,311,4619,78,23338
59,1303024291992,Left,-0,9064705,0,7929998,1,021792,353,9523,311,3633,78,2951
59,1444358825684,Left,-0,9067974,0,7928224,1,021487,353,9656,311,2872,78,34235
59,1582832336426,Left,-0,9072268,0,7926457,1,021189,353,9904,311,2122,78,38203
59,1720237731934,Left,-0,9077234,0,7923735,1,020778,354,0145,311,1173,78,41327
59,1860618591309,Left,-0,9080193,0,7922195,1,020501,354,0341,311,0618,78,46788
59,2001152038574,Left,-0,9084077,0,7920985,1,020236,354,0511,310,9952,78,52147
59,2139205932617,Left,-0,9085331,0,7919671,1,020074,354,0565,310,9484,78,531
59,2277679443359,Left,-0,9087944,0,7918373,1,019848,354,0491,310,8871,78,55705
59,2416114807129,Left,-0,9088508,0,7917486,1,01969,354,0447,310,8754,78,55853
59,2555084228516,Left,-0,9088686,0,791698,1,019609,354,0447,310,8754,78,55853
59,2692947387695,Left,-0,9089354,0,791601,1,019365,354,0763,310,8273,78,63643
59,2831840515137,Left,-0,9088415,0,7914342,1,019178,354,0909,310,8319,78,718
59,2971801757813,Left,-0,9088148,0,7913933,1,019176,354,0872,310,8272,78,6935
59,3110275268555,Left,-0,9087199,0,7913039,1,019104,354,0872,310,8272,78,6935
59,325023651123,Left,-0,9086492,0,7912495,1,019071,354,0872,310,8272,78,69351
59,3389282226563,Left,-0,9083686,0,7910601,1,018974,354,0875,310,8312,78,6963
59,352653503418,Left,-0,9081736,0,7909368,1,018888,354,1009,310,8864,78,72781
59,3666763305664,Left,-0,9081297,0,7907509,1,018844,354,1082,310,8827,78,74308
59,3805770874023,Left,-0,9081055,0,7905248,1,018698,354,1561,310,8827,78,81199
59,394359588623,Left,-0,908093,0,7904133,1,018664,354,1542,310,8816,78,80735
59,4083938598633,Left,-0,9080721,0,7902367,1,018515,354,1736,310,8395,78,82207
59,4225158691406,Left,-0,9079621,0,7901055,1,018309,354,1758,310,8301,78,82129
59,4360847473145,Left,-0,9079783,0,7900541,1,018218,354,1794,310,7976,78,8219
59,4499473571777,Left,-0,9080123,0,7899481,1,017874,354,1789,310,7863,78,81657
59,4636650085449,Left,-0,9081646,0,7899209,1,0175,354,1793,310,6944,78,89057
59,477725982666,Left,-0,9082413,0,7898765,1,017188,354,1739,310,6532,78,92001
59,491641998291,Left,-0,9083729,0,789847,1,016652,354,1567,310,5751,78,96909
59,5053863525391,Left,-0,9084243,0,7898099,1,016367,354,1419,310,5288,78,98399
59,5195465087891,Left,-0,9086781,0,7897294,1,015533,354,106,310,3832,79,02784
59,5332336425781,Left,-0,9091519,0,789613,1,014597,354,0884,310,2111,79,12524
59,5474700927734,Left,-0,909314,0,7895592,1,014238,354,0894,310,144,79,17592
59,5611152648926,Left,-0,9100268,0,7892804,1,012531,354,0467,309,8306,79,42678
59,5748710632324,Left,-0,909999,0,7891531,1,012237,354,033,309,787,79,45811
59,5889015197754,Left,-0,9103391,0,7886879,1,010598,354,0082,309,5384,79,69846
59,6028175354004,Left,-0,9108627,0,7880324,1,009083,354,0327,309,29,79,97004
59,6165504455566,Left,-0,9110014,0,7879781,1,008723,354,0185,309,2553,80,04984
59,6306838989258,Left,-0,9119561,0,7871901,1,006136,353,8997,308,8735,80,63688
59,6445770263672,Left,-0,9122908,0,7866818,1,005008,353,8712,308,6184,80,87147
59,6584892272949,Left,-0,9131892,0,7861017,1,003119,353,8697,308,1993,81,28219
59,6723175048828,Left,-0,9136267,0,785116,1,001175,353,8888,307,8363,81,57394
59,6860389709473,Left,-0,9138483,0,7845847,1,000088,353,8587,307,6559,81,65382
59,700065612793,Left,-0,9147434,0,7834061,0,9978333,354,0185,307,2741,81,91044
59,714054107666,Left,-0,9148041,0,7828546,0,9968848,354,075,307,1412,81,98478
59,7278251647949,Left,-0,9154291,0,7818206,0,9939187,354,1368,306,7916,82,34409
59,7420654296875,Left,-0,9158798,0,780939,0,9910149,354,09,306,4156,82,72743
59,7558860778809,Left,-0,9161785,0,7804174,0,9894062,354,0686,306,1949,82,92332
59,7694702148438,Left,-0,9173344,0,7794015,0,9857304,354,0417,305,5759,83,38428
59,7835273742676,Left,-0,9186735,0,7787944,0,9817716,353,7216,304,356,83,52914
59,7972221374512,Left,-0,9191343,0,7777347,0,9800047,353,9615,304,4691,83,85486
59,8113403320313,Left,-0,9199055,0,7760619,0,9764047,354,1383,304,2473,83,93362
59,8252449035645,Left,-0,9203532,0,7755035,0,9748554,354,2054,304,1048,84,06923
59,8389167785645,Left,-0,9222131,0,7737657,0,9705295,354,3774,303,5254,84,1591
59,8531379699707,Left,-0,9238103,0,7722406,0,9665594,354,5638,302,8325,84,14566
59,8669738769531,Left,-0,9249618,0,771159,0,9636592,354,8422,302,5464,84,33526
59,8808364868164,Left,-0,9268876,0,7696005,0,9589787,355,0928,301,9125,84,60903
59,8947563171387,Left,-0,9276831,0,7689911,0,9570248,355,1794,301,5726,84,71777
59,9083786010742,Left,-0,9301589,0,7676664,0,95162,355,3566,300,6853,84,99803
59,9225044250488,Left,-0,9319161,0,7669959,0,946354,355,3216,299,9915,85,34707
59,9362831115723,Left,-0,9330757,0,7666164,0,9429918,355,2883,299,4656,85,53443
59,9500389099121,Left,-0,9354286,0,7652727,0,9365199,355,4213,298,5519,85,58265
59,964054107666,Left,-0,9356168,0,7647938,0,9344805,355,5559,298,4437,85,61189
59,9783821105957,Left,-0,9380095,0,7635243,0,9275008,355,6653,297,4909,85,70159
59,991771697998,Left,-0,939914,0,7624248,0,9215749,355,8146,296,5757,85,75931
60,0058174133301,Left,-0,9406853,0,7620376,0,9181412,355,8916,296,2023,85,91727
60,0195960998535,Left,-0,9431623,0,7610088,0,9105219,355,9756,295,2345,86,1899
60,0335655212402,Left,-0,9449151,0,7602057,0,904394,355,9992,294,2755,86,259
60,0475845336914,Left,-0,9450812,0,7596394,0,8990566,356,0798,293,6992,86,36046
60,0613632202148,Left,-0,9459125,0,7590245,0,8904241,356,0642,292,5529,86,45824
60,0754241943359,Left,-0,9448679,0,7586702,0,8854821,356,1248,292,1416,86,53189
60,0892372131348,Left,-0,9441873,0,7577875,0,8745251,356,3233,291,1609,86,73167
60,1029510498047,Left,-0,942142,0,7573848,0,8634199,356,4149,290,3994,87,0099
60,1171913146973,Left,-0,9405702,0,7574663,0,8555657,356,3188,289,7898,87,16552
60,1308212280273,Left,-0,9381195,0,7573919,0,8396134,356,375,288,5965,87,5596
60,1448402404785,Left,-0,9369538,0,7571804,0,8290577,356,3633,288,1419,87,65247
60,1586837768555,Left,-0,9335147,0,7574856,0,8073817,356,1159,286,9691,88,13831
60,172435760498,Left,-0,9304056,0,757491,0,7867742,355,8654,286,1249,88,63989
60,186595916748,Left,-0,9289878,0,7573537,0,772376,355,8161,285,6046,88,99981
60,2005805969238,Left,-0,9257355,0,7565473,0,7461322,355,9164,284,5013,89,6908
60,2142601013184,Left,-0,9265316,0,7563235,0,7381325,355,919,284,1545,89,7987
60,2282028198242,Left,-0,9271868,0,7552007,0,7113647,355,9442,282,9269,90,28423
60,2418746948242,Left,-0,9293737,0,7543831,0,6892532,355,9902,281,9833,90,62505
60,2558250427246,Left,-0,9307823,0,753495,0,6786388,356,0854,281,4666,90,62073
60,2697486877441,Left,-0,936733,0,7522652,0,6532272,356,2053,280,3253,90,82092
60,283805847168,Left,-0,9428039,0,750591,0,6373305,356,0359,279,8831,90,83254
60,2979507446289,Left,-0,9490733,0,7494726,0,6244951,356,2132,279,5615,91,03599
60,3115081787109,Left,-0,9585422,0,7481974,0,6051487,356,3673,279,91,42916
60,3253440856934,Left,-0,9634807,0,7474036,0,598629,356,4915,278,8751,91,84226
60,339469909668,Left,-0,9762373,0,7456381,0,5781448,356,7103,278,2034,92,5157
60,3532333374023,Left,-0,9858046,0,7439704,0,5662712,356,9049,277,7715,92,82532
60,3669776916504,Left,-0,9922211,0,7429346,0,5605876,357,0053,277,5939,92,87752
60,3809814453125,Left,-1,004492,0,7411565,0,5483061,357,2141,277,3146,93,1683
60,3947334289551,Left,-1,00901,0,7405494,0,5448875,357,2863,277,2078,93,26894
60,4088516235352,Left,-1,023161,0,7387711,0,5318934,357,5107,276,801,93,64037
60,422779083252,Left,-1,034584,0,7370595,0,527637,357,6403,277,0231,93,44545
60,4365310668945,Left,-1,041342,0,7363013,0,5241075,357,6625,277,0457,93,46185
60,4505462646484,Left,-1,055673,0,7346165,0,5172188,357,7836,277,1576,93,56165
60,4644012451172,Left,-1,061187,0,7340147,0,5157926,357,8813,277,1996,93,64469
60,4783020019531,Left,-1,076935,0,732092,0,5100672,358,1644,277,3184,93,91493
60,492359161377,Left,-1,090557,0,7303116,0,5074122,358,444,277,6472,93,98833
60,505973815918,Left,-1,096963,0,7298529,0,5068306,358,4865,277,8021,93,88737
60,5200653076172,Left,-1,11294,0,7276154,0,5066664,358,7631,278,4964,93,62701
60,534065246582,Left,-1,117983,0,7271983,0,5069943,358,8124,278,6384,93,58092
60,5476303100586,Left,-1,132899,0,7258645,0,5092018,358,8921,279,4913,93,27903
60,5618858337402,Left,-1,147458,0,7250966,0,5120203,358,8823,280,2624,93,15128
60,5756683349609,Left,-1,153795,0,724739,0,5145629,358,9165,280,5794,93,16483
60,589298248291,Left,-1,16923,0,723612,0,5209484,359,0813,281,3423,93,19475
60,6033477783203,Left,-1,181886,0,7224398,0,5276888,359,2834,281,8487,93,17955
60,6172866821289,Left,-1,190321,0,7216965,0,5328109,359,3612,282,1831,93,17133
60,6312141418457,Left,-1,203848,0,7203805,0,5421041,359,5259,282,7079,93,27274
60,6450691223145,Left,-1,206944,0,7198373,0,5458756,359,6063,282,8783,93,34951
60,6588287353516,Left,-1,218919,0,7184989,0,5565501,359,8152,283,4025,93,56082
60,6727714538574,Left,-1,226785,0,7175006,0,5656123,359,9347,283,89,93,57313
60,6868286132813,Left,-1,231058,0,7170046,0,5713649,359,9684,284,2151,93,58972
60,7006072998047,Left,-1,239091,0,7165935,0,5827225,359,9567,284,9397,93,5683
60,7145729064941,Left,-1,242039,0,7164797,0,5870512,0,01178891,285,2057,93,53764
60,7285308837891,Left,-1,249574,0,715764,0,5990518,0,1086154,285,8549,93,53815
60,7422332763672,Left,-1,255402,0,7158134,0,609167,0,01918429,286,4523,93,7831
60,756290435791,Left,-1,257986,0,7156917,0,61432,0,03870498,286,7993,93,96773
60,7702445983887,Left,-1,262631,0,7153574,0,6243847,0,07555899,287,5507,94,32685
60,7839393615723,Left,-1,261971,0,7151203,0,6252815,0,0669666,287,7513,94,38285
60,7980880737305,Left,-1,264017,0,7143093,0,6336843,0,1783041,288,5179,94,45293
60,8115921020508,Left,-1,264133,0,7133698,0,6388034,0,2804282,289,1145,94,37845
60,8257255554199,Left,-1,26375,0,7127413,0,6415719,0,3961712,289,515,94,27748
60,8398246765137,Left,-1,262838,0,7114264,0,6480241,0,6042559,290,4599,94,18988
60,853443145752,Left,-1,262418,0,7105091,0,6528078,0,7508283,291,1459,94,14702
60,867374420166,Left,-1,261474,0,7096116,0,6570456,0,9591537,291,9054,94,10143
60,8810615539551,Left,-1,259758,0,7083007,0,6637467,1,156571,293,0938,93,94653
60,895263671875,Left,-1,259327,0,7079036,0,6663306,1,190256,293,5663,93,92498
60,9092292785645,Left,-1,257051,0,7066441,0,6732494,1,308636,294,8676,93,65549
60,9230194091797,Left,-1,256062,0,7057057,0,6783951,1,438299,295,7169,93,43457
60,936767578125,Left,-1,254889,0,70536,0,6815265,1,453613,296,3129,93,22629
60,9507446289063,Left,-1,253017,0,704728,0,6872547,1,507289,297,3779,93,06824
60,9646377563477,Left,-1,252772,0,7046185,0,6889311,1,530392,297,6332,93,02602
60,9785232543945,Left,-1,251069,0,7039299,0,6940436,1,602896,298,5027,92,91035
60,992359161377,Left,-1,250125,0,7034178,0,6979697,1,674454,299,1785,92,81393
61,0062484741211,Left,-1,249711,0,7031646,0,6999726,1,739329,299,5104,92,77665
61,0202827453613,Left,-1,248524,0,7024427,0,7043225,1,966529,300,2607,92,7513
61,0341110229492,Left,-1,248425,0,7024405,0,705611,1,962253,300,4814,92,7808
61,047981262207,Left,-1,24744,0,7024441,0,7094604,1,928159,301,1356,92,85694
61,0619850158691,Left,-1,247247,0,7027996,0,7121903,1,857525,301,4995,92,95016
61,0758018493652,Left,-1,247106,0,7028648,0,7135898,1,850311,301,6749,92,90415
61,0896797180176,Left,-1,246312,0,7030076,0,7167496,1,811335,302,0722,92,83406
61,1034812927246,Left,-1,245789,0,703337,0,7187172,1,739941,302,3118,92,70341
61,1173667907715,Left,-1,24532,0,7037251,0,7197021,1,711905,302,4293,92,60567
61,1313514709473,Left,-1,244587,0,7045321,0,7213942,1,601236,302,6866,92,58251
61,1451187133789,Left,-1,244271,0,7049578,0,722022,1,511809,302,8036,92,61247
61,1592102050781,Left,-1,243068,0,7060971,0,7234465,1,282648,303,1696,92,76969
61,1731376647949,Left,-1,242224,0,7065888,0,7242154,1,237918,303,3644,92,93842
61,1869010925293,Left,-1,241756,0,7067375,0,7247421,1,224854,303,477,92,98046
61,2008743286133,Left,-1,240704,0,7069962,0,7254964,1,199833,303,707,93,04562
61,2148551940918,Left,-1,24051,0,7069899,0,7255458,1,167073,303,7477,93,01948
61,2285232543945,Left,-1,240101,0,7070398,0,7255073,1,075459,303,8057,93,01216
61,2425231933594,Left,-1,240456,0,7065488,0,7246733,1,135585,303,6389,93,05964
61,2565841674805,Left,-1,240589,0,7063843,0,7245322,1,16706,303,6044,93,06948
61,2702713012695,Left,-1,240695,0,7059032,0,7237891,1,224082,303,4467,93,10967
61,2845916748047,Left,-1,240594,0,7057706,0,723683,1,218186,303,4426,93,12495
61,2979850769043,Left,-1,240614,0,7055774,0,7235722,1,209952,303,4026,93,17783
61,3118743896484,Left,-1,240581,0,7053143,0,723535,1,220516,303,3721,93,24118
61,326244354248,Left,-1,240537,0,7050598,0,7233856,1,239861,303,3309,93,30862
61,3396377563477,Left,-1,240409,0,7045633,0,7229222,1,283208,303,2406,93,48006
61,3536033630371,Left,-1,240244,0,7038251,0,7220492,1,355304,303,0395,93,68649
61,367359161377,Left,-1,240207,0,703409,0,7216356,1,406438,302,9457,93,73732
61,3813400268555,Left,-1,240088,0,7025154,0,7206634,1,539028,302,7498,93,85072
61,3955192565918,Left,-1,23993,0,7021275,0,7201233,1,594095,302,6656,93,91
61,4090309143066,Left,-1,239508,0,7010115,0,7180109,1,790677,302,3841,94,26042
61,4230461120605,Left,-1,239207,0,7005863,0,7170556,1,859924,302,2366,94,42481
61,4372520446777,Left,-1,238864,0,7002645,0,7158076,1,892641,302,0675,94,63702
61,4508018493652,Left,-1,238612,0,700018,0,7146432,1,917813,301,8945,94,82065
61,4648094177246,Left,-1,238449,0,6999521,0,7142161,1,89299,301,8269,94,8373
61,4785842895508,Left,-1,238294,0,6999571,0,7131293,1,836667,301,665,94,86253
61,4927253723145,Left,-1,238239,0,6999243,0,7115198,1,784891,301,4555,94,99254
61,5066909790039,Left,-1,238248,0,6998166,0,7103258,1,754723,301,2778,95,09871
61,5202369689941,Left,-1,238402,0,6997768,0,7089878,1,727873,301,0713,95,25298
61,5345001220703,Left,-1,238544,0,699634,0,7078363,1,715935,300,8473,95,33482
61,5482139587402,Left,-1,238911,0,6995602,0,7065579,1,684559,300,6031,95,43002
61,5619354248047,Left,-1,239184,0,6993999,0,7052579,1,667304,300,3599,95,49393
61,5760650634766,Left,-1,239362,0,6992863,0,704389,1,660382,300,2356,95,53131
61,5897178649902,Left,-1,239853,0,6990073,0,7027792,1,688177,299,9775,95,65298
61,6037788391113,Left,-1,240059,0,6986288,0,7016476,1,744965,299,8291,95,67738
61,6178894042969,Left,-1,240237,0,6984352,0,7008778,1,757723,299,7053,95,64701
61,6314086914063,Left,-1,240377,0,6982536,0,6998545,1,764091,299,5735,95,60487
61,6455459594727,Left,-1,240395,0,6981964,0,6997513,1,759045,299,5723,95,58945
61,6595230102539,Left,-1,240845,0,6978192,0,6981738,1,795814,299,3847,95,55701
61,6731414794922,Left,-1,241027,0,6976576,0,6973984,1,806924,299,2682,95,56895
61,6871910095215,Left,-1,241215,0,6975234,0,6966401,1,818081,299,1714,95,58286
61,7009735107422,Left,-1,241629,0,6972062,0,6951167,1,884012,298,9711,95,61156
61,7150039672852,Left,-1,241771,0,6970713,0,694364,1,901329,298,8501,95,61594
61,729118347168,Left,-1,242216,0,6968021,0,6929563,1,916987,298,6446,95,63272
61,7425727844238,Left,-1,242815,0,6964346,0,6914243,1,917677,298,3904,95,67423
61,7566566467285,Left,-1,243007,0,696267,0,6909001,1,939362,298,303,95,68923
61,7707595825195,Left,-1,243718,0,6958098,0,6893243,2,02769,298,0075,95,76801
61,784366607666,Left,-1,243901,0,695569,0,6885591,2,060812,297,8525,95,78303
61,7984313964844,Left,-1,244281,0,6952888,0,6875759,2,09556,297,653,95,78113
61,8123321533203,Left,-1,244649,0,6950876,0,6866535,2,100583,297,486,95,75185
61,826286315918,Left,-1,244726,0,6950728,0,6863424,2,089683,297,4654,95,75834
61,8400192260742,Left,-1,244967,0,6950198,0,6858112,2,09829,297,4056,95,84811
61,8537178039551,Left,-1,244907,0,6949443,0,6858162,2,095927,297,4239,95,84444
61,8677024841309,Left,-1,24503,0,6948254,0,6853775,2,123056,297,3634,95,83897
61,8816909790039,Left,-1,245051,0,6947641,0,6850257,2,13095,297,3458,95,83739
61,8955497741699,Left,-1,245163,0,6946409,0,6847482,2,14719,297,268,95,81771
61,9094734191895,Left,-1,245346,0,6944283,0,6843217,2,185337,297,1636,95,79195
61,923397064209,Left,-1,245392,0,6942946,0,6840665,2,225842,297,1197,95,78855
61,9374694824219,Left,-1,245419,0,6942189,0,6839781,2,2525,297,1086,95,76968
61,9514312744141,Left,-1,245422,0,6941884,0,6838484,2,253071,297,1076,95,78163
61,9651222229004,Left,-1,245418,0,6942295,0,6837776,2,261804,297,0913,95,78362
61,9788703918457,Left,-1,245453,0,6943151,0,6837168,2,266705,297,0545,95,80023
61,9927978515625,Left,-1,245386,0,6943763,0,6836968,2,267776,297,0478,95,8031
62,0065689086914,Left,-1,245416,0,694348,0,6837038,2,273613,297,0452,95,80427
62,0205764770508,Left,-1,245447,0,6943167,0,683729,2,26778,297,0478,95,80311
62,0346374511719,Left,-1,245492,0,6942806,0,6837924,2,296359,297,0402,95,81001
62,048282623291,Left,-1,245454,0,6942441,0,6839821,2,328824,297,0315,95,81784
62,0624809265137,Left,-1,245249,0,6942888,0,6842998,2,381791,297,1006,95,82711
62,0762596130371,Left,-1,245143,0,694298,0,6844754,2,396998,297,1318,95,8289
62,0900459289551,Left,-1,244899,0,6941869,0,6850713,2,431194,297,237,95,79756
62,1040802001953,Left,-1,244842,0,6941447,0,6852793,2,441732,297,2766,95,77324
62,1179275512695,Left,-1,244698,0,6940602,0,6856169,2,455236,297,332,95,73937
62,1317939758301,Left,-1,244462,0,6938322,0,6863091,2,511864,297,4621,95,69558
62,1458168029785,Left,-1,244365,0,6937571,0,6866654,2,524062,297,5442,95,6796
62,1593856811523,Left,-1,244139,0,6936378,0,6871889,2,558743,297,6588,95,66049
62,1736640930176,Left,-1,244047,0,6936024,0,6875018,2,573504,297,7215,95,63174
62,1873817443848,Left,-1,243769,0,6934294,0,6880857,2,630858,297,8525,95,5156
62,2011337280273,Left,-1,243683,0,6935159,0,6883479,2,613997,297,9252,95,50043
62,2153167724609,Left,-1,243694,0,69348,0,6884804,2,613997,297,9252,95,50043
62,2290649414063,Left,-1,243611,0,6933848,0,6887733,2,625544,297,9774,95,5287
62,2428855895996,Left,-1,243581,0,6933095,0,6889925,2,632441,297,9941,95,53448
62,2568588256836,Left,-1,243524,0,6933002,0,6890988,2,637844,298,0316,95,52631
62,2708358764648,Left,-1,243482,0,6932607,0,6893947,2,64714,298,0642,95,51499
62,2847862243652,Left,-1,243467,0,6932119,0,6894286,2,653148,298,0875,95,50162
62,2985877990723,Left,-1,243525,0,6930388,0,6896223,2,664218,298,1324,95,47932
62,3122329711914,Left,-1,243556,0,692893,0,6897531,2,682644,298,1917,95,48788
62,3264846801758,Left,-1,243567,0,6928704,0,6897916,2,68063,298,177,95,49101
62,3400764465332,Left,-1,243557,0,6927727,0,6898578,2,715195,298,2379,95,4882
62,3539657592773,Left,-1,243583,0,692765,0,6898642,2,712453,298,235,95,48895
62,3679504394531,Left,-1,243508,0,6927617,0,689954,2,712451,298,235,95,48894
62,3817672729492,Left,-1,243309,0,6928094,0,6901186,2,739256,298,2657,95,46139
62,395866394043,Left,-1,243264,0,6928436,0,6901124,2,740766,298,2659,95,45955
62,4098854064941,Left,-1,243221,0,6928437,0,6900333,2,740748,298,2661,95,45914
62,4234504699707,Left,-1,243216,0,6928205,0,6899232,2,741605,298,2665,95,4594
62,4374542236328,Left,-1,243211,0,6927714,0,6898509,2,767391,298,2709,95,43274
62,4514236450195,Left,-1,243131,0,6927528,0,6898548,2,77677,298,2727,95,42318
62,4651489257813,Left,-1,243059,0,6926902,0,689903,2,787802,298,2734,95,42078
62,4790992736816,Left,-1,243028,0,692584,0,6898952,2,840025,298,2665,95,40631
62,4931907653809,Left,-1,24304,0,6925337,0,689674,2,843946,298,2654,95,40092
62,5069732666016,Left,-1,243063,0,6925138,0,6896452,2,859531,298,2506,95,38981
62,5209426879883,Left,-1,243006,0,6924751,0,6894515,2,876725,298,2363,95,3808
62,534725189209,Left,-1,242969,0,6924749,0,6894649,2,870413,298,2381,95,38592
62,5486259460449,Left,-1,242821,0,6924596,0,6895025,2,905982,298,214,95,38955
62,5625877380371,Left,-1,242786,0,6923937,0,6893606,2,911848,298,2098,95,39052
62,5764389038086,Left,-1,242892,0,6923532,0,6892681,2,94274,298,1547,95,38692
62,5903625488281,Left,-1,242918,0,6923473,0,6890796,2,959493,298,1248,95,38496
62,6043663024902,Left,-1,242916,0,692335,0,6890669,2,959502,298,1248,95,38496
62,6180458068848,Left,-1,24288,0,692267,0,6890529,2,958612,298,1201,95,3884
62,6322860717773,Left,-1,242854,0,692242,0,6890661,2,954476,298,0789,95,3911
62,6459121704102,Left,-1,242813,0,6923226,0,6890172,2,951717,298,0768,95,38459
62,6596488952637,Left,-1,242769,0,6924291,0,6889744,2,955461,298,0801,95,38925
62,6735801696777,Left,-1,242695,0,6925733,0,6889706,2,923963,298,0682,95,34528
62,6873664855957,Left,-1,24275,0,6925071,0,6889604,2,923955,298,0682,95,34525
62,7014312744141,Left,-1,242903,0,6921968,0,6889814,2,922426,298,0767,95,34669
62,7156753540039,Left,-1,242895,0,6921704,0,6890038,2,918966,298,0906,95,34379
62,7292327880859,Left,-1,242885,0,6922343,0,689146,2,906796,298,114,95,33307
62,7432136535645,Left,-1,242815,0,692323,0,6892316,2,892918,298,1432,95,32486
62,757022857666,Left,-1,242782,0,6923997,0,6893749,2,889389,298,1544,95,31908
62,7709999084473,Left,-1,242747,0,6922163,0,6893881,2,872517,298,2073,95,29781
62,7848815917969,Left,-1,242821,0,6921021,0,6893836,2,872521,298,2073,95,29781
62,7985877990723,Left,-1,242813,0,6918451,0,6894476,2,870775,298,2626,95,29629
62,812572479248,Left,-1,242791,0,6918163,0,6895956,2,873099,298,2929,95,28762
62,8266563415527,Left,-1,242784,0,6917962,0,6897073,2,873099,298,2929,95,28764
62,8402976989746,Left,-1,242702,0,6916935,0,6899425,2,897043,298,344,95,25216
62,8543739318848,Left,-1,242678,0,6916146,0,6899328,2,902001,298,3534,95,24731
62,8686103820801,Left,-1,242598,0,6914831,0,689944,2,924463,298,389,95,23453
62,8820381164551,Left,-1,242533,0,691388,0,6900664,2,94717,298,4369,95,22369
62,8960227966309,Left,-1,242515,0,6913769,0,690225,2,951864,298,4484,95,2252
62,9096565246582,Left,-1,242443,0,6913617,0,6904091,2,966505,298,5079,95,22998
62,9239120483398,Left,-1,242446,0,6912942,0,6905764,2,965891,298,5151,95,22449
62,9377670288086,Left,-1,242408,0,691228,0,6906103,2,97679,298,5568,95,21133
62,9513702392578,Left,-1,242407,0,6911728,0,6906862,2,978944,298,5619,95,20647
62,9654884338379,Left,-1,242123,0,6913558,0,6914207,2,973466,298,8689,95,10667
62,9792671203613,Left,-1,241533,0,6914155,0,6929593,2,914946,299,1647,94,31535
62,993278503418,Left,-1,24136,0,6914256,0,6937506,2,923375,299,2691,93,8634
63,0071601867676,Left,-1,241497,0,6916868,0,6935087,2,946526,299,3541,94,13322
63,0209083557129,Left,-1,241556,0,6917826,0,6934373,2,954151,299,3715,94,24979
63,0351524353027,Left,-1,241532,0,6916763,0,6934942,2,931739,299,3607,94,30521
63,0490341186523,Left,-1,241535,0,6917347,0,6937514,2,929214,299,3919,94,3729
63,0626449584961,Left,-1,241573,0,6917817,0,6941068,2,954757,299,3995,94,32023
63,07666015625,Left,-1,241604,0,6919302,0,6944304,2,956301,299,4182,94,33151
63,0904579162598,Left,-1,241587,0,6920127,0,694608,2,968162,299,4673,94,34725
63,1045875549316,Left,-1,241597,0,6921078,0,694977,2,980428,299,5173,94,34746
63,118350982666,Left,-1,241549,0,6924273,0,6961246,2,997118,299,6723,94,27346
63,1320419311523,Left,-1,241415,0,6926951,0,6972823,2,991625,299,8505,94,13345
63,1461524963379,Left,-1,241468,0,6927969,0,6973859,2,993666,299,8713,94,14108
63,1599998474121,Left,-1,241349,0,6931837,0,6984095,3,005786,300,0483,94,19847
63,1737022399902,Left,-1,241307,0,6932898,0,6988095,2,991442,300,1205,94,21343
63,1877632141113,Left,-1,241004,0,6937146,0,7000155,2,940733,300,3492,94,23893
63,2018661499023,Left,-1,240803,0,6940043,0,7012718,2,987671,300,5178,94,24152
63,2154312133789,Left,-1,240735,0,6940679,0,7015604,3,004613,300,563,94,22776
63,2293510437012,Left,-1,240249,0,6944255,0,7026733,3,015433,300,7698,94,2311
63,2431449890137,Left,-1,239512,0,694856,0,7041095,2,914196,301,0132,94,14304
63,2572212219238,Left,-1,238909,0,6951796,0,7052031,2,899156,301,2657,94,14947
63,2711448669434,Left,-1,236535,0,6956607,0,7101762,2,910389,301,9036,94,16396
63,284854888916,Left,-1,233799,0,6957597,0,7166432,2,883882,302,0352,94,18147
63,2988090515137,Left,-1,230047,0,6959881,0,725108,2,851728,302,238,94,25121
63,3128814697266,Left,-1,225098,0,6960437,0,736803,2,820424,302,3086,94,42097
63,3270530700684,Left,-1,222013,0,6959586,0,7443946,2,827029,302,2843,94,56123
63,3406066894531,Left,-1,215855,0,6955894,0,7589528,2,95378,302,2982,94,77439
63,3545036315918,Left,-1,213406,0,695329,0,7645349,3,015532,302,2939,94,74535
63,3683013916016,Left,-1,206618,0,6949645,0,7803025,3,110734,302,3189,94,67437
63,3823089599609,Left,-1,200476,0,6945747,0,7942567,3,247094,302,4838,94,75066
63,3960609436035,Left,-1,197646,0,6945426,0,8010831,3,247094,302,4838,94,75066
63,4100532531738,Left,-1,195247,0,694399,0,8068378,3,2894,302,3872,94,84962
63,4239692687988,Left,-1,194803,0,6943672,0,8074291,3,274009,302,4229,94,90765
63,4377784729004,Left,-1,194364,0,6943331,0,8081732,3,243945,302,5055,94,92357
63,4517250061035,Left,-1,194195,0,6944219,0,8086199,3,207142,302,5201,94,83186
63,465648651123,Left,-1,194111,0,6945235,0,8086689,3,183338,302,5507,94,82642
63,4793510437012,Left,-1,194082,0,6946115,0,8087544,3,155095,302,6128,94,8462
63,4936027526855,Left,-1,194318,0,6944357,0,8087537,3,154431,302,6153,94,84772
63,5072021484375,Left,-1,194559,0,6943161,0,8087272,3,147445,302,6171,94,84582
63,521354675293,Left,-1,194662,0,6944751,0,8086808,3,045155,302,6458,94,79753
63,5350914001465,Left,-1,194696,0,6946133,0,8086768,3,023133,302,647,94,78149
63,5491104125977,Left,-1,194576,0,695092,0,8085419,2,958322,302,673,94,8127
63,5629692077637,Left,-1,194555,0,6951663,0,8085328,2,966467,302,6684,94,80302
63,5768432617188,Left,-1,194271,0,695514,0,808288,2,882143,302,6838,94,83283
63,5904922485352,Left,-1,193896,0,6958735,0,808018,2,773953,302,6995,94,82084
63,604736328125,Left,-1,193715,0,6960474,0,80786,2,743022,302,7233,94,82919
63,6183967590332,Left,-1,193357,0,6964253,0,8074827,2,669534,302,7552,94,84566
63,632251739502,Left,-1,193114,0,6967,0,8069756,2,599428,302,7682,94,92999
63,6463508605957,Left,-1,193006,0,696792,0,8067283,2,591622,302,7446,94,96931
63,6599464416504,Left,-1,192895,0,6968977,0,8063852,2,589821,302,7083,95,00954
63,6740379333496,Left,-1,192842,0,6969422,0,8056442,2,586436,302,5817,95,03403
63,6879692077637,Left,-1,193171,0,6967924,0,8050247,2,575721,302,448,95,05814
63,7018280029297,Left,-1,193768,0,6964741,0,8040857,2,595663,302,2534,95,15706
63,7157516479492,Left,-1,193959,0,696332,0,8037831,2,619105,302,2024,95,21613
63,7296333312988,Left,-1,193911,0,6969146,0,8029269,2,630412,302,0596,95,32407
63,7434844970703,Left,-1,193274,0,6978195,0,8022444,2,627118,301,9541,95,35915
63,7574157714844,Left,-1,192931,0,6983262,0,8018204,2,634639,301,8926,95,34436
63,7713813781738,Left,-1,192887,0,698388,0,8014408,2,637196,301,8717,95,33932
63,7853202819824,Left,-1,193086,0,6982099,0,8011421,2,662999,301,8124,95,34966
63,7991676330566,Left,-1,193469,0,6978416,0,8002863,2,706241,301,6896,95,42023
63,8130531311035,Left,-1,193476,0,6979434,0,7996778,2,743027,301,6096,95,48687
63,8268814086914,Left,-1,193393,0,6979708,0,7996116,2,738659,301,6257,95,47912
63,8407783508301,Left,-1,1935,0,6981282,0,7989056,2,76574,301,5047,95,50944
63,8546485900879,Left,-1,193529,0,6980928,0,7986747,2,765967,301,4763,95,52831
63,868480682373,Left,-1,193756,0,6980385,0,7981811,2,767145,301,4067,95,56519
63,8822822570801,Left,-1,193968,0,6979997,0,7976636,2,777086,301,337,95,63012
63,8963165283203,Left,-1,193986,0,6980729,0,7975538,2,780917,301,3222,95,65394
63,9101943969727,Left,-1,194051,0,6982399,0,797307,2,780558,301,28,95,66257
63,9240913391113,Left,-1,194117,0,6982097,0,7972183,2,776455,301,2579,95,66171
63,9380111694336,Left,-1,194247,0,6982598,0,7968752,2,766841,301,2174,95,67476
63,9520492553711,Left,-1,194371,0,6982695,0,7966483,2,750797,301,142,95,70943
63,965747833252,Left,-1,194428,0,6983237,0,7963423,2,771318,301,0974,95,81372
63,9797286987305,Left,-1,194323,0,6984094,0,7961026,2,799305,301,0616,95,9288
63,9936981201172,Left,-1,194159,0,6984306,0,7960888,2,798381,301,0622,95,90602
64,0073852539063,Left,-1,194185,0,6983722,0,7960427,2,818677,301,0505,95,93498
64,0213470458984,Left,-1,19413,0,6980547,0,7958767,2,842,301,0385,95,94565
64,0353164672852,Left,-1,194149,0,6979557,0,7958488,2,869165,301,0287,95,95497
64,0491485595703,Left,-1,194042,0,6977011,0,7957783,2,90532,301,014,95,96451
64,0630950927734,Left,-1,193894,0,6974405,0,7958261,2,990103,300,9903,95,98586
64,0768585205078,Left,-1,193857,0,6973086,0,7958027,3,020087,300,9882,96,00275
64,0909194946289,Left,-1,193755,0,6966555,0,795629,3,137588,300,9869,96,10896
64,1047592163086,Left,-1,193743,0,6964431,0,7955718,3,170691,300,9724,96,13615
64,1185760498047,Left,-1,193752,0,6958577,0,7954463,3,268902,300,951,96,18536
64,1326141357422,Left,-1,193713,0,695374,0,7954505,3,358353,300,9152,96,18632
64,1465148925781,Left,-1,193705,0,6952183,0,7954439,3,392125,300,9027,96,18834
64,1604309082031,Left,-1,19361,0,69462,0,7954187,3,513368,300,8835,96,19234
64,1742172241211,Left,-1,193594,0,6945127,0,7953507,3,535888,300,8882,96,22606
64,1879577636719,Left,-1,193585,0,6941109,0,7952008,3,619984,300,8944,96,29256
64,2024688720703,Left,-1,193587,0,6936521,0,7950088,3,724759,300,8624,96,39761
64,2160949707031,Left,-1,1936,0,6935853,0,7949989,3,747541,300,8558,96,41869
64,2297897338867,Left,-1,193592,0,69341,0,794951,3,78896,300,8228,96,44651
64,2437133789063,Left,-1,193689,0,6933562,0,7948457,3,819868,300,7674,96,48817
64,2575607299805,Left,-1,193841,0,6932731,0,7945449,3,855275,300,7122,96,57288
64,2714004516602,Left,-1,193973,0,6931839,0,7942678,3,886694,300,6664,96,67033
64,2853240966797,Left,-1,19402,0,6931822,0,7941841,3,898076,300,6461,96,70126
64,2991409301758,Left,-1,194155,0,6931803,0,7940067,3,917304,300,5982,96,76436
64,3130874633789,Left,-1,194239,0,693196,0,7939163,3,925411,300,548,96,77474
64,327278137207,Left,-1,194294,0,6932192,0,7938247,3,927192,300,5453,96,77636
64,3408432006836,Left,-1,194493,0,6932799,0,7936811,3,919372,300,4852,96,80132
64,3548202514648,Left,-1,194499,0,6932859,0,793656,3,915367,300,4922,96,79734
64,3687591552734,Left,-1,194723,0,693322,0,7935176,3,910713,300,4379,96,81659
64,3825302124023,Left,-1,194807,0,6933129,0,7934576,3,894771,300,4081,96,80807
64,396598815918,Left,-1,194863,0,6933675,0,7934356,3,88768,300,4052,96,80393
64,4102935791016,Left,-1,194887,0,6934274,0,7934607,3,846499,300,3856,96,77995
64,4242630004883,Left,-1,194902,0,6934769,0,7935296,3,843065,300,3914,96,77666
64,438362121582,Left,-1,194896,0,6935129,0,7936368,3,846508,300,3856,96,77995
64,4519653320313,Left,-1,194858,0,693326,0,7938257,3,827082,300,4391,96,73893
64,4660873413086,Left,-1,19486,0,6930789,0,7940744,3,84584,300,4847,96,70367
64,4800186157227,Left,-1,194771,0,6926737,0,794533,3,904954,300,5664,96,659
64,4936904907227,Left,-1,19475,0,6925769,0,794712,3,933409,300,5973,96,65382
64,5077896118164,Left,-1,1946,0,6922062,0,7952971,4,017903,300,7,96,68603
64,5215225219727,Left,-1,194531,0,6919564,0,7956699,4,075821,300,7655,96,71729
64,5354690551758,Left,-1,194448,0,6916665,0,7960168,4,118037,300,8456,96,71649
64,5493545532227,Left,-1,194346,0,6914179,0,7963104,4,161866,300,9137,96,71098
64,5632095336914,Left,-1,194172,0,6911877,0,7969172,4,210018,301,0718,96,7104
64,5771942138672,Left,-1,19409,0,6912416,0,7970814,4,196009,301,1209,96,7291
64,5912704467773,Left,-1,194034,0,6912341,0,7975082,4,198413,301,2236,96,76548
64,6049041748047,Left,-1,194117,0,6911525,0,7976046,4,199991,301,224,96,76759
64,6187973022461,Left,-1,194258,0,6909677,0,7977104,4,22145,301,2609,96,79753
64,6326370239258,Left,-1,194465,0,6907568,0,7978083,4,238884,301,2764,96,8503
64,6467514038086,Left,-1,194552,0,6907125,0,7978856,4,238879,301,2764,96,8503
64,6606063842773,Left,-1,194929,0,6906639,0,7980431,4,263768,301,262,96,95549
64,67431640625,Left,-1,194907,0,6906073,0,7980824,4,261013,301,2658,96,94289
64,6883392333984,Left,-1,195123,0,6905508,0,7981254,4,244512,301,2596,97,02708
64,7023849487305,Left,-1,19518,0,6903935,0,7981771,4,234214,301,2793,97,10155
64,7160186767578,Left,-1,195179,0,6903106,0,7982159,4,233031,301,2734,97,09383
64,7300262451172,Left,-1,195217,0,6902248,0,7982723,4,250686,301,3141,97,16871
64,7437210083008,Left,-1,195205,0,6901498,0,7983303,4,250688,301,3141,97,16871
64,7578277587891,Left,-1,195177,0,6900646,0,7983516,4,231418,301,3377,97,23529
64,771728515625,Left,-1,198132,0,6896898,0,7974747,4,150118,301,3544,97,63503
64,7856063842773,Left,-1,199839,0,6895362,0,7968804,4,144116,301,3094,97,72424
64,7995223999023,Left,-1,207846,0,6888318,0,7936131,4,092075,301,1337,98,14015
64,8134918212891,Left,-1,218468,0,687816,0,7880868,4,126109,300,8867,98,39523
64,8271102905273,Left,-1,229237,0,6873087,0,7803435,4,224292,300,8649,98,45444
64,8411483764648,Left,-1,249858,0,6855223,0,7627309,4,617833,300,8428,98,4565
64,8549728393555,Left,-1,256382,0,685266,0,752833,4,671885,300,8533,98,41534
64,8694000244141,Left,-1,279868,0,6840506,0,7209831,4,821112,300,9342,98,11028
64,8827972412109,Left,-1,292699,0,6834748,0,6954857,4,883837,300,9081,97,90427
64,8966217041016,Left,-1,299294,0,6830615,0,6741143,5,010226,300,9853,97,77429
64,9106063842773,Left,-1,311251,0,6832473,0,6320496,4,978656,301,1068,97,5946
64,9246139526367,Left,-1,312418,0,6838363,0,6152375,4,863117,301,1067,97,63804
64,9381484985352,Left,-1,318368,0,6850718,0,5687577,4,579189,300,9791,97,62295
64,9523086547852,Left,-1,319046,0,6867852,0,5254552,4,193552,300,7123,97,63279
64,9659576416016,Left,-1,316856,0,6893218,0,5023723,3,715149,300,1992,97,66671
64,9798583984375,Left,-1,31278,0,6923112,0,4496717,3,177296,299,5732,97,62257
64,9939117431641,Left,-1,307073,0,6946714,0,4107042,2,769267,298,9937,97,52392
65,0077362060547,Left,-1,301958,0,6969721,0,3798379,2,435062,298,2073,97,41138
65,0217971801758,Left,-1,29202,0,6996673,0,3325853,2,051645,297,322,97,34883
65,0358123779297,Left,-1,285605,0,7011087,0,3097904,1,870614,296,7534,97,31715
65,0493011474609,Left,-1,272885,0,7041996,0,2572094,1,476259,295,4086,97,18069
65,0632858276367,Left,-1,260847,0,706468,0,214694,1,255004,294,2317,97,15649
65,077033996582,Left,-1,252603,0,7078883,0,187296,1,119304,293,4175,97,1413
65,0910186767578,Left,-1,235911,0,7102529,0,1365142,0,86107,292,0272,97,15033
65,1053619384766,Left,-1,227947,0,7111144,0,1137367,0,7597015,291,4206,97,17942
65,1188278198242,Left,-1,209613,0,7128707,0,06139678,0,5914007,290,1204,97,27434
65,1328506469727,Left,-1,193395,0,7138245,0,01673323,0,5779958,289,0105,97,30514
65,1466903686523,Left,-1,18382,0,714345,-0,009595931,0,6280161,288,3347,97,38825
65,1611099243164,Left,-1,163465,0,7150642,-0,06267804,0,7451998,286,9913,97,34904
65,1747741699219,Left,-1,156606,0,7149706,-0,08102411,0,7125881,286,401,97,3096
65,1884460449219,Left,-1,135628,0,7145157,-0,1354039,0,8059701,284,8359,97,4592
65,2024993896484,Left,-1,117364,0,7148913,-0,1807469,0,7920232,283,6694,97,69025
65,2162551879883,Left,-1,107901,0,7146788,-0,2052964,0,8440182,283,059,97,97361
65,2300567626953,Left,-1,086691,0,7144212,-0,2587761,0,9675286,281,5631,98,37484
65,2441024780273,Left,-1,081161,0,7134317,-0,2760696,1,263465,281,0598,98,50105
65,2576522827148,Left,-1,061583,0,7125587,-0,3280672,1,601487,279,5676,98,78577
65,271614074707,Left,-1,046476,0,7110229,-0,3773769,1,931867,278,3539,99,01536
65,2854156494141,Left,-1,040269,0,710323,-0,3984259,1,986051,277,9692,99,13221
65,2996292114258,Left,-1,02729,0,7089849,-0,4558879,2,156622,276,8457,99,38851
65,3134307861328,Left,-1,021594,0,7083048,-0,4971637,2,186869,275,9943,99,52485
65,3275985717773,Left,-1,017755,0,7079329,-0,5288061,2,171321,275,3429,99,5973
65,3415451049805,Left,-1,010926,0,7072973,-0,5780551,2,130489,274,3526,99,61317
65,3549652099609,Left,-1,011064,0,706941,-0,5963199,2,090801,274,0024,99,52521
65,3689804077148,Left,-1,008166,0,7059508,-0,6515381,2,061102,273,03,99,3505
65,3829193115234,Left,-1,007358,0,705099,-0,6944144,2,114236,272,3357,99,26366
65,3965377807617,Left,-1,008886,0,7045259,-0,7192125,2,156904,271,9346,99,27571
65,410514831543,Left,-1,011438,0,7030795,-0,7711124,2,341689,271,1109,99,29506
65,4248504638672,Left,-1,012925,0,7023975,-0,7905095,2,47945,270,8473,99,33239
65,4382400512695,Left,-1,017291,0,7007074,-0,840163,2,765408,270,0867,99,40676
65,4522933959961,Left,-1,022102,0,6990598,-0,8839581,2,953083,269,5506,99,31351
65,466064453125,Left,-1,025606,0,7147995,-0,9061306,3,002872,269,253,99,23291
65,4802551269531,Left,-1,034295,0,7212098,-0,9576075,3,137897,268,6581,99,01646
65,4939651489258,Left,-1,038331,0,7158474,-0,9708698,3,220858,268,4917,98,94939
65,507698059082,Left,-1,05061,0,7186535,-1,020425,3,475427,267,8269,98,68056
65,5216751098633,Left,-1,063628,0,7170626,-1,063732,3,618935,267,2088,98,33269
65,5357131958008,Left,-1,072019,0,7163382,-1,083257,3,748907,266,8692,98,12502
65,5494003295898,Left,-1,090059,0,7148647,-1,129534,3,930518,266,1894,97,7466
65,5636825561523,Left,-1,106661,0,7143139,-1,165125,3,869829,265,6227,97,1843
65,5774841308594,Left,-1,12046,0,7144122,-1,188628,3,68981,265,1013,96,97614
65,5911254882813,Left,-1,145164,0,7141654,-1,22632,3,54472,264,3387,96,82599
65,6051025390625,Left,-1,157566,0,714062,-1,240801,3,41081,264,0536,96,84129
65,6188507080078,Left,-1,18867,0,7132649,-1,278842,3,263403,263,3094,96,91443
65,6329040527344,Left,-1,216367,0,7117729,-1,308797,3,453493,262,637,97,43291
65,6467361450195,Left,-1,234217,0,7105345,-1,325146,3,706643,262,2481,97,61092
65,6604843139648,Left,-1,269391,0,7078648,-1,357059,4,232101,261,4761,97,86417
65,6745452880859,Left,-1,285928,0,7068568,-1,360956,4,401253,261,244,97,96646
65,6887054443359,Left,-1,330251,0,7036159,-1,379989,4,879146,260,6465,98,42912
65,7020721435547,Left,-1,365851,0,7007149,-1,388458,5,21999,260,0676,98,39023
65,7162399291992,Left,-1,38789,0,699278,-1,387594,5,397918,259,753,98,42895
65,7301406860352,Left,-1,432883,0,6956533,-1,388146,5,96724,259,1806,98,72907
65,7438583374023,Left,-1,445192,0,6943173,-1,386219,6,275947,259,0242,98,81193
65,7577667236328,Left,-1,491397,0,6900823,-1,380137,7,140248,258,4073,98,95113
65,7714538574219,Left,-1,530004,0,6871817,-1,373901,7,658521,257,8299,99,06612
65,7856292724609,Left,-1,548816,0,6854935,-1,368034,7,85005,257,9181,98,98943
65,7997055053711,Left,-1,566755,0,6821092,-1,365535,8,182841,257,9061,99,25011
65,8132705688477,Left,-1,572514,0,6798039,-1,365868,8,544404,257,827,99,47923
65,8271713256836,Left,-1,570126,0,6780186,-1,367072,8,777787,257,7207,99,44176
65,8410873413086,Left,-1,571047,0,6747708,-1,36762,9,167051,257,5028,98,75129
65,8548126220703,Left,-1,570827,0,6737217,-1,367424,9,335173,257,5251,98,2409
65,8687744140625,Left,-1,569785,0,6703518,-1,368612,9,826401,257,3557,97,72097
65,8824920654297,Left,-1,569311,0,6681619,-1,368604,10,26477,257,4579,97,43733
65,8965301513672,Left,-1,568798,0,6668862,-1,368853,10,42943,257,4329,97,34077
65,9106903076172,Left,-1,568022,0,6646012,-1,3686,10,74113,257,561,97,28567
65,9243469238281,Left,-1,567892,0,6641672,-1,368078,10,86392,257,7704,97,54279
65,9382553100586,Left,-1,567377,0,6623428,-1,367327,11,20629,258,0769,97,88354
65,9519805908203,Left,-1,56695,0,6606755,-1,36678,11,48225,258,26,98,0759
65,9659194946289,Left,-1,566838,0,6600121,-1,366337,11,53951,258,2999,98,11224
65,9799346923828,Left,-1,566595,0,6584185,-1,36535,11,65667,258,2697,97,96801
65,9936981201172,Left,-1,566427,0,6570773,-1,364956,11,82585,258,0567,97,67505
66,007698059082,Left,-1,566506,0,6561841,-1,364425,12,01887,258,007,97,55115
66,0216369628906,Left,-1,566667,0,6548753,-1,363425,12,37722,258,0384,97,53446
66,0355987548828,Left,-1,566875,0,6545715,-1,362661,12,48973,258,1517,97,71946
66,0493698120117,Left,-1,567086,0,6534109,-1,361242,12,81462,258,4043,98,02649
66,0631637573242,Left,-1,567649,0,6525488,-1,359624,13,14581,258,6845,98,27809
66,0770034790039,Left,-1,568014,0,6519806,-1,358705,13,3546,258,8437,98,27605
66,0910415649414,Left,-1,568553,0,6514024,-1,357126,13,54945,259,0228,98,20214
66,1048126220703,Left,-1,56878,0,6512985,-1,356589,13,59199,259,0893,98,06356
66,1190719604492,Left,-1,569345,0,6509849,-1,355275,13,65941,259,16,97,64747
66,1328125,Left,-1,569923,0,6511514,-1,354053,13,64649,259,2277,97,10394
66,1465682983398,Left,-1,570256,0,6512318,-1,353564,13,7126,259,3318,96,96989
66,1604385375977,Left,-1,570812,0,651063,-1,352304,13,87105,259,5543,96,68298
66,1745681762695,Left,-1,571025,0,6512207,-1,352045,13,89222,259,6336,96,59106
66,1884231567383,Left,-1,571474,0,6518747,-1,351273,13,79075,259,8736,96,42243
66,2020645141602,Left,-1,571833,0,6522089,-1,351162,13,77194,259,9388,96,21088
66,2158737182617,Left,-1,57195,0,6522916,-1,351251,13,79925,259,9261,95,89845
66,2300872802734,Left,-1,572108,0,6522925,-1,351324,13,83892,259,8873,95,37629
66,2442321777344,Left,-1,572036,0,652595,-1,35205,13,78051,259,7725,95,29567
66,2575988769531,Left,-1,571954,0,6527354,-1,353543,13,68039,259,5103,95,23633
66,2716979980469,Left,-1,57191,0,6527806,-1,354126,13,65642,259,4145,95,24418
66,2850036621094,Left,-1,572081,0,6520265,-1,355484,13,8368,259,1934,95,0805
66,2988586425781,Left,-1,572242,0,6508672,-1,358024,14,08593,258,7989,94,93277
66,3128967285156,Left,-1,572114,0,6501032,-1,359797,14,25979,258,5367,94,97466
66,3266830444336,Left,-1,57212,0,6491374,-1,361939,14,43644,258,1561,94,93176
66,3408279418945,Left,-1,571975,0,6474735,-1,365578,14,65368,257,4536,94,9385
66,3549194335938,Left,-1,571736,0,6467497,-1,36664,14,71547,257,1939,94,85191
66,3682861328125,Left,-1,571652,0,6452089,-1,369239,14,85711,256,6926,94,71384
66,3821792602539,Left,-1,571265,0,6435916,-1,371452,14,98655,256,2571,94,52093
66,3962097167969,Left,-1,570984,0,6422039,-1,372561,15,14454,256,0297,94,36118
66,4098205566406,Left,-1,570752,0,6389914,-1,374654,15,69366,255,6403,93,948
66,4240036010742,Left,-1,57048,0,6369414,-1,376191,16,13834,255,3809,93,75086
66,4376525878906,Left,-1,570412,0,6354378,-1,377423,16,44011,255,1581,93,62364
66,4515991210938,Left,-1,569948,0,632589,-1,3792,17,03952,254,8442,93,34892
66,4658355712891,Left,-1,56958,0,6314941,-1,380004,17,25952,254,7173,93,21541
66,4793853759766,Left,-1,568991,0,628867,-1,38204,17,72131,254,4384,93,05432
66,4933624267578,Left,-1,56845,0,6269398,-1,383747,18,10709,254,1408,92,93599
66,5073471069336,Left,-1,568109,0,6255608,-1,384993,18,37473,253,9112,92,839
66,5209732055664,Left,-1,567338,0,6232557,-1,387406,18,83056,253,4281,92,68764
66,5350799560547,Left,-1,56694,0,6222813,-1,388317,19,04414,253,2051,92,55276
66,5489959716797,Left,-1,566127,0,6193607,-1,391056,19,70854,252,5815,92,19902
66,5627212524414,Left,-1,565372,0,6175423,-1,393054,20,14025,252,1525,91,97135
66,5768280029297,Left,-1,564927,0,6165675,-1,394392,20,37623,251,8651,91,87835
66,5905380249023,Left,-1,564211,0,6147696,-1,396863,20,74551,251,3365,91,67726
66,6044387817383,Left,-1,563739,0,6145789,-1,397534,20,80238,251,2049,91,62314
66,6183929443359,Left,-1,562976,0,6132818,-1,399801,21,03027,250,7726,91,35679
66,6321258544922,Left,-1,562207,0,612262,-1,401504,21,24318,250,457,91,07852
66,6463470458984,Left,-1,561794,0,6116136,-1,402522,21,3959,250,2512,90,90717
66,6599502563477,Left,-1,561068,0,6102902,-1,404862,21,71481,249,7792,90,58501
66,6739120483398,Left,-1,560371,0,6094004,-1,406578,21,95997,249,4077,90,39547
66,6878280639648,Left,-1,559987,0,6087593,-1,408017,22,10611,249,0857,90,28376
66,7018737792969,Left,-1,559333,0,6078535,-1,410139,22,33589,248,5747,90,14788
66,7156066894531,Left,-1,559014,0,6074781,-1,410962,22,44641,248,3501,90,05643
66,7296447753906,Left,-1,558401,0,6061092,-1,41334,22,76785,247,7932,89,81178
66,7431793212891,Left,-1,557717,0,6051241,-1,41504,23,00152,247,3999,89,61772
66,75732421875,Left,-1,557319,0,6043702,-1,416302,23,16768,247,1181,89,47744
66,7712478637695,Left,-1,55772,0,604167,-1,417006,23,29304,246,7794,89,06276
66,7851715087891,Left,-1,557298,0,6042011,-1,416665,23,3005,246,7752,88,98676
66,799072265625,Left,-1,55785,0,6043009,-1,416641,23,3683,246,6877,88,66016
66,8126220703125,Left,-1,557974,0,6043458,-1,416927,23,44609,246,6463,88,57037
66,8266677856445,Left,-1,558056,0,6043673,-1,41708,23,52621,246,6184,88,56881
66,8404998779297,Left,-1,558293,0,6046008,-1,417003,23,53877,246,6125,88,56796
66,8544082641602,Left,-1,558322,0,6049148,-1,41654,23,46821,246,7434,88,62286
66,8683013916016,Left,-1,55852,0,6053765,-1,415986,23,38503,246,8733,88,67075
66,8821334838867,Left,-1,558969,0,6054854,-1,416007,23,36999,246,8962,88,66988
66,8963088989258,Left,-1,559023,0,6054671,-1,416081,23,37126,246,8958,88,68143
66,9101715087891,Left,-1,559508,0,605314,-1,416555,23,35931,246,8563,88,56841
66,9237976074219,Left,-1,559566,0,6053218,-1,416595,23,36264,246,8624,88,56419
66,9378356933594,Left,-1,560168,0,6051513,-1,417014,23,3649,246,8508,88,51051
0,Bowl grabbed,0,0,0,0,0,0
66,9516906738281,Left,-1,560534,0,6050965,-1,417161,23,36016,246,8552,88,51833
66,9655456542969,Left,-1,560929,0,6050906,-1,417386,23,35839,246,8298,88,54611
66,9794464111328,Left,-1,562455,0,6052319,-1,417984,23,25954,246,8841,88,7412
66,9938201904297,Left,-1,564089,0,6053677,-1,418193,23,11183,247,0009,88,95016
67,0073471069336,Left,-1,564864,0,6055765,-1,418147,23,00225,247,0883,89,05698
67,0211410522461,Left,-1,567288,0,6063545,-1,417648,22,575,247,3769,89,34532
67,0349197387695,Left,-1,568641,0,6064789,-1,417166,22,37539,247,5532,89,4124
67,0489196777344,Left,-1,571549,0,6071926,-1,415608,21,85145,248,0362,89,50534
67,0628967285156,Left,-1,57378,0,6076047,-1,414061,21,46232,248,5393,89,68655
67,0766220092773,Left,-1,575422,0,6073936,-1,412605,21,43388,248,9893,89,89156
67,0905914306641,Left,-1,578016,0,6073093,-1,410262,21,30765,249,7036,90,27691
67,1047439575195,Left,-1,579657,0,6071458,-1,408154,21,24113,250,3961,90,57053
67,1184997558594,Left,-1,582328,0,6072041,-1,404943,21,01745,251,367,90,9758
67,1324920654297,Left,-1,585533,0,6070918,-1,401382,20,80235,252,3074,91,09106
67,1465377807617,Left,-1,587345,0,6073108,-1,399168,20,6021,252,9057,91,23674
67,1603088378906,Left,-1,590412,0,6077331,-1,394865,20,22907,254,0182,91,51858
67,1740951538086,Left,-1,591759,0,6076303,-1,393794,20,16162,254,34,91,58815
67,1876754760742,Left,-1,594768,0,6079708,-1,388898,20,02053,255,5764,91,92579
67,2017593383789,Left,-1,597693,0,6082618,-1,383756,19,84867,256,9831,92,2672
67,2157669067383,Left,-1,59907,0,6084939,-1,380411,19,78687,258,1953,92,70334
67,2295379638672,Left,-1,601445,0,6091199,-1,374795,19,54566,259,9111,93,30936
67,2434234619141,Left,-1,603556,0,6093576,-1,369762,19,39087,261,6651,94,12179
67,2572631835938,Left,-1,604891,0,609675,-1,366374,19,19816,262,8026,94,55971
67,2714233398438,Left,-1,607432,0,6097859,-1,360749,18,97329,264,374,94,89284
67,2851715087891,Left,-1,608753,0,6096299,-1,358783,18,92002,264,7939,94,81693
67,2988204956055,Left,-1,610803,0,6101361,-1,353472,18,56453,266,0562,94,9521
67,3128128051758,Left,-1,61522,0,6105166,-1,345502,18,16762,266,8461,95,04411
67,3268966674805,Left,-1,620553,0,6088963,-1,335538,17,98551,267,1548,95,05138
67,3406066894531,Left,-1,62771,0,6059624,-1,320937,17,63788,268,0621,95,388
67,3546371459961,Left,-1,631988,0,6022342,-1,311221,17,52744,268,3236,95,55776
67,3683471679688,Left,-1,640792,0,5939978,-1,288063,17,33363,269,1597,96,01561
67,3825378417969,Left,-1,648639,0,5869914,-1,265271,17,20088,269,9628,96,37051
67,3964080810547,Left,-1,652377,0,5890746,-1,248014,17,11421,270,3116,96,50128
67,4099731445313,Left,-1,660001,0,5873346,-1,21664,16,90504,271,0796,96,62605
67,4239883422852,Left,-1,662019,0,5872069,-1,206031,16,85408,271,3289,96,68525
67,4381790161133,Left,-1,667681,0,5877523,-1,169649,16,78237,272,1107,96,89328
67,451774597168,Left,-1,669945,0,5879803,-1,137547,16,66613,272,7847,97,23559
67,4658203125,Left,-1,670213,0,5879778,-1,120365,16,60137,273,1263,97,33822
67,4794921875,Left,-1,668751,0,5884324,-1,0809,16,41615,273,8945,97,4718
67,4934692382813,Left,-1,66665,0,5888256,-1,04961,16,30725,274,5192,97,52503
67,5073318481445,Left,-1,664336,0,5892155,-1,027741,16,23304,274,9526,97,50171
67,5211029052734,Left,-1,659762,0,5898854,-0,9905652,16,10385,275,6939,97,47986
67,5351638793945,Left,-1,656929,0,590137,-0,9749541,16,09304,276,0501,97,38569
67,5490951538086,Left,-1,649414,0,5908769,-0,9342169,15,95414,276,9113,97,15733
67,5631942749023,Left,-1,642962,0,5914086,-0,9023253,15,87505,277,5254,96,93774
67,5772476196289,Left,-1,638201,0,5920455,-0,8809379,15,87184,277,9649,96,81612
67,5909576416016,Left,-1,629812,0,5932282,-0,844452,15,72272,278,6411,96,68055
67,6045532226563,Left,-1,626965,0,5937273,-0,8318547,15,65238,278,8428,96,66293
67,6185607910156,Left,-1,616497,0,5951809,-0,7923781,15,40827,279,4595,96,70529
67,632194519043,Left,-1,607945,0,5964492,-0,7607222,15,17505,280,0184,96,84569
67,6464080810547,Left,-1,602796,0,5970662,-0,7416041,15,08716,280,3491,96,87841
67,6603164672852,Left,-1,591681,0,5984676,-0,7028821,14,97549,280,9839,97,03062
67,6744995117188,Left,-1,587977,0,5989046,-0,6890956,14,91308,281,1564,96,99062
67,6879577636719,Left,-1,576928,0,6002405,-0,6516008,14,74602,281,6939,96,90397
67,7018051147461,Left,-1,567,0,601426,-0,6175066,14,63115,282,151,96,66234
67,7158584594727,Left,-1,562212,0,6020315,-0,6003125,14,54343,282,4048,96,5612
67,7296371459961,Left,-1,550419,0,6035855,-0,5610601,14,3775,283,0287,96,51063
67,7433547973633,Left,-1,54196,0,6045941,-0,5316883,14,2864,283,5052,96,63194
67,7574081420898,Left,-1,535581,0,6054152,-0,5100698,14,19722,283,7792,96,80392
67,7712936401367,Left,-1,525259,0,6067306,-0,4746286,14,00077,284,2441,96,92992
67,7852172851563,Left,-1,521141,0,6073632,-0,4600191,13,90548,284,393,97,13577
67,7990875244141,Left,-1,509671,0,6087503,-0,4213437,13,81959,284,9401,97,54021
67,8131561279297,Left,-1,500988,0,6094095,-0,3904305,13,9204,285,3725,97,82932
67,8270721435547,Left,-1,495306,0,6100513,-0,3704987,13,87589,285,6477,98,04884
67,8409652709961,Left,-1,488442,0,6115245,-0,3349422,13,77648,286,1793,98,64474
67,8544769287109,Left,-1,487045,0,6119442,-0,3232367,13,69937,286,3306,98,84621
67,8684539794922,Left,-1,483055,0,6140246,-0,2850305,13,53033,286,8742,99,62012
67,8826675415039,Left,-1,480476,0,6154132,-0,2530298,13,36054,287,3204,100,2862
67,896240234375,Left,-1,481354,0,6158987,-0,2368927,13,42225,287,3235,100,4689
67,9101638793945,Left,-1,482895,0,6178666,-0,1994956,13,16593,287,1483,100,2443
67,924201965332,Left,-1,484493,0,6184908,-0,1878015,13,01526,287,1873,100,1121
67,9377975463867,Left,-1,491881,0,6209311,-0,1513461,12,38688,287,0222,99,11491
67,9518203735352,Left,-1,504009,0,6233003,-0,117438,11,89587,286,9972,98,44825
67,9657745361328,Left,-1,513736,0,6243467,-0,1009496,11,77149,287,0786,98,50015
67,9797210693359,Left,-1,532834,0,6268213,-0,06187472,11,46592,287,2159,98,68376
67,9936828613281,Left,-1,548263,0,6283655,-0,03322262,11,26696,287,2237,98,90901
68,0073165893555,Left,-1,559277,0,6295025,-0,01353127,11,08453,287,2083,99,08552
68,021369934082,Left,-1,578917,0,6313883,0,02153283,10,76768,287,0425,99,30088
68,0351943969727,Left,-1,586845,0,6317732,0,03515324,10,67505,286,8702,99,32001
68,0489501953125,Left,-1,60766,0,6331465,0,07211292,10,41794,286,6068,99,29133
68,0632476806641,Left,-1,624673,0,6333426,0,1023192,10,36846,286,4843,99,25967
68,0767822265625,Left,-1,634518,0,6330808,0,1196424,10,41709,286,4617,99,25168
68,0906753540039,Left,-1,654244,0,6327097,0,1540838,10,49853,286,1237,99,23554
68,1047515869141,Left,-1,661484,0,6327333,0,1673013,10,49853,286,1237,99,23554
68,1184616088867,Left,-1,681386,0,6324305,0,2005101,10,57227,285,59,99,50625
68,1324310302734,Left,-1,697523,0,6316457,0,2299015,10,67363,285,4222,99,53342
68,1463623046875,Left,-1,705418,0,6310405,0,2443561,10,75043,285,2717,99,50004
68,1602096557617,Left,-1,723885,0,6301885,0,2773371,10,85322,285,0474,99,41958
68,1741409301758,Left,-1,728002,0,6298726,0,2849337,10,88319,284,9577,99,37782
68,1879348754883,Left,-1,743707,0,6288686,0,3130126,10,97658,284,7298,99,27364
68,2019805908203,Left,-1,756649,0,6271051,0,3352061,11,11275,284,3444,99,12779
68,2158432006836,Left,-1,761365,0,6260519,0,3427683,11,24098,284,1714,99,06607
68,2295837402344,Left,-1,773408,0,6248031,0,363802,11,36112,283,999,99,05321
68,243408203125,Left,-1,781616,0,6234794,0,377467,11,48119,283,6426,98,96673
68,2576522827148,Left,-1,786074,0,6225349,0,3857048,11,59926,283,3898,98,8148
68,2710800170898,Left,-1,791458,0,6210728,0,3955067,11,85773,282,8809,98,46304
68,2852325439453,Left,-1,793374,0,6207562,0,3988426,11,86287,282,5451,98,56181
68,2992706298828,Left,-1,795237,0,6200653,0,4010239,11,791,282,0523,98,61748
68,3127975463867,Left,-1,795254,0,6196205,0,3992974,11,63459,281,9257,99,09476
68,3269500732422,Left,-1,795683,0,6187809,0,3977906,11,74121,281,5117,98,99127
68,3406219482422,Left,-1,796109,0,6174712,0,3951229,12,02862,280,9428,98,92341
68,354736328125,Left,-1,796042,0,6170309,0,3942882,12,1316,280,7958,98,9156
68,3684921264648,Left,-1,796457,0,6155695,0,3920025,12,47211,280,4475,98,92138
68,3823165893555,Left,-1,796614,0,614373,0,3901778,12,7591,280,1506,98,93372
68,3963623046875,Left,-1,796704,0,6137171,0,3892704,12,913,280,0014,98,93154
68,4102172851563,Left,-1,797055,0,6124368,0,3880825,13,13119,279,7099,98,81927
68,4241561889648,Left,-1,797019,0,6121756,0,3877651,13,2058,279,6519,98,85075
68,4380569458008,Left,-1,797156,0,6111977,0,3869356,13,39579,279,5487,99,03533
68,4517440795898,Left,-1,796935,0,6105593,0,387113,13,53153,279,7061,99,2146
68,4658126831055,Left,-1,796843,0,6109161,0,3878852,13,46394,279,8903,99,23196
68,4797897338867,Left,-1,796375,0,6109619,0,3889422,13,41593,280,1547,99,10771
68,4933471679688,Left,-1,79645,0,6112733,0,3894094,13,33156,280,243,99,01912
68,5077743530273,Left,-1,796353,0,6109414,0,3896593,13,393,280,3114,98,92747
0,Serving end,0,0,0,0,0,0
68,5216598510742,Left,-1,796038,0,6104972,0,3902174,13,47122,280,4797,98,82619
68,5351943969727,Left,-1,79594,0,6103169,0,3905702,13,52673,280,6374,98,8347
68,5492935180664,Left,-1,795637,0,6099905,0,391304,13,62036,280,9039,98,84589
68,5627975463867,Left,-1,795386,0,6098743,0,3922681,13,66266,281,1719,98,8014
68,5770568847656,Left,-1,795206,0,6099772,0,3929359,13,65354,281,3274,98,73974
68,5907211303711,Left,-1,795014,0,6104024,0,3939051,13,57068,281,5262,98,66092
68,6044616699219,Left,-1,795113,0,6105039,0,3938416,13,54839,281,5003,98,67402
0,Bowl dropped,0,0,0,0,0,0
68,6185073852539,Left,-1,79525,0,610823,0,3939678,13,47533,281,4966,98,68041
68,6322631835938,Left,-1,795385,0,611012,0,3940364,13,46228,281,4957,98,6845
68,6462478637695,Left,-1,795343,0,6111366,0,3941627,13,4395,281,5045,98,6807
68,6603469848633,Left,-1,795238,0,6118261,0,3948254,13,36557,281,5996,98,67772
68,6740570068359,Left,-1,795255,0,6118532,0,3948505,13,36418,281,6034,98,67477
68,6880264282227,Left,-1,795215,0,6122272,0,3951561,13,33189,281,6445,98,66515
68,7019424438477,Left,-1,795165,0,613146,0,3954324,13,19483,281,6874,98,67467
68,7156677246094,Left,-1,79524,0,6133678,0,3954711,13,15655,281,6738,98,66457
68,7296600341797,Left,-1,795251,0,6140513,0,3955148,13,06033,281,6189,98,64543
68,7439956665039,Left,-1,795292,0,6146424,0,3954868,12,98931,281,5458,98,63467
68,7573471069336,Left,-1,795325,0,6148877,0,3954573,12,96384,281,5097,98,63112
68,7714080810547,Left,-1,795476,0,6152902,0,3953316,12,91985,281,4445,98,63285
68,7854919433594,Left,-1,795581,0,6154341,0,3952652,12,89978,281,4097,98,63133
68,7991027832031,Left,-1,795825,0,6156831,0,3951553,12,87933,281,3238,98,61247
68,8131332397461,Left,-1,795945,0,6158093,0,3951597,12,89209,281,2562,98,57091
68,8269119262695,Left,-1,796028,0,6159055,0,3952133,12,88882,281,2071,98,5134
68,8408203125,Left,-1,79612,0,6160145,0,3952915,12,87766,281,1655,98,4538
68,8547897338867,Left,-1,796232,0,6159476,0,3952761,12,88239,281,1345,98,40214
68,8686904907227,Left,-1,796466,0,6157659,0,3952672,12,88143,281,0612,98,24384
68,8825454711914,Left,-1,796458,0,6158716,0,3954278,12,87061,281,0533,98,17242
68,8962554931641,Left,-1,796421,0,6159487,0,3955318,12,86808,281,0427,98,13369
68,9101715087891,Left,-1,796176,0,6163225,0,396034,12,81719,281,0894,98,0518
68,9241027832031,Left,-1,796205,0,6163978,0,3960975,12,81719,281,0894,98,05179
68,9379272460938,Left,-1,796062,0,6165339,0,3963785,12,81492,281,1324,98,06435
68,9518585205078,Left,-1,795817,0,6166563,0,3969755,12,83545,281,1875,98,02892
68,9657592773438,Left,-1,795767,0,6166852,0,3970697,12,83076,281,1942,98,01921
68,9798355102539,Left,-1,795404,0,6167219,0,3978763,12,84296,281,239,97,91965
68,9937896728516,Left,-1,795083,0,61655,0,3986769,12,91539,281,2849,97,78023
69,0073318481445,Left,-1,794948,0,6164823,0,3989603,12,93592,281,3131,97,7407
69,021369934082,Left,-1,794545,0,6161992,0,3998666,12,99966,281,3837,97,64423
69,0352783203125,Left,-1,794513,0,6161946,0,399923,13,0081,281,3877,97,63619
69,0490875244141,Left,-1,794077,0,6159052,0,4009804,13,08771,281,4721,97,50375
69,0630950927734,Left,-1,793725,0,6159798,0,4017339,13,10294,281,5544,97,42836
69,0768585205078,Left,-1,793647,0,6160365,0,4018019,13,09651,281,5648,97,42853
69,0907974243164,Left,-1,793182,0,6163591,0,4025924,13,06208,281,6648,97,38152
69,1047973632813,Left,-1,793028,0,6165612,0,40286,13,03986,281,6955,97,36906
69,1186599731445,Left,-1,792508,0,6170884,0,4035803,12,99605,281,7808,97,32928
69,1325836181641,Left,-1,792022,0,6175693,0,4042149,12,95241,281,8878,97,27611
69,1464157104492,Left,-1,791812,0,6178995,0,4044141,12,90275,281,9185,97,25826
69,1600952148438,Left,-1,791462,0,6185959,0,4047264,12,79959,281,9513,97,24208
69,1743087768555,Left,-1,791238,0,619017,0,4048732,12,7352,281,9505,97,21819
69,1879119873047,Left,-1,790849,0,6197302,0,4050228,12,64319,281,9203,97,16228
69,2021484375,Left,-1,790671,0,620122,0,4049955,12,63077,281,9076,97,16335
69,2158966064453,Left,-1,790546,0,6203098,0,4049665,12,58606,281,8696,97,12114
69,229621887207,Left,-1,790144,0,6210226,0,4047779,12,47,281,7662,97,02029
69,243522644043,Left,-1,789925,0,6214099,0,4045838,12,41865,281,6851,96,94892
69,2577056884766,Left,-1,789818,0,621585,0,40451,12,39874,281,663,96,9445
69,2711944580078,Left,-1,789723,0,6217296,0,4044478,12,39344,281,6529,96,99205
69,2854309082031,Left,-1,789612,0,6218513,0,4043079,12,38827,281,6191,97,02271
69,2983245849609,Left,-1,78951,0,6219764,0,4041313,12,38789,281,5793,97,0448
69,3121948242188,Left,-1,789418,0,6220238,0,4040072,12,38849,281,5391,97,04037
69,3264236450195,Left,-1,789396,0,6219484,0,4039505,12,3885,281,5391,97,04037
69,3400726318359,Left,-1,789542,0,6215442,0,4039407,12,40625,281,4866,97,03044
69,3538131713867,Left,-1,789531,0,6214359,0,4039588,12,40626,281,4866,97,03045
69,3677673339844,Left,-1,789553,0,6211361,0,4041997,12,43148,281,4911,96,99623
69,381462097168,Left,-1,789407,0,6211328,0,4047315,12,44359,281,5622,96,95518
69,3955612182617,Left,-1,789369,0,62116,0,4050134,12,44744,281,6088,96,94104
69,4094390869141,Left,-1,789003,0,6212937,0,4062962,12,46883,281,8249,96,91982
69,4235992431641,Left,-1,788629,0,6215709,0,407865,12,47022,282,1022,96,89291
69,4374618530273,Left,-1,788263,0,6218741,0,4090477,12,44658,282,3199,96,8688
69,4510116577148,Left,-1,78762,0,622506,0,4112101,12,3979,282,7378,96,7985
69,4649658203125,Left,-1,787534,0,6228763,0,4121153,12,35364,282,9148,96,76126
69,4788665771484,Left,-1,787017,0,6237354,0,4139672,12,24607,283,2555,96,72366
69,4926528930664,Left,-1,786587,0,624609,0,4156951,12,17647,283,5525,96,77564
69,5066680908203,Left,-1,786354,0,6249824,0,4164836,12,1392,283,6855,96,80163
69,5204772949219,Left,-1,785525,0,6262545,0,4191963,11,98,284,2005,96,82058
69,5346145629883,Left,-1,785517,0,6264472,0,4198075,11,97256,284,3394,96,81797
69,5483016967773,Left,-1,785048,0,627212,0,4213789,11,87364,284,6564,96,8077
69,5621185302734,Left,-1,78496,0,6277767,0,4223929,11,81758,284,8242,96,85815
69,5761337280273,Left,-1,784988,0,6279001,0,4225736,11,79879,284,8311,96,8661
69,5900344848633,Left,-1,784721,0,6286253,0,4238398,11,74659,284,9794,96,87288
69,6041107177734,Left,-1,784777,0,6286356,0,4238963,11,74679,284,9993,96,87562
69,6179656982422,Left,-1,784535,0,6295159,0,4250251,11,635,285,2289,96,9196
69,6315536499023,Left,-1,78446,0,6309726,0,426175,11,45544,285,5989,97,39257
69,6458358764648,Left,-1,784336,0,6318256,0,427002,11,35179,285,8626,97,85448
69,6595153808594,Left,-1,78377,0,633831,0,4278751,11,01298,286,3839,98,83142
69,6736526489258,Left,-1,783543,0,6355008,0,4282617,10,74217,286,9559,100,3606
69,6872100830078,Left,-1,783682,0,6358159,0,4286603,10,82149,287,1,100,743
69,7012634277344,Left,-1,783404,0,6375048,0,4284177,10,50161,287,0793,101,3677
69,7149200439453,Left,-1,782918,0,6382577,0,4286362,10,08158,287,1989,101,3588
69,728874206543,Left,-1,782525,0,6393775,0,42909,9,70294,287,3538,100,9971
69,7427291870117,Left,-1,782982,0,6393618,0,4292263,10,00999,287,1992,100,6285
69,7565841674805,Left,-1,786379,0,6385563,0,4302472,10,2453,287,0718,100,2682
69,7707748413086,Left,-1,800397,0,640936,0,435865,9,815246,287,6411,100,2593
69,7843017578125,Left,-1,812618,0,6415542,0,4397798,9,622031,287,7656,100,065
69,79833984375,Left,-1,839354,0,6420871,0,4473378,9,486007,287,822,99,86423
69,8122634887695,Left,-1,867919,0,6421391,0,456305,9,549329,287,6222,99,68428
69,8260726928711,Left,-1,883182,0,6424675,0,460075,9,512241,287,4876,99,56757
69,8399429321289,Left,-1,920105,0,6438757,0,4725013,9,204895,287,2234,99,19444
69,8539276123047,Left,-1,949019,0,6449827,0,4820182,8,978405,287,1029,99,02334
69,8677368164063,Left,-1,971859,0,646379,0,4891874,8,739727,286,8861,98,66295
69,8816299438477,Left,-2,008057,0,64727,0,4995799,8,646992,286,827,98,61314
69,8954086303711,Left,-2,025002,0,6483703,0,5045775,8,520148,286,7494,98,6275
69,9094924926758,Left,-2,069558,0,6508483,0,5177221,8,157489,286,5179,98,52299
69,9233322143555,Left,-2,103207,0,6528234,0,5264226,7,811682,286,2374,98,48859
69,9370498657227,Left,-2,126201,0,6537036,0,5334324,7,674643,286,0594,98,31532
69,9511032104492,Left,-2,168349,0,6555437,0,546238,7,35081,285,693,98,23909
69,9648818969727,Left,-2,183969,0,6562156,0,5504662,7,282059,285,5162,98,27596
69,978889465332,Left,-2,229685,0,658041,0,5654272,7,010349,285,1278,98,26321
69,9927444458008,Left,-2,265314,0,6591961,0,5765383,6,883546,284,7238,98,25591
70,0065231323242,Left,-2,286428,0,6593436,0,582738,6,902395,284,4648,98,33548
70,0207748413086,Left,-2,331033,0,6598699,0,5959693,6,888651,284,0328,98,38875
70,0344848632813,Left,-2,344916,0,6597846,0,5997372,6,902588,283,8623,98,44375
70,0481414794922,Left,-2,389213,0,6611605,0,6126173,6,824483,283,4093,98,49293
70,0622177124023,Left,-2,427443,0,6626423,0,6235576,6,765937,283,0279,98,56689
70,0759658813477,Left,-2,446616,0,6628351,0,6285568,6,786839,282,8729,98,55969
70,089958190918,Left,-2,493203,0,6627544,0,6406984,6,951089,282,5369,98,47487
70,1037902832031,Left,-2,505619,0,6629868,0,6433947,6,903792,282,4279,98,468
70,1178970336914,Left,-2,553363,0,6624076,0,6549325,7,07622,282,1689,98,32534
70,1318435668945,Left,-2,593432,0,6624848,0,6644686,6,98625,281,916,98,09633
70,1455230712891,Left,-2,611468,0,6626185,0,6683136,6,9619,281,7885,98,04124
70,1592102050781,Left,-2,656732,0,662955,0,6788138,6,858081,281,5445,97,89804
70,1732864379883,Left,-2,692808,0,663265,0,6881076,6,784884,281,6672,97,81174
70,1871032714844,Left,-2,716451,0,6633976,0,6939497,6,771763,281,6959,97,77311
70,2010879516602,Left,-2,759728,0,663803,0,7042072,6,664958,281,6519,97,63441
70,2150726318359,Left,-2,77702,0,6640269,0,7081367,6,629538,281,6288,97,61435
70,2287216186523,Left,-2,822164,0,6645162,0,7186593,6,568194,281,5163,97,56374
70,2428665161133,Left,-2,860266,0,6651238,0,7272489,6,50224,281,394,97,51128
70,2566070556641,Left,-2,882182,0,6651785,0,7322993,6,511539,281,4116,97,52831
70,2704162597656,Left,-2,926786,0,6656771,0,7426968,6,442192,281,3528,97,42408
70,2844696044922,Left,-2,942352,0,6660231,0,746276,6,433071,281,3045,97,35113
70,2985687255859,Left,-2,989831,0,6665304,0,7577121,6,42361,281,1877,97,11323
70,3121948242188,Left,-3,02653,0,667204,0,7689861,6,422177,281,0952,96,73174
70,3261260986328,Left,-3,04687,0,6676986,0,7756782,6,370423,281,1174,96,42587
70,3398284912109,Left,-3,089082,0,6684667,0,7950867,6,315311,281,2375,96,16241
70,3540649414063,Left,-3,11856,0,6687183,0,8158941,6,3074,281,293,96,14315
70,3678207397461,Left,-3,137986,0,6689073,0,8345219,6,319065,281,3259,96,17873
70,3814544677734,Left,-3,169515,0,6691468,0,8617063,6,322209,281,3347,96,18835
70,3955535888672,Left,-3,182433,0,6693667,0,8774911,6,320453,281,2924,96,12495
70,4094085693359,Left,-3,215959,0,6697524,0,9113201,6,301851,281,2346,96,01617
70,4232864379883,Left,-3,241009,0,6699947,0,9379727,6,296859,281,1728,95,90122
70,437141418457,Left,-3,257757,0,6703273,0,9563875,6,264613,281,0575,95,77631
70,4508819580078,Left,-3,287434,0,6709045,0,9887304,6,211546,280,8881,95,66792
70,4649353027344,Left,-3,299361,0,6710326,1,002065,6,194444,280,8339,95,63321
70,4788436889648,Left,-3,331104,0,6717055,1,038024,6,127011,280,5791,95,54188
70,4925994873047,Left,-3,356086,0,6721222,1,066978,6,112539,280,429,95,46554
70,5066604614258,Left,-3,371541,0,6722196,1,085225,6,118864,280,3654,95,40968
70,5204696655273,Left,-3,400999,0,6726584,1,120492,6,123822,280,1984,95,24222
70,5343551635742,Left,-3,410292,0,6728583,1,132683,6,0951,280,182,95,19415
70,5482406616211,Left,-3,440049,0,6733611,1,170374,5,989344,280,1569,95,04848
70,5620651245117,Left,-3,464887,0,6737773,1,202368,5,940129,280,2163,95,03515
70,576057434082,Left,-3,477953,0,6739693,1,219628,5,932394,280,2278,95,01807
70,590217590332,Left,-3,507608,0,6746203,1,258739,5,883724,280,2219,94,94137
70,6037139892578,Left,-3,514706,0,674731,1,267972,5,874134,280,2132,94,93525
70,6178131103516,Left,-3,544547,0,6753412,1,308295,5,807407,280,167,94,8634
70,6315078735352,Left,-3,569072,0,6758278,1,34163,5,751496,280,1518,94,83569
70,6455078125,Left,-3,580838,0,6759604,1,357618,5,751503,280,1518,94,83569
70,6593704223633,Left,-3,609124,0,6762241,1,396364,5,730504,280,1719,94,8204
70,6731338500977,Left,-3,630825,0,6764814,1,425816,5,729213,280,1731,94,81947
70,6872406005859,Left,-3,646343,0,6766194,1,446691,5,714975,280,1799,94,79186
70,701057434082,Left,-3,672565,0,6770468,1,482514,5,729048,280,2718,94,5483
70,7148361206055,Left,-3,682785,0,6773601,1,496184,5,758232,280,3951,94,36518
70,728874206543,Left,-3,712429,0,6779417,1,536591,5,7983,280,6897,93,66244
70,7429733276367,Left,-3,736501,0,6798958,1,567972,5,725609,281,0751,93,06804
70,7565612792969,Left,-3,750201,0,6808773,1,58533,5,664126,281,2168,92,93723
70,7705078125,Left,-3,779045,0,6833793,1,622037,5,437346,281,446,92,62636
70,7843399047852,Left,-3,788617,0,6853836,1,633175,5,119603,281,4468,92,42379
70,7983856201172,Left,-3,819254,0,6890258,1,671059,4,621407,281,521,91,96281
70,8120574951172,Left,-3,844444,0,6933253,1,70048,3,984105,281,3999,91,62244
70,8260040283203,Left,-3,858334,0,6956686,1,716172,3,656337,281,3205,91,46909
70,8396835327148,Left,-3,888727,0,7011459,1,750143,3,009862,281,1208,91,16479
70,8536911010742,Left,-3,912386,0,7050186,1,776174,2,559995,281,0119,90,88687
70,8674011230469,Left,-3,929276,0,7079886,1,794207,2,220157,280,9069,90,69375
70,8813171386719,Left,-3,958611,0,7130038,1,825384,1,638747,280,7145,90,32172
70,8951416015625,Left,-3,970854,0,7152256,1,837823,1,401232,280,5811,90,18719
70,9091567993164,Left,-4,004354,0,7212834,1,872073,0,6695992,280,1913,89,78708
70,9233703613281,Left,-4,030643,0,7262838,1,898549,359,9835,279,777,89,24502
70,9369430541992,Left,-4,046549,0,7291853,1,914668,359,6008,279,6095,89,00593
70,9507064819336,Left,-4,077351,0,7350567,1,945826,358,8207,279,2777,88,55394
70,9643859863281,Left,-4,0878,0,7371479,1,956051,358,5539,279,1693,88,42557
70,978645324707,Left,-4,122443,0,7439769,1,990292,357,7149,278,806,88,16066
70,9922943115234,Left,-4,149143,0,7494583,2,016292,357,0984,278,5608,88,07495
71,0061874389648,Left,-4,164322,0,752414,2,030981,356,7124,278,4292,87,9931
71,0200576782227,Left,-4,197091,0,7589613,2,062994,355,8187,278,1061,87,66316
71,0343322753906,Left,-4,208301,0,7745178,2,073948,355,5119,278,0208,87,45611
71,0478897094727,Left,-4,24023,0,7882163,2,104818,354,6795,277,778,86,9641
71,0617752075195,Left,-4,269402,0,7981548,2,132917,353,9847,277,6099,86,45846
71,0757064819336,Left,-4,28347,0,8003667,2,146131,353,617,277,5499,86,29401
71,0896072387695,Left,-4,317222,0,8075601,2,178035,352,8011,277,2919,85,94341
71,1035995483398,Left,-4,342663,0,8125184,2,201341,352,2625,276,9962,85,8373
71,1172790527344,Left,-4,360196,0,8159276,2,217244,351,8221,276,7956,85,66972
71,1311645507813,Left,-4,39154,0,8220148,2,245401,351,0781,276,4827,85,31956
71,1450424194336,Left,-4,404333,0,8244814,2,256421,350,8126,276,3572,85,12739
71,1589508056641,Left,-4,422228,0,8287798,2,28081,352,6058,270,8266,81,55122
71,1728973388672,Left,-4,431901,0,8365037,2,301261,358,1136,261,0654,77,82186
71,1867218017578,Left,-4,444398,0,8425666,2,317858,2,521251,251,6334,76,31673
71,2006378173828,Left,-4,477169,0,8463152,2,347591,11,8576,232,4885,66,62285
71,2146911621094,Left,-4,507486,0,8482795,2,359107,18,13495,217,9503,57,32159
71,228645324707,Left,-4,549028,0,8494413,2,378896,20,11376,196,1392,42,7648
71,242431640625,Left,-4,576214,0,8619041,2,409382,20,33697,185,1312,33,98119
71,2560577392578,Left,-4,590891,0,8722855,2,44001,20,9262,198,4428,32,06944
71,2702178955078,Left,-4,627511,0,8934873,2,475701,22,32814,225,9717,43,12922
71,2841262817383,Left,-4,628617,0,8957524,2,477118,17,61192,250,6647,57,93284
71,2981185913086,Left,-4,63628,0,9059833,2,498654,350,52,269,3445,77,3004
71,3118362426758,Left,-4,642824,0,8997993,2,519322,343,0445,261,112,79,12751
71,3256759643555,Left,-4,649793,0,9026108,2,53068,344,2066,253,5826,79,94204
71,3393249511719,Left,-4,647719,0,9092882,2,561065,344,504,250,4429,77,20477
71,3534545898438,Left,-4,640079,0,9221414,2,584615,339,193,262,92,81,45123
71,367301940918,Left,-4,646285,0,9234706,2,598052,338,0831,266,4828,78,80189
71,3811645507813,Left,-4,64572,0,9318445,2,618093,338,4898,269,2338,78,28167
71,3952178955078,Left,-4,645525,0,9345205,2,625489,338,4954,269,5977,78,34059
71,4091796875,Left,-4,643816,0,9414306,2,646315,338,2778,270,5034,78,75024
71,4228134155273,Left,-4,642526,0,9466583,2,661753,337,8064,270,5931,78,83179
71,4371185302734,Left,-4,641229,0,949934,2,67311,337,6897,270,6799,79,16387
71,4505844116211,Left,-4,639437,0,9553007,2,690957,337,4285,270,5357,79,43176
71,4646377563477,Left,-4,638804,0,956434,2,698303,337,4654,270,4958,79,37081
71,4784851074219,Left,-4,636543,0,9604236,2,714573,337,3699,270,3403,79,68906
71,4922332763672,Left,-4,633378,0,9648175,2,718599,336,5533,270,3377,80,36324
71,5061798095703,Left,-4,632333,0,9663365,2,720455,336,3547,270,4725,80,52497
71,5200347900391,Left,-4,630566,0,970342,2,7196,335,7182,269,9788,80,66663
71,533935546875,Left,-4,629996,0,9712921,2,71884,335,4876,269,7061,80,6275
71,5478439331055,Left,-4,62805,0,9751487,2,716216,334,8608,269,1734,80,72382
71,5616302490234,Left,-4,626614,0,9771068,2,714265,334,5554,268,8799,80,80717
71,5756454467773,Left,-4,626149,0,9777138,2,713625,334,4696,268,8077,80,71937
71,589599609375,Left,-4,624786,0,9802943,2,711712,334,1576,268,5979,80,59669
71,603385925293,Left,-4,625313,0,9796253,2,710666,334,397,268,2532,80,43703
71,6173934936523,Left,-4,624954,0,9800009,2,709585,334,4336,268,1051,80,5479
71,6313171386719,Left,-4,624383,0,9808343,2,70759,334,3494,267,6509,80,77515
71,6449432373047,Left,-4,624185,0,980763,2,706805,334,2964,267,313,80,81533
71,6588821411133,Left,-4,623653,0,9812708,2,704853,334,1801,266,5471,80,87145
71,6725387573242,Left,-4,623081,0,9812645,2,703837,334,2419,266,0638,80,91808
71,6864547729492,Left,-4,622609,0,9809144,2,703812,334,3765,266,0832,80,90855
71,7004089355469,Left,-4,621654,0,9806341,2,703986,334,4063,266,2668,80,87769
71,7146377563477,Left,-4,622083,0,9803032,2,704549,334,4418,266,4012,80,86479
71,728401184082,Left,-4,621958,0,97958,2,705966,334,4964,266,8722,80,92243
71,7419586181641,Left,-4,622421,0,9792563,2,706446,334,5647,267,0062,80,94743
71,7557830810547,Left,-4,622319,0,9792485,2,706405,334,5647,267,0062,80,94743
71,7697448730469,Left,-4,621939,0,9792528,2,706207,334,5889,266,9529,80,96162
71,7834548950195,Left,-4,6216,0,9791767,2,706127,334,6029,266,938,80,92963
71,797966003418,Left,-4,621415,0,9791227,2,706093,334,6029,266,938,80,92963
71,8113021850586,Left,-4,621369,0,9790152,2,706165,334,6543,266,9588,80,8854
71,8250579833984,Left,-4,62141,0,9789031,2,706386,334,7228,267,0546,80,90376
71,8395233154297,Left,-4,621753,0,9785636,2,707064,334,9439,267,3416,81,00192
71,8529891967773,Left,-4,622586,0,978247,2,707708,335,1259,267,4947,81,07855
71,8666687011719,Left,-4,622912,0,9782479,2,707912,335,118,267,4875,81,03436
71,8807067871094,Left,-4,623281,0,9783677,2,708176,335,0462,267,3978,80,94363
71,8946380615234,Left,-4,623351,0,9784876,2,708258,335,0427,267,4064,80,92961
71,9084548950195,Left,-4,624177,0,9788386,2,709025,335,0027,267,4791,80,86594
71,9223937988281,Left,-4,624884,0,9793708,2,710114,334,9854,267,6299,80,87154
71,9361724853516,Left,-4,625055,0,979695,2,710769,334,9775,267,7552,80,91662
71,9501495361328,Left,-4,625371,0,9809389,2,713223,334,8665,268,2615,81,03857
71,9644393920898,Left,-4,625627,0,9812988,2,713858,334,7933,268,3898,81,06245
71,9778060913086,Left,-4,625607,0,9823922,2,715158,334,5607,268,6501,81,11779
71,9918060302734,Left,-4,625823,0,9828467,2,715753,334,4214,268,7613,81,04433
72,0056076049805,Left,-4,625843,0,9829689,2,716096,334,3894,268,8492,80,9866
72,0195617675781,Left,-4,625892,0,9831527,2,716815,334,3075,269,0486,80,85382
72,0337982177734,Left,-4,626187,0,9832085,2,717052,334,2709,269,1149,80,8573
72,0472946166992,Left,-4,626507,0,9831409,2,717081,334,2709,269,1149,80,8573
72,0612716674805,Left,-4,627099,0,9830656,2,717155,334,2574,269,1293,80,91259
72,0753631591797,Left,-4,62741,0,9829711,2,717251,334,2705,269,1494,80,93463
72,0890655517578,Left,-4,628573,0,9825841,2,717776,334,3672,269,2459,80,95232
72,1030349731445,Left,-4,629354,0,9823347,2,718076,334,4286,269,2411,80,91323
72,1169281005859,Left,-4,630133,0,9821877,2,718493,334,4681,269,2577,80,89715
72,130615234375,Left,-4,631258,0,9820182,2,719146,334,4807,269,2685,80,88684
72,144905090332,Left,-4,631616,0,9819757,2,719401,334,4807,269,2685,80,88684
72,1584396362305,Left,-4,632823,0,9818694,2,720463,334,5087,269,2995,80,863
72,1723251342773,Left,-4,634032,0,9818615,2,721844,334,5172,269,3694,80,90005
72,1863327026367,Left,-4,634608,0,9819442,2,72287,334,498,269,4624,80,96445
72,200309753418,Left,-4,636038,0,9822412,2,726176,334,4164,269,8005,81,22866
72,2140426635742,Left,-4,63639,0,9822258,2,726838,334,3881,269,871,81,29872
72,227897644043,Left,-4,636552,0,9827608,2,729196,334,2348,270,081,81,68456
72,2416000366211,Left,-4,636352,0,9830527,2,730532,334,0682,270,0809,81,9763
72,2556076049805,Left,-4,636047,0,9832109,2,731082,333,9227,269,9957,82,13495
72,2695236206055,Left,-4,635586,0,9834999,2,732022,333,6874,269,8734,82,33093
72,2834777832031,Left,-4,635032,0,9833156,2,732906,333,5431,269,859,82,5246
72,297492980957,Left,-4,635089,0,9832385,2,732887,333,57,269,8571,82,48603
72,3110580444336,Left,-4,633244,0,9823669,2,73391,333,2105,269,8557,82,85235
72,3250579833984,Left,-4,632947,0,9819885,2,73432,333,0527,269,7918,83,15381
72,3390350341797,Left,-4,632125,0,9810702,2,733068,333,0583,269,4305,84,88149
72,3528060913086,Left,-4,632284,0,9793585,2,731546,333,5899,269,0285,86,68459
72,3668441772461,Left,-4,631898,0,9782042,2,729733,333,7859,268,6576,88,01708
72,3807373046875,Left,-4,630713,0,9757243,2,727699,333,838,268,2388,89,00694
72,3946304321289,Left,-4,630405,0,9747373,2,726781,333,9267,268,2105,89,02414
72,408561706543,Left,-4,629565,0,9736239,2,720367,334,4557,267,5915,91,66226
72,4224472045898,Left,-4,630771,0,9697905,2,716181,335,4697,266,2181,92,56184
72,436164855957,Left,-4,601188,0,9681879,2,69626,335,5788,265,6822,92,42754
72,4500732421875,Left,-4,569993,0,9655793,2,67399,335,7784,264,7337,92,64722
72,4638671875,Left,-4,556839,0,9647743,2,666974,335,8794,264,2844,92,81133
72,4777984619141,Left,-4,511661,0,9623535,2,640133,336,0248,262,9418,93,50641
72,4916381835938,Left,-4,470901,0,9597805,2,619011,336,1988,261,9671,94,15652
72,5056533813477,Left,-4,450661,0,9583501,2,610873,336,3611,261,5972,94,44816
72,5196685791016,Left,-4,40197,0,9550717,2,590393,336,6981,260,7819,95,18803
72,5331802368164,Left,-4,366494,0,9522242,2,578114,337,0232,260,263,95,55318
72,547233581543,Left,-4,339534,0,9501344,2,570453,337,1405,259,958,95,55856
72,561149597168,Left,-4,294006,0,9465231,2,557785,337,2717,259,1303,95,18934
72,5747451782227,Left,-4,277126,0,9451847,2,554587,337,3748,259,0679,95,06016
72,5888519287109,Left,-4,22559,0,9411654,2,543599,337,6519,258,5358,94,42999
72,6029357910156,Left,-4,184475,0,9383569,2,536201,337,9073,258,0807,94,01835
72,616584777832,Left,-4,160575,0,9367563,2,53268,338,2133,257,925,94,00529
72,6304702758789,Left,-4,111449,0,9335745,2,525508,338,746,257,6035,93,93224
72,6443634033203,Left,-4,095102,0,9325119,2,523339,338,9357,257,5892,93,95631
72,6584167480469,Left,-4,043272,0,9295313,2,516144,339,4307,257,1877,93,94386
72,672004699707,Left,-4,001601,0,9276559,2,510401,339,7122,256,9634,93,72756
72,6857986450195,Left,-3,979867,0,9269012,2,507531,339,803,256,8117,93,57074
72,6995162963867,Left,-3,930201,0,9248724,2,500763,340,0746,256,3553,93,32592
72,713623046875,Left,-3,890924,0,9241274,2,495382,340,2671,256,0111,93,24821
72,7274169921875,Left,-3,86404,0,9236538,2,490708,340,376,255,7529,93,29325
72,741325378418,Left,-3,818183,0,9207144,2,483279,340,562,255,3116,93,25093
72,7550811767578,Left,-3,799628,0,9178188,2,479473,340,5614,255,1427,93,29659
72,7691345214844,Left,-3,747169,0,9114072,2,469305,340,2644,254,6699,93,5407
72,7832183837891,Left,-3,707147,0,9030955,2,4609,340,3119,254,4536,93,87177
72,7967834472656,Left,-3,683421,0,8993181,2,454688,340,5089,254,1772,94,06815
72,8108139038086,Left,-3,636174,0,8967495,2,438207,340,6043,253,2288,94,5945
72,8249053955078,Left,-3,618397,0,8965309,2,431092,340,6691,252,797,94,7598
72,8386077880859,Left,-3,573044,0,8960683,2,406987,340,7141,251,9813,95,05477
72,8524932861328,Left,-3,539145,0,8957872,2,380488,340,4429,251,4752,95,17483
72,8661727905273,Left,-3,521548,0,89575,2,365383,340,0985,251,4326,95,29017
72,880241394043,Left,-3,486403,0,894794,2,326718,340,1748,250,9109,95,52339
72,8941802978516,Left,-3,477432,0,8938588,2,314048,340,3417,250,6397,95,59664
72,907829284668,Left,-3,447308,0,892305,2,272959,340,5576,250,0087,95,79853
72,921760559082,Left,-3,421973,0,8903508,2,235652,340,7618,249,5953,95,86673
72,9358901977539,Left,-3,411383,0,8894017,2,215613,340,8598,249,4123,95,92548
72,9498825073242,Left,-3,386788,0,8867691,2,169801,341,2978,248,7907,96,01394
72,9636306762695,Left,-3,370176,0,884868,2,136915,341,4199,248,3747,96,02306
72,9773941040039,Left,-3,359824,0,8834785,2,111966,341,4201,248,1071,95,95065
72,9911804199219,Left,-3,342932,0,8808727,2,070318,341,485,247,7425,95,43105
73,005241394043,Left,-3,336439,0,879828,2,051618,341,4473,247,5461,95,22195
73,0189514160156,Left,-3,322189,0,8772367,2,00465,341,463,247,2589,94,8965
73,0329666137695,Left,-3,314498,0,8748535,1,9654,341,6999,247,1301,94,85921
73,0469055175781,Left,-3,310571,0,8734745,1,940346,341,8135,246,9322,94,84606
73,0607604980469,Left,-3,305453,0,8708921,1,893408,342,0076,246,6306,94,84885
73,0746307373047,Left,-3,30472,0,8698649,1,876646,342,0868,246,5909,94,92152
73,0885620117188,Left,-3,30207,0,8677524,1,826771,342,2281,246,3875,94,95295
73,1023025512695,Left,-3,308213,0,8620278,1,788086,343,1214,246,9477,94,78182
73,1163558959961,Left,-3,314991,0,8604384,1,765476,343,2054,246,9244,94,68663
73,1300811767578,Left,-3,326867,0,8573112,1,719322,343,2897,246,8799,94,49607
73,1443176269531,Left,-3,331903,0,8563577,1,703447,343,343,246,8584,94,44047
73,1581420898438,Left,-3,347848,0,8525872,1,657188,343,6292,246,7356,94,11408
73,1719818115234,Left,-3,363155,0,8492585,1,617058,344,1288,246,5064,94,02201
73,1858596801758,Left,-3,370354,0,8478618,1,596403,344,3598,246,2189,94,29978
73,1995697021484,Left,-3,388787,0,8444944,1,549083,344,9833,245,4178,95,49306
73,2136459350586,Left,-3,402372,0,8414831,1,512671,345,4516,244,6236,96,53429
73,2275085449219,Left,-3,411475,0,8395895,1,486463,345,7348,244,0721,97,0464
73,2411880493164,Left,-3,426038,0,8363701,1,443566,346,1774,243,2427,97,73984
73,2552032470703,Left,-3,430844,0,8352928,1,424356,346,3741,242,6163,98,13924
73,2692413330078,Left,-3,444245,0,8325924,1,375083,346,7387,241,338,99,06714
73,2830123901367,Left,-3,452963,0,8305987,1,338638,346,8373,240,5685,99,46063
73,2969512939453,Left,-3,457685,0,8297917,1,314648,346,9296,240,2372,99,72095
73,3107757568359,Left,-3,466464,0,8274059,1,269771,347,2362,239,585,100,2685
73,324592590332,Left,-3,468747,0,8267469,1,254227,347,3325,239,443,100,4856
73,3385391235352,Left,-3,472463,0,8245109,1,206634,347,5448,239,301,101,0137
73,3524017333984,Left,-3,466913,0,8225642,1,16808,347,6183,239,2539,101,406
73,3662643432617,Left,-3,463125,0,8213925,1,147326,347,6789,239,3806,101,366
73,3801727294922,Left,-3,449984,0,8186752,1,103055,347,8109,239,6466,101,0523
73,3941802978516,Left,-3,442926,0,817932,1,089781,347,838,239,7112,100,9016
73,4080200195313,Left,-3,42588,0,8148094,1,045261,348,0483,239,8014,100,6548
73,4218673706055,Left,-3,410219,0,8119447,1,006567,348,3359,239,7133,100,5013
73,4356918334961,Left,-3,402666,0,8105643,0,987866,348,4905,239,6603,100,4336
73,4496307373047,Left,-3,384876,0,8072844,0,9420683,348,8284,239,5432,100,1712
73,4633636474609,Left,-3,372192,0,8051196,0,9079876,349,0904,239,3945,99,76825
73,4773635864258,Left,-3,363142,0,8036218,0,8828616,349,2031,239,2591,99,5768
73,4913787841797,Left,-3,349172,0,8015811,0,8402712,349,3221,239,2121,99,15195
73,5052185058594,Left,-3,343936,0,8006966,0,8226922,349,3765,239,1931,99,08636
73,5191040039063,Left,-3,331347,0,7996981,0,7754838,349,1508,239,4301,98,97092
73,533317565918,Left,-3,327695,0,8002452,0,7371503,349,1205,239,6545,99,16265
73,5467224121094,Left,-3,325792,0,7997295,0,7150531,349,2086,239,7116,99,09805
73,5607223510742,Left,-3,324565,0,7984055,0,668377,349,3183,239,7169,98,78893
73,574577331543,Left,-3,327577,0,7979436,0,6525511,349,3947,239,675,98,63763
73,5884017944336,Left,-3,332211,0,7975184,0,6047626,349,4634,239,6322,98,49714
73,6024551391602,Left,-3,338181,0,794385,0,5722113,350,0657,239,418,97,52985
73,6162948608398,Left,-3,341999,0,7949226,0,5624875,350,4885,238,7474,97,57368
73,6301193237305,Left,-3,344782,0,796155,0,5458388,350,204,238,3106,98,08098
73,6440353393555,Left,-3,344625,0,7971311,0,5430413,349,5975,238,2019,98,21651
73,6578369140625,Left,-3,342707,0,7992249,0,5406633,348,0816,238,6588,98,32073
73,671875,Left,-3,342801,0,7991781,0,5387682,348,1533,238,9697,98,27153
73,6857452392578,Left,-3,345097,0,7984308,0,53876,348,8345,238,9752,98,11054
73,6995391845703,Left,-3,351642,0,7959754,0,5244313,350,2428,238,116,96,49919
73,7136383056641,Left,-3,367445,0,7965065,0,4961147,350,082,238,1965,96,29809
73,7273254394531,Left,-3,379566,0,7969162,0,4764006,349,7818,238,2736,96,2525
73,741340637207,Left,-3,402631,0,7975138,0,4387129,349,5273,238,0095,96,35184
73,7552947998047,Left,-3,413392,0,7976958,0,4241959,349,5484,238,1592,96,75027
73,7689208984375,Left,-3,439399,0,7976262,0,3856681,349,6846,238,47,97,28577
73,7829818725586,Left,-3,46148,0,7973218,0,3534309,349,8603,238,5144,97,30761
73,797492980957,Left,-3,477261,0,7971595,0,3310521,349,8145,238,5177,96,92522
73,8108444213867,Left,-3,500878,0,7968813,0,3025448,349,5793,238,5266,95,84731
73,8247756958008,Left,-3,509822,0,7967868,0,2906716,349,2032,238,0133,95,51875
73,8384094238281,Left,-3,526071,0,7964973,0,2747586,348,7144,237,7086,95,17928
73,8525161743164,Left,-3,529546,0,7953887,0,2701831,349,2823,237,6932,95,97581
73,8662185668945,Left,-3,529683,0,7951167,0,2696866,349,3055,237,6278,96,17397
73,880012512207,Left,-3,529245,0,7936134,0,2680367,349,4536,237,11,96,56127
73,8940963745117,Left,-3,529228,0,7928119,0,2679628,349,4454,237,0155,96,47038
73,9078903198242,Left,-3,529685,0,7903426,0,2666126,349,6774,236,6787,96,21336
73,9216766357422,Left,-3,53063,0,7866458,0,2650444,350,5303,236,5408,96,2241
73,935905456543,Left,-3,531184,0,7851074,0,2646906,350,916,236,5454,96,28356
73,9495239257813,Left,-3,532429,0,7821627,0,2638856,351,5461,236,5476,96,409
73,963508605957,Left,-3,53325,0,7800273,0,2634921,351,9552,236,4247,96,31817
73,9773712158203,Left,-3,533638,0,7787914,0,2634177,352,1944,236,3546,96,24731
73,9915008544922,Left,-3,534193,0,7767742,0,2631721,352,6335,236,274,96,14345
74,0051574707031,Left,-3,534201,0,7761691,0,2636102,352,819,236,3085,95,93617
74,0193710327148,Left,-3,534218,0,7749437,0,2643005,353,116,236,482,95,72313
74,0327606201172,Left,-3,533782,0,7750764,0,2652722,352,9846,236,8121,95,7395
74,0469665527344,Left,-3,533541,0,7756894,0,2657152,352,7884,236,9992,95,70548
74,0605773925781,Left,-3,533051,0,7757218,0,2662926,352,574,237,3915,95,67757
74,0746612548828,Left,-3,533157,0,7755038,0,2660784,352,5423,237,4894,95,69578
74,0885314941406,Left,-3,533,0,7748893,0,2654445,352,5022,237,5594,95,72
74,1022262573242,Left,-3,533075,0,7737308,0,264123,352,5974,237,4122,95,66124
74,1163024902344,Left,-3,533244,0,7721702,0,2629769,352,7657,237,3251,95,52032
74,1301040649414,Left,-3,534259,0,7664124,0,2583005,353,5525,236,7797,94,85406
74,1439514160156,Left,-3,534093,0,7655138,0,2572925,353,7442,236,5822,94,64248
74,1581573486328,Left,-3,535433,0,761391,0,2532775,354,3916,235,9325,93,84343
74,1718597412109,Left,-3,536264,0,7585054,0,2500565,354,7979,235,5163,93,28169
74,185661315918,Left,-3,536699,0,7572439,0,2485624,354,9885,235,3608,93,12598
74,1996765136719,Left,-3,538294,0,7537901,0,2449183,355,4476,235,0624,92,81382
74,2133255004883,Left,-3,539213,0,75147,0,2421061,355,7008,234,7755,92,61619
74,227424621582,Left,-3,539742,0,7498324,0,2405232,355,9076,234,5987,92,41477
74,2413177490234,Left,-3,540989,0,7464958,0,2351733,356,1739,233,4786,91,72633
74,2550735473633,Left,-3,540793,0,7454982,0,2332851,356,1886,232,9925,91,21342
74,2691497802734,Left,-3,54161,0,7424625,0,2289029,356,3916,232,2413,90,41813
74,282958984375,Left,-3,542084,0,7404636,0,2256726,356,4004,231,8404,89,93357
74,296875,Left,-3,542925,0,7386736,0,2235356,356,5628,231,7261,89,68958
74,3108367919922,Left,-3,544503,0,7349897,0,219349,357,0598,231,3511,89,32857
74,3246078491211,Left,-3,544842,0,733807,0,217995,357,2496,231,2376,89,28497
74,3386993408203,Left,-3,546986,0,7292523,0,2138788,357,9917,231,0523,89,15173
74,3526077270508,Left,-3,548051,0,7263142,0,2108489,358,3437,230,7846,88,8831
74,3662796020508,Left,-3,548901,0,7244691,0,209195,358,5203,230,4745,88,34547
74,3803939819336,Left,-3,551079,0,7201275,0,2062692,358,6638,229,8543,86,85107
74,3940582275391,Left,-3,551265,0,7196694,0,2055547,358,8202,229,7581,86,32193
74,4079437255859,Left,-3,553348,0,7155472,0,2033697,359,4198,229,4134,84,93618
74,4219207763672,Left,-3,554591,0,7132763,0,2029548,0,07506721,229,6363,84,35502
74,4355773925781,Left,-3,555536,0,7124246,0,2035406,0,2164048,229,9957,84,05377
74,4496154785156,Left,-3,558167,0,7096339,0,2040036,0,5473626,230,6326,83,21287
0,Empty dishwasher start,0,0,0,0,0,0
74,4635314941406,Left,-3,560921,0,7079515,0,2057645,0,8726912,231,5027,82,59229
74,4773864746094,Left,-3,562547,0,7063966,0,2059241,1,194456,231,7027,82,2802
74,4914321899414,Left,-3,564347,0,7045025,0,206113,1,528277,231,7465,82,03166
74,504997253418,Left,-3,564434,0,7052336,0,2067119,1,302926,231,7913,82,55785
74,5189819335938,Left,-3,565698,0,705007,0,2074571,1,022928,231,8853,82,88792
74,5330505371094,Left,-3,567373,0,7043974,0,2085577,0,8257899,232,0191,82,936
74,5468292236328,Left,-3,568538,0,7033769,0,2091221,0,9938646,232,1548,82,83717
74,5606536865234,Left,-3,571064,0,7006466,0,2111244,1,537438,232,5073,82,1994
74,5746154785156,Left,-3,571745,0,7002728,0,2116612,1,534753,232,5401,81,90206
74,5883407592773,Left,-3,574268,0,6986477,0,2148544,1,337069,233,0328,80,944
74,6024627685547,Left,-3,576868,0,6972431,0,2173928,1,368644,233,1865,79,74657
74,6164627075195,Left,-3,577966,0,6970646,0,2192555,1,429982,233,3561,79,23237
74,6300582885742,Left,-3,579986,0,6972002,0,2239973,1,224126,233,8841,78,40282
74,6442642211914,Left,-3,580642,0,6986012,0,2257549,0,7005917,234,01,77,98677
74,6578521728516,Left,-3,582343,0,7048424,0,2349317,358,2776,235,1846,76,62447
74,6719436645508,Left,-3,585305,0,7116377,0,244239,356,3623,236,9612,75,61668
74,6856918334961,Left,-3,587604,0,7148793,0,2492062,355,6871,237,8227,74,82268
74,7011032104492,Left,-3,592879,0,7203776,0,2622446,354,687,239,9396,73,08755
74,7146377563477,Left,-3,594322,0,7218644,0,2645826,354,3639,240,4251,72,475
74,7284317016602,Left,-3,602361,0,723431,0,2775564,353,9639,242,0293,70,2916
74,7420806884766,Left,-3,611502,0,7247629,0,2972774,353,5902,242,2833,67,42952
74,755729675293,Left,-3,621484,0,7270852,0,320242,353,2979,242,5831,66,80328
74,7697296142578,Left,-3,637749,0,7280687,0,3481842,351,9302,238,9619,64,56052
74,7832336425781,Left,-3,644418,0,7335373,0,3796892,350,5222,239,8423,65,42287
74,7971801757813,Left,-3,664852,0,7345508,0,4025008,352,2657,242,7657,68,4892
74,8107757568359,Left,-3,698327,0,7342501,0,4299178,349,7266,238,2917,64,83387
74,8246688842773,Left,-3,710382,0,7375135,0,4409717,349,9171,236,8566,64,36542
74,8385696411133,Left,-3,751097,0,7328545,0,4649239,349,511,223,9833,55,54445
74,8523101806641,Left,-3,776485,0,7374529,0,4848889,352,4405,211,9461,47,96099
74,8664245605469,Left,-3,79362,0,7429729,0,5065521,352,8596,209,1687,47,80582
74,8798370361328,Left,-3,827852,0,7406607,0,5266263,352,7524,195,4916,41,80086
74,8939361572266,Left,-3,85559,0,7434071,0,5574803,353,562,187,6884,40,9134
74,9077987670898,Left,-3,858721,0,7441988,0,5695255,358,1489,194,6936,37,17315
74,9215927124023,Left,-3,870882,0,7600573,0,5884259,358,4792,213,9534,47,31058
74,9354934692383,Left,-3,865964,0,7635106,0,5851955,353,4733,237,228,66,32285
74,9493255615234,Left,-3,87913,0,7518685,0,5768921,351,2054,243,8947,70,76241
74,9631423950195,Left,-3,882221,0,7506908,0,5754604,350,919,244,422,69,84528
74,9771347045898,Left,-3,884161,0,749223,0,5746576,351,1362,244,5976,69,29225
74,9908447265625,Left,-3,88686,0,7474102,0,5732408,351,5774,244,7426,68,44434
75,0052032470703,Left,-3,887762,0,7464343,0,5720496,351,8426,244,465,67,86588
75,0188980102539,Left,-3,889763,0,7448868,0,5700182,352,0789,243,9414,66,75153
75,0326614379883,Left,-3,890673,0,7437899,0,5678802,352,1037,243,5687,65,84065
75,0467910766602,Left,-3,890933,0,7433143,0,5668678,352,4283,243,2414,65,63904
75,0604782104492,Left,-3,891709,0,7426717,0,5659753,352,6365,243,0614,65,16709
75,074348449707,Left,-3,891738,0,7428023,0,5659004,352,7584,243,1268,65,3488
75,0884170532227,Left,-3,892104,0,7435832,0,5662116,353,0419,243,299,65,96853
75,1019515991211,Left,-3,89156,0,7442505,0,5668124,353,0776,243,3208,66,6825
75,1162109375,Left,-3,892705,0,7451113,0,5678817,353,8223,243,9381,67,4157
75,1299285888672,Left,-3,894165,0,7451153,0,5692613,354,2881,244,3302,68,33993
75,1440734863281,Left,-3,895723,0,7448636,0,5706551,354,419,244,18,66,70477
75,1577377319336,Left,-3,896729,0,7445195,0,5712588,354,7267,244,3402,66,45441
75,1715545654297,Left,-3,897213,0,746865,0,5729994,354,667,244,6346,66,1182
75,1855163574219,Left,-3,897603,0,7486967,0,5737903,354,1663,244,6021,66,09885
75,1994171142578,Left,-3,898105,0,7516583,0,575051,353,6672,244,6085,66,3735
75,2135848999023,Left,-3,897854,0,7524398,0,5751375,353,4975,244,5363,66,77386
75,2273788452148,Left,-3,898182,0,7545769,0,5763017,353,2977,244,6527,67,06786
75,2409896850586,Left,-3,899115,0,7601658,0,5797431,352,6021,244,9877,67,41921
75,2549285888672,Left,-3,899278,0,7611941,0,5801967,352,4226,244,9447,67,49207
75,2690200805664,Left,-3,898731,0,764671,0,5814759,351,799,244,7299,67,79797
75,2826461791992,Left,-3,897898,0,7669974,0,5825718,351,4275,244,6823,68,10815
75,2966079711914,Left,-3,897352,0,7682056,0,5833658,351,3181,244,7912,68,40794
75,3105239868164,Left,-3,896236,0,7704876,0,5849231,351,1374,245,0351,69,1634
75,3242645263672,Left,-3,895938,0,7705823,0,585521,351,2414,245,2321,69,5276
75,3386917114258,Left,-3,8945,0,7715416,0,587693,351,6811,246,0543,70,66939
75,3522644042969,Left,-3,893862,0,7718801,0,5891432,351,6989,246,5834,71,31977
75,3659820556641,Left,-3,893594,0,7719772,0,5898424,351,6727,246,7662,71,37162
75,3800964355469,Left,-3,892831,0,7721799,0,5910366,351,5459,246,9722,70,91373
75,3941421508789,Left,-3,892662,0,7725623,0,5910745,351,5565,246,9583,70,79065
75,4077987670898,Left,-3,892961,0,7712415,0,5900519,351,4966,246,5695,69,90363
75,4216918945313,Left,-3,891362,0,7732066,0,5911465,350,9742,246,4858,68,81689
75,435432434082,Left,-3,891055,0,7738314,0,5909821,350,951,246,4554,68,71053
75,4496994018555,Left,-3,890409,0,7746134,0,5908145,350,9255,246,4555,68,64037
75,4636306762695,Left,-3,890122,0,7750363,0,5905692,351,0023,246,5609,68,87157
75,4772338867188,Left,-3,889956,0,7752641,0,5904711,351,0249,246,593,68,99866
75,4912033081055,Left,-3,888829,0,776713,0,5905704,351,0123,246,7453,69,34852
75,5050048828125,Left,-3,88872,0,7768216,0,5906082,351,0028,246,7819,69,40804
75,5187530517578,Left,-3,886391,0,7798064,0,5907967,350,9678,247,0362,70,08192
75,5328750610352,Left,-3,886244,0,779833,0,5907519,350,9247,246,9945,70,04275
75,5467147827148,Left,-3,886605,0,7793298,0,5907791,350,9413,246,9432,69,82145
75,5606536865234,Left,-3,886401,0,7795174,0,5909597,350,9261,246,9493,69,6335
75,5746231079102,Left,-3,88559,0,780414,0,5913839,350,8987,247,1006,69,54015
75,5884475708008,Left,-3,883394,0,7823756,0,5925739,350,8235,247,6003,69,28353
75,6022796630859,Left,-3,882593,0,7832161,0,5927757,350,7672,247,7702,69,21142
75,6162719726563,Left,-3,881358,0,7841302,0,5928569,350,6193,247,8849,69,30961
75,6302261352539,Left,-3,876925,0,7870541,0,592508,350,0561,248,1322,70,07119
75,6440277099609,Left,-3,875753,0,7867891,0,5916983,349,8427,247,974,70,53439
75,6577987670898,Left,-3,873065,0,7877646,0,5907036,349,5016,247,8877,71,23753
75,6718826293945,Left,-3,8702,0,7862361,0,5881322,349,4901,247,3267,72,39931
75,6859588623047,Left,-3,868797,0,7841979,0,5867407,349,6913,246,9115,72,82439
75,6995849609375,Left,-3,866242,0,7818587,0,5846193,349,8131,246,3766,73,44404
75,713508605957,Left,-3,864436,0,7777952,0,5831208,350,058,245,9379,73,55499
75,7272872924805,Left,-3,863701,0,7740934,0,5822029,350,6163,245,8015,73,60263
75,7412033081055,Left,-3,862411,0,7688215,0,5807736,351,4918,245,606,73,77391
75,7553100585938,Left,-3,861777,0,7664374,0,5802387,351,8441,245,5148,73,76018
75,7688827514648,Left,-3,860371,0,7606315,0,5787911,352,5965,245,28,73,38145
75,7831268310547,Left,-3,858945,0,7558748,0,5772337,353,0428,244,7941,72,28555
75,7969284057617,Left,-3,857661,0,7537531,0,5754792,353,1474,244,1953,71,58433
75,8109893798828,Left,-3,855203,0,7511385,0,5734497,353,2086,243,7381,71,75151
75,8246154785156,Left,-3,853831,0,7502445,0,5725815,353,2306,243,5487,71,49678
75,8385467529297,Left,-3,850379,0,7487013,0,5703644,353,4421,243,3265,72,44513
75,8524017333984,Left,-3,846957,0,7470918,0,5681781,353,9355,243,0186,72,81561
75,8666076660156,Left,-3,844602,0,7461039,0,5662459,354,1375,242,6052,71,81544
75,8800582885742,Left,-3,839579,0,7468914,0,5623991,354,2357,242,0162,72,03314
75,8943786621094,Left,-3,835376,0,7502583,0,5582632,354,0753,241,0565,72,66766
75,9080276489258,Left,-3,826077,0,757153,0,5500646,352,7174,239,308,73,68066
75,9219741821289,Left,-3,818816,0,7607672,0,5436488,352,1901,237,9242,74,41101
75,9359817504883,Left,-3,813762,0,7639237,0,538463,351,7883,236,7919,74,17348
75,9497680664063,Left,-3,802332,0,7729946,0,5279362,350,9668,235,1064,77,33678
75,9635543823242,Left,-3,794766,0,7757471,0,5201538,350,1789,233,3539,77,45613
75,9776153564453,Left,-3,786936,0,7815277,0,5124267,350,0402,231,8885,79,68547
75,9912719726563,Left,-3,776477,0,7876245,0,5039788,348,8044,230,3984,83,69535
76,0053253173828,Left,-3,771814,0,789826,0,4989318,348,628,229,461,85,11255
76,0193252563477,Left,-3,759201,0,7975814,0,4879895,347,664,227,3323,91,25439
76,0329818725586,Left,-3,749413,0,8009124,0,4798306,346,162,225,7637,93,58173
76,0469818115234,Left,-3,743728,0,803694,0,474511,345,414,224,6498,95,06903
76,0608139038086,Left,-3,732679,0,8067324,0,4665809,343,4249,223,9013,97,83038
76,0746612548828,Left,-3,728783,0,8056579,0,462942,341,3839,222,7439,95,28948
76,0886459350586,Left,-3,721363,0,8071395,0,452803,343,2494,220,355,95,90227
76,1024551391602,Left,-3,713435,0,8081555,0,4471204,342,896,219,5937,97,83072
76,1166076660156,Left,-3,7092,0,808583,0,444059,341,7955,219,5885,98,22718
76,1304779052734,Left,-3,700008,0,8106704,0,4368207,340,9786,218,2081,102,1454
76,1442565917969,Left,-3,699304,0,806584,0,4362573,339,0174,218,0248,99,12634
76,1581649780273,Left,-3,690939,0,8072756,0,429022,338,1928,216,6069,100,3015
76,1721954345703,Left,-3,686636,0,8033043,0,4253479,335,2943,215,2064,96,98456
76,1857833862305,Left,-3,685999,0,7993087,0,4187594,334,053,212,0042,92,01662
76,1999130249023,Left,-3,687267,0,781696,0,4089564,335,9386,210,4668,76,30827
76,2136077880859,Left,-3,679414,0,7740595,0,4027359,339,6887,208,1742,71,04118
76,2275238037109,Left,-3,674558,0,7723433,0,403805,343,8472,207,1671,73,79563
76,24169921875,Left,-3,671678,0,7650458,0,4055589,351,3054,207,8358,71,89569
76,2553558349609,Left,-3,667177,0,7684289,0,4085025,348,6353,208,6097,77,59781
76,2692642211914,Left,-3,663148,0,7673656,0,4106055,344,7343,210,0233,82,84931
76,2832336425781,Left,-3,660511,0,7650108,0,4109328,341,9685,210,7924,89,18752
76,2969818115234,Left,-3,663447,0,7566844,0,4119372,342,5762,212,8986,83,04781
76,3109817504883,Left,-3,657235,0,7593035,0,4099621,340,3733,211,3945,88,65129
76,3247985839844,Left,-3,657233,0,7593371,0,4103832,338,0815,208,7286,93,60694
76,3387603759766,Left,-3,655463,0,7572957,0,4121416,334,8305,206,995,95,78671
76,352668762207,Left,-3,654414,0,7552782,0,4133865,333,325,206,9281,95,41454
76,3666305541992,Left,-3,654404,0,7544801,0,4139588,332,8856,206,7997,95,62178
76,3807525634766,Left,-3,65384,0,7496964,0,4147387,330,9247,205,9528,94,28717
76,394660949707,Left,-3,655343,0,7467349,0,413486,330,2605,203,6017,93,59193
76,408088684082,Left,-3,652706,0,7450718,0,4141653,329,2067,201,5302,94,94331
76,4221115112305,Left,-3,651793,0,7422885,0,414814,327,4358,198,8504,95,56002
76,4359664916992,Left,-3,650976,0,7411848,0,4162904,328,3473,199,6834,95,92156
76,4498901367188,Left,-3,64853,0,7457188,0,4161315,330,0008,199,7593,95,68142
76,4637908935547,Left,-3,644001,0,7497785,0,4166846,331,2932,198,1994,98,74678
76,477897644043,Left,-3,641864,0,7506294,0,4177913,332,2801,200,9624,95,4752
76,4915466308594,Left,-3,640678,0,7517537,0,417129,336,6302,202,5883,87,9725
76,5055541992188,Left,-3,637746,0,7517824,0,417264,340,3324,202,7616,82,00904
76,5192184448242,Left,-3,631768,0,7548546,0,4176013,345,4757,202,5019,79,06259
76,5334014892578,Left,-3,626046,0,7607969,0,4191766,346,9025,201,8687,80,90705
76,5472717285156,Left,-3,623738,0,7618005,0,4198656,347,4212,201,8273,80,9657
76,5609588623047,Left,-3,618005,0,7666585,0,4195786,348,3317,201,0289,81,30816
76,5749969482422,Left,-3,615888,0,7681338,0,4202191,347,9781,200,5447,81,41679
76,5888061523438,Left,-3,611603,0,7712987,0,4210589,346,8903,199,6389,81,2365
76,6027297973633,Left,-3,609011,0,7725632,0,4216246,346,2058,199,0373,80,83324
76,6168518066406,Left,-3,608377,0,771473,0,4214454,346,2526,198,7968,80,20952
76,6304397583008,Left,-3,607737,0,7682399,0,4209314,346,6553,198,6145,79,20837
76,6447372436523,Left,-3,607579,0,7661077,0,4204455,347,1552,198,4512,78,7331
76,6583786010742,Left,-3,606888,0,7616815,0,4190051,347,9407,198,0004,77,79153
76,6721343994141,Left,-3,608782,0,7525514,0,4166541,349,9742,197,8045,77,23634
76,6866226196289,Left,-3,609942,0,7481562,0,4161945,350,8877,197,879,77,59044
76,6999816894531,Left,-3,611517,0,7410594,0,415274,352,0839,197,7955,78,0579
76,7137832641602,Left,-3,612624,0,7383497,0,415428,352,4926,197,8871,78,45757
76,7278137207031,Left,-3,616367,0,729582,0,4153571,353,9867,198,167,79,42442
76,7415161132813,Left,-3,620878,0,7245468,0,4168759,354,5185,198,1424,84,18861
76,7556076049805,Left,-3,624859,0,7212955,0,4189385,354,0755,198,4792,87,51597
76,7694702148438,Left,-3,63242,0,7151784,0,4228013,353,9821,199,373,91,44345
76,7832641601563,Left,-3,644317,0,7019052,0,4268733,357,4044,202,8919,80,95058
76,7973861694336,Left,-3,648134,0,7053897,0,4286959,357,8828,204,4454,79,85566
76,8109970092773,Left,-3,657743,0,7035497,0,432698,357,9349,206,9224,81,30731
76,8249206542969,Left,-3,66238,0,7025042,0,4337213,358,2255,208,2922,82,80283
76,8392105102539,Left,-3,67057,0,6993955,0,4369857,359,2873,210,6956,85,2398
76,8528594970703,Left,-3,676723,0,6971349,0,4376485,358,4278,209,5078,86,84171
76,8669891357422,Left,-3,679015,0,6979483,0,4378297,358,8979,208,6196,85,30731
76,8807144165039,Left,-3,681658,0,7022545,0,4391332,359,5324,207,6603,81,81243
76,8945693969727,Left,-3,680675,0,7093871,0,4411157,357,8797,207,5586,81,65554
76,9085083007813,Left,-3,682592,0,7202283,0,4448929,356,2292,206,8364,80,69008
76,9223480224609,Left,-3,683867,0,7344453,0,4469055,355,1964,202,8248,80,96387
76,9363708496094,Left,-3,683904,0,7439582,0,4510359,352,3723,201,688,84,4259
76,9501953125,Left,-3,688564,0,7584646,0,4575143,345,0801,200,2774,87,52068
76,9639434814453,Left,-3,692031,0,760985,0,4581382,342,4936,200,6381,86,78574
76,9779281616211,Left,-3,6986,0,7737684,0,4639629,338,3887,202,2003,84,66787
76,9917602539063,Left,-3,703602,0,7853388,0,4669446,336,6342,202,0635,84,17338
77,0056304931641,Left,-3,706034,0,7895623,0,4690302,335,8602,202,4469,82,7954
77,019775390625,Left,-3,71346,0,8026574,0,4756007,335,481,203,6689,80,92312
77,0334320068359,Left,-3,720293,0,8122833,0,4824712,335,6155,206,1329,79,29195
77,0473785400391,Left,-3,726805,0,8179382,0,4885377,336,0552,209,7253,77,24065
77,0615386962891,Left,-3,738832,0,8265072,0,4983793,336,3983,214,4656,73,13657
77,0751266479492,Left,-3,745255,0,8304358,0,5025846,336,4357,217,2295,70,58613
77,0891494750977,Left,-3,757963,0,8398992,0,5124059,335,0444,220,4595,66,75139
77,1030197143555,Left,-3,769063,0,8477303,0,5213984,332,9466,221,4316,65,51934
77,1167602539063,Left,-3,7763,0,8505669,0,5277906,332,3672,222,4836,64,19999
77,1308898925781,Left,-3,790704,0,8573954,0,54005,330,17,224,6086,62,05682
77,1448135375977,Left,-3,810531,0,8587393,0,5457256,329,5499,225,859,61,15754
77,1584625244141,Left,-3,853526,0,8604026,0,5670075,329,442,229,2834,56,45834
77,1724700927734,Left,-3,899591,0,8641758,0,5930331,329,9674,233,3793,54,55695
77,1863250732422,Left,-3,926074,0,8670534,0,6090503,329,5123,235,3667,57,05248
77,2002105712891,Left,-3,981606,0,8684414,0,644262,329,6394,238,4369,58,27415
77,2141876220703,Left,-3,999499,0,8682766,0,655893,330,0965,239,408,58,45354
77,2280197143555,Left,-4,053481,0,8690403,0,6946837,330,4196,241,2119,56,37975
77,2420272827148,Left,-4,098001,0,8700882,0,7302581,330,3778,242,2005,54,47765
77,2558364868164,Left,-4,118505,0,8711138,0,7488793,330,8205,243,1969,53,55642
77,2695541381836,Left,-4,164853,0,8722178,0,7944673,331,9966,246,7192,52,77895
77,2835922241211,Left,-4,199365,0,8739263,0,8297925,333,0295,250,8449,53,28421
77,2976913452148,Left,-4,225006,0,8756775,0,8555981,333,66,253,4491,53,83126
77,3113098144531,Left,-4,263852,0,8794653,0,8955101,333,4268,255,9263,53,80649
77,3252716064453,Left,-4,281938,0,8819374,0,9120095,332,8766,256,402,53,47141
77,3392639160156,Left,-4,326283,0,887059,0,9504722,331,8185,256,8506,51,01833
77,3533401489258,Left,-4,356088,0,8905548,0,9736844,332,6601,257,7348,48,66019
77,3670272827148,Left,-4,371667,0,8920029,0,9850827,333,4492,259,596,46,58719
77,3806838989258,Left,-4,401903,0,8948929,1,00418,334,1911,261,9395,44,16319
77,3949432373047,Left,-4,413659,0,8959191,1,008036,334,9444,262,4385,43,32846
77,4085922241211,Left,-4,442528,0,8976485,1,022462,336,2186,264,3056,41,86826
77,4225463867188,Left,-4,462165,0,9018948,1,034198,338,4226,268,1982,40,77322
77,4365692138672,Left,-4,474123,0,9070588,1,038702,338,9124,269,8107,41,89381
77,4502944946289,Left,-4,496172,0,9154357,1,049147,338,1038,272,7693,44,22324
77,4644241333008,Left,-4,504092,0,9175989,1,049855,336,2185,273,3086,44,93923
77,4782104492188,Left,-4,527514,0,9251683,1,055274,338,1179,269,6147,47,11009
77,4919204711914,Left,-4,546384,0,9273091,1,05853,331,4436,268,2385,42,49163
77,5062255859375,Left,-4,551842,0,926333,1,061369,330,5927,269,0003,39,33817
77,5196914672852,Left,-4,565841,0,9235604,1,066673,331,3499,271,9174,34,08161
77,5338668823242,Left,-4,577005,0,9239292,1,071245,331,0866,271,7526,32,63736
77,5477676391602,Left,-4,584522,0,9190205,1,073302,333,9954,269,8316,31,83919
77,5614242553711,Left,-4,592372,0,9116418,1,076347,338,9142,269,3583,29,90142
77,5755920410156,Left,-4,594941,0,9095703,1,077681,341,1606,269,3523,29,28615
77,58935546875,Left,-4,600337,0,9047492,1,078758,344,3191,269,246,26,84078
77,6031951904297,Left,-4,606136,0,9014699,1,079947,345,4878,268,5457,23,69704
77,6172409057617,Left,-4,606473,0,899743,1,082631,344,4107,268,8931,22,21239
77,6308898925781,Left,-4,602118,0,8967189,1,090275,348,908,270,7656,27,4873
77,6449890136719,Left,-4,600434,0,8933188,1,090355,350,1878,272,8822,29,29946
77,6588745117188,Left,-4,596117,0,8916724,1,092035,349,9842,274,1087,27,9166
77,6726837158203,Left,-4,591571,0,8935286,1,090852,349,3402,273,6002,29,24406
77,686637878418,Left,-4,590049,0,8945554,1,090532,348,0914,272,5895,29,87349
77,7006912231445,Left,-4,582934,0,8967465,1,089954,342,5647,271,8184,29,52915
77,7143325805664,Left,-4,577201,0,8964781,1,091301,342,443,271,494,30,33292
77,7283172607422,Left,-4,567845,0,8961616,1,092348,338,9615,272,3743,29,87095
77,7420501708984,Left,-4,559513,0,8964067,1,092339,336,95,272,9687,30,39374
77,7561187744141,Left,-4,554838,0,8959301,1,091454,337,0539,272,8904,31,02794
77,7701263427734,Left,-4,545106,0,8949923,1,0889,339,5879,273,0143,31,92476
77,7838439941406,Left,-4,541828,0,8956772,1,087096,340,8455,272,4696,32,93069
77,7978668212891,Left,-4,53128,0,8986602,1,083099,342,1479,272,3577,37,24942
77,8117065429688,Left,-4,523376,0,8998374,1,078043,340,9422,271,6739,40,31116
77,8254470825195,Left,-4,518752,0,9009063,1,074778,339,781,271,2915,41,61487
77,8394927978516,Left,-4,508198,0,9034189,1,067716,338,5769,269,8586,44,72824
77,853759765625,Left,-4,500913,0,9050312,1,061326,336,7929,268,7493,47,00254
77,8671646118164,Left,-4,495945,0,9064743,1,056347,336,0055,267,7643,49,02138
77,8813705444336,Left,-4,487303,0,9079747,1,047172,334,5515,265,9502,52,36583
77,8950347900391,Left,-4,483765,0,9078239,1,04318,334,1362,265,0479,53,88362
77,9089660644531,Left,-4,47456,0,9090523,1,03265,332,8363,262,501,57,37763
77,9228286743164,Left,-4,466989,0,9087923,1,025242,331,771,260,6126,59,64066
77,9365997314453,Left,-4,463475,0,9070673,1,016355,331,7221,258,6544,61,12208
77,9505920410156,Left,-4,426913,0,9006992,0,9791627,331,6609,253,4318,62,72962
77,9646301269531,Left,-4,408207,0,8979421,0,9684755,331,552,252,3153,61,81862
77,9785995483398,Left,-4,356597,0,8931548,0,9360903,331,4063,249,5003,61,54443
77,992431640625,Left,-4,312568,0,8914589,0,9122933,331,0689,247,1523,62,8698
78,0063018798828,Left,-4,28769,0,886461,0,9025185,332,1246,246,9892,62,75023
78,0200119018555,Left,-4,235373,0,8823545,0,8786711,332,5522,244,932,63,85742
78,0340194702148,Left,-4,217464,0,8796651,0,8740975,333,4975,244,7538,65,28841
78,0479278564453,Left,-4,162828,0,8731704,0,8536751,335,0486,243,0688,68,18168
78,0616912841797,Left,-4,115188,0,8667179,0,8387694,336,0277,241,2416,69,11854
78,0760040283203,Left,-4,08955,0,8633614,0,8326094,336,339,240,4879,68,95846
78,0894241333008,Left,-4,038406,0,8555697,0,8186085,337,1938,238,9643,67,90473
78,1034240722656,Left,-3,996859,0,8492579,0,8069699,338,2069,237,7658,66,46307
78,1172561645508,Left,-3,969543,0,8443916,0,7947588,339,2665,237,9677,65,71121
78,1311416625977,Left,-3,919498,0,8383259,0,7776598,340,5266,237,4706,65,80162
78,1450729370117,Left,-3,899889,0,8365484,0,7670024,340,8428,237,2166,66,29507
78,1587905883789,Left,-3,852746,0,8319792,0,734165,341,8149,235,7499,67,63937
78,1728744506836,Left,-3,817274,0,8293776,0,7006765,342,3228,234,0673,69,86812
78,186882019043,Left,-3,797503,0,8271524,0,6784484,342,5584,233,1578,70,697
78,2004776000977,Left,-3,762321,0,8231625,0,6346644,342,7238,230,5193,70,83419
78,2148208618164,Left,-3,753872,0,8208681,0,6117483,342,929,229,8022,70,26167
78,2284851074219,Left,-3,723528,0,8160061,0,5625174,343,5001,227,8896,69,75533
78,2422866821289,Left,-3,701313,0,812636,0,5178344,344,1478,226,5615,69,86111
78,2561950683594,Left,-3,680441,0,8113916,0,5050358,344,5933,225,9504,70,53229
78,269889831543,Left,-3,651144,0,8075794,0,4553613,345,723,224,2423,71,83476
78,2839965820313,Left,-3,633829,0,803919,0,4162571,346,3101,222,133,71,83834
78,2977600097656,Left,-3,61832,0,8014967,0,3942253,346,0694,220,3172,70,50148
78,3116607666016,Left,-3,602283,0,799307,0,3694034,346,2097,217,9559,69,8104
78,3258590698242,Left,-3,595897,0,798062,0,3577145,346,381,216,8722,69,69136
78,3393325805664,Left,-3,582474,0,7943259,0,3317431,346,8763,214,6262,69,49193
78,3532562255859,Left,-3,571865,0,8024644,0,3341241,345,2667,214,9679,74,13551
78,3672103881836,Left,-3,56857,0,8008407,0,3307612,345,3257,214,222,75,11291
78,3808517456055,Left,-3,56175,0,7997696,0,3257431,345,6257,212,7986,76,34382
78,3949737548828,Left,-3,559964,0,7988221,0,3252001,345,7365,212,5323,76,37713
78,408821105957,Left,-3,554764,0,7969161,0,3212694,345,9387,211,6532,76,52235
78,422721862793,Left,-3,552793,0,7940478,0,3198162,346,1057,211,4422,76,25067
78,4367065429688,Left,-3,551602,0,7915718,0,318437,346,5476,211,2023,76,58694
78,4503784179688,Left,-3,549616,0,7875869,0,3152675,347,3437,210,8156,77,12759
78,4641571044922,Left,-3,550708,0,7849019,0,3150688,347,8638,210,9932,77,40904
78,4780654907227,Left,-3,551588,0,7787166,0,3126912,349,1393,211,2628,78,2523
78,4916763305664,Left,-3,555276,0,7712552,0,3119298,350,603,212,2326,79,12074
78,5058212280273,Left,-3,558226,0,7665178,0,3113954,351,3387,212,661,79,1357
78,5194549560547,Left,-3,563545,0,7569332,0,3103091,352,7741,213,3812,78,89214
78,5330657958984,Left,-3,5698,0,7486847,0,3106636,353,8577,214,2744,78,34502
78,5470275878906,Left,-3,574068,0,743379,0,3111989,354,8153,214,9055,78,31494
78,5609436035156,Left,-3,581602,0,7348992,0,3137846,356,3906,216,4734,79,09892
78,5747756958008,Left,-3,584209,0,7319392,0,3145862,356,8299,217,0005,79,38741
78,5886611938477,Left,-3,592429,0,7250315,0,3200353,357,699,218,7964,79,94086
78,6023941040039,Left,-3,59901,0,7198896,0,3236418,358,2706,219,953,79,99642
78,6165924072266,Left,-3,603027,0,7177644,0,3259589,358,5325,220,5108,80,00765
78,63037109375,Left,-3,60988,0,7140205,0,3297144,358,9141,221,0366,80,15316
78,6441650390625,Left,-3,61217,0,7145991,0,3314738,358,7028,221,1321,80,45814
78,6584243774414,Left,-3,618194,0,7097544,0,3345832,359,2166,221,9147,80,76897
78,6722259521484,Left,-3,623589,0,7091034,0,337999,358,7188,222,1369,80,72836
78,6858139038086,Left,-3,62648,0,7090757,0,33947,358,4321,222,338,80,67641
78,6997604370117,Left,-3,633194,0,7066675,0,3427052,358,4114,222,9611,80,70985
78,7135009765625,Left,-3,638195,0,7050821,0,3436631,358,5965,223,1586,81,01863
78,7275314331055,Left,-3,641072,0,7037702,0,3438152,358,6824,222,9521,81,16563
78,741455078125,Left,-3,645458,0,7019465,0,3440703,358,533,222,4445,80,86192
78,7552795410156,Left,-3,647236,0,701531,0,3443013,358,3094,222,1864,80,50214
78,7693328857422,Left,-3,652663,0,7005799,0,3453211,358,0074,221,9425,80,11831
78,7831726074219,Left,-3,657232,0,6998018,0,3469475,358,3982,222,5009,80,99651
78,7969284057617,Left,-3,660165,0,6988575,0,3480732,358,5599,222,7796,81,25162
78,8110275268555,Left,-3,666502,0,6971973,0,350829,359,2253,223,6612,81,58556
78,8246154785156,Left,-3,66899,0,6965311,0,3517535,359,268,223,9071,81,19328
78,8386383056641,Left,-3,675783,0,6946993,0,3544271,359,3059,224,3549,79,83662
78,852409362793,Left,-3,681362,0,6941284,0,3564014,359,263,224,743,78,86474
78,866081237793,Left,-3,684762,0,6939469,0,3576306,359,304,225,07,78,47932
78,880126953125,Left,-3,692571,0,6926581,0,3607115,359,857,225,9574,78,38392
78,8942184448242,Left,-3,695106,0,693293,0,3618562,359,7604,226,3868,78,5322
78,9077301025391,Left,-3,70236,0,6928371,0,365295,359,9275,227,4124,78,98072
78,9217987060547,Left,-3,709148,0,6926278,0,3672849,359,6896,226,9377,78,79771
78,9354553222656,Left,-3,711978,0,6927698,0,3689072,359,499,227,4894,78,4738
78,9495086669922,Left,-3,719739,0,6922546,0,3709954,359,0566,226,766,78,30824
78,9633483886719,Left,-3,725113,0,6910754,0,3727268,358,7498,227,0881,77,60928
78,9772186279297,Left,-3,728891,0,6899353,0,3731878,359,624,227,6283,76,25372
78,9910736083984,Left,-3,734742,0,6904979,0,3745198,359,2126,226,6308,77,50219
79,0051193237305,Left,-3,737049,0,6899534,0,3755703,358,4709,225,5298,78,02534
79,0189895629883,Left,-3,742541,0,6890619,0,3776702,357,4131,223,3629,78,39289
79,0327377319336,Left,-3,746611,0,6883142,0,3802357,356,0964,221,332,79,16595
79,0465393066406,Left,-3,748761,0,6877819,0,3815104,355,1783,219,9068,80,28925
79,0605316162109,Left,-3,752437,0,6878036,0,3820431,354,5273,218,0368,81,51887
79,0746307373047,Left,-3,752977,0,6883157,0,3822902,354,3575,217,5455,81,7463
79,0882797241211,Left,-3,755473,0,6918259,0,384232,354,7926,216,2273,80,35075
79,1025009155273,Left,-3,757566,0,6959571,0,3882152,355,0362,214,8346,77,82871
79,1160736083984,Left,-3,758225,0,6996455,0,3925912,354,7518,215,2156,75,58588
79,130126953125,Left,-3,760571,0,7088291,0,4005686,353,471,214,6844,74,07562
79,143928527832,Left,-3,760487,0,7144287,0,4055271,350,8043,216,5792,74,62876
79,1576690673828,Left,-3,76232,0,7248605,0,4152856,348,5084,219,9741,71,62129
79,1717300415039,Left,-3,762235,0,7419285,0,4235756,344,6611,225,2563,74,18904
79,1856307983398,Left,-3,762521,0,7526804,0,4263651,339,9436,227,4129,80,1848
79,1994171142578,Left,-3,764428,0,7650376,0,4354526,336,5011,232,2444,81,98511
79,213508605957,Left,-3,766686,0,7796454,0,4433439,334,0448,236,8349,86,2376
79,2274322509766,Left,-3,772786,0,7852874,0,4508108,331,2901,238,3275,87,96709
79,2411499023438,Left,-3,780325,0,7958645,0,4672156,330,0703,242,4192,85,45021
79,2550735473633,Left,-3,787626,0,8031268,0,4739157,330,9041,242,1097,85,59789
79,2688140869141,Left,-3,802009,0,8100029,0,4984396,330,654,246,4134,77,05411
79,2830276489258,Left,-3,823205,0,8196664,0,5136378,331,1864,250,9894,69,62411
79,2966995239258,Left,-3,841663,0,8265068,0,5177377,331,318,251,8362,66,26928
79,3104858398438,Left,-3,876025,0,8363996,0,5337926,332,5571,253,0474,63,21617
79,3246307373047,Left,-3,890689,0,8409687,0,541276,331,5698,254,4052,61,97682
79,3386840820313,Left,-3,938389,0,8488308,0,5585196,330,8245,252,6752,58,35786
79,3522872924805,Left,-3,975597,0,8546455,0,5749439,332,254,250,5312,56,7913
79,3662033081055,Left,-3,995278,0,8587593,0,5867779,332,2032,250,5871,58,84621
79,3800201416016,Left,-4,040617,0,8666586,0,6128202,332,2358,251,5975,58,77066
79,3939514160156,Left,-4,054232,0,8697601,0,6212029,331,8503,251,9976,59,03616
79,4078598022461,Left,-4,099664,0,8794275,0,6507691,329,3633,253,6631,58,47462
79,4216766357422,Left,-4,138597,0,8871915,0,6782444,327,2141,255,6588,57,25816
79,4357528686523,Left,-4,157712,0,8906615,0,692534,327,0021,256,9281,56,35699
79,4495849609375,Left,-4,200965,0,8988684,0,7264315,326,3065,259,5326,54,34577
79,4633102416992,Left,-4,233936,0,9053531,0,7521342,325,4045,260,8598,53,57926
79,4773712158203,Left,-4,258422,0,9093855,0,7711532,324,8063,261,1346,53,28717
79,4909133911133,Left,-4,297122,0,9153867,0,8030649,324,7783,261,614,52,50209
79,5051651000977,Left,-4,314008,0,9179146,0,8178242,325,1145,262,1552,52,45249
79,5188827514648,Left,-4,35392,0,9243022,0,8548287,325,7088,264,512,51,58083
79,5327072143555,Left,-4,386717,0,9303551,0,8846606,325,471,267,062,50,17828
79,5469512939453,Left,-4,408686,0,9343289,0,9037974,325,0815,268,9431,48,65967
79,5605316162109,Left,-4,44751,0,9416968,0,937977,323,0543,272,5092,45,88442
79,5746002197266,Left,-4,46682,0,9442708,0,9473086,323,6417,269,7963,45,54058
79,5884094238281,Left,-4,507049,0,9486877,0,978062,323,6749,265,1678,37,10976
79,6021118164063,Left,-4,535275,0,9597783,1,014421,324,2471,278,6435,39,3579
79,6161422729492,Left,-4,564064,0,9638227,1,023716,324,0634,277,0564,45,12759
79,6301040649414,Left,-4,611528,0,9621367,1,051914,329,6734,274,0825,44,63456
79,6438598632813,Left,-4,610599,0,9652644,1,058,326,742,273,3997,43,50581
79,6578903198242,Left,-4,631967,0,9610011,1,084621,332,8886,272,4048,39,02605
79,6718521118164,Left,-4,64251,0,9599163,1,103357,334,4917,272,5887,35,72597
79,6856307983398,Left,-4,644908,0,9580441,1,110449,336,4134,273,6782,34,26068
79,6996307373047,Left,-4,65018,0,9556823,1,125497,340,046,275,1884,33,49074
79,7133712768555,Left,-4,65555,0,9579854,1,132596,339,557,276,235,37,18388
79,7273712158203,Left,-4,658305,0,9588862,1,134761,337,5115,277,5658,39,74655
79,7412796020508,Left,-4,662484,0,9600127,1,138392,335,6274,279,285,42,22301
79,7550888061523,Left,-4,665614,0,9599364,1,139699,332,5516,278,6691,44,79106
79,7692260742188,Left,-4,669084,0,9535376,1,144257,331,0035,279,5398,44,80254
79,7831420898438,Left,-4,671039,0,9449678,1,147523,332,3192,279,5478,44,92207
79,796745300293,Left,-4,672006,0,9375335,1,148229,334,7163,278,2975,44,18415
79,8109893798828,Left,-4,670864,0,9243529,1,15035,336,5031,276,6476,38,40184
79,8247756958008,Left,-4,666687,0,9196644,1,15011,340,0509,276,1967,32,72648
79,8386383056641,Left,-4,659424,0,9079148,1,148569,346,4793,278,0945,23,48858
79,8523941040039,Left,-4,65553,0,9119958,1,153338,349,6011,279,057,22,65146
79,8662033081055,Left,-4,653799,0,9141328,1,15378,347,9894,279,6663,24,19358
79,8803176879883,Left,-4,64733,0,9177712,1,155013,344,8383,279,5814,28,06251
79,8943176269531,Left,-4,644899,0,9153295,1,153752,345,3553,280,0205,28,82906
79,9080047607422,Left,-4,641577,0,9139121,1,152745,344,4966,280,1249,29,66723
79,9218521118164,Left,-4,637497,0,9120047,1,151152,343,804,279,9701,29,91368
79,9356536865234,Left,-4,634953,0,9113356,1,15043,344,6726,279,7322,31,24155
79,9495086669922,Left,-4,630789,0,9102927,1,147911,343,5332,280,1372,31,43547
79,9635620117188,Left,-4,627322,0,9113292,1,143774,343,7586,279,3227,31,53763
79,9773330688477,Left,-4,624992,0,9137756,1,140821,343,0421,278,403,32,31275
79,9915161132813,Left,-4,619061,0,9182216,1,135589,340,7695,277,4165,34,04551
80,0053100585938,Left,-4,616301,0,9221485,1,133629,340,668,277,1476,36,30899
80,0189514160156,Left,-4,608132,0,929426,1,12568,338,7377,276,0214,40,87777
80,0331192016602,Left,-4,602482,0,9321666,1,120273,337,7281,275,3552,43,24127
80,0471496582031,Left,-4,59876,0,9348056,1,115968,336,9479,274,7071,44,73573
80,0606460571289,Left,-4,592945,0,9379401,1,1109,335,8154,273,8577,46,95033
80,0747909545898,Left,-4,590141,0,9405997,1,106426,334,5082,272,8322,47,85535
80,0884628295898,Left,-4,58204,0,9471743,1,097426,331,9249,270,8846,50,41764
80,1025924682617,Left,-4,575265,0,9501966,1,090073,329,8743,269,3299,52,23371
80,1163711547852,Left,-4,571802,0,9514901,1,086226,329,1721,268,4594,53,39145
80,1301193237305,Left,-4,557752,0,9531845,1,076026,328,1623,266,6342,56,02953
80,1444244384766,Left,-4,536849,0,9528102,1,069284,327,6682,266,3679,57,21193
80,1580657958984,Left,-4,498571,0,9502994,1,054572,327,8182,265,701,59,04854
80,1717910766602,Left,-4,457247,0,9483523,1,040489,327,6797,264,5203,60,51683
80,1858596801758,Left,-4,435935,0,9458251,1,034297,328,1493,263,7465,60,63791
80,1995468139648,Left,-4,387257,0,9413764,1,019745,328,7356,262,2546,61,56027
80,2136154174805,Left,-4,347683,0,9384116,1,01028,328,8342,261,3651,62,59258
80,2274856567383,Left,-4,319356,0,936569,1,004261,328,7591,260,7068,63,38187
80,2412338256836,Left,-4,272943,0,9327036,0,9943804,328,8932,259,3154,64,76454
80,255744934082,Left,-4,249731,0,9297573,0,9904765,329,2205,258,5096,65,23499
80,2691116333008,Left,-4,20175,0,9243536,0,9816927,329,7599,257,0697,66,28097
80,282844543457,Left,-4,161074,0,9198466,0,9752985,330,2674,256,0219,67,21909
80,2968978881836,Left,-4,134389,0,9170548,0,9718648,330,6577,255,5256,67,91055
80,3106536865234,Left,-4,085951,0,9120402,0,9648156,331,2942,254,6825,69,20653
80,3239898681641,Left,-4,071984,0,9096912,0,9632251,331,5529,254,5617,69,43167
80,3378982543945,Left,-4,019607,0,9043246,0,9557614,332,1061,253,9871,70,31117
80,3517150878906,Left,-3,974864,0,899384,0,9478647,332,7138,253,6123,71,06647
80,3657150268555,Left,-3,953714,0,896452,0,9414021,333,2341,253,3437,71,24071
80,3793869018555,Left,-3,905368,0,8900016,0,9252682,334,0333,252,9902,71,25475
80,3933563232422,Left,-3,868242,0,884754,0,9094514,334,6825,253,0132,70,84433
80,407341003418,Left,-3,843266,0,8813022,0,8951764,335,1758,252,8127,70,70008
80,4211883544922,Left,-3,802454,0,8759026,0,8671595,335,9358,252,065,70,98537
80,4349746704102,Left,-3,787897,0,8737851,0,8525803,336,2274,251,3642,71,30182
80,4490509033203,Left,-3,747471,0,8680447,0,8117804,337,0269,249,6118,71,95567
80,462646484375,Left,-3,719121,0,8635038,0,7773806,337,613,247,7923,72,23939
80,4768905639648,Left,-3,701108,0,8610021,0,7530061,337,9053,246,7654,72,52853
80,4905700683594,Left,-3,668267,0,8564625,0,7103145,338,5395,245,1878,73,34608
80,5043334960938,Left,-3,657258,0,8548371,0,6955552,338,7949,244,7444,73,74333
80,5183639526367,Left,-3,622768,0,8497455,0,6489397,339,6698,243,4751,74,54353
80,5321960449219,Left,-3,594581,0,8450596,0,6109814,340,5037,242,345,74,86388
80,5461044311523,Left,-3,580013,0,8426756,0,5906256,340,9066,241,7377,74,57917
80,5600738525391,Left,-3,546649,0,8377649,0,5454396,341,5968,240,5101,74,27381
80,5739364624023,Left,-3,537353,0,836834,0,5327653,341,6142,240,3043,74,01297
80,5878448486328,Left,-3,505531,0,8329164,0,4877925,341,8463,239,566,73,32062
80,6017761230469,Left,-3,481307,0,8298572,0,4478908,342,1026,239,0919,72,3476
80,6154861450195,Left,-3,473036,0,8283281,0,4286242,342,3292,238,8979,71,92936
80,6294860839844,Left,-3,452673,0,8251838,0,3793488,342,7423,238,6599,71,26592
80,6435165405273,Left,-3,440757,0,8238767,0,3410788,343,4482,238,2737,71,81677
80,6572952270508,Left,-3,434419,0,822988,0,3141067,343,6992,237,5302,71,94579
80,6712188720703,Left,-3,427862,0,8214347,0,280851,343,6223,236,4086,71,62643
80,6849822998047,Left,-3,428036,0,8219535,0,2798986,343,1027,236,1036,71,46639
80,6990661621094,Left,-3,422754,0,8216876,0,2677009,342,2303,235,2661,71,32267
80,7129898071289,Left,-3,419214,0,8212538,0,2645414,341,9207,234,7959,71,71043
80,7266082763672,Left,-3,417453,0,8213009,0,263465,342,5638,235,0493,73,04298
80,7406921386719,Left,-3,41547,0,8193564,0,2609491,343,464,234,8855,74,52326
80,7544326782227,Left,-3,414712,0,8183039,0,2605165,343,5957,234,9063,74,61201
80,7683944702148,Left,-3,412936,0,8162032,0,2591267,343,9212,234,9552,74,54423
80,7822265625,Left,-3,411773,0,8145202,0,2584994,343,9105,234,9704,73,75468
80,7959213256836,Left,-3,411163,0,8140585,0,2578296,343,9638,234,9663,73,68
80,8099517822266,Left,-3,409772,0,8121028,0,2557189,344,2244,234,7351,73,738
80,8239440917969,Left,-3,410009,0,8109798,0,2552636,344,4018,234,5999,73,52802
80,8379821777344,Left,-3,410191,0,8079087,0,2533683,344,9273,234,2827,73,21854
80,851692199707,Left,-3,410197,0,8056499,0,2520373,345,5082,234,3304,73,60567
80,8655242919922,Left,-3,410998,0,8041665,0,2517621,345,7884,234,3986,73,67651
80,8794937133789,Left,-3,411533,0,8014109,0,2506186,346,1832,234,4182,73,64138
80,8934173583984,Left,-3,412589,0,7998103,0,25015,346,3193,234,4688,73,76151
80,9073104858398,Left,-3,413314,0,798519,0,2496254,346,571,234,4024,73,89259
80,9211120605469,Left,-3,414833,0,7961063,0,2490693,347,0204,234,2239,73,87002
80,9352798461914,Left,-3,415257,0,7952747,0,2490973,347,1476,234,1841,73,74916
80,9490814208984,Left,-3,417147,0,7945452,0,2509814,347,128,234,3986,73,43879
80,9627990722656,Left,-3,417991,0,794542,0,2518132,347,2069,234,5102,73,46783
80,9765930175781,Left,-3,418151,0,7952389,0,252773,347,0779,234,6501,73,50022
80,9905471801758,Left,-3,418861,0,795909,0,2547428,346,8767,235,0203,73,65275
81,0046310424805,Left,-3,419636,0,7956825,0,2555022,346,874,235,2075,73,78737
81,018196105957,Left,-3,421582,0,7951495,0,2580382,346,9153,235,7389,74,16991
81,0322952270508,Left,-3,423143,0,7947403,0,2598055,346,895,236,1144,74,10653
81,0461883544922,Left,-3,423798,0,7944145,0,2601687,346,9386,236,1402,73,65674
81,0599594116211,Left,-3,42623,0,7925773,0,2623363,346,956,236,4717,72,46809
81,0739135742188,Left,-3,426811,0,7924301,0,2627097,346,8169,236,4713,71,28207
81,0880508422852,Left,-3,4287,0,7907291,0,2638952,346,7061,236,4995,69,79733
81,1016693115234,Left,-3,42942,0,7909151,0,2641582,346,715,236,4154,69,31853
81,1156463623047,Left,-3,42926,0,7912028,0,2640203,346,9489,236,5515,69,89793
81,1293029785156,Left,-3,429749,0,7909127,0,2647772,347,2938,237,0242,70,20788
81,1433563232422,Left,-3,430327,0,7907867,0,2652053,347,3723,237,4754,70,11995
81,1574554443359,Left,-3,431103,0,7903352,0,2654037,347,3573,237,4902,69,75414
81,1713409423828,Left,-3,431174,0,7910014,0,264857,347,3223,237,2589,69,95574
81,18505859375,Left,-3,431063,0,7914497,0,2646803,347,3754,237,2398,70,41486
81,1991195678711,Left,-3,432203,0,7917514,0,2651673,347,552,237,4418,71,39557
81,2127227783203,Left,-3,432951,0,7918742,0,265356,347,5959,237,5106,71,75574
81,2269592285156,Left,-3,433701,0,7918489,0,2655733,347,6072,237,5134,71,97279
81,2404708862305,Left,-3,434733,0,7922651,0,2660113,347,6113,237,4052,72,21425
81,254508972168,Left,-3,434699,0,7920822,0,2660471,347,6042,237,4024,72,08987
81,2684097290039,Left,-3,435223,0,7931359,0,2671531,347,4418,237,2966,72,02151
81,2820892333984,Left,-3,436358,0,7955499,0,2689123,347,1622,237,3224,72,73093
81,2962188720703,Left,-3,436815,0,7962552,0,2698928,347,0932,237,3654,72,84613
81,3103408813477,Left,-3,437126,0,7974839,0,271479,347,0187,237,5736,72,86501
81,3245697021484,Left,-3,437436,0,7982721,0,2728022,346,8883,237,8323,72,84511
81,338623046875,Left,-3,437726,0,8001183,0,2765341,346,5689,238,72,72,6258
81,3524932861328,Left,-3,438171,0,8011109,0,2782394,346,4372,239,1917,72,45863
81,3666763305664,Left,-3,438273,0,8013124,0,2788771,346,291,239,2614,72,08124
81,3804397583008,Left,-3,438371,0,8020189,0,2799311,346,1737,239,4327,71,92994
81,3940811157227,Left,-3,438189,0,801512,0,2789908,346,2279,239,2108,71,9106
81,4081497192383,Left,-3,437873,0,8010135,0,2784253,346,3055,238,9942,71,84805
81,4221572875977,Left,-3,437751,0,8004422,0,2783595,346,4239,238,9478,71,8139
81,4357070922852,Left,-3,43773,0,8003228,0,2784563,346,4606,238,9766,71,82501
81,44970703125,Left,-3,437766,0,8001993,0,2785059,346,4875,238,9976,71,83318
81,463623046875,Left,-3,438233,0,7989284,0,2790209,346,845,239,1649,71,65131
81,4774703979492,Left,-3,438532,0,7980458,0,2792564,347,0031,239,2569,71,35954
81,4913635253906,Left,-3,438994,0,7968093,0,2794325,347,2145,239,3769,70,90758
81,5052032470703,Left,-3,439231,0,7963272,0,2792661,347,373,239,3727,70,75308
81,5193634033203,Left,-3,439545,0,7953924,0,2788456,347,581,239,2807,70,49167
81,533332824707,Left,-3,439303,0,7955763,0,2785214,347,5899,239,2156,70,5374
81,5468902587891,Left,-3,43915,0,7956896,0,2783353,347,6086,239,2087,70,60681
81,5609283447266,Left,-3,438835,0,7960132,0,2780747,347,5608,239,2027,70,71198
81,5751266479492,Left,-3,438782,0,7960629,0,2779642,347,5444,239,1866,70,73946
81,5886688232422,Left,-3,43864,0,7961105,0,2775589,347,5584,239,1369,70,76936
81,6025466918945,Left,-3,43844,0,7960618,0,2767574,347,635,239,0067,70,73887
81,6165084838867,Left,-3,438224,0,7961813,0,2762706,347,615,238,9131,70,69413
81,6306076049805,Left,-3,437877,0,7964883,0,2756255,347,5363,238,8074,70,66522
81,6444778442383,Left,-3,437783,0,7965693,0,2753533,347,5238,238,7639,70,66727
81,658073425293,Left,-3,437653,0,7966609,0,2750382,347,5088,238,7115,70,66975
81,6721572875977,Left,-3,437519,0,7960635,0,2719676,347,5313,238,0968,70,22625
81,6858825683594,Left,-3,437453,0,7961434,0,2721619,347,5325,238,1254,70,27309
81,699836730957,Left,-3,437597,0,7957828,0,2717937,347,5948,238,0406,70,159
81,7137298583984,Left,-3,438439,0,7949045,0,2717501,347,6591,238,1148,69,54591
81,7275314331055,Left,-3,439516,0,7938792,0,2720993,347,6559,238,2623,68,58873
81,7417449951172,Left,-3,440827,0,7935152,0,2732578,347,7518,238,6089,68,34637
81,7555618286133,Left,-3,440209,0,7944083,0,2730358,347,7693,238,5512,69,00978
81,7691879272461,Left,-3,440452,0,7940959,0,2731607,347,9251,238,5269,69,55203
81,7832260131836,Left,-3,453285,0,7909914,0,2832522,348,8099,238,7736,68,73519
81,7969207763672,Left,-3,473494,0,7905807,0,3005444,348,9202,239,5821,68,45009
81,8108978271484,Left,-3,505552,0,7908916,0,3275282,349,027,240,218,68,36492
81,8249130249023,Left,-3,520321,0,7907603,0,3390457,349,1057,240,4698,68,46085
81,8386459350586,Left,-3,559555,0,7910512,0,3717791,349,1136,241,2173,68,76276
81,8529815673828,Left,-3,592843,0,7909407,0,3989548,349,1882,241,6925,68,89297
81,8666076660156,Left,-3,611084,0,7914855,0,4148655,349,1474,242,0593,69,18701
81,8803482055664,Left,-3,649071,0,7918857,0,4471187,349,0774,242,6118,69,43211
81,8946304321289,Left,-3,663484,0,7921405,0,4589854,348,9805,242,7417,69,49693
81,9082641601563,Left,-3,70084,0,7931742,0,4914763,348,7021,243,2123,69,73676
81,9220962524414,Left,-3,73362,0,7939231,0,5201904,348,6131,243,7425,69,86963
81,9360733032227,Left,-3,751248,0,7938884,0,5355954,348,6491,244,1205,69,71514
81,9497985839844,Left,-3,789743,0,7940804,0,5693198,348,6595,244,987,69,32535
81,9638671875,Left,-3,818947,0,7945068,0,5940923,348,6451,245,4568,69,30937
81,9778366088867,Left,-3,841578,0,7945118,0,6135272,348,6413,245,941,69,00562
81,9915313720703,Left,-3,875664,0,7954046,0,6425029,348,4589,246,4784,68,6687
82,0055618286133,Left,-3,892796,0,795699,0,6552795,348,4128,246,681,68,81071
82,019287109375,Left,-3,931325,0,7968819,0,6870975,348,1031,247,1244,68,78512
82,0332794189453,Left,-3,962354,0,7988317,0,709293,347,7294,246,8721,69,47408
82,0472183227539,Left,-3,983839,0,7990688,0,7244534,347,6679,246,9306,69,67483
82,0611343383789,Left,-4,021078,0,7997414,0,7507316,347,67,246,9365,70,02722
82,0750503540039,Left,-4,035555,0,7999218,0,7617573,347,6333,247,011,70,22002
82,0889892578125,Left,-4,075579,0,8011211,0,7915916,347,3631,247,4574,70,63361
82,1026763916016,Left,-4,107568,0,8016332,0,8141179,347,1391,247,8088,70,63731
82,1169052124023,Left,-4,129591,0,8019347,0,8281265,347,0659,247,972,70,66504
82,1303482055664,Left,-4,169469,0,8021213,0,8497076,347,1628,248,1327,70,67902
82,1445846557617,Left,-4,186282,0,8018963,0,8564034,347,2,248,1603,70,58549
82,1583099365234,Left,-4,229199,0,8015881,0,8759242,347,3187,248,1173,70,52096
82,1720428466797,Left,-4,267004,0,8015935,0,8900969,347,3326,247,9868,70,6328
82,1862258911133,Left,-4,288975,0,8015557,0,8972229,347,2995,247,8758,70,70168
82,2003479003906,Left,-4,334672,0,801638,0,9137255,347,1663,247,7306,70,76604
82,2137451171875,Left,-4,345781,0,8017616,0,9166248,347,1514,247,6615,70,83311
82,2278060913086,Left,-4,392636,0,8027318,0,9306459,347,1299,247,035,71,55129
82,241455078125,Left,-4,407038,0,8028605,0,935305,347,0046,240,9622,71,80146
82,2554092407227,Left,-4,402376,0,8030121,0,9357378,346,9306,238,9487,71,67249
82,269416809082,Left,-4,404559,0,8024723,0,9382815,347,1057,236,2451,70,9285
82,2832107543945,Left,-4,405337,0,8024991,0,9387711,347,1696,235,7867,70,70715
82,2974624633789,Left,-4,406311,0,8031953,0,9398134,347,3342,235,0637,70,58239
82,3112716674805,Left,-4,406519,0,8030525,0,9399515,347,681,234,5358,70,4284
82,3250274658203,Left,-4,406654,0,8032919,0,9399787,347,8319,234,6899,70,11868
82,3389282226563,Left,-4,4064,0,8037575,0,9399986,348,0214,234,8654,70,18372
82,352653503418,Left,-4,406815,0,8042779,0,9403738,348,431,234,3748,70,25977
82,3665618896484,Left,-4,407095,0,8046868,0,9407204,348,6825,234,0608,70,27991
82,3806533813477,Left,-4,407602,0,8056676,0,9413913,349,3017,233,4644,70,29971
82,3943176269531,Left,-4,407739,0,8059889,0,9416394,349,5063,233,2457,70,28823
82,4085311889648,Left,-4,408053,0,8068193,0,942155,350,0072,232,811,70,32253
82,4223251342773,Left,-4,408264,0,8073277,0,9425535,350,3353,232,4566,70,29711
82,4361801147461,Left,-4,408116,0,8074765,0,9427041,350,4102,232,4266,70,29854
82,450065612793,Left,-4,408144,0,8075801,0,9426697,350,4893,232,3656,70,32368
82,463981628418,Left,-4,408046,0,807551,0,9426465,350,457,232,4223,70,34332
82,4779052734375,Left,-4,407776,0,8074563,0,942499,350,3742,232,6214,70,38042
82,4916458129883,Left,-4,4075,0,8073506,0,9422803,350,2949,232,8383,70,42387
82,5053939819336,Left,-4,407367,0,8072976,0,9421556,350,254,232,9589,70,4494
82,5195617675781,Left,-4,405761,0,8069531,0,9407941,350,2441,233,8054,71,11134
82,5336074829102,Left,-4,405222,0,8063688,0,9400464,349,8771,234,6045,71,41882
82,5470657348633,Left,-4,404884,0,8058609,0,9395649,349,4562,234,9085,71,70403
82,5612106323242,Left,-4,40422,0,8052564,0,9384619,349,0242,235,5437,72,1193
82,5749588012695,Left,-4,403832,0,8049768,0,9378994,348,786,235,844,72,37349
82,5888900756836,Left,-4,402493,0,8046482,0,9368725,348,4243,236,7157,72,6931
82,6027755737305,Left,-4,390742,0,8046455,0,9351258,348,2393,237,6106,73,3204
82,6165924072266,Left,-4,365089,0,8046307,0,9264311,348,0267,239,3821,73,94614
82,6307067871094,Left,-4,329859,0,8042608,0,9162318,347,4183,245,942,74,59761
82,6447296142578,Left,-4,317636,0,80385,0,9095361,347,503,245,9946,74,58271
82,658317565918,Left,-4,272361,0,8039945,0,896246,347,4933,246,4524,74,52594
82,6723022460938,Left,-4,233099,0,8041784,0,8839667,347,4319,246,6947,74,60596
82,6861724853516,Left,-4,211419,0,8043067,0,8773779,347,5969,246,8107,75,12115
82,7000579833984,Left,-4,164732,0,8046555,0,8618871,347,8031,246,7759,75,80592
82,7140350341797,Left,-4,151077,0,8045412,0,8561448,347,8214,246,7909,75,90908
82,7278671264648,Left,-4,1041,0,8048419,0,8411841,347,8808,247,001,76,10136
82,7419738769531,Left,-4,063301,0,8045318,0,8271255,347,9622,247,2248,75,92251
82,755744934082,Left,-4,045305,0,8044143,0,8202945,347,9265,247,205,75,76035
82,7696914672852,Left,-3,99946,0,8043768,0,8029755,347,9003,247,2959,75,38627
82,7835311889648,Left,-3,966202,0,804656,0,7880228,347,9407,247,4306,75,48171
82,7974853515625,Left,-3,941066,0,8050134,0,7775643,348,0132,247,4738,75,71097
82,8111114501953,Left,-3,902557,0,8050846,0,7578346,348,0049,247,2362,75,92004
82,8251419067383,Left,-3,884603,0,8053568,0,7498398,347,9334,247,1793,76,09203
82,8390579223633,Left,-3,840164,0,8058649,0,7251209,347,7841,247,0916,76,64505
82,8529434204102,Left,-3,807757,0,8053752,0,7035086,347,774,246,9382,76,78082
82,8669281005859,Left,-3,790149,0,8050456,0,6854998,347,8112,246,8564,76,7337
82,8806762695313,Left,-3,755527,0,8044952,0,6565472,347,8687,246,7803,76,63908
82,8947982788086,Left,-3,745713,0,8041974,0,6404366,347,9386,246,6679,76,58544
82,9085235595703,Left,-3,715258,0,8026503,0,6011968,348,1823,246,2669,76,39601
82,9225082397461,Left,-3,694979,0,8015512,0,5639963,348,2137,245,8779,76,33112
82,9361724853516,Left,-3,685554,0,8014526,0,5448662,348,1975,245,9113,76,43948
82,9499893188477,Left,-3,663499,0,7998747,0,4987462,348,2621,245,4916,76,54718
82,9640350341797,Left,-3,656747,0,7989846,0,4838821,348,3716,245,2657,76,59323
82,9780654907227,Left,-3,636147,0,7974643,0,4366169,348,5536,244,9152,76,65331
82,9918060302734,Left,-3,621299,0,7960424,0,3958429,348,7077,244,6145,76,7067
83,0056228637695,Left,-3,614899,0,7953069,0,3758609,348,8328,244,4675,76,75711
83,0195007324219,Left,-3,601719,0,7932941,0,3267172,349,0198,244,0657,76,52445
83,0332489013672,Left,-3,594574,0,7919458,0,2894419,349,1986,243,7308,76,20834
83,04736328125,Left,-3,590218,0,7910174,0,2614664,349,2529,243,3255,75,948
83,0611343383789,Left,-3,585287,0,7897286,0,2159349,349,2796,242,8589,75,65051
83,0750961303711,Left,-3,58565,0,7891861,0,1966695,349,3196,242,6941,75,47833
83,0890426635742,Left,-3,58352,0,7875148,0,1456591,349,3938,242,2311,75,10854
83,1028213500977,Left,-3,584748,0,786212,0,1061945,349,5014,241,8505,74,71049
83,1168060302734,Left,-3,589847,0,7853199,0,0814625,349,6267,241,7095,74,42575
83,1307144165039,Left,-3,602696,0,783787,0,03671008,349,7368,241,4394,73,64985
83,1446075439453,Left,-3,608514,0,7839487,0,02166224,349,6734,241,5699,73,62027
83,1584320068359,Left,-3,612902,0,7838399,-0,02020124,349,5064,241,8321,73,80052
83,1725540161133,Left,-3,615177,0,785166,-0,05197391,349,5317,242,2073,74,48995
83,1863403320313,Left,-3,615512,0,7847752,-0,06997153,349,5961,242,0796,74,75341
83,2002105712891,Left,-3,616265,0,7839416,-0,1078387,349,6537,241,8224,75,19674
83,2143173217773,Left,-3,616432,0,7833459,-0,1124575,349,7184,241,7475,75,24021
83,2279052734375,Left,-3,617747,0,780878,-0,1430413,349,9678,241,1466,75,45085
83,2417373657227,Left,-3,617664,0,7796829,-0,1515856,349,907,241,4073,75,00089
83,2555847167969,Left,-3,619353,0,7764261,-0,1483117,350,278,241,4726,74,29646
83,2696304321289,Left,-3,622453,0,7710346,-0,1486927,351,1527,241,9161,72,74808
83,2836532592773,Left,-3,624496,0,7682632,-0,1474157,351,8285,242,2029,72,05546
83,2973861694336,Left,-3,626233,0,7654306,-0,145693,352,5962,242,7719,71,93434
83,3113098144531,Left,-3,628771,0,761245,-0,1435081,353,4708,243,4457,71,5624
83,3247680664063,Left,-3,630647,0,7583466,-0,1411897,354,1071,244,0196,71,01725
83,3388137817383,Left,-3,635056,0,7506021,-0,1351904,355,5676,245,1284,69,29377
83,3526916503906,Left,-3,637911,0,7461736,-0,1305931,356,4032,245,9524,68,16562
83,3663635253906,Left,-3,639508,0,7434813,-0,1266726,356,7567,246,6781,67,54063
83,3803863525391,Left,-3,642647,0,7376164,-0,1175601,357,3969,248,3625,66,24255
83,3944778442383,Left,-3,644221,0,7364032,-0,1134727,357,5266,249,1365,65,97134
83,4081268310547,Left,-3,647088,0,7315187,-0,1006579,357,9466,251,3326,65,79141
83,4220657348633,Left,-3,649954,0,7277897,-0,0917168,358,4449,252,834,65,61179
83,4364166259766,Left,-3,651672,0,7256104,-0,08505276,358,7019,253,8336,65,67708
83,4498138427734,Left,-3,653949,0,7206846,-0,06910041,359,3123,256,3836,65,282
83,4640731811523,Left,-3,656414,0,7172095,-0,05779114,359,6929,258,41,64,51764
83,4775390625,Left,-3,657622,0,7143527,-0,04750979,359,804,260,1307,63,4188
83,4915542602539,Left,-3,659865,0,7091913,-0,03110996,359,7915,262,5218,60,69888
83,5056457519531,Left,-3,66145,0,7069973,-0,02376831,0,1643397,263,4375,59,73387
83,5191879272461,Left,-3,663255,0,7012047,-0,008328319,0,8501029,265,5574,58,3112
83,5334396362305,Left,-3,664866,0,6972694,0,004475981,1,59683,267,2098,58,35384
83,547233581543,Left,-3,665464,0,6945802,0,01282236,2,029607,268,48,58,27117
83,5608596801758,Left,-3,665705,0,6892895,0,02794549,2,980346,270,881,58,41952
83,5748596191406,Left,-3,666487,0,6868456,0,0338946,3,431922,271,7459,58,20547
83,5886764526367,Left,-3,665635,0,6803959,0,05022976,4,421179,274,0319,57,25471
83,602653503418,Left,-3,66462,0,6768285,0,0634518,4,801064,276,0845,56,44813
83,6167831420898,Left,-3,664178,0,6748927,0,07104328,5,061608,277,2484,56,18217
83,6304092407227,Left,-3,661138,0,6715302,0,08475423,5,310652,279,33,55,92789
83,6445693969727,Left,-3,660548,0,6703465,0,08953506,5,54084,280,1662,55,9086
83,6584854125977,Left,-3,656539,0,6658535,0,1040952,6,169548,282,6317,55,64174
83,6720275878906,Left,-3,652921,0,6618406,0,1161326,6,913928,285,0043,55,45615
83,6860885620117,Left,-3,65074,0,6592521,0,1226512,7,565296,286,5151,55,48177
83,6998901367188,Left,-3,643121,0,6502571,0,1356311,8,778183,289,433,52,28306
83,7138214111328,Left,-3,638555,0,6473178,0,1459414,11,01467,292,5316,54,38904
83,7279434204102,Left,-3,634467,0,6405781,0,1526698,12,23863,294,2872,53,62402
83,7415466308594,Left,-3,628514,0,6329462,0,1615126,13,82544,296,5522,51,69007
83,7556076049805,Left,-3,627083,0,6304998,0,1649452,13,68406,297,1079,50,82311
83,76953125,Left,-3,622118,0,6238077,0,1707363,12,77231,297,8565,48,35094
83,7831573486328,Left,-3,619072,0,6190967,0,1775347,12,62132,299,2799,47,35431
83,7973480224609,Left,-3,620614,0,6165286,0,1759079,11,66726,298,5229,46,26789
83,8111114501953,Left,-3,620198,0,6122467,0,1744551,11,32021,297,8555,45,23789
83,8249969482422,Left,-3,619143,0,6106633,0,1748901,13,14772,298,4933,45,55513
83,8390884399414,Left,-3,618469,0,6065248,0,174332,16,88216,298,1432,46,77977
83,852912902832,Left,-3,621598,0,6069421,0,1715476,15,4869,296,1828,46,17012
83,8666839599609,Left,-3,622478,0,6078472,0,1702256,14,53866,295,3947,45,80048
83,8808364868164,Left,-3,621697,0,6051428,0,1708607,13,82494,295,186,43,61996
83,89453125,Left,-3,622392,0,6092182,0,1695067,13,30655,295,3252,44,50126
83,9086532592773,Left,-3,62979,0,6230165,0,1619751,7,044097,292,2865,48,27667
83,922233581543,Left,-3,629507,0,6265841,0,155987,13,75893,294,778,48,6329
83,9361343383789,Left,-3,633125,0,6290324,0,1529789,13,49481,293,9531,48,85886
83,9501724243164,Left,-3,637796,0,6346352,0,1566049,12,50653,292,076,48,54639
83,9639129638672,Left,-3,638682,0,6369242,0,1639778,11,87286,291,4638,47,43411
83,9777984619141,Left,-3,644265,0,6452646,0,1820841,9,76088,289,5711,45,75724
83,9916152954102,Left,-3,64907,0,6551448,0,2019162,7,131317,287,4289,44,85389
84,0055084228516,Left,-3,650865,0,6596087,0,2120621,5,691338,286,2502,44,68126
84,0195007324219,Left,-3,656275,0,6708607,0,236766,2,542758,283,5666,44,49408
84,0332107543945,Left,-3,657462,0,677798,0,2560882,0,6765341,282,2134,43,2631
84,0472717285156,Left,-3,659137,0,6811549,0,2700053,359,1935,280,5079,40,54957
84,061279296875,Left,-3,659845,0,6901757,0,2947963,357,1712,279,5719,36,2197
84,0749435424805,Left,-3,659775,0,6966252,0,3054927,355,7756,279,3163,36,78419
84,0889205932617,Left,-3,659269,0,7082514,0,3364395,355,4263,279,6586,37,84677
84,1027526855469,Left,-3,660009,0,7150087,0,3608509,355,5449,279,7623,38,68054
84,1169967651367,Left,-3,660141,0,7185661,0,3768127,356,0327,279,1727,39,27811
84,1307144165039,Left,-3,661089,0,7266204,0,4057312,354,1576,278,1573,40,42091
84,1445999145508,Left,-3,659612,0,7276574,0,4173158,354,752,278,1741,42,53769
84,1584243774414,Left,-3,659633,0,7325757,0,4499244,354,5992,278,1308,43,0441
84,1725006103516,Left,-3,658554,0,7361317,0,4797848,354,028,278,3336,42,99594
84,1860809326172,Left,-3,658062,0,7388529,0,4942125,354,0116,278,2035,43,15373
84,2001342773438,Left,-3,657538,0,7438616,0,5295143,355,2617,278,0895,44,43225
84,213996887207,Left,-3,661912,0,7454488,0,5423696,354,1447,277,9916,44,76464
84,2278518676758,Left,-3,663613,0,7512986,0,5793456,351,998,277,7777,46,17109
84,2417907714844,Left,-3,682868,0,7551855,0,6139928,349,8216,277,4045,47,6545
84,2555847167969,Left,-3,691809,0,7564678,0,6302706,349,5038,277,3987,48,33747
84,2696151733398,Left,-3,71641,0,7608228,0,6712106,349,433,277,6274,50,50361
84,2836380004883,Left,-3,733871,0,7619171,0,7018621,350,1792,277,9055,52,02605
84,2973022460938,Left,-3,746046,0,7621906,0,7232627,350,3051,277,882,52,07374
84,3113250732422,Left,-3,767072,0,76463,0,7613516,349,9878,277,4863,51,85678
84,3252716064453,Left,-3,775002,0,7657738,0,7772934,350,3645,277,391,51,88971
84,3390121459961,Left,-3,796685,0,7697587,0,8178875,349,741,276,8204,52,22376
84,3532028198242,Left,-3,814155,0,7738826,0,8504492,348,7504,275,9807,53,42953
84,3669052124023,Left,-3,82479,0,7757875,0,8701394,348,1809,274,9638,53,10661
84,3807525634766,Left,-3,844738,0,7810854,0,9083376,347,6796,273,8018,52,67795
84,3947296142578,Left,-3,851646,0,7829133,0,9229172,347,4684,273,7364,52,51801
84,408332824707,Left,-3,874061,0,7882796,0,9615825,346,7265,273,5689,52,87075
84,4225082397461,Left,-3,900628,0,792339,0,9918706,346,7925,273,6948,53,62115
84,4362869262695,Left,-3,918581,0,7947746,1,004796,345,5909,273,2238,53,51572
84,4500732421875,Left,-3,957316,0,801428,1,031993,345,3571,272,8957,54,29951
84,4642105102539,Left,-3,97282,0,8033627,1,038165,344,2384,272,3974,54,22228
84,4779052734375,Left,-4,015005,0,8111994,1,060832,343,2637,272,4256,55,21613
84,4918975830078,Left,-4,055711,0,8159665,1,077021,342,373,272,406,55,54916
84,5059280395508,Left,-4,07673,0,8179226,1,084206,342,618,272,6202,55,17608
84,5195999145508,Left,-4,123888,0,8238074,1,099083,343,6202,272,5073,54,09873
84,5336151123047,Left,-4,16075,0,8298075,1,107704,343,3713,272,0605,53,26151
84,5478973388672,Left,-4,189173,0,836202,1,114532,342,5202,271,8321,52,51622
84,5613327026367,Left,-4,230097,0,8446609,1,123743,341,8355,271,5646,51,56908
84,5756301879883,Left,-4,251141,0,8499542,1,128937,340,9531,271,5737,51,59484
84,5890731811523,Left,-4,297267,0,8600072,1,138961,338,5577,271,1409,50,99627
84,6030578613281,Left,-4,335629,0,868811,1,147712,337,1578,271,3927,51,34209
84,6170425415039,Left,-4,361016,0,874651,1,153111,336,7105,271,7377,52,02603
84,6306762695313,Left,-4,406393,0,886627,1,162016,335,8825,272,2308,53,15223
84,6448593139648,Left,-4,423301,0,8909059,1,163962,337,2111,271,7661,52,75225
84,6587448120117,Left,-4,470819,0,904078,1,169393,339,3809,269,0678,47,90529
84,6725158691406,Left,-4,514698,0,9168211,1,174835,339,2294,269,6334,45,88145
84,6866302490234,Left,-4,545537,0,9259855,1,179493,338,016,267,6395,54,98616
84,7004013061523,Left,-4,586123,0,9366341,1,180497,328,7644,265,8199,58,26514
84,7143478393555,Left,-4,578116,0,9343308,1,179313,329,5201,273,3734,54,73773
84,7282257080078,Left,-4,59871,0,9469085,1,179523,328,7719,271,2051,55,62022
84,7419357299805,Left,-4,606781,0,948643,1,177778,329,6602,269,9433,56,23524
84,7559432983398,Left,-4,610096,0,9496698,1,17742,330,0324,261,8801,58,71522
84,7698669433594,Left,-4,609597,0,9476781,1,179021,332,4661,267,4877,58,12147
84,7836380004883,Left,-4,618164,0,9420717,1,179901,332,0974,267,0641,53,62542
84,7976989746094,Left,-4,621887,0,9352942,1,180983,335,9572,266,8428,53,08953
84,8120574951172,Left,-4,62517,0,9252419,1,184221,339,8957,268,2848,48,58942
84,8253860473633,Left,-4,620948,0,9247053,1,187372,339,2912,269,9959,45,54388
84,8394622802734,Left,-4,617985,0,9247296,1,191492,338,8923,271,7883,43,12293
84,8530654907227,Left,-4,607496,0,9327896,1,193091,334,5689,272,6155,44,90004
84,8670883178711,Left,-4,604794,0,9346528,1,192171,333,8962,272,1975,46,66969
84,8811340332031,Left,-4,597776,0,9348398,1,188613,333,2694,270,6334,50,81879
84,894889831543,Left,-4,595489,0,9308015,1,187892,333,9157,270,5901,51,68187
84,908821105957,Left,-4,590704,0,9256194,1,187048,334,5336,270,6287,52,11421
84,9226684570313,Left,-4,58757,0,9203248,1,185817,334,9331,270,3901,51,59832
84,9367904663086,Left,-4,585151,0,9180239,1,184656,334,794,270,1844,51,30037
84,9505310058594,Left,-4,580782,0,9158441,1,18071,334,1665,269,2877,52,29013
84,9642791748047,Left,-4,579523,0,9148999,1,178733,334,2065,268,7355,53,30047
84,9782943725586,Left,-4,57656,0,913219,1,172217,334,1108,266,7995,56,36386
84,9922027587891,Left,-4,57313,0,9102213,1,166695,333,9571,265,3915,58,75043
85,005973815918,Left,-4,570877,0,9077166,1,163848,334,4262,264,7452,59,0629
85,0199661254883,Left,-4,566371,0,909557,1,158632,333,0417,263,4364,62,56248
85,0339431762695,Left,-4,566341,0,9094974,1,156875,333,779,263,0119,63,89267
85,0481185913086,Left,-4,563372,0,9131804,1,151411,333,2137,261,3824,68,82421
85,061767578125,Left,-4,560987,0,9143315,1,146746,334,2536,261,2824,72,46607
85,0754318237305,Left,-4,560198,0,9140621,1,14485,335,3615,261,7657,73,70908
85,0894088745117,Left,-4,556286,0,9136226,1,13844,338,2485,261,3832,79,98573
85,1033020019531,Left,-4,554529,0,9160407,1,133192,340,5519,260,941,83,74077
85,1171264648438,Left,-4,550251,0,9196042,1,129146,338,4532,259,9178,87,88395
85,1311187744141,Left,-4,545997,0,9240972,1,119235,337,8279,257,4491,96,56563
85,1451568603516,Left,-4,545717,0,9234792,1,119665,337,8824,257,7781,95,96234
85,1587524414063,Left,-4,543736,0,9255813,1,113894,337,8109,256,2364,100,4913
85,172966003418,Left,-4,534375,0,9268919,1,108505,337,6332,254,8342,103,7098
85,1865997314453,Left,-4,517542,0,9282466,1,102213,336,6986,253,5018,106,403
85,200569152832,Left,-4,495931,0,9306231,1,085958,333,1101,247,8553,117,1286
85,2145614624023,Left,-4,492677,0,9308786,1,080179,333,8702,240,0294,124,2347
85,2282485961914,Left,-4,469867,0,9381506,1,050943,340,5328,226,2299,149,86
85,2423095703125,Left,-4,373654,0,8891456,0,9981486,354,6352,195,0421,210,391
85,2564315795898,Left,-4,32037,0,8546162,1,039344,337,0868,188,3157,217,7006
85,2701187133789,Left,-4,280657,0,8469093,1,043576,321,981,205,0914,175,8614
85,2841567993164,Left,-4,268827,0,8320536,1,040835,322,41,232,3272,124,6983
85,297721862793,Left,-4,217981,0,8151376,1,024437,338,5612,247,626,83,97303
85,311653137207,Left,-4,160492,0,8236229,1,008564,342,939,248,3047,76,50118
85,3256607055664,Left,-4,138465,0,8225477,1,005,343,1734,248,0399,76,52722
85,3396682739258,Left,-4,086862,0,81886,0,9983624,343,5855,247,8029,75,88627
85,3533248901367,Left,-4,049733,0,8165386,0,9930215,344,0441,247,5419,75,78649
85,3673629760742,Left,-4,02188,0,8157083,0,9895192,344,2181,247,6269,75,94138
85,3813858032227,Left,-3,975293,0,8142952,0,9813935,344,3121,247,3861,76,56828
85,3950729370117,Left,-3,957248,0,8134645,0,976667,344,3481,247,1642,76,84231
85,4089126586914,Left,-3,90709,0,812109,0,9649444,344,5138,246,4586,77,80888
85,4226837158203,Left,-3,869556,0,809742,0,9503238,345,0176,245,8996,78,07164
85,4367218017578,Left,-3,846797,0,8082405,0,938907,345,3091,245,7939,78,01608
85,4505233764648,Left,-3,803718,0,8058109,0,9185083,345,739,245,9826,77,78016
85,4645156860352,Left,-3,788871,0,8053405,0,9108365,345,7903,245,9514,77,57203
85,4784545898438,Left,-3,743901,0,803389,0,8873085,346,0772,245,7666,77,44202
85,4923782348633,Left,-3,706946,0,8026486,0,8671436,345,9333,245,279,77,2872
85,5065765380859,Left,-3,684843,0,8020339,0,8548985,345,9493,245,0638,77,36468
85,5201416015625,Left,-3,642927,0,8010535,0,8308766,345,9179,244,5206,77,57837
85,5338592529297,Left,-3,631492,0,8008519,0,8227257,345,9529,244,5519,77,7682
85,5479202270508,Left,-3,58782,0,7996065,0,7965212,346,0873,244,3786,78,05585
85,5616302490234,Left,-3,553382,0,7981531,0,7718272,346,2314,244,3451,78,13482
85,5755310058594,Left,-3,538413,0,797238,0,7586296,346,3669,244,285,78,0462
85,5895614624023,Left,-3,501513,0,7951027,0,725199,346,5849,244,2554,77,81707
85,6034469604492,Left,-3,476874,0,7933848,0,6985408,346,853,244,3837,77,44776
85,6174011230469,Left,-3,460697,0,792239,0,6775836,347,0082,244,4532,77,26618
85,6312255859375,Left,-3,436126,0,7901413,0,6410949,347,3779,244,4815,76,91232
85,6449737548828,Left,-3,429122,0,7892683,0,6248515,347,3984,244,4084,76,6011
85,6589508056641,Left,-3,406971,0,7870932,0,5807275,347,4485,244,5136,75,99397
85,6727752685547,Left,-3,393744,0,7855794,0,5441425,347,5196,244,5247,75,56731
85,6867141723633,Left,-3,389648,0,784358,0,5198968,347,7042,244,434,75,29222
85,7005844116211,Left,-3,38427,0,782365,0,4728367,347,8843,244,1883,74,95423
85,7145004272461,Left,-3,386075,0,7817562,0,4560038,347,9364,244,0189,74,92086
85,7284088134766,Left,-3,389492,0,7795147,0,4055049,348,3333,243,64,74,80109
85,7425918579102,Left,-3,408489,0,7771611,0,3683878,348,8607,243,4893,74,41122
85,7561645507813,Left,-3,4194,0,7765089,0,34997,349,0605,243,3982,74,56529
85,7703018188477,Left,-3,446132,0,7742344,0,3064494,349,5647,243,1981,74,91116
85,7839889526367,Left,-3,454227,0,7733322,0,2952639,349,7202,243,1028,74,91573
85,7978515625,Left,-3,482487,0,7707213,0,2529444,350,1807,242,8131,74,82753
85,8119201660156,Left,-3,507876,0,7686565,0,2170921,350,5569,242,5867,74,8357
85,8256149291992,Left,-3,520539,0,7678897,0,2022687,350,7264,242,4812,74,9574
85,8396453857422,Left,-3,552954,0,7656049,0,1631739,351,1024,242,2723,74,97224
85,8535232543945,Left,-3,580182,0,7640653,0,1389463,351,2239,242,2845,74,81165
85,8672714233398,Left,-3,581063,0,7630574,0,1238446,351,3013,242,3575,74,71747
85,8813247680664,Left,-3,589348,0,7611752,0,09927586,351,5467,242,561,74,70914
85,8952407836914,Left,-3,590379,0,7602085,0,09133509,351,8024,242,7933,74,76572
85,9091415405273,Left,-3,593144,0,7569212,0,06980807,352,5542,243,135,74,52998
85,9230880737305,Left,-3,596001,0,7533298,0,05974451,353,5089,243,3617,73,84258
85,9369430541992,Left,-3,59718,0,751449,0,05802691,353,8177,243,6669,73,61476
85,9509658813477,Left,-3,599029,0,7482886,0,05824602,353,8437,244,4076,72,77858
85,9646148681641,Left,-3,600172,0,747243,0,06107029,353,851,245,3422,72,35574
85,978645324707,Left,-3,603469,0,7444407,0,06538486,353,6278,246,1493,71,63776
85,9924011230469,Left,-3,605532,0,7429245,0,0673762,353,7577,246,5162,72,16714
86,0063705444336,Left,-3,607316,0,7408498,0,06823742,354,0916,246,6327,72,76408
86,0199890136719,Left,-3,610581,0,7367356,0,07064831,354,8589,247,0909,73,21526
86,0342864990234,Left,-3,612612,0,7334198,0,07213345,355,5963,247,2835,72,93472
86,047981262207,Left,-3,616588,0,7268276,0,0762969,356,8421,248,0353,72,3419
86,0617599487305,Left,-3,620801,0,7189924,0,08297074,358,5775,249,6458,70,95963
86,0758361816406,Left,-3,622649,0,7160126,0,08550495,359,2355,250,2218,70,57236
86,0896224975586,Left,-3,627562,0,7056333,0,09548372,1,508133,252,4149,68,87709
86,1035995483398,Left,-3,63149,0,6990451,0,1037523,2,771588,254,2212,67,71389
86,1175003051758,Left,-3,634406,0,6940749,0,1112315,3,516575,255,7309,67,0844
86,1312484741211,Left,-3,638602,0,6864102,0,1214075,4,727903,257,6842,66,23611
86,1454162597656,Left,-3,641607,0,6828952,0,1275598,5,045071,258,7455,65,79488
86,1593551635742,Left,-3,64701,0,6737269,0,1408337,6,160387,260,9934,64,94744
86,1730804443359,Left,-3,652538,0,6669082,0,1507465,6,98984,262,6434,64,35925
86,187141418457,Left,-3,656212,0,6621805,0,1567504,7,433776,263,4814,63,74272
86,2007446289063,Left,-3,662447,0,6534002,0,1671274,8,237148,264,8374,62,42564
86,2146987915039,Left,-3,665566,0,6503067,0,1704096,8,598651,265,2943,61,76619
86,2285995483398,Left,-3,672007,0,639937,0,1801372,9,719526,266,5774,60,08282
86,2423400878906,Left,-3,678188,0,631879,0,1863338,10,62113,267,0229,58,37038
86,2565307617188,Left,-3,682346,0,6288335,0,1877354,10,05552,266,5141,57,89425
86,2704467773438,Left,-3,688997,0,6226674,0,1916424,8,535496,265,8269,57,70052
86,2841339111328,Left,-3,690545,0,621791,0,1924637,7,664375,265,6708,58,18039
86,2981262207031,Left,-3,695861,0,6171383,0,197421,5,223824,265,4297,59,2886
86,3120193481445,Left,-3,696745,0,6142254,0,2009118,6,872544,267,3398,62,84158
86,3258285522461,Left,-3,697817,0,6126779,0,2024516,8,767974,269,229,67,03422
86,3397750854492,Left,-3,702288,0,6067449,0,2005058,10,12703,268,1997,67,54855
86,3536071777344,Left,-3,703737,0,6094286,0,196158,9,808938,266,3976,66,31049
86,367561340332,Left,-3,703401,0,6130662,0,193654,9,902533,266,3824,65,55293
86,3815994262695,Left,-3,702121,0,6192998,0,190851,10,71304,267,09,61,68778
86,3953399658203,Left,-3,702487,0,6242737,0,1905562,10,39155,267,5211,61,47817
86,4094009399414,Left,-3,699066,0,6360006,0,1895122,8,99117,269,2827,62,67462
86,4234924316406,Left,-3,699497,0,6412553,0,1887268,8,080042,269,6383,63,64756
86,4369583129883,Left,-3,699914,0,6466671,0,1873362,6,879157,268,4873,63,73757
86,4509658813477,Left,-3,699256,0,6570923,0,1856225,5,841059,267,188,64,66449
86,4646911621094,Left,-3,698733,0,6605895,0,1847909,4,806333,266,3651,64,94649
86,4787673950195,Left,-3,697928,0,6711247,0,1817268,2,500199,264,6319,62,96543
86,4929809570313,Left,-3,696933,0,6805077,0,1793406,0,493144,263,1618,62,15305
86,5063705444336,Left,-3,696371,0,686343,0,1776312,359,4902,261,7458,62,31964
86,5204086303711,Left,-3,69451,0,6966528,0,1750017,358,1622,260,6071,61,77423
86,5343399047852,Left,-3,693017,0,7012994,0,1739781,357,9814,260,9478,61,97836
86,5481643676758,Left,-3,689947,0,7139892,0,1726885,356,3638,261,7929,61,91842
86,5621185302734,Left,-3,687785,0,7267289,0,1722994,354,6784,261,6785,64,21269
86,5758056640625,Left,-3,686494,0,7310945,0,1763511,353,7531,261,928,64,42976
86,5899124145508,Left,-3,683573,0,7454667,0,1823789,351,2335,262,2363,64,65862
86,6038208007813,Left,-3,68153,0,7545216,0,1960236,349,8192,262,5423,64,7841
86,6174926757813,Left,-3,681691,0,7601217,0,2108531,348,9986,262,3154,64,16724
86,6315383911133,Left,-3,682041,0,7703329,0,2364309,347,6617,261,433,63,96907
86,6454010009766,Left,-3,68157,0,7731401,0,2484547,347,3134,260,9281,63,20079
86,6595687866211,Left,-3,681838,0,783557,0,2785936,346,0559,259,3542,62,51534
86,6731643676758,Left,-3,680736,0,7904689,0,300427,345,251,258,6831,63,02571
86,6871109008789,Left,-3,679842,0,794688,0,3160878,344,7016,258,7603,62,97939
86,7009582519531,Left,-3,67914,0,8008274,0,3439384,344,0373,259,2431,63,57513
86,7149810791016,Left,-3,678619,0,8027041,0,354892,343,7496,259,7956,64,30582
86,7286148071289,Left,-3,67888,0,8075216,0,3834846,343,3089,261,1061,63,92326
86,7425765991211,Left,-3,679463,0,8118575,0,4082919,342,8232,261,7445,63,94828
86,7565002441406,Left,-3,684589,0,8135833,0,4267095,342,8733,262,3052,63,8992
86,7700729370117,Left,-3,701902,0,8169327,0,461782,342,694,263,3071,63,31189
86,7839126586914,Left,-3,695637,0,8170487,0,4722495,342,6658,263,1302,62,77633
86,7979049682617,Left,-3,722565,0,8200625,0,5117602,342,155,262,2583,62,88415
86,8118057250977,Left,-3,747046,0,8224872,0,5411329,341,7893,262,1261,63,63577
86,8256454467773,Left,-3,761172,0,8224412,0,5547231,341,5073,261,6807,63,60827
86,8393478393555,Left,-3,794892,0,8243777,0,5871937,341,42,261,1151,65,15014
86,8533325195313,Left,-3,821338,0,824249,0,6138451,341,7613,261,7762,65,7207
86,8672561645508,Left,-3,840987,0,8217378,0,6321179,341,961,261,6204,65,28348
86,880973815918,Left,-3,872678,0,8226134,0,664405,342,0378,262,0665,64,40198
86,8948059082031,Left,-3,885133,0,8223874,0,6765296,342,0212,261,9177,63,59746
86,9085693359375,Left,-3,919438,0,8236991,0,7113253,342,0895,262,0529,62,82949
86,9227523803711,Left,-3,948825,0,8248894,0,7410651,342,1707,262,0444,62,00005
86,9365158081055,Left,-3,964916,0,8264784,0,7578385,342,1704,262,8361,61,60739
86,9503707885742,Left,-3,999827,0,8296948,0,7928137,342,0056,263,1317,60,80956
86,964225769043,Left,-4,011104,0,8308595,0,8036473,341,8147,262,8013,60,40528
86,9782104492188,Left,-4,046445,0,833392,0,8392823,341,797,262,8857,59,89497
86,9918060302734,Left,-4,076821,0,8381919,0,8686615,341,7558,263,7124,60,01939
87,0059204101563,Left,-4,094324,0,8414802,0,8843485,341,3312,263,9565,59,73111
87,0198364257813,Left,-4,133393,0,8466152,0,9180882,340,2396,263,108,59,99754
87,0336532592773,Left,-4,161943,0,8516515,0,9415127,339,6619,262,6329,60,53157
87,0475616455078,Left,-4,18516,0,8556043,0,9587151,338,5531,261,1962,60,4389
87,0613250732422,Left,-4,220792,0,8621472,0,9865023,337,7404,260,3296,60,84243
87,0753021240234,Left,-4,238075,0,8648449,0,9984218,337,4975,259,911,60,35271
87,0895233154297,Left,-4,280278,0,8732492,1,030094,337,0721,260,419,60,82403
87,1029357910156,Left,-4,311661,0,8789097,1,051009,336,8109,259,9276,60,76299
87,117057800293,Left,-4,333153,0,8830659,1,066679,336,4731,260,3552,60,44735
87,1310272216797,Left,-4,37217,0,891049,1,093443,335,5233,259,7109,58,96987
87,1451187133789,Left,-4,387686,0,8939899,1,104654,335,1499,259,5504,57,98441
87,1586303710938,Left,-4,426248,0,9029621,1,133582,334,3383,259,723,57,76025
87,1724014282227,Left,-4,458884,0,9088182,1,156465,333,8179,258,6072,58,24606
87,1864624023438,Left,-4,470908,0,9116988,1,164357,334,64,259,5753,59,2967
87,2001953125,Left,-4,486942,0,9169222,1,169958,339,4405,258,9582,59,57919
87,2142028808594,Left,-4,488055,0,9179,1,169863,334,7831,257,3424,61,73229
87,2281494140625,Left,-4,494462,0,9179609,1,166974,334,8164,256,7033,60,72226
87,2421035766602,Left,-4,500169,0,9184137,1,165282,336,7826,256,6417,60,76645
87,2561187744141,Left,-4,503175,0,9175251,1,165872,337,7221,257,1431,60,22448
87,2698516845703,Left,-4,508222,0,9189245,1,16105,338,8108,256,2783,61,65968
87,2836837768555,Left,-4,511047,0,9172974,1,157802,339,5474,255,7747,62,60033
87,2976303100586,Left,-4,512584,0,9157146,1,155728,340,1354,255,74,63,29895
87,3116226196289,Left,-4,514239,0,912131,1,151534,340,1269,254,9108,63,22309
87,3256225585938,Left,-4,515388,0,9119827,1,149158,340,2232,254,1245,63,91219
87,3395843505859,Left,-4,514241,0,9119313,1,143906,339,6062,252,1258,67,44131
87,3530654907227,Left,-4,511414,0,9117496,1,141589,337,961,250,6107,70,6563
87,3671417236328,Left,-4,508563,0,9094401,1,141507,335,9192,250,0368,71,50408
87,3809204101563,Left,-4,506481,0,9077232,1,141834,334,564,249,9214,71,81734
87,3947067260742,Left,-4,505748,0,9067865,1,142443,334,476,250,3113,71,5627
87,4087066650391,Left,-4,504468,0,9060817,1,142811,334,506,251,097,71,70496
87,4227676391602,Left,-4,503391,0,9064395,1,141617,335,1133,251,3533,73,187
87,4363708496094,Left,-4,50268,0,9063122,1,139967,336,0268,251,053,74,8273
87,4503936767578,Left,-4,501042,0,9081626,1,137203,336,2796,250,3607,77,12154
87,4641342163086,Left,-4,500072,0,9089005,1,136189,336,32,250,39,78,25033
87,4783401489258,Left,-4,496478,0,9115415,1,13283,335,5347,249,3841,81,81604
87,4920501708984,Left,-4,493039,0,9145668,1,12838,334,8788,247,6026,86,85999
87,5058135986328,Left,-4,490263,0,9172232,1,124238,333,7778,243,7235,92,13782
87,5198745727539,Left,-4,482718,0,9209405,1,116053,331,8396,237,9213,102,3452
87,5337142944336,Left,-4,480677,0,9207229,1,115324,330,9434,234,9118,105,3872
87,5476150512695,Left,-4,477385,0,9204279,1,114038,329,1572,230,8149,108,1178
87,5617446899414,Left,-4,465041,0,9230134,1,109264,324,7983,224,9813,118,637
87,5752105712891,Left,-4,451553,0,9169608,1,112794,316,4919,216,1633,127,5828
87,5894088745117,Left,-4,421717,0,8861771,1,115486,299,799,199,0506,154,3075
87,6031951904297,Left,-4,403015,0,858936,1,108912,295,0134,170,2879,194,9586
87,6170425415039,Left,-4,400074,0,8453458,1,108763,296,5625,152,5069,215,0058
87,6309814453125,Left,-4,398717,0,8414504,1,105905,297,549,149,2846,220,3125
87,6449279785156,Left,-4,398114,0,8408655,1,104841,297,748,149,325,221,2424
87,6586456298828,Left,-4,389452,0,8403583,1,102754,298,0131,149,334,222,9584
87,6727676391602,Left,-4,361784,0,8382012,1,093103,298,4076,151,6198,225,6294
87,6864929199219,Left,-4,358195,0,8359285,1,089731,296,9035,154,6453,221,794
87,7004547119141,Left,-4,331094,0,8299999,1,068056,288,8938,184,0139,195,8045
87,7143402099609,Left,-4,310428,0,8110473,1,068882,300,0849,238,4407,129,0611
87,7280807495117,Left,-4,267943,0,7968105,1,056031,328,9848,247,2654,96,07461
87,7419891357422,Left,-4,212596,0,7895743,1,043328,347,4508,242,7829,81,2774
87,7560348510742,Left,-4,178883,0,7937231,1,040188,347,7127,242,6891,81,34825
87,7701416015625,Left,-4,125083,0,7909846,1,032462,348,073,242,594,81,59754
87,7838363647461,Left,-4,111037,0,7901151,1,030848,348,1456,242,738,81,60979
87,7976837158203,Left,-4,058326,0,7870783,1,024796,348,612,243,2848,81,55624
87,8115005493164,Left,-4,013664,0,7839648,1,017231,349,3395,243,4683,81,13008
87,8253936767578,Left,-3,993237,0,7829251,1,013012,349,5634,243,6772,81,02146
87,8394088745117,Left,-3,940098,0,7816689,1,003496,349,3251,244,54,81,28102
87,8530960083008,Left,-3,903019,0,7800688,0,990431,349,7387,244,4643,81,59538
87,8669586181641,Left,-3,879236,0,7789847,0,9774187,349,9878,243,8753,81,74522
87,8808135986328,Left,-3,835965,0,7782916,0,9522902,349,9807,243,0251,82,37607
87,8947601318359,Left,-3,821945,0,7781147,0,9400495,349,5916,242,7319,82,24172
87,9087142944336,Left,-3,781481,0,7760837,0,9075663,349,6048,242,605,81,89298
87,9225158691406,Left,-3,757287,0,7740136,0,8731366,350,3531,241,9883,81,74268
87,9364776611328,Left,-3,746841,0,7728262,0,8507612,350,68,241,874,81,77373
87,9501037597656,Left,-3,72349,0,7705967,0,8071424,351,183,241,616,81,87309
87,9640274047852,Left,-3,718818,0,7699792,0,7922989,351,2375,241,4713,81,77353
87,9782562255859,Left,-3,699198,0,7680228,0,7433419,351,3073,241,0528,81,40023
87,9916000366211,Left,-3,687078,0,7663017,0,7036825,351,4696,240,7347,80,99821
88,0058212280273,Left,-3,682325,0,7655725,0,6814539,351,5714,240,6976,80,88075
88,0194931030273,Left,-3,671676,0,7636787,0,6344476,351,9457,240,7223,80,90114
88,0333557128906,Left,-3,664968,0,76246,0,5971628,352,1105,240,4673,80,91218
88,0472946166992,Left,-3,661093,0,7617459,0,5706843,352,1179,240,2308,80,83458
88,0610198974609,Left,-3,65488,0,7607972,0,5257164,351,9783,239,6771,80,44051
88,075080871582,Left,-3,653315,0,760881,0,5067621,351,8726,239,5591,80,42996
88,0890960693359,Left,-3,648422,0,7601696,0,4566801,351,7546,239,3169,80,38585
88,102668762207,Left,-3,646927,0,7595918,0,4198688,351,7012,239,5646,80,22847
88,1167678833008,Left,-3,647806,0,7588922,0,3949364,351,7545,239,529,80,06069
88,1310272216797,Left,-3,652924,0,7577202,0,3485341,351,8414,239,5318,79,62038
88,144416809082,Left,-3,649476,0,757921,0,3360525,351,8761,239,613,79,64658
88,1584167480469,Left,-3,651466,0,7562721,0,2884243,352,0666,239,6101,78,96436
88,1722106933594,Left,-3,651006,0,754856,0,2545239,352,2224,239,8782,78,78047
88,1861877441406,Left,-3,651137,0,7541084,0,2358011,352,547,239,8241,78,78614
88,2001113891602,Left,-3,6511,0,7519016,0,1977513,353,0856,239,5303,78,58727
88,2138061523438,Left,-3,651054,0,7511514,0,1919659,353,3508,239,4572,78,63947
88,2278900146484,Left,-3,651071,0,7486696,0,1624598,354,0706,239,015,78,80751
88,2420883178711,Left,-3,649495,0,7482259,0,1568279,353,0423,238,7505,78,47382
88,2555236816406,Left,-3,649443,0,7487715,0,157862,352,9194,238,832,78,53481
88,269645690918,Left,-3,648295,0,746874,0,1564627,352,3748,238,3992,78,20121
88,2832489013672,Left,-3,648258,0,7455524,0,1555871,352,6,237,7796,77,98149
88,2972106933594,Left,-3,647988,0,7446483,0,1554186,352,7603,237,6164,78,06174
88,311164855957,Left,-3,648083,0,7429181,0,1558047,353,1895,237,7031,78,19236
88,3248825073242,Left,-3,648451,0,7430805,0,1563615,353,2711,237,9564,78,23941
88,3390655517578,Left,-3,649174,0,7414328,0,1576712,353,632,238,4489,78,32404
88,353385925293,Left,-3,64984,0,7405561,0,1581616,353,7611,238,6071,78,41862
88,3666381835938,Left,-3,650581,0,7392015,0,1584682,354,0662,238,5685,78,63132
88,3805999755859,Left,-3,652046,0,7367693,0,1592465,354,6128,238,4275,78,97104
88,3944396972656,Left,-3,652243,0,7367061,0,1596309,354,6049,238,4553,78,92397
88,4084243774414,Left,-3,653127,0,7365797,0,1607541,354,561,238,5693,78,85231
88,4222717285156,Left,-3,654017,0,7365656,0,1619199,354,5518,238,7114,78,88802
88,4360504150391,Left,-3,654418,0,7364395,0,1625609,354,5784,238,785,78,82098
88,450065612793,Left,-3,65526,0,7362767,0,1649187,354,5361,239,1372,78,50478
88,4645233154297,Left,-3,655601,0,7364885,0,165685,354,4709,239,2784,78,38194
88,4778060913086,Left,-3,656346,0,7368935,0,1687033,354,3311,239,8191,78,05319
88,4918212890625,Left,-3,65674,0,7374145,0,1703233,354,3374,240,2215,78,00371
88,5054626464844,Left,-3,656891,0,7379479,0,1715146,354,3065,240,5876,78,09955
88,5195846557617,Left,-3,656865,0,7388918,0,1727163,354,211,241,0734,78,34376
88,5334014892578,Left,-3,656832,0,7392393,0,1719638,354,1611,240,9548,78,38614
88,5472030639648,Left,-3,656736,0,7391236,0,1708283,354,1721,240,6844,78,32228
88,561149597168,Left,-3,656504,0,7392266,0,1701547,354,13,240,4927,78,13306
88,5752868652344,Left,-3,656419,0,7395111,0,1702724,354,053,240,4926,77,97791
88,5889511108398,Left,-3,656222,0,740581,0,1704201,353,6835,240,4772,77,41043
88,6028518676758,Left,-3,655951,0,7414945,0,1701936,353,4896,240,4531,77,17311
88,6167297363281,Left,-3,655456,0,742438,0,1701719,353,1699,240,533,76,83272
88,6305541992188,Left,-3,655338,0,7426,0,1701781,353,1024,240,5417,76,76762
88,64453125,Left,-3,65487,0,7432715,0,1704729,352,8143,240,7309,76,29046
88,6584854125977,Left,-3,654546,0,7438677,0,1706045,352,6053,240,9,75,91872
88,6722946166992,Left,-3,653311,0,74344,0,1704872,351,9012,240,8076,74,1852
88,6863555908203,Left,-3,653903,0,7431392,0,1693211,352,6536,240,6436,75,55173
88,7003631591797,Left,-3,654201,0,7426367,0,1685715,352,9599,240,5343,76,09178
88,7140426635742,Left,-3,654308,0,7413851,0,1789811,352,6164,240,444,74,96411
88,7277069091797,Left,-3,654454,0,7404828,0,2008723,352,1954,240,9702,74,8114
88,7416458129883,Left,-3,655287,0,7406534,0,2381725,352,2367,241,5575,74,97388
88,7556076049805,Left,-3,656074,0,7404065,0,2575338,352,5588,241,4661,75,17257
88,7694625854492,Left,-3,65702,0,7399946,0,3053795,352,8114,241,4006,75,31744
88,7835388183594,Left,-3,658124,0,739747,0,3432173,352,7999,241,5763,75,41843
88,797607421875,Left,-3,659662,0,7395125,0,3721354,352,7752,241,8487,75,1303
88,8111190795898,Left,-3,666411,0,7395687,0,417108,352,9565,242,363,75,19093
88,8250732421875,Left,-3,669433,0,7399279,0,4373336,352,9984,242,7163,75,33755
88,8390274047852,Left,-3,67563,0,7414923,0,4895459,352,9577,243,7728,76,19171
88,8527297973633,Left,-3,680014,0,7420923,0,5301169,352,8403,244,6682,76,74165
88,866813659668,Left,-3,682135,0,7429748,0,5577014,352,7401,245,4119,77,08331
88,8805313110352,Left,-3,687061,0,7442923,0,6076946,352,7253,246,5323,77,47336
88,8944931030273,Left,-3,690105,0,7448412,0,6258262,352,4579,246,9283,77,35658
88,9085540771484,Left,-3,696923,0,7458217,0,6794794,352,2381,247,9197,77,37271
88,9225463867188,Left,-3,705827,0,746367,0,7222838,352,2233,248,454,76,94714
88,9363327026367,Left,-3,716461,0,7465963,0,7442508,352,3377,248,8022,76,83103
88,9501495361328,Left,-3,736629,0,747125,0,791741,352,2495,249,3143,76,24815
88,964111328125,Left,-3,743144,0,7477688,0,8063245,352,0487,249,6505,76,32354
88,9780044555664,Left,-3,765833,0,7481888,0,8529991,352,007,250,325,76,64758
88,9916458129883,Left,-3,788394,0,7480878,0,8899459,352,1527,250,2988,76,75207
89,0057830810547,Left,-3,801193,0,7482809,0,9086369,352,0917,250,4836,76,74666
89,0196228027344,Left,-3,829561,0,7486413,0,950852,351,9522,250,8394,76,64812
89,0333251953125,Left,-3,854517,0,7487952,0,979117,352,0076,250,9671,76,444
89,0476226806641,Left,-3,874937,0,7488728,1,000308,352,1172,251,0421,76,29673
89,0613555908203,Left,-3,906707,0,7494658,1,031904,352,0759,251,3072,76,24512
89,074951171875,Left,-3,919622,0,7499111,1,044244,351,9947,251,4207,76,2369
89,0889663696289,Left,-3,956799,0,7513264,1,079884,351,6829,251,7175,76,18401
89,1027603149414,Left,-3,985883,0,7530593,1,106628,351,3723,251,8979,76,34364
89,1168212890625,Left,-4,004685,0,7539775,1,123656,351,2241,251,9484,76,51432
89,1306457519531,Left,-4,040198,0,7557145,1,154644,350,9558,252,1339,76,83743
89,14453125,Left,-4,052962,0,7562723,1,164927,350,8484,252,134,77,10209
89,1586608886719,Left,-4,092701,0,7582415,1,197198,350,5294,252,2607,77,40275
89,1723251342773,Left,-4,124549,0,7596607,1,221528,350,2059,252,3463,77,44537
89,1861190795898,Left,-4,143005,0,7602075,1,234302,350,1257,252,2472,77,26914
89,2002029418945,Left,-4,18342,0,760191,1,261671,350,3062,251,8213,76,8902
89,213981628418,Left,-4,194674,0,7600647,1,268252,350,4338,251,7432,76,91588
89,2279968261719,Left,-4,227067,0,7597949,1,288374,350,7768,251,6312,77,09895
89,241813659668,Left,-4,233676,0,7618464,1,296157,350,461,252,2507,77,48406
89,2559051513672,Left,-4,234117,0,7620334,1,298437,350,4268,252,8873,77,42805
89,2695846557617,Left,-4,23487,0,7616618,1,301341,350,6994,253,836,76,97966
89,2834396362305,Left,-4,236084,0,7611873,1,301748,351,0465,253,5201,76,43306
89,2971420288086,Left,-4,235679,0,7612778,1,301052,351,0224,253,3144,76,49648
89,3113861083984,Left,-4,235472,0,7616519,1,300773,350,8698,253,1852,76,64636
89,3248901367188,Left,-4,235457,0,761761,1,301248,350,7965,253,2256,76,62668
89,3390350341797,Left,-4,235616,0,7622806,1,302616,350,6305,253,349,76,46357
89,3531723022461,Left,-4,235726,0,7625489,1,303502,350,6559,253,4349,76,32853
89,3665618896484,Left,-4,235737,0,7626183,1,303875,350,7177,253,5363,76,35323
89,3808975219727,Left,-4,235818,0,7626718,1,304903,350,7954,253,7899,76,38608
89,3948135375977,Left,-4,235918,0,762738,1,305076,350,7671,253,8322,76,35311
89,4081954956055,Left,-4,235852,0,762853,1,305204,350,7495,253,8204,76,33921
0,Empty dishwasher end,0,0,0,0,0,0
89,4222183227539,Left,-4,235609,0,7631138,1,305772,350,7226,253,9476,76,29117
89,4362030029297,Left,-4,235613,0,7631626,1,305951,350,7278,253,9554,76,2181
89,4506149291992,Left,-4,235556,0,7631437,1,306554,350,7458,254,0629,75,9913
89,4641494750977,Left,-4,235598,0,7631968,1,306734,350,7626,254,1549,75,91386
89,4777603149414,Left,-4,235611,0,7629518,1,307098,350,8408,254,2949,75,77257
89,4917755126953,Left,-4,235593,0,7626211,1,307426,351,0117,254,4495,75,5744
89,5056228637695,Left,-4,235565,0,7625992,1,307368,351,0436,254,4497,75,547
89,5193099975586,Left,-4,235494,0,7625124,1,307363,351,1016,254,4664,75,5097
89,5334930419922,Left,-4,235389,0,7626375,1,306704,351,0496,254,2716,75,62149
89,5472412109375,Left,-4,235309,0,7622238,1,305781,351,1609,254,1176,75,77953
89,5611572265625,Left,-4,235313,0,7614146,1,30455,351,369,253,9067,75,88525
89,5751876831055,Left,-4,235269,0,7613486,1,304606,351,3728,253,9128,75,89076
89,5888519287109,Left,-4,2355,0,7598961,1,302858,351,7908,253,6102,75,88355
89,6031265258789,Left,-4,235319,0,7589094,1,301811,351,9571,253,3737,75,68262
89,6169815063477,Left,-4,235228,0,7586657,1,301419,352,0063,253,2935,75,62227
89,6305541992188,Left,-4,235027,0,7576941,1,300307,352,1773,253,1329,75,40647
89,644660949707,Left,-4,234714,0,7578353,1,30025,352,1653,253,1479,75,38029
89,6585006713867,Left,-4,234176,0,7579477,1,299983,352,1519,253,1646,75,35102
89,6724395751953,Left,-4,233783,0,7580525,1,299837,352,1519,253,1646,75,35102
89,686408996582,Left,-4,233306,0,7580754,1,299584,352,1634,253,2068,75,33491
89,7001113891602,Left,-4,232648,0,7582263,1,299109,352,1217,253,2443,75,32568
89,7141189575195,Left,-4,23232,0,758217,1,298581,352,1081,253,1935,75,33334
89,7282104492188,Left,-4,230709,0,758309,1,296067,352,0744,252,8858,75,48253
89,741943359375,Left,-4,228548,0,7582448,1,292333,352,0892,252,2969,75,88218
89,7557678222656,Left,-4,228278,0,7580591,1,292056,352,0854,252,2404,75,89272
89,7699661254883,Left,-4,227474,0,7572521,1,289573,352,1764,251,9144,75,9486
89,7835845947266,Left,-4,227358,0,7572063,1,289595,352,1925,251,9031,75,94736
89,7976684570313,Left,-4,227017,0,7558966,1,28702,352,399,251,5861,76,02981
89,8112945556641,Left,-4,226685,0,7550048,1,284898,352,5563,251,2531,76,20054
89,8251266479492,Left,-4,226483,0,7543863,1,283982,352,6333,251,0584,76,26063
89,8390350341797,Left,-4,226335,0,7533216,1,282169,352,7661,250,6622,76,36184
89,8528366088867,Left,-4,226204,0,7523679,1,281246,352,845,250,3624,76,30059
89,8669586181641,Left,-4,226085,0,7518268,1,281008,352,9156,250,283,76,26463
89,8808059692383,Left,-4,225925,0,7514086,1,280959,352,9525,250,2566,76,29132
89,8946914672852,Left,-4,225649,0,7511897,1,281288,353,011,250,324,76,40993
89,9086227416992,Left,-4,225269,0,7504762,1,281368,353,1595,250,3408,76,61048
89,9225692749023,Left,-4,225069,0,7496024,1,28177,353,3048,250,3812,76,63016
89,9362258911133,Left,-4,225039,0,7494863,1,281851,353,3048,250,3812,76,63015
89,9503021240234,Left,-4,224762,0,7485723,1,282757,353,3988,250,546,76,46082
89,9641952514648,Left,-4,22469,0,7483491,1,282899,353,4382,250,5836,76,43678
89,9779739379883,Left,-4,224154,0,7470596,1,28362,353,6384,250,7359,76,45779
89,9918594360352,Left,-4,223564,0,7456437,1,284603,353,8762,251,0056,76,55926
90,0057525634766,Left,-4,223483,0,7450689,1,28506,353,9833,251,1342,76,58445
90,0196838378906,Left,-4,223254,0,744285,1,285926,354,1135,251,3241,76,58879
90,0336151123047,Left,-4,223151,0,7439865,1,286371,354,1337,251,4406,76,49492
90,0476455688477,Left,-4,222957,0,7434993,1,286964,354,1761,251,5769,76,26324
90,0615081787109,Left,-4,222637,0,7429641,1,287638,354,2646,251,7446,75,99241
90,0750427246094,Left,-4,222576,0,7433163,1,287524,354,2196,251,7402,75,975
90,0890731811523,Left,-4,222178,0,7438389,1,287434,354,0978,251,7662,75,99794
90,1029739379883,Left,-4,221941,0,7440614,1,287381,354,0589,251,8125,76,03294
90,1168899536133,Left,-4,221878,0,7441642,1,287245,354,0423,251,7945,76,06526
90,1307067871094,Left,-4,22157,0,7443665,1,287004,354,0199,251,7795,76,12902
90,1447601318359,Left,-4,221442,0,7444121,1,286883,354,0104,251,7627,76,13274
90,1583938598633,Left,-4,220842,0,7447768,1,286259,353,9512,251,672,76,14248
90,1726150512695,Left,-4,22037,0,7452079,1,285537,353,8631,251,5632,76,19754
90,1862869262695,Left,-4,220148,0,7455065,1,284953,353,805,251,4739,76,28086
90,2001342773438,Left,-4,219988,0,7458153,1,284038,353,7723,251,3408,76,44495
90,2142944335938,Left,-4,21997,0,7457521,1,283957,353,7887,251,3341,76,47319
90,2279434204102,Left,-4,219989,0,7457465,1,283804,353,81,251,3255,76,50977
90,241813659668,Left,-4,219987,0,7457367,1,283809,353,81,251,3255,76,50977
90,2557907104492,Left,-4,220489,0,7456088,1,283319,353,8795,251,2679,76,36984
90,2696304321289,Left,-4,221089,0,7457287,1,282776,353,9522,251,2202,76,11974
90,2838973999023,Left,-4,221275,0,7462651,1,282744,353,911,251,247,76,0368
90,2973937988281,Left,-4,221314,0,7465066,1,282723,353,911,251,247,76,0368
90,3110733032227,Left,-4,221375,0,7473443,1,282613,353,7844,251,1857,76,04445
90,325080871582,Left,-4,221295,0,7485254,1,282341,353,6219,251,1157,76,14177
90,3385772705078,Left,-4,221257,0,749179,1,282195,353,5359,251,0811,76,18288
90,3525085449219,Left,-4,220629,0,7516109,1,281605,353,1465,250,8922,76,41998
90,3662948608398,Left,-4,220716,0,7512854,1,281691,353,1902,250,9117,76,3999
90,3800964355469,Left,-4,218947,0,7545642,1,280822,352,5938,250,6668,76,752
90,3940887451172,Left,-4,218581,0,7547925,1,280614,352,4968,250,5951,76,86104
90,408073425293,Left,-4,216671,0,7558967,1,278938,352,0924,250,2575,77,42225
90,421760559082,Left,-4,215986,0,7559069,1,278115,351,9869,250,1069,77,61906
90,4359130859375,Left,-4,215419,0,7550127,1,27702,352,017,249,8793,77,85262
90,4496536254883,Left,-4,21473,0,7544215,1,275698,352,0578,249,6213,78,15608
90,4635162353516,Left,-4,214198,0,7527199,1,27431,352,3627,249,3278,78,55055
90,4774856567383,Left,-4,214232,0,7507246,1,273434,352,7908,249,0897,78,62534
90,4913330078125,Left,-4,214009,0,7488371,1,272461,353,0491,248,8557,78,74706
90,505126953125,Left,-4,213961,0,7482402,1,272662,353,0879,248,8891,78,63973
90,5191879272461,Left,-4,213651,0,7465751,1,272264,353,2389,248,8155,78,69904
90,5326385498047,Left,-4,213002,0,745808,1,27211,353,306,248,8124,78,95702
90,5466995239258,Left,-4,212263,0,7452093,1,272279,353,3519,248,9032,79,19911
90,5603332519531,Left,-4,211412,0,7440548,1,272433,353,624,249,0423,79,53802
90,5740051269531,Left,-4,210973,0,7431281,1,27254,353,8726,249,0943,79,71366
90,5879135131836,Left,-4,209951,0,7423579,1,272909,354,2622,249,233,80,07708
90,6016845703125,Left,-4,201304,0,7425157,1,27835,354,512,249,4683,81,00108
90,6158142089844,Left,-4,185972,0,7435129,1,287336,354,2491,249,4858,81,9116
90,6296615600586,Left,-4,150972,0,7455785,1,307612,353,4584,249,8115,83,34325
90,6433715820313,Left,-4,120409,0,745658,1,326414,353,3531,250,3092,83,79224
90,6574478149414,Left,-4,097432,0,74649,1,340265,353,0624,250,1342,83,29128
90,6714477539063,Left,-4,058725,0,7479361,1,362188,352,8816,250,139,83,65111
90,6852111816406,Left,-4,042822,0,74813,1,371004,352,9284,250,2238,83,7374
90,6992568969727,Left,-3,99864,0,7493583,1,394447,352,9419,250,3957,83,92731
90,7128372192383,Left,-3,96575,0,7505065,1,410275,352,8611,250,3209,84,26913
90,7270965576172,Left,-3,942019,0,7514512,1,421084,352,7524,250,2447,84,38103
90,7409210205078,Left,-3,900792,0,7532995,1,437314,352,4048,249,8022,84,50101
90,7545318603516,Left,-3,885631,0,7539889,1,441676,352,2919,249,7838,84,68158
90,7686233520508,Left,-3,837965,0,7564172,1,457491,351,8715,249,7413,85,31164
90,7826080322266,Left,-3,799107,0,7581583,1,467673,351,6149,249,7253,86,00381
90,7962341308594,Left,-3,777955,0,7589266,1,471953,351,4999,249,7466,86,30389
90,8101959228516,Left,-3,729625,0,7607725,1,4809,351,2668,249,883,86,83944
90,8239593505859,Left,-3,715699,0,761135,1,482049,351,2886,250,0436,87,02078
90,8381195068359,Left,-3,664305,0,7628375,1,487513,351,3113,250,4901,87,75503
90,8520050048828,Left,-3,622362,0,763559,1,488593,351,4893,251,022,88,36141
90,8656463623047,Left,-3,602721,0,7636989,1,487116,351,7339,251,4738,88,7534
90,8799514770508,Left,-3,552096,0,7642955,1,478073,352,1763,252,1001,89,82705
90,8938064575195,Left,-3,540214,0,7646253,1,47233,351,9884,252,1519,90,03703
90,9073638916016,Left,-3,494883,0,7661895,1,454501,351,6411,252,1919,91,02824
90,9212951660156,Left,-3,457737,0,7669995,1,427911,351,3297,251,4646,91,80141
90,9350738525391,Left,-3,445409,0,7670172,1,413809,351,3039,251,0613,91,868
90,94921875,Left,-3,408602,0,7671126,1,376169,351,1062,250,1387,91,86319
90,9634017944336,Left,-3,38516,0,766653,1,343734,351,1979,249,4898,91,40809
90,9771728515625,Left,-3,371642,0,7662532,1,321227,351,1307,248,9945,90,92439
90,9909210205078,Left,-3,34678,0,7657567,1,281293,351,2056,248,4452,90,75979
91,0046005249023,Left,-3,338414,0,7654731,1,266678,351,3589,248,2758,90,83788
91,0184783935547,Left,-3,312907,0,7648923,1,222866,351,6139,248,0083,91,27317
91,0323028564453,Left,-3,293963,0,764374,1,185993,351,736,248,0228,92,04993
91,0461578369141,Left,-3,284726,0,7639451,1,165667,351,7341,247,9956,92,255
91,0601501464844,Left,-3,2639,0,7629914,1,120239,351,8591,247,7733,92,42864
91,0740280151367,Left,-3,258622,0,762657,1,106603,351,9077,247,5845,92,35406
91,0878143310547,Left,-3,23902,0,7620148,1,060779,351,9723,247,1712,92,42757
91,1019592285156,Left,-3,222143,0,761796,1,019617,351,968,246,8167,92,69888
91,1156768798828,Left,-3,214759,0,7617261,1,000963,352,0156,246,6656,92,89835
91,129524230957,Left,-3,196349,0,7615637,0,9543583,352,0416,246,2985,93,22551
91,1435546875,Left,-3,182636,0,7615875,0,9195694,351,9517,246,0905,93,28757
91,1573333740234,Left,-3,173571,0,7617526,0,8955256,351,8855,246,0147,93,25312
91,1713180541992,Left,-3,15822,0,7620156,0,8543948,351,7959,246,058,93,10994
91,1851959228516,Left,-3,152158,0,7620885,0,8377091,351,7883,246,1364,93,05458
91,1991577148438,Left,-3,13601,0,7623017,0,7926282,351,7352,246,3831,92,95013
91,2131576538086,Left,-3,123837,0,7624449,0,7570186,351,7316,246,4027,92,94296
91,2271728515625,Left,-3,115819,0,7626787,0,7328333,351,6853,246,478,93,03792
91,2406768798828,Left,-3,102263,0,7628388,0,6914424,351,6498,246,499,93,08472
91,2547454833984,Left,-3,097053,0,7629977,0,6744658,351,6107,246,4796,93,11938
91,2684326171875,Left,-3,083186,0,763438,0,6298403,351,5098,246,4338,93,19091
91,2823867797852,Left,-3,071798,0,7636916,0,5912918,351,4427,246,4314,93,19906
91,2963943481445,Left,-3,065844,0,7637225,0,5694665,351,4389,246,4483,93,20396
91,3102645874023,Left,-3,053302,0,7637556,0,5242698,351,4421,246,4987,93,19433
91,3242797851563,Left,-3,049785,0,7637593,0,5094813,351,4444,246,565,93,1517
91,3380889892578,Left,-3,038802,0,7636896,0,4640658,351,419,246,8085,92,88692
91,3517761230469,Left,-3,029644,0,7637294,0,4247531,351,3741,246,8895,92,78828
91,3658752441406,Left,-3,025532,0,7638031,0,4041158,351,328,246,9484,92,72836
91,3796539306641,Left,-3,016616,0,7639219,0,3580796,351,2112,246,9951,92,65555
91,3934783935547,Left,-3,01153,0,7640341,0,3234613,351,0466,247,0496,92,5365
91,40771484375,Left,-3,008143,0,7638867,0,296125,351,0625,247,0263,92,34959
91,4213943481445,Left,-3,004252,0,7638664,0,254697,351,067,247,0196,92,29633
91,4353485107422,Left,-3,00515,0,7637996,0,2357071,351,0554,247,086,92,28368
91,4493865966797,Left,-3,00558,0,7635599,0,1879301,351,0414,247,193,92,00986
91,4630584716797,Left,-3,00646,0,7638605,0,1522744,350,9801,247,3625,92,10175
91,4769287109375,Left,-3,008815,0,7637721,0,128372,350,9821,247,3462,92,0168
91,4909286499023,Left,-3,011877,0,7637328,0,08371589,350,9478,247,3908,91,97185
91,5046081542969,Left,-3,014285,0,7635916,0,06856176,350,9615,247,4054,91,91624
91,5187225341797,Left,-3,020471,0,7632214,0,02000368,350,9841,247,4548,91,7249
91,532600402832,Left,-3,026877,0,763072,-0,01747677,350,9582,247,4951,91,46961
91,5463714599609,Left,-3,031188,0,7628737,-0,03841609,350,9585,247,5599,91,20242
91,5602798461914,Left,-3,040816,0,7625827,-0,08297539,350,8536,247,771,90,61501
91,5740814208984,Left,-3,045421,0,7625782,-0,09578326,350,7773,247,9138,90,23827
91,5881652832031,Left,-3,057015,0,7622449,-0,1424068,350,6062,248,2286,89,53654
91,6020355224609,Left,-3,068974,0,7625639,-0,1808369,350,4253,248,3502,89,26527
91,6158294677734,Left,-3,078157,0,7628778,-0,1991132,350,427,248,4063,89,47867
91,6297988891602,Left,-3,099721,0,7630868,-0,2422156,350,4192,248,5567,89,60615
91,64404296875,Left,-3,118469,0,7633347,-0,2726419,350,3424,248,7511,89,45503
91,657585144043,Left,-3,134225,0,7634035,-0,2923607,350,2561,248,9352,89,16731
91,6714630126953,Left,-3,161689,0,7637486,-0,3250679,350,16,249,26,88,61498
91,6851806640625,Left,-3,173465,0,7641094,-0,3384047,350,097,249,3585,88,4835
91,6992416381836,Left,-3,207258,0,7649154,-0,3741315,349,9302,249,5296,88,1627
91,7130966186523,Left,-3,232543,0,7650583,-0,4012198,349,9112,249,5581,88,11559
91,7268600463867,Left,-3,248942,0,7651516,-0,4185391,349,9221,249,5368,88,14733
91,7409210205078,Left,-3,281784,0,76606,-0,4504103,349,7426,249,6406,87,92759
91,7549133300781,Left,-3,2961,0,7668886,-0,4606157,349,5833,250,0716,87,41385
91,7687149047852,Left,-3,33229,0,7674682,-0,492155,349,6468,250,7567,86,72345
91,7826156616211,Left,-3,361961,0,7684128,-0,5184984,349,5734,250,8168,86,34093
91,7963104248047,Left,-3,379213,0,7689626,-0,5319526,349,5414,250,9314,86,20456
91,8103485107422,Left,-3,41804,0,7703953,-0,5607659,349,3132,251,0898,85,768
91,8242492675781,Left,-3,430485,0,7722348,-0,5693451,349,2409,251,1645,85,61141
91,8379745483398,Left,-3,471611,0,792516,-0,5948782,349,1157,251,3843,85,3046
91,8520431518555,Left,-3,509313,0,7995658,-0,6156546,348,9329,251,5609,84,85169
91,8660202026367,Left,-3,528589,0,7982533,-0,6254969,348,8649,251,6554,84,65092
91,8800659179688,Left,-3,573575,0,8026184,-0,647776,348,5482,251,7947,83,67992
91,8938293457031,Left,-3,586104,0,80375,-0,6527505,348,4475,251,8202,83,41589
91,9076614379883,Left,-3,631022,0,8062584,-0,6735244,348,1798,251,9646,82,62709
91,9213714599609,Left,-3,67123,0,8093399,-0,6899552,347,8868,252,2383,81,69978
91,9354553222656,Left,-3,690863,0,8109635,-0,6964714,347,7183,252,3725,81,29094
91,94921875,Left,-3,737412,0,8147104,-0,7120219,347,3648,252,6126,80,37521
91,9631271362305,Left,-3,774578,0,8184057,-0,7239834,347,0939,252,6832,79,87449
91,9772567749023,Left,-3,800817,0,8208687,-0,7309881,346,8286,252,7026,79,53926
91,9910125732422,Left,-3,844697,0,8251843,-0,7433072,346,3279,252,7687,78,86411
92,0049133300781,Left,-3,862774,0,8284011,-0,7481066,345,9274,252,7032,78,36651
92,0189208984375,Left,-3,912708,0,8352398,-0,7613547,345,2524,252,7483,77,22044
92,0324859619141,Left,-3,951768,0,8403833,-0,7705956,344,9134,252,9044,76,10092
92,046630859375,Left,-3,977264,0,8435661,-0,7763764,344,7883,252,9838,75,12422
92,0604095458984,Left,-4,025297,0,8489298,-0,786796,344,5627,253,2322,73,43445
92,0742874145508,Left,-4,042507,0,8509297,-0,7889626,344,7828,253,5594,72,33596
92,0883483886719,Left,-4,095651,0,8562299,-0,7981781,344,807,254,1699,69,78703
92,1020660400391,Left,-4,107424,0,8640749,-0,794552,352,5633,254,9181,63,68788
92,116340637207,Left,-4,111912,0,871161,-0,7927076,355,5562,255,0634,64,57588
92,1300506591797,Left,-4,136291,0,8946906,-0,7852681,8,838992,246,8047,64,0043
92,1437149047852,Left,-4,121627,0,9027645,-0,782016,15,82543,243,2697,61,7189
92,1578063964844,Left,-4,140656,0,9151955,-0,77776,26,13397,237,6219,57,7515
92,1715698242188,Left,-4,189017,0,9233261,-0,7755207,47,04255,217,758,33,80898
92,1854095458984,Left,-4,210406,0,9240137,-0,7788696,60,47647,207,752,13,11615
92,1995544433594,Left,-4,233281,0,9335564,-0,77933,68,42403,172,2566,327,3876
92,2133255004883,Left,-4,250882,0,9325628,-0,7846314,65,59563,138,8284,288,6413
92,2273254394531,Left,-4,25738,0,9295919,-0,7868259,60,48437,127,1311,265,3058
92,2411346435547,Left,-4,265684,0,9228759,-0,7877683,51,12407,123,6992,250,3256
92,2548675537109,Left,-4,271574,0,917581,-0,7869523,45,46436,122,4289,243,2441
92,2689895629883,Left,-4,285741,0,9119408,-0,7786033,43,8302,122,2108,239,6139
92,2828598022461,Left,-4,295181,0,9124415,-0,7743943,44,40998,121,8118,234,7366
92,2966766357422,Left,-4,299854,0,9139394,-0,7735468,40,27709,121,4563,226,159
92,3107452392578,Left,-4,312627,0,9075087,-0,7662198,37,52055,121,1637,218,2597
92,3243942260742,Left,-4,320581,0,9066284,-0,7618885,34,53244,121,9139,214,9894
92,3385391235352,Left,-4,333535,0,8947232,-0,7492045,34,73347,123,0892,215,6318
92,3523483276367,Left,-4,3439,0,8704309,-0,7379909,68,36317,132,6656,235,3269
92,3661575317383,Left,-4,355837,0,8693568,-0,7326365,69,61861,260,3788,12,60174
92,380126953125,Left,-4,369798,0,8655568,-0,7253718,31,95417,271,93,33,92972
92,3939971923828,Left,-4,368206,0,8670741,-0,7254553,3,293699,270,3501,41,6604
92,4077911376953,Left,-4,370841,0,8521155,-0,7214267,2,185492,270,3065,42,61714
92,4221343994141,Left,-4,378166,0,8414106,-0,7175868,4,209406,270,6189,43,51019
92,4355850219727,Left,-4,381743,0,8363917,-0,7160481,5,108317,270,826,43,64776
92,4496002197266,Left,-4,389447,0,8218896,-0,713659,7,612355,271,1591,43,40912
92,4634780883789,Left,-4,395854,0,8096346,-0,7144556,9,370821,270,4305,41,65257
92,4772644042969,Left,-4,400631,0,8022088,-0,7145565,10,45227,269,8595,40,60416
92,4912948608398,Left,-4,407139,0,7882209,-0,7162703,12,40462,268,4852,38,54866
92,5054168701172,Left,-4,409366,0,7823507,-0,7169933,13,30803,267,9608,37,60795
92,5190811157227,Left,-4,414186,0,7669363,-0,7195631,14,21833,267,2372,35,68319
92,5331192016602,Left,-4,417187,0,7563783,-0,722316,14,30838,265,886,33,82133
92,5468978881836,Left,-4,420277,0,7504966,-0,7221757,14,60784,265,0284,32,18291
92,5610733032227,Left,-4,422128,0,7390341,-0,7238898,14,59476,263,8875,31,30726
0,Fill dishwasher start,0,0,0,0,0,0
92,5749130249023,Left,-4,423622,0,7344884,-0,7245018,15,25401,262,4762,29,09071
92,5883560180664,Left,-4,424222,0,7242813,-0,7235373,13,77035,262,3102,27,57436
92,6023330688477,Left,-4,422448,0,7169542,-0,7206953,11,91703,262,732,25,83657
92,6163177490234,Left,-4,421194,0,7141463,-0,7183689,11,09153,263,2188,25,01189
92,6301422119141,Left,-4,41991,0,7072663,-0,7153401,9,479946,263,1449,22,5964
92,6441268920898,Left,-4,418215,0,7084793,-0,7129131,10,21376,263,5072,22,043
92,658073425293,Left,-4,41674,0,7156745,-0,7098982,12,45999,264,0568,22,96619
92,6718368530273,Left,-4,415725,0,726179,-0,7082116,11,94102,265,0797,26,13295
92,6858139038086,Left,-4,415201,0,7337482,-0,7087098,9,919174,265,9746,28,808
92,6997299194336,Left,-4,415902,0,7484163,-0,7108283,5,748581,266,2158,32,47947
92,7136154174805,Left,-4,416148,0,7563955,-0,7135932,1,377047,263,9803,30,21151
92,7278366088867,Left,-4,416504,0,7709747,-0,7145101,358,6098,261,021,30,56131
92,7413558959961,Left,-4,416769,0,7898899,-0,7153372,352,1165,257,3587,32,42244
92,7553558349609,Left,-4,415562,0,7978112,-0,7150671,346,6617,255,482,35,32898
92,7693099975586,Left,-4,413822,0,8177459,-0,7142805,340,2042,252,3167,38,56868
92,7831039428711,Left,-4,408089,0,833052,-0,7109933,336,1767,251,9965,42,70732
92,7969207763672,Left,-4,404717,0,8419156,-0,7090482,335,7049,251,6822,46,85946
92,8114013671875,Left,-4,399791,0,8575319,-0,7045028,334,6672,254,0044,49,81475
92,8246536254883,Left,-4,398988,0,8609349,-0,7024324,335,2403,257,1427,48,43391
92,838752746582,Left,-4,396729,0,8748211,-0,6941248,338,4413,260,6277,47,46329
92,8526458740234,Left,-4,395603,0,8853433,-0,6897119,340,3746,260,1964,46,76025
92,8665618896484,Left,-4,393506,0,890508,-0,6846154,339,5543,260,8418,44,24239
92,8801956176758,Left,-4,387744,0,9049369,-0,6733826,338,3692,263,0681,42,24368
92,8940734863281,Left,-4,38654,0,9093216,-0,6702691,338,9628,263,4527,42,2239
92,9082794189453,Left,-4,379553,0,923332,-0,6583601,336,994,267,2192,42,33198
92,9218139648438,Left,-4,374138,0,9348465,-0,6501912,335,8529,269,3362,44,23322
92,9357757568359,Left,-4,371486,0,9371211,-0,6427683,335,2129,270,2567,44,98383
92,949836730957,Left,-4,36222,0,9473862,-0,6296539,334,3154,274,596,44,43463
92,9635238647461,Left,-4,358453,0,9517925,-0,615988,331,6139,275,4557,43,39819
92,9778900146484,Left,-4,353165,0,9555752,-0,6071872,331,5383,277,1052,42,36944
92,991569519043,Left,-4,346867,0,9614168,-0,5941722,331,4833,278,791,40,68444
93,0052185058594,Left,-4,344553,0,9634983,-0,5884052,331,4425,279,6785,39,10602
93,0193252563477,Left,-4,336998,0,9684495,-0,5712331,330,6588,281,1833,37,94748
93,0329742431641,Left,-4,331634,0,9719574,-0,5589032,330,0233,283,8276,35,98296
93,0469360351563,Left,-4,328002,0,9743268,-0,5500686,330,0321,285,5262,35,72015
93,0609436035156,Left,-4,32048,0,974594,-0,5298806,331,2552,290,5427,33,24768
93,0746383666992,Left,-4,320431,0,9735733,-0,5012676,333,9927,292,5893,31,39532
93,0887908935547,Left,-4,311665,0,9748577,-0,4611176,338,4459,295,5219,29,54822
93,1026763916016,Left,-4,305716,0,9776876,-0,4147792,341,3722,297,3727,27,89876
93,1163482666016,Left,-4,302801,0,9813831,-0,3890386,341,7213,298,5272,27,39356
93,1304702758789,Left,-4,297165,0,9820166,-0,3616372,336,1654,299,3549,25,85277
93,1440811157227,Left,-4,292273,0,9821784,-0,3572279,334,4786,299,8893,25,39144
93,1580200195313,Left,-4,282051,0,9825318,-0,3421928,330,6572,302,5179,23,77266
93,1720581054688,Left,-4,27087,0,9815302,-0,330167,330,1328,303,6879,24,13103
93,1857376098633,Left,-4,264904,0,979041,-0,3247038,330,8484,305,0273,24,11069
93,1998519897461,Left,-4,24965,0,9744307,-0,3118255,333,8967,307,7289,23,5991
93,2136993408203,Left,-4,238243,0,9724181,-0,3024936,337,9599,309,9518,23,30801
93,2274627685547,Left,-4,228676,0,9698719,-0,2965116,340,6658,312,0577,23,41963
93,2417373657227,Left,-4,211688,0,9660354,-0,2870632,345,5895,315,3124,24,87509
93,2552261352539,Left,-4,205492,0,9647673,-0,2824441,348,0694,317,2813,25,80199
93,2691268920898,Left,-4,185822,0,9596393,-0,2725325,350,4008,321,87,27,45194
93,2831192016602,Left,-4,177228,0,9569454,-0,263123,350,9486,324,0096,28,97495
93,2969055175781,Left,-4,17687,0,9560744,-0,2586517,350,0408,324,8086,29,8997
93,3108520507813,Left,-4,170759,0,9533219,-0,2495956,349,1356,324,572,30,65721
93,3247604370117,Left,-4,16887,0,9510993,-0,2471485,348,5139,324,7012,30,096
93,3385162353516,Left,-4,163885,0,9460669,-0,2398826,349,0746,324,5944,28,95858
93,3524322509766,Left,-4,158844,0,9427902,-0,2336591,350,8686,324,5256,28,56296
93,3665084838867,Left,-4,156261,0,9397723,-0,2305258,351,8827,325,1778,27,87701
93,380241394043,Left,-4,150658,0,9344062,-0,222646,353,0472,326,6601,26,94059
93,3942260742188,Left,-4,150152,0,933723,-0,2192108,352,8459,327,1509,26,39472
93,4081039428711,Left,-4,146438,0,9291346,-0,2094111,351,1515,329,042,25,30351
93,4218521118164,Left,-4,144208,0,9242434,-0,2025906,350,6962,329,8222,23,74763
93,4358062744141,Left,-4,142784,0,9221719,-0,1992297,351,0115,329,3558,23,30877
93,4496307373047,Left,-4,137668,0,915658,-0,1927351,352,8326,328,8643,22,26625
93,4635314941406,Left,-4,132774,0,9119635,-0,187499,355,0229,328,7966,21,39916
93,4778900146484,Left,-4,127789,0,9088846,-0,1818191,355,0859,330,2521,22,01558
93,4912948608398,Left,-4,120247,0,9045435,-0,173664,354,0329,332,335,21,38364
93,5053253173828,Left,-4,116241,0,9019718,-0,1694341,353,7777,334,0594,22,4268
93,5191116333008,Left,-4,104383,0,8971758,-0,1615246,356,9996,335,4479,26,13979
93,5329895019531,Left,-4,098442,0,8932105,-0,1540358,356,2608,335,9363,26,66117
93,5468673706055,Left,-4,092475,0,8910491,-0,1499993,355,747,337,235,27,5213
93,5607299804688,Left,-4,080953,0,8870745,-0,142963,356,9627,339,4201,28,25127
93,5746765136719,Left,-4,077543,0,8845822,-0,1395037,356,3917,339,8153,26,23825
93,5886917114258,Left,-4,067625,0,877628,-0,1343552,359,8981,339,4767,21,98684
93,6023178100586,Left,-4,057253,0,8751624,-0,1268597,1,065827,341,0606,21,29878
93,6163864135742,Left,-4,052318,0,8735909,-0,1209719,0,2895492,341,8342,23,02885
93,6302490234375,Left,-4,042789,0,8680869,-0,1122745,357,5725,344,4383,21,72165
93,6439971923828,Left,-4,040153,0,8675477,-0,1079476,354,8765,345,8338,21,87926
93,6580123901367,Left,-4,032547,0,8622031,-0,09894985,352,7663,347,1882,21,18806
93,671745300293,Left,-4,025608,0,8575622,-0,09165579,352,1216,348,3935,21,50292
93,6857833862305,Left,-4,02314,0,8545823,-0,0882628,351,8803,349,8758,20,9705
93,6996612548828,Left,-4,013387,0,8495803,-0,08121639,353,6142,351,6077,19,45002
93,7131118774414,Left,-4,003198,0,8485404,-0,07456273,355,7192,355,0151,33,64284
93,727180480957,Left,-4,002802,0,840094,-0,06990248,355,0851,358,4187,34,72368
93,741325378418,Left,-3,996886,0,8332868,-0,06163341,355,7665,0,11909,35,60769
93,7548370361328,Left,-3,994681,0,8310425,-0,05849963,356,4297,0,2968943,36,43367
93,7688674926758,Left,-3,989359,0,8244122,-0,05203855,359,0627,0,7662112,37,97007
93,7824096679688,Left,-3,986928,0,8186513,-0,04649353,1,913485,0,5484817,38,58212
93,7964477539063,Left,-3,98531,0,8154042,-0,0424996,2,799266,0,2041951,38,32013
93,8102569580078,Left,-3,983036,0,8100069,-0,03484988,1,975474,0,02204078,36,7458
93,8239212036133,Left,-3,981647,0,8088977,-0,0322991,1,081267,0,4395328,36,17725
93,8379898071289,Left,-3,979738,0,8058341,-0,02397424,357,8852,0,8855812,34,83411
93,8520431518555,Left,-3,978037,0,8029477,-0,01689976,355,5642,0,3678418,33,58174
93,8657302856445,Left,-3,976308,0,8022862,-0,01557237,354,4743,0,3670719,32,81328
93,8798980712891,Left,-3,972574,0,7989495,-0,0120436,354,6228,0,7068923,31,22051
93,8935012817383,Left,-3,970309,0,7955577,-0,009246945,356,711,0,3004944,30,57143
93,9077606201172,Left,-3,968636,0,7926215,-0,006727278,357,6183,359,5581,29,84194
93,9216918945313,Left,-3,971379,0,7841024,-0,003873885,1,903365,356,517,27,00015
93,9350357055664,Left,-3,970054,0,7840541,-0,002715766,2,816493,355,2052,26,07627
93,9490432739258,Left,-3,968719,0,784117,-0,004199445,2,381609,355,2701,25,25862
93,9628448486328,Left,-3,967719,0,7849424,-0,005681336,2,783,355,6924,25,78549
93,9768753051758,Left,-3,968857,0,7849766,-0,006661296,3,075508,355,3403,25,47112
93,9907302856445,Left,-3,971282,0,7877976,-0,00752759,1,453879,354,5572,24,979
94,0047073364258,Left,-3,971581,0,7908047,-0,009408057,1,215006,354,417,25,97344
94,0185012817383,Left,-3,975022,0,7970538,-0,0133751,0,4356228,353,8766,28,78506
94,0324478149414,Left,-3,979506,0,8004562,-0,01624209,359,6135,352,872,30,18207
94,0462265014648,Left,-3,982187,0,8024221,-0,01845258,358,8683,352,3412,30,33598
94,0602569580078,Left,-3,985163,0,8056602,-0,02282876,357,8165,352,1689,30,30923
94,0741729736328,Left,-3,98621,0,8062488,-0,02524787,357,9373,352,3574,30,03689
94,0879135131836,Left,-3,989115,0,8088351,-0,02938741,357,6886,352,2238,30,04701
94,1018676757813,Left,-3,992646,0,8120311,-0,03350502,357,4282,351,8908,30,29841
94,1156463623047,Left,-3,993852,0,8137514,-0,03520721,356,9561,351,7899,30,25521
94,1296310424805,Left,-3,997892,0,8215934,-0,04012281,355,2034,351,375,30,51645
94,1438064575195,Left,-4,002213,0,8289311,-0,04516304,354,1194,350,5504,31,92951
94,1572494506836,Left,-4,004628,0,8326391,-0,04840678,353,7531,350,1636,32,59628
94,1713027954102,Left,-4,009881,0,8391249,-0,05557334,353,1098,349,3901,33,88293
94,1851806640625,Left,-4,012442,0,8422582,-0,05955595,352,6555,349,1131,34,22168
94,1990051269531,Left,-4,018809,0,8510292,-0,06823152,351,602,348,3234,35,51557
94,2130126953125,Left,-4,026489,0,8594145,-0,07579482,350,613,347,0223,37,31124
94,2267990112305,Left,-4,033024,0,8655646,-0,0811255,349,7363,345,7108,38,38454
94,2407836914063,Left,-4,043231,0,8759097,-0,09022528,348,1638,343,8193,39,94545
94,2546463012695,Left,-4,047002,0,8793642,-0,09441978,347,6407,343,1442,40,71838
94,2685089111328,Left,-4,059832,0,8910261,-0,1059495,345,7619,340,7621,42,49284
94,282470703125,Left,-4,071712,0,8995895,-0,1169404,344,8177,338,1905,44,01622
94,2963409423828,Left,-4,077733,0,9048024,-0,123578,343,889,336,9789,44,55899
94,3100509643555,Left,-4,090444,0,9164135,-0,1379479,341,9807,334,7366,45,83975
94,3239974975586,Left,-4,09311,0,9189066,-0,1590459,341,6316,334,1526,46,1668
94,3377838134766,Left,-4,106511,0,9271833,-0,1976994,341,0525,331,2141,47,01704
94,3520202636719,Left,-4,117937,0,9322276,-0,2490147,340,2832,328,5151,46,93535
94,3659591674805,Left,-4,121606,0,9357688,-0,2768574,339,9002,327,5062,46,68682
94,3797378540039,Left,-4,12979,0,9431134,-0,3399063,338,8647,325,1985,45,9965
94,3937377929688,Left,-4,133595,0,9484727,-0,3880827,338,1118,323,2858,44,75906
94,4074859619141,Left,-4,136887,0,9511116,-0,421872,337,9432,321,7599,44,29425
94,4213256835938,Left,-4,142281,0,9555042,-0,4787053,337,9095,319,1503,43,85935
94,4352951049805,Left,-4,145447,0,9571842,-0,5041029,338,0193,318,1114,43,78347
94,4490432739258,Left,-4,151971,0,9625563,-0,5668926,338,0961,315,584,44,09005
94,4629821777344,Left,-4,160746,0,9674383,-0,6105463,338,0224,313,5141,43,95066
94,4767837524414,Left,-4,169247,0,9704022,-0,6288616,337,6413,312,415,43,93209
94,4909210205078,Left,-4,181674,0,9758404,-0,6646156,336,9528,310,1923,43,723
94,5048065185547,Left,-4,181897,0,9772327,-0,6655932,336,6426,309,2797,43,33918
94,5186309814453,Left,-4,192364,0,9814426,-0,6886259,335,8076,306,5851,42,40394
94,5325393676758,Left,-4,196883,0,9848714,-0,7042867,335,2208,304,451,41,37411
94,5466079711914,Left,-4,199986,0,9871169,-0,7131664,335,0937,303,1985,41,24868
94,5602722167969,Left,-4,205952,0,9903114,-0,7305642,335,089,300,7953,41,23497
94,5743026733398,Left,-4,207442,0,9899988,-0,7360929,335,4,300,0457,41,32685
94,5883865356445,Left,-4,215621,0,9904253,-0,7530383,335,9479,297,5595,41,20969
94,6020355224609,Left,-4,221709,0,9928621,-0,7674698,335,8724,295,4503,41,03006
94,6161880493164,Left,-4,225579,0,9909764,-0,7749173,336,5569,294,2575,40,43192
94,6297760009766,Left,-4,235824,0,9852732,-0,7923005,337,774,291,511,37,50333
94,6437759399414,Left,-4,242284,0,9862623,-0,8054004,337,3466,289,2465,36,5612
94,6577529907227,Left,-4,249109,0,9866785,-0,8154522,337,2711,287,0413,37,08223
94,6714553833008,Left,-4,258493,0,9865091,-0,8305221,337,4611,283,8828,38,2268
94,6855545043945,Left,-4,261824,0,9854283,-0,8365331,337,769,282,91,38,73019
94,6992340087891,Left,-4,271931,0,9810622,-0,8497543,338,8526,281,0751,39,75597
94,7132949829102,Left,-4,279215,0,9757152,-0,8591007,340,2403,279,9001,39,87142
94,7273712158203,Left,-4,285542,0,9708675,-0,8647406,341,5039,279,1176,39,73577
94,7409591674805,Left,-4,295846,0,9558771,-0,8699866,345,5328,279,1522,38,80066
94,7549896240234,Left,-4,299626,0,9504231,-0,872475,347,016,279,1143,38,19217
94,7689514160156,Left,-4,310404,0,9333646,-0,879881,351,2471,278,8468,36,26493
94,7826156616211,Left,-4,318643,0,9190686,-0,8851918,354,4276,278,3029,33,73936
94,7966995239258,Left,-4,323435,0,91141,-0,8883597,355,9232,277,8822,32,30923
94,8105010986328,Left,-4,33164,0,8952003,-0,8938007,358,3281,277,1492,29,50928
94,82470703125,Left,-4,334641,0,8914475,-0,8953794,359,2278,276,8631,29,07741
94,8385925292969,Left,-4,341481,0,8775567,-0,9004688,1,631477,276,2703,28,44261
94,8520812988281,Left,-4,348085,0,8666116,-0,9059016,3,675376,275,5703,27,78298
94,8661727905273,Left,-4,348608,0,8609319,-0,9048032,5,088688,276,0309,28,99771
94,8800659179688,Left,-4,352557,0,8472774,-0,9068815,7,237964,276,3616,29,07649
94,8937301635742,Left,-4,354484,0,8443907,-0,9074177,7,614439,276,3594,28,89656
94,9080276489258,Left,-4,358821,0,8328011,-0,9096768,8,888232,276,3611,28,30412
94,9217071533203,Left,-4,361948,0,8235455,-0,9116124,10,01075,276,0004,27,91227
94,9354705810547,Left,-4,364273,0,8187279,-0,9132836,10,80185,275,7993,27,62458
94,94970703125,Left,-4,364442,0,8077679,-0,914845,12,02648,275,5802,26,78931
94,9634170532227,Left,-4,364539,0,8002716,-0,9166985,13,01968,275,1729,25,97314
94,9773483276367,Left,-4,365015,0,7945006,-0,9183542,13,95549,274,8856,25,49858
94,9912033081055,Left,-4,365355,0,7852588,-0,9209198,15,38322,274,5289,24,67122
95,0052185058594,Left,-4,365508,0,7818097,-0,9216,15,98091,274,4473,24,49081
95,0189743041992,Left,-4,364832,0,7730756,-0,9238831,16,88538,274,3298,23,30205
95,0327987670898,Left,-4,364697,0,7675634,-0,9253293,17,48736,274,2023,22,61816
95,0470428466797,Left,-4,364549,0,7645826,-0,9265641,17,85995,274,1182,22,55805
95,0605926513672,Left,-4,364486,0,7584534,-0,9289901,18,85765,273,9927,22,73622
95,074577331543,Left,-4,36462,0,7561837,-0,9299152,19,19881,273,9828,22,72919
95,0884552001953,Left,-4,364638,0,7488853,-0,9326959,20,35694,273,8389,22,91051
95,1021423339844,Left,-4,365156,0,7440838,-0,9351425,20,65871,273,6299,22,85311
95,1163177490234,Left,-4,365901,0,7427794,-0,9367273,20,50296,273,278,23,03747
95,1303176879883,Left,-4,366905,0,7397066,-0,9401619,20,12357,272,9832,23,58964
95,1438674926758,Left,-4,367261,0,737777,-0,9412738,20,04226,273,1339,23,37922
95,1579742431641,Left,-4,368111,0,7340946,-0,9450698,19,16557,273,3814,22,48011
95,1719055175781,Left,-4,368955,0,7305131,-0,9477955,17,931,273,3579,21,02098
95,1856689453125,Left,-4,369307,0,7283205,-0,9493623,17,21203,273,0993,19,68525
95,1997222900391,Left,-4,368372,0,724538,-0,9507765,16,59358,273,4209,18,34676
95,2133941650391,Left,-4,36825,0,7219236,-0,9525148,15,85398,273,5225,17,02932
95,2273864746094,Left,-4,368281,0,7210243,-0,9526511,15,39247,273,6049,17,13956
95,2415008544922,Left,-4,368441,0,7205072,-0,9530022,13,64862,274,0027,18,10368
95,2551040649414,Left,-4,368925,0,7190124,-0,9545236,12,66568,274,0129,17,40538
95,2694854736328,Left,-4,368936,0,7181389,-0,955224,11,37004,274,1984,18,22538
95,2833480834961,Left,-4,36902,0,7170125,-0,9566808,9,505075,274,3916,18,83396
95,2968292236328,Left,-4,369113,0,7161988,-0,9577867,8,068738,274,3449,18,67844
95,3107757568359,Left,-4,368086,0,7158927,-0,9581304,6,777522,274,8467,19,21967
95,3244400024414,Left,-4,368309,0,7158986,-0,9590638,5,994351,274,8968,18,57458
95,3387145996094,Left,-4,368419,0,7165252,-0,9595267,5,489622,274,8603,19,01067
95,352424621582,Left,-4,368405,0,717531,-0,9598659,4,813741,274,9856,19,60124
95,3662414550781,Left,-4,368326,0,7174925,-0,9603412,4,993459,275,036,19,94277
95,3802947998047,Left,-4,36905,0,7212533,-0,9604518,5,304631,274,8044,20,65229
95,3945007324219,Left,-4,369014,0,7225723,-0,9601673,6,072473,275,027,21,76119
95,4079284667969,Left,-4,370622,0,7269991,-0,9625572,8,210736,274,4487,21,31168
95,4219589233398,Left,-4,372104,0,7319358,-0,963869,10,27709,273,8829,22,3777
95,4356536865234,Left,-4,372344,0,7344331,-0,9642205,10,53499,273,7071,22,78431
95,44970703125,Left,-4,371509,0,7411634,-0,9651148,10,76704,273,9736,21,96182
95,4636840820313,Left,-4,371918,0,7460951,-0,9656597,10,24807,273,2546,20,42585
95,4773635864258,Left,-4,372316,0,7527881,-0,9638678,8,747104,273,0413,19,42671
95,4917602539063,Left,-4,373305,0,7633825,-0,9624399,5,439639,272,6531,19,98956
95,5054626464844,Left,-4,372831,0,7679929,-0,961866,4,481987,272,9282,21,15392
95,519157409668,Left,-4,372209,0,7811934,-0,9605143,2,643316,272,9533,22,4457
95,533203125,Left,-4,369702,0,7932325,-0,958854,1,592207,273,1308,23,41802
95,5467681884766,Left,-4,368291,0,8003113,-0,9574426,1,884519,273,1824,25,27386
95,5607986450195,Left,-4,364497,0,8147302,-0,9535218,2,387603,274,3941,30,74673
95,5747985839844,Left,-4,364329,0,8178735,-0,9531258,1,824126,274,8145,33,67762
95,5884399414063,Left,-4,3617,0,8298879,-0,9502684,0,3763922,275,7523,36,95805
95,6025466918945,Left,-4,359448,0,8393602,-0,949379,358,9132,275,8177,37,49782
95,6166076660156,Left,-4,357896,0,8454841,-0,9494501,357,6452,275,4481,36,90605
95,6302795410156,Left,-4,354192,0,8568609,-0,9502021,355,8022,274,4423,34,06009
95,6442184448242,Left,-4,352475,0,8611663,-0,9501209,355,2314,274,0637,32,44321
95,6579895019531,Left,-4,348867,0,8729486,-0,951174,353,9383,273,1589,29,57802
95,6719589233398,Left,-4,345761,0,8838686,-0,9512106,351,6984,272,4099,28,10608
95,6859512329102,Left,-4,343542,0,8897281,-0,9498708,350,0462,272,2546,28,27458
95,6997375488281,Left,-4,338126,0,9027649,-0,9460446,347,1648,273,0101,30,33517
95,7137985229492,Left,-4,332905,0,9102253,-0,9428502,346,2106,274,7261,32,43151
95,7278060913086,Left,-4,329253,0,9155098,-0,9413236,346,4201,275,6832,33,50948
95,7412719726563,Left,-4,323663,0,923507,-0,9392478,347,6154,277,1185,34,53679
95,7553405761719,Left,-4,321678,0,9268852,-0,9388173,348,4815,277,5461,35,06071
95,7693328857422,Left,-4,315792,0,9362493,-0,9371924,348,5972,278,0545,35,34858
95,7830352783203,Left,-4,312001,0,9444295,-0,9356165,345,5811,277,605,35,07394
95,7971725463867,Left,-4,308593,0,949737,-0,9341716,343,1228,277,2993,34,38174
95,8107986450195,Left,-4,301058,0,9588566,-0,9310548,339,9183,277,3751,32,98444
95,8249282836914,Left,-4,296953,0,9618479,-0,9291539,339,2415,277,6484,32,49632
95,8388748168945,Left,-4,286645,0,9700299,-0,9242019,338,4181,278,8254,31,551
95,8524169921875,Left,-4,277311,0,9751717,-0,9186391,339,2576,280,1606,30,82333
95,8665390014648,Left,-4,271568,0,9773875,-0,9143884,340,4631,281,2065,30,43821
95,8804626464844,Left,-4,261688,0,9819393,-0,9075261,341,85,283,541,29,73533
95,8942337036133,Left,-4,260226,0,9819965,-0,9042943,342,0966,284,2076,29,12759
95,908203125,Left,-4,25351,0,9857041,-0,8961936,339,6793,284,9135,28,63337
95,9219818115234,Left,-4,247318,0,9894029,-0,8895605,336,0721,285,6831,27,82646
95,9362335205078,Left,-4,244079,0,9906493,-0,8861985,333,8922,286,0602,26,97964
95,9499816894531,Left,-4,237651,0,9934204,-0,8791331,330,3418,286,9668,25,21545
95,9638442993164,Left,-4,24051,0,9932255,-0,8633828,329,1995,287,0063,24,78132
95,9777526855469,Left,-4,23921,0,9939009,-0,8382844,328,2638,287,5897,22,97379
95,9915161132813,Left,-4,236979,0,9932975,-0,7950041,328,9653,289,0863,22,61792
96,0054168701172,Left,-4,235718,0,994643,-0,7729767,329,6414,289,8802,23,09303
96,0195007324219,Left,-4,230199,0,9959831,-0,7172728,330,2742,291,2567,24,75628
96,0332183837891,Left,-4,215161,0,9970922,-0,6793879,329,5999,292,6128,25,81738
96,0473556518555,Left,-4,204477,0,9968736,-0,6510339,330,5308,293,465,26,85142
96,061149597168,Left,-4,184608,0,9965669,-0,6055941,331,2298,294,3959,28,36061
96,0748062133789,Left,-4,17736,0,9956107,-0,5898739,331,2317,294,3064,29,30338
96,0888442993164,Left,-4,149376,0,9952378,-0,5425439,329,7478,294,4564,29,88124
96,102897644043,Left,-4,116993,0,9942483,-0,5130148,328,9858,295,3141,29,53365
96,1164703369141,Left,-4,09661,0,9939365,-0,4993474,328,7574,295,7442,29,40286
96,130485534668,Left,-4,053067,0,9929624,-0,4715337,328,9235,296,6533,30,19164
96,1442337036133,Left,-4,038225,0,9919486,-0,4698864,329,1271,296,7616,29,82101
96,1581802368164,Left,-3,990475,0,9883223,-0,4514751,330,4398,297,7781,29,47873
96,1724472045898,Left,-3,948934,0,9862196,-0,4395229,330,6401,298,2861,28,47224
96,185905456543,Left,-3,930012,0,9859088,-0,4347209,329,9624,298,5232,28,11767
96,1999206542969,Left,-3,882367,0,984033,-0,4229683,328,602,298,8193,28,21134
96,2138214111328,Left,-3,848537,0,9823329,-0,4166563,329,2387,298,4875,28,73282
96,2274475097656,Left,-3,823653,0,9810617,-0,4127128,330,521,298,3366,29,07492
96,2415161132813,Left,-3,780231,0,9786114,-0,4060472,333,3268,298,3021,28,75216
96,2551727294922,Left,-3,763717,0,9777784,-0,4037991,334,9285,298,1006,28,24505
96,269172668457,Left,-3,716009,0,9753348,-0,3973616,337,3565,297,4394,26,58861
96,2832870483398,Left,-3,679714,0,9758028,-0,3917662,336,7425,296,9133,25,61854
96,2968978881836,Left,-3,657304,0,976395,-0,3879355,335,052,296,9504,25,43673
96,3109664916992,Left,-3,612417,0,9769868,-0,3810946,332,6246,297,4556,26,40176
96,3249588012695,Left,-3,594483,0,9752328,-0,3791636,332,2086,297,8374,27,26171
96,3386154174805,Left,-3,546125,0,9715951,-0,372716,333,2337,299,0662,28,46153
96,3526229858398,Left,-3,509772,0,9646722,-0,354459,334,9661,300,2738,29,48801
96,3663330078125,Left,-3,494696,0,9586154,-0,3393393,335,9378,300,2216,30,22376
96,3805236816406,Left,-3,464258,0,9480693,-0,3044241,336,2738,299,549,29,99742
96,3942947387695,Left,-3,471385,0,9504638,-0,2846228,336,2652,298,9825,29,53722
96,4082336425781,Left,-3,454782,0,9455478,-0,2380589,335,1421,298,1979,27,71922
96,422004699707,Left,-3,452584,0,9451508,-0,1945383,334,2519,297,9151,27,16355
96,4359130859375,Left,-3,453455,0,9447204,-0,1716463,333,8239,298,1674,27,13101
96,4496688842773,Left,-3,4583,0,9434098,-0,1203559,332,5489,298,3702,27,06763
96,4636535644531,Left,-3,471173,0,9419236,-0,08268845,330,0536,297,9329,26,46974
96,4775009155273,Left,-3,483646,0,941181,-0,05611509,328,5804,296,6684,27,33578
96,4914855957031,Left,-3,503135,0,9373876,-0,01334459,329,849,295,9452,28,89718
96,5054244995117,Left,-3,517569,0,9351837,-0,004109681,331,6173,296,6198,29,53808
96,5191192626953,Left,-3,543035,0,931291,0,03314435,336,7816,297,8687,30,76439
96,533088684082,Left,-3,562659,0,9288386,0,04993933,341,4911,299,3307,32,36988
96,5469970703125,Left,-3,572716,0,9270833,0,05589175,344,9377,299,9433,33,54472
96,5608062744141,Left,-3,590235,0,9233463,0,06484294,349,7718,299,6835,34,79832
96,5747528076172,Left,-3,590178,0,9219725,0,06377059,350,9667,299,2501,34,46935
96,5886764526367,Left,-3,600788,0,9177811,0,06802088,350,2817,297,1069,32,9245
96,6025772094727,Left,-3,603845,0,9145708,0,07053512,347,5907,295,8704,31,95001
96,6165084838867,Left,-3,604155,0,9121913,0,07226616,346,5639,295,9775,31,55927
96,6304397583008,Left,-3,604265,0,9094992,0,07616484,345,2184,297,7658,31,99838
96,6444091796875,Left,-3,604507,0,9095385,0,07709682,344,8638,298,5977,33,12495
96,6581726074219,Left,-3,604534,0,909159,0,08037728,344,5639,300,3263,36,30911
96,6719207763672,Left,-3,606395,0,9078143,0,08184004,344,1219,300,9788,39,27319
96,6861724853516,Left,-3,608095,0,9064467,0,08159614,343,7292,300,7678,39,77991
96,6998901367188,Left,-3,611101,0,9041955,0,08059841,343,8633,299,6988,38,75789
96,7137985229492,Left,-3,612479,0,9029301,0,07881844,345,2081,298,5933,36,62565
96,7276763916016,Left,-3,613477,0,9023978,0,07768136,346,1401,297,9529,35,2608
96,7413558959961,Left,-3,615755,0,9015101,0,07534271,347,3473,296,8715,33,26471
96,7553863525391,Left,-3,616588,0,9016255,0,07450587,348,0398,296,2342,32,36874
96,7694473266602,Left,-3,618244,0,8999245,0,0726046,350,269,295,2886,31,31394
96,7830810546875,Left,-3,618258,0,8993079,0,07116491,353,1895,295,4149,31,63658
96,7971954345703,Left,-3,619623,0,8991418,0,07017589,354,2762,295,695,32,23903
96,8111419677734,Left,-3,623475,0,8993975,0,06987709,352,4889,295,5723,33,29504
96,8248825073242,Left,-3,625421,0,8988491,0,06923455,350,541,295,4195,33,57432
96,8388061523438,Left,-3,631631,0,8980054,0,067734,345,9107,294,6163,33,62096
96,8525085449219,Left,-3,636219,0,8954718,0,06683016,341,6861,294,0573,33,28469
96,866813659668,Left,-3,638689,0,8927191,0,06633562,340,5121,293,3148,33,75786
96,8805923461914,Left,-3,642226,0,8874384,0,06483048,341,5539,292,5268,34,30427
96,8942413330078,Left,-3,643159,0,8848724,0,06420058,343,1054,292,4537,34,22936
96,9083404541016,Left,-3,646327,0,8775885,0,0618186,347,561,292,2401,32,95011
96,9221267700195,Left,-3,649319,0,8727174,0,06059855,350,7847,292,2156,31,18494
96,9360275268555,Left,-3,651394,0,8709832,0,06028032,351,9953,292,0899,30,48395
96,9500579833984,Left,-3,656323,0,8650455,0,05895847,353,5946,291,2082,29,52651
96,9637145996094,Left,-3,657711,0,8631349,0,05900562,354,2105,291,0361,29,08986
96,977653503418,Left,-3,663378,0,8541575,0,05859065,356,2473,290,3513,28,87537
96,9916763305664,Left,-3,668301,0,8465406,0,05856878,358,431,290,1861,29,44117
97,0053863525391,Left,-3,671011,0,8438251,0,05868852,358,7327,290,2053,29,83012
97,0195465087891,Left,-3,678422,0,8346956,0,0601331,357,6447,289,9988,30,30735
97,0334167480469,Left,-3,683163,0,8292366,0,06117731,355,6961,289,8882,30,5636
97,047119140625,Left,-3,685929,0,8254738,0,06219107,354,607,289,9914,30,8764
97,0611267089844,Left,-3,689614,0,8179156,0,06492418,354,7096,290,5671,32,00903
97,0749282836914,Left,-3,690993,0,8143651,0,06583256,355,6144,291,0017,32,62994
97,0888748168945,Left,-3,695175,0,8039697,0,06993026,357,2797,291,4911,33,98101
97,1030578613281,Left,-3,698902,0,794195,0,07401425,357,4315,291,547,34,36599
97,1166000366211,Left,-3,700667,0,7880844,0,07597065,357,8228,291,5014,34,22325
0,Fill dishwasher end,0,0,0,0,0,0
97,1305160522461,Left,-3,704327,0,7767317,0,07791936,359,293,290,9034,32,82404
97,1446380615234,Left,-3,705493,0,7746164,0,07871366,0,1987674,290,5671,33,08619
97,1584014892578,Left,-3,709097,0,7628659,0,08022171,1,999205,288,9579,33,53103
97,1722640991211,Left,-3,713662,0,7508323,0,08452332,0,9737569,288,459,34,83885
97,1863555908203,Left,-3,714034,0,7455375,0,08565092,1,098674,288,7164,34,56303
97,1998901367188,Left,-3,711563,0,7397053,0,08740574,1,349365,289,6899,35,92349
97,2139282226563,Left,-3,709009,0,7342127,0,08817095,2,318625,290,4702,37,17568
97,2279052734375,Left,-3,707557,0,7285508,0,08946985,4,01628,291,0041,38,12222
97,2417373657227,Left,-3,705833,0,7215411,0,09128636,5,071541,291,3351,38,24458
97,2557373046875,Left,-3,7046,0,7240853,0,09100813,3,258279,290,9181,37,69044
97,2696075439453,Left,-3,701357,0,7288439,0,08930212,1,300763,290,1339,39,10022
97,2833480834961,Left,-3,699826,0,7301062,0,08763254,0,2488895,289,3596,39,68414
97,2972869873047,Left,-3,698335,0,7298074,0,08742714,0,02618182,289,2419,39,97211
97,3112564086914,Left,-3,694578,0,7312632,0,08706427,359,3714,289,2261,40,24121
97,3250122070313,Left,-3,692271,0,7326374,0,08712107,358,9509,289,4821,40,11545
97,3389739990234,Left,-3,68771,0,7348727,0,08724064,358,1173,289,8163,40,17493
97,3528289794922,Left,-3,683928,0,7376865,0,08657819,357,5265,289,9451,40,47498
97,3667678833008,Left,-3,681922,0,7394469,0,08604401,357,0411,289,8885,40,56956
97,3805694580078,Left,-3,678054,0,7419989,0,0851872,356,3126,289,9389,40,96026
97,394775390625,Left,-3,676346,0,7429333,0,08475536,356,0867,290,0369,40,98462
97,4084548950195,Left,-3,671988,0,7455943,0,08375752,355,2355,290,1325,40,74692
97,4221801757813,Left,-3,668087,0,7478586,0,08276224,354,7505,290,0907,40,67301
97,4362030029297,Left,-3,66556,0,7491809,0,08233917,354,6332,290,2544,40,82581
97,4501571655273,Left,-3,660743,0,7518542,0,08142221,354,4491,290,5737,41,3232
97,4639205932617,Left,-3,659533,0,7525409,0,08118153,354,3436,290,643,41,49245
97,4780807495117,Left,-3,654844,0,7558063,0,08025628,353,8114,290,86,41,85789
97,491828918457,Left,-3,650883,0,7588931,0,07895327,353,2542,290,8377,41,84648
97,5057601928711,Left,-3,648641,0,7603945,0,07841438,353,0945,290,9388,41,84266
97,519905090332,Left,-3,643881,0,764161,0,07719547,352,3319,291,0045,41,43342
97,5334167480469,Left,-3,641054,0,7675511,0,07601804,351,6415,290,7963,41,37594
97,5474700927734,Left,-3,638988,0,7698119,0,07512486,351,2557,290,6388,41,40748
97,561408996582,Left,-3,63486,0,7742189,0,07357794,350,3401,290,4966,41,40605
97,5752105712891,Left,-3,632604,0,776948,0,07277459,349,8115,290,4415,41,7317
97,5894927978516,Left,-3,626984,0,783419,0,0704686,348,8562,290,1148,42,7927
97,6029815673828,Left,-3,623163,0,786957,0,06853575,348,2676,289,6885,43,16596
97,6170043945313,Left,-3,620304,0,7894047,0,0676952,347,9156,289,661,43,27119
97,6308975219727,Left,-3,61445,0,7946112,0,06670034,346,9403,289,9248,43,2768
97,6445999145508,Left,-3,612743,0,7962017,0,0662055,346,6186,289,8951,43,34786
97,6588668823242,Left,-3,606535,0,8019354,0,06536293,345,4903,290,053,43,34281
97,672607421875,Left,-3,601447,0,806143,0,06495202,344,7133,290,2171,43,25981
97,686393737793,Left,-3,598782,0,8083603,0,06451499,344,3988,290,2701,43,34304
97,7006759643555,Left,-3,593333,0,8125958,0,06347835,343,7282,290,3334,43,46847
97,714111328125,Left,-3,591721,0,8138745,0,06316876,343,4674,290,36,43,4489
97,7280197143555,Left,-3,58652,0,8182883,0,06213921,342,6642,290,4149,43,40696
97,7421417236328,Left,-3,582169,0,8217092,0,06118995,342,1142,290,4204,43,45845
97,7557678222656,Left,-3,580152,0,8231884,0,06068295,342,0689,290,4506,43,77324
97,7698669433594,Left,-3,575511,0,826374,0,05951035,342,0223,290,5569,44,57079
97,7837524414063,Left,-3,573037,0,8277029,0,05861586,342,1119,290,5732,45,24194
97,7975234985352,Left,-3,571181,0,8284751,0,05784529,342,3183,290,6357,45,67405
97,8116073608398,Left,-3,567837,0,8300838,0,05655825,342,4169,290,7885,46,28329
97,8256301879883,Left,-3,566756,0,830644,0,05567354,342,4527,290,6796,46,64688
97,8392105102539,Left,-3,564914,0,8318576,0,05288845,342,9476,290,0823,48,20066
97,8531646728516,Left,-3,563421,0,8325349,0,05072784,343,1843,289,6975,49,33474
97,8669662475586,Left,-3,56276,0,8327833,0,04932857,342,9872,289,3553,49,55382
97,8808364868164,Left,-3,561205,0,8332636,0,04698282,342,4333,288,8765,49,15593
97,8948974609375,Left,-3,560763,0,8330025,0,04631728,342,245,288,7795,48,48627
97,9086227416992,Left,-3,560265,0,8329503,0,04479623,341,6248,288,3952,46,91427
97,9227752685547,Left,-3,559621,0,8338569,0,04378259,341,2382,288,1448,46,26128
97,9366226196289,Left,-3,55885,0,8346787,0,04316902,341,0486,288,0833,46,23689
97,950309753418,Left,-3,55791,0,8350582,0,04265821,340,4439,288,2573,45,54821
97,9643630981445,Left,-3,558223,0,8337917,0,04306501,340,7346,288,4631,44,91132
97,9781494140625,Left,-3,557734,0,8328455,0,04252052,340,7891,288,5406,44,11742
97,9921340942383,Left,-3,557529,0,8320275,0,04261774,341,7198,288,8404,44,70405
98,0060424804688,Left,-3,55743,0,8312576,0,0423131,341,5349,289,0111,44,53941
98,0198593139648,Left,-3,556068,0,8289641,0,04197437,341,6157,289,6481,43,734
98,033935546875,Left,-3,556077,0,8279389,0,04204232,341,9891,289,8431,43,47533
98,0477752685547,Left,-3,557592,0,8293227,0,04246348,341,9288,289,4139,44,35352
98,0615921020508,Left,-3,558817,0,8289282,0,05055702,341,9408,289,3077,44,9039
98,0754928588867,Left,-3,561147,0,8287758,0,07499206,341,8988,289,2566,44,78644
98,0895080566406,Left,-3,561667,0,8280019,0,1111463,341,9066,289,1843,45,38268
98,1031951904297,Left,-3,561233,0,8276337,0,145434,341,9503,289,0371,46,15719
98,1173629760742,Left,-3,559918,0,8272846,0,1711772,341,8215,288,7754,46,74282
98,1309356689453,Left,-3,557045,0,8272378,0,2134439,341,5288,288,5819,47,06325
98,14501953125,Left,-3,554208,0,8271044,0,2318306,341,4255,288,6428,47,32884
98,1588897705078,Left,-3,547796,0,8269355,0,2794676,341,328,288,7342,47,80164
98,1726531982422,Left,-3,540431,0,8262662,0,3175063,341,4257,288,9568,47,57753
98,1867446899414,Left,-3,534534,0,8259196,0,3413941,341,5301,289,0616,47,53884
98,200553894043,Left,-3,523583,0,8253093,0,3862275,341,6047,289,2629,47,53836
98,2142181396484,Left,-3,518843,0,8252003,0,4002035,341,5161,289,3593,47,69521
98,2284088134766,Left,-3,50426,0,8244714,0,4489437,341,4478,289,6817,48,38134
98,2423248291016,Left,-3,491555,0,8230144,0,4876735,341,8181,289,9441,48,83247
98,2560195922852,Left,-3,484331,0,8219677,0,507506,341,9486,290,0646,48,8953
98,2699279785156,Left,-3,467157,0,8206188,0,5538575,342,0196,290,4085,49,08717
98,283561706543,Left,-3,455481,0,8195626,0,5862375,342,0063,290,3644,49,13321
98,297607421875,Left,-3,445463,0,8191242,0,6113657,341,9982,290,2553,49,14659
98,3115158081055,Left,-3,43005,0,8174955,0,6515657,342,2529,290,3581,49,27634
98,3253707885742,Left,-3,423801,0,8164042,0,6698168,342,4545,290,5302,49,25133
98,3393249511719,Left,-3,405964,0,8145817,0,716286,342,8273,290,833,49,36347
98,3533020019531,Left,-3,393991,0,814283,0,7522987,342,8587,291,084,49,86812
98,3671112060547,Left,-3,385803,0,8139311,0,7759647,342,9232,291,1689,50,1539
98,3810119628906,Left,-3,372259,0,8134149,0,8190088,343,0868,291,2818,51,00519
98,3951110839844,Left,-3,368588,0,812681,0,8375412,343,1425,291,3705,51,19819
98,4086685180664,Left,-3,356742,0,8116217,0,8835496,343,2876,291,6586,51,21308
98,4228820800781,Left,-3,348236,0,8108516,0,9236895,343,4185,291,8442,51,30593
98,4364395141602,Left,-3,345502,0,8101888,0,9455799,343,5236,291,8196,51,20028
98,4504013061523,Left,-3,340313,0,8091213,0,9933258,343,6478,291,8299,51,00739
98,4644241333008,Left,-3,338885,0,808871,1,009292,343,7283,291,8531,51,00778
98,478401184082,Left,-3,335008,0,8075008,1,059016,343,996,292,0294,50,94096
98,4921569824219,Left,-3,332335,0,8074026,1,099595,343,9871,292,139,51,14827
98,5061569213867,Left,-3,332711,0,8073375,1,122361,343,9845,292,1623,51,503
98,5198440551758,Left,-3,331341,0,8073478,1,169674,343,9403,292,1652,51,69832
98,533935546875,Left,-3,33176,0,807088,1,205858,343,9181,292,33,51,56823
98,5477828979492,Left,-3,332591,0,8068545,1,23319,343,9871,292,3844,51,48124
98,5615768432617,Left,-3,334188,0,8066292,1,275687,344,1047,292,3716,51,55189
98,5756072998047,Left,-3,33579,0,8064443,1,296142,344,1619,292,3903,51,5614
98,5895767211914,Left,-3,338551,0,8062699,1,345177,344,1972,292,4669,51,60979
98,6034393310547,Left,-3,341582,0,8064659,1,382146,344,0651,292,7595,51,88049
98,6172561645508,Left,-3,344,0,8067144,1,408373,343,9935,292,9997,52,3883
98,6310348510742,Left,-3,349168,0,8064927,1,452494,344,1093,293,1313,52,88967
98,6450500488281,Left,-3,352753,0,8060655,1,470273,344,1996,293,0867,52,86708
98,6589050292969,Left,-3,361305,0,8057728,1,516771,344,2238,292,8442,52,67626
98,6726608276367,Left,-3,369469,0,8057787,1,553574,344,1942,292,7542,52,55202
98,6866683959961,Left,-3,376361,0,8058369,1,576155,344,1764,292,7126,52,46419
98,7007293701172,Left,-3,389749,0,8053663,1,620606,344,2248,292,6326,52,31881
98,7143402099609,Left,-3,395768,0,8051744,1,633744,344,3034,292,6216,52,3112
98,7285232543945,Left,-3,41398,0,8043363,1,680809,344,6371,292,5876,52,36893
98,7420883178711,Left,-3,429804,0,8038672,1,716105,344,8663,292,5813,52,48259
98,7560729980469,Left,-3,439564,0,8038856,1,735678,344,8309,292,5778,52,45004
98,7699737548828,Left,-3,460739,0,8039204,1,778396,344,7608,292,5777,52,38303
98,7838439941406,Left,-3,468753,0,8039652,1,789313,344,7464,292,5534,52,36864
98,7981872558594,Left,-3,495313,0,8040368,1,832213,344,6741,292,2961,52,14559
98,811767578125,Left,-3,517654,0,8042246,1,864824,344,6786,292,2521,52,03811
98,8254699707031,Left,-3,529184,0,8044031,1,879705,344,6795,292,2584,51,98185
98,8395233154297,Left,-3,558265,0,8048497,1,918251,344,6801,292,2634,51,93653
98,853157043457,Left,-3,580169,0,8053325,1,945334,344,6107,292,1291,51,89928
98,8670196533203,Left,-3,596229,0,805659,1,963646,344,5685,292,0234,51,88067
98,880973815918,Left,-3,625137,0,8062915,1,996665,344,4913,291,8179,51,85435
98,8947677612305,Left,-3,636301,0,8067179,2,007919,344,451,291,6822,51,82905
98,9089889526367,Left,-3,670025,0,8077865,2,043155,344,3611,291,3345,51,82421
98,9225769042969,Left,-3,695836,0,8084472,2,068814,344,3031,291,0899,51,88301
98,9365081787109,Left,-3,712322,0,808911,2,084205,344,2868,290,8977,52,00067
98,9501190185547,Left,-3,745031,0,8100219,2,114148,344,2411,290,4514,52,33251
98,9639129638672,Left,-3,755033,0,8099939,2,123434,344,27,290,3859,52,42929
98,9780578613281,Left,-3,790632,0,8107125,2,156071,344,3347,290,1866,52,72155
98,9919052124023,Left,-3,820678,0,8117078,2,181772,344,278,289,9254,52,9752
99,0057754516602,Left,-3,835582,0,8122306,2,194595,344,1931,289,7713,53,14294
99,0198440551758,Left,-3,872078,0,8135766,2,225688,344,0051,289,4125,53,50185
99,0337066650391,Left,-3,898111,0,8141121,2,247429,343,8734,289,1522,53,53643
99,04736328125,Left,-3,916925,0,8144798,2,263089,343,8217,288,9687,53,41996
99,0613327026367,Left,-3,94965,0,8151948,2,290367,343,6925,288,7133,53,10684
99,0753173828125,Left,-3,963661,0,8157304,2,30199,343,6126,288,6123,52,99817
99,0889663696289,Left,-3,998966,0,8259063,2,330731,343,4226,288,3403,53,03011
99,1028442382813,Left,-4,027775,0,8405865,2,353574,343,21,288,0628,53,5761
99,1165008544922,Left,-4,044871,0,8397064,2,366772,343,1729,287,8895,53,87109
99,1304779052734,Left,-4,080534,0,8452834,2,394866,343,2165,287,6746,54,35966
99,1443023681641,Left,-4,092055,0,8452662,2,40372,343,1478,287,6476,54,21277
99,158073425293,Left,-4,128872,0,8462143,2,432201,342,9418,287,4055,53,75901
99,1721649169922,Left,-4,161524,0,847004,2,456257,342,8213,287,0586,53,42153
99,1859970092773,Left,-4,177774,0,8475499,2,468128,342,7452,286,9167,53,3826
99,199577331543,Left,-4,21441,0,8486003,2,49487,342,6696,286,5709,53,36956
99,2137603759766,Left,-4,243281,0,8496223,2,515714,342,6146,286,1775,53,62393
99,2275390625,Left,-4,263604,0,8503807,2,530567,342,5057,285,9253,53,76945
99,2413787841797,Left,-4,296408,0,8517244,2,556203,342,2343,285,6026,53,88322
99,2553558349609,Left,-4,310255,0,8522471,2,568437,342,2184,285,3996,54,0293
99,2689971923828,Left,-4,345106,0,853586,2,597225,342,1068,284,8886,54,24688
99,2833557128906,Left,-4,372221,0,8546141,2,623258,341,9482,284,6089,54,36871
99,2969284057617,Left,-4,387683,0,8554606,2,639046,341,8918,284,4651,54,68786
99,3105697631836,Left,-4,418554,0,8567066,2,669329,341,7509,284,1127,55,03634
99,3246459960938,Left,-4,430369,0,8569933,2,680857,341,7014,283,9804,55,11544
99,3388290405273,Left,-4,462116,0,8587227,2,715039,342,1153,283,2627,54,49385
99,3523941040039,Left,-4,4884,0,8596521,2,742377,341,5805,283,7523,55,74291
99,3662719726563,Left,-4,50416,0,8586566,2,758933,341,589,283,775,55,72402
99,3800811767578,Left,-4,534366,0,8648015,2,788411,341,0412,283,072,58,17545
99,3943252563477,Left,-4,545522,0,8640335,2,799598,340,9086,282,9409,58,40364
99,4080276489258,Left,-4,576716,0,8664957,2,829209,340,6989,282,5801,59,29204
99,4217529296875,Left,-4,602157,0,8689578,2,849048,340,3607,282,2519,60,4365
99,4360427856445,Left,-4,610381,0,8694441,2,851134,340,1077,282,4505,60,42578
99,4497299194336,Left,-4,63343,0,8712401,2,862743,339,7568,282,4413,60,55643
99,4634704589844,Left,-4,642406,0,8723344,2,862393,339,9536,281,0712,60,88184
99,4774932861328,Left,-4,633874,0,8728924,2,859841,339,8153,282,7561,61,04007
99,491455078125,Left,-4,634638,0,8740472,2,856854,340,3465,283,6312,61,32869
99,5051574707031,Left,-4,634583,0,8746885,2,855266,340,6236,284,2293,61,53085
99,5191955566406,Left,-4,634121,0,8763158,2,85093,341,371,286,1984,61,92244
99,5329818725586,Left,-4,63391,0,8779088,2,846656,342,0416,288,1692,62,39686
99,5469360351563,Left,-4,633903,0,8790752,2,84357,342,5827,289,5857,62,74733
99,5610198974609,Left,-4,633924,0,8811324,2,838129,343,2133,292,0684,63,71325
99,5747909545898,Left,-4,635813,0,8813467,2,836926,343,4709,293,2702,63,52248
99,588752746582,Left,-4,634068,0,8824348,2,833848,344,2797,295,7524,63,43344
99,6026382446289,Left,-4,634487,0,8836294,2,832056,344,9778,296,7928,63,47752
99,6163482666016,Left,-4,634569,0,8844879,2,831038,345,6139,297,5068,63,30679
99,6304473876953,Left,-4,634667,0,8864949,2,828679,346,4463,298,5515,63,95882
99,6443862915039,Left,-4,634769,0,8870581,2,827753,346,6745,298,9835,64,07531
99,658073425293,Left,-4,63472,0,8886721,2,825411,347,5738,300,2232,64,2339
99,6722564697266,Left,-4,634892,0,8903983,2,823347,348,4084,301,2401,64,63052
99,6859512329102,Left,-4,634929,0,8908629,2,82234,348,6943,301,7309,64,68602
99,6999206542969,Left,-4,634911,0,891893,2,820123,349,4501,303,002,64,58061
99,7137603759766,Left,-4,635261,0,8934523,2,817922,350,0628,303,999,65,16247
99,7275772094727,Left,-4,635589,0,8945056,2,816251,350,473,304,7543,65,50961
99,7414932250977,Left,-4,635824,0,8948573,2,813837,351,5485,306,2031,64,43276
99,7555618286133,Left,-4,636319,0,8963366,2,812578,352,3445,306,9047,64,80078
99,7693481445313,Left,-4,636727,0,8968696,2,810584,352,9423,308,1084,64,73154
99,7831802368164,Left,-4,637198,0,896728,2,80968,353,8691,309,1119,63,85118
99,7970504760742,Left,-4,637661,0,8969742,2,810199,354,4474,309,6863,64,04292
99,8109359741211,Left,-4,637816,0,8982527,2,806172,355,2371,310,601,63,04513
99,8248519897461,Left,-4,638282,0,8994322,2,804931,355,9575,310,7531,62,79216
99,8386611938477,Left,-4,638882,0,9013816,2,802306,356,4466,311,0794,62,93944
99,8527221679688,Left,-4,639262,0,9029891,2,799625,356,2005,310,3054,62,77494
99,8666076660156,Left,-4,638623,0,9038499,2,797667,356,1283,310,2213,62,84812
99,8802795410156,Left,-4,638843,0,9051619,2,79482,356,3216,310,4437,62,90516
99,8943557739258,Left,-4,638625,0,9057635,2,79348,356,2619,310,3142,62,95459
99,9086151123047,Left,-4,640123,0,9067863,2,789978,356,479,310,4889,62,91932
99,9220275878906,Left,-4,64058,0,9078559,2,786529,356,7854,311,4909,62,90804
99,9360809326172,Left,-4,640958,0,9084343,2,78483,357,05,312,2968,63,0622
99,9497833251953,Left,-4,641964,0,909329,2,781517,357,4276,313,8633,63,26788
99,9638214111328,Left,-4,642889,0,9095918,2,780106,357,8013,315,1552,63,41331
99,9776611328125,Left,-4,643496,0,9097273,2,779467,358,0748,315,7914,63,42533
99,991455078125,Left,-4,643333,0,9100062,2,779375,358,2585,316,3375,63,45383
100,005577087402,Left,-4,6435,0,9101715,2,779248,358,2683,316,36,63,54743
100,019905090332,Left,-4,643535,0,9103718,2,779183,358,4063,316,4355,63,58826
100,033157348633,Left,-4,643539,0,9105829,2,779085,358,4935,316,4481,63,64925
100,047218322754,Left,-4,643532,0,910856,2,778811,358,5727,316,4217,63,71147
100,061103820801,Left,-4,643632,0,9115866,2,778664,358,2431,316,0636,64,64339
100,07479095459,Left,-4,643368,0,9113229,2,778524,357,5232,315,6459,64,96873
100,088821411133,Left,-4,643109,0,9111494,2,778729,357,0311,315,1736,65,24244
100,102561950684,Left,-4,642852,0,9109576,2,778948,356,8481,315,0132,65,23594
100,116722106934,Left,-4,642725,0,9109783,2,779237,356,8327,314,9509,65,21965
100,130653381348,Left,-4,642615,0,9109487,2,779706,356,8401,314,6275,65,22281
100,144172668457,Left,-4,642484,0,910887,2,779983,356,8381,314,4047,65,19807
100,158302307129,Left,-4,642114,0,9106358,2,781541,356,7635,313,5612,65,05387
100,172302246094,Left,-4,641634,0,9104079,2,783369,356,7542,312,6154,64,88241
100,18595123291,Left,-4,641415,0,9105591,2,783534,356,8146,312,4462,64,86716
100,199859619141,Left,-4,641481,0,9109613,2,784019,357,0769,312,2488,64,89113
100,213722229004,Left,-4,64159,0,9114834,2,785514,357,5392,311,599,64,81355
100,22785949707,Left,-4,6416,0,9118738,2,786391,357,8145,311,1869,64,82879
100,241668701172,Left,-4,641824,0,9126713,2,788086,358,5788,310,5336,64,6226
100,255477905273,Left,-4,641876,0,9131764,2,789178,359,1049,310,1275,64,3915
100,269432067871,Left,-4,642386,0,9148445,2,791711,0,6435147,309,2689,63,98434
100,283409118652,Left,-4,642302,0,9154418,2,791903,0,7639742,309,058,64,37761
100,297050476074,Left,-4,644012,0,9198914,2,798316,3,068078,307,7057,64,24309
100,311012268066,Left,-4,645416,0,9266816,2,803974,5,80995,304,7909,66,86649
100,325164794922,Left,-4,644876,0,9283003,2,808057,5,608387,303,4019,67,58419
100,339019775391,Left,-4,645897,0,9324121,2,815252,7,737285,299,8499,68,36121
100,352737426758,Left,-4,647013,0,935805,2,821533,10,04557,295,7881,69,36768
100,366386413574,Left,-4,647278,0,9377884,2,827003,11,25693,293,2179,69,13683
100,38045501709,Left,-4,648365,0,9406718,2,837744,14,48364,289,4613,65,99625
100,394386291504,Left,-4,649114,0,9442711,2,843457,16,70083,288,1993,62,89116
100,408012390137,Left,-4,645316,0,9541222,2,855671,13,52186,289,423,60,28049
100,422050476074,Left,-4,643759,0,9632135,2,864759,6,516354,292,7379,60,3587
100,435844421387,Left,-4,648901,0,967695,2,871103,351,5855,289,956,64,43688
100,450386047363,Left,-4,653772,0,9731513,2,881747,330,3023,287,922,62,94291
100,463973999023,Left,-4,654711,0,9741223,2,883845,330,2712,288,0197,63,1087
100,477485656738,Left,-4,655785,0,976805,2,89119,330,1087,288,5826,62,98014
100,491561889648,Left,-4,656422,0,9775175,2,897959,330,1089,289,4507,61,88538
100,505561828613,Left,-4,6565,0,9784707,2,901111,330,0102,289,9592,61,36281
100,519248962402,Left,-4,656445,0,9787309,2,908063,329,8016,291,1481,59,98059
100,533256530762,Left,-4,656707,0,98008,2,913072,329,6418,291,894,59,36536
100,547019958496,Left,-4,657144,0,9803613,2,915781,329,6676,292,1976,59,25278
100,560874938965,Left,-4,659001,0,9773325,2,915211,330,4335,291,6404,59,86839
100,575340270996,Left,-4,658919,0,975772,2,915803,330,6817,291,6217,59,62849
100,588691711426,Left,-4,659181,0,9726976,2,916069,331,2527,291,4595,58,75677
100,602729797363,Left,-4,658048,0,9706855,2,914,331,33,291,0047,58,20324
100,616744995117,Left,-4,657528,0,9701718,2,913563,331,3344,290,8635,58,20844
100,630310058594,Left,-4,655877,0,9680326,2,910337,331,6414,290,426,58,93824
100,644378662109,Left,-4,655686,0,9678693,2,910255,331,69,290,4259,58,95443
100,65828704834,Left,-4,653664,0,9642408,2,908762,332,6756,290,2956,59,42233
100,672058105469,Left,-4,652007,0,9619417,2,906844,333,0701,289,9741,59,4938
100,686218261719,Left,-4,651266,0,9612048,2,905712,333,0324,289,5959,59,38327
100,700134277344,Left,-4,649867,0,959829,2,902489,333,008,288,4188,58,98895
0,Sorting start,0,0,0,0,0,0
100,713760375977,Left,-4,648959,0,9597207,2,901681,333,0607,288,1881,58,84145
100,727760314941,Left,-4,647133,0,9596575,2,899697,332,9674,287,5314,58,45516
100,741477966309,Left,-4,645116,0,9602307,2,898614,332,7237,287,2056,58,33663
100,755561828613,Left,-4,643854,0,9647762,2,899585,331,6812,287,4094,59,03131
100,769744873047,Left,-4,642206,0,9687949,2,900378,331,0128,287,2135,58,94828
100,783432006836,Left,-4,642217,0,9709504,2,901749,330,5397,287,1773,58,73393
100,797294616699,Left,-4,641802,0,9730591,2,90316,330,1266,287,351,58,50142
100,811004638672,Left,-4,641319,0,9767209,2,906196,329,3785,287,7371,57,93518
100,824951171875,Left,-4,641915,0,9786196,2,908438,329,1665,288,0328,57,71914
100,838905334473,Left,-4,642101,0,9819838,2,912265,328,7138,288,4908,57,30812
100,852630615234,Left,-4,643039,0,9844255,2,916383,328,5409,289,0692,56,84212
100,866722106934,Left,-4,644132,0,9857151,2,919868,328,529,289,5266,56,39919
100,880569458008,Left,-4,645618,0,9881248,2,926296,328,6541,290,6215,55,84945
100,894523620605,Left,-4,646605,0,9889839,2,928748,328,72,291,0304,55,60285
100,908447265625,Left,-4,649138,0,9908962,2,936804,328,5217,292,0784,54,03441
100,922348022461,Left,-4,65091,0,9937096,2,94319,327,982,292,8131,52,75309
100,936088562012,Left,-4,651442,0,9953485,2,946004,327,7183,293,2181,52,48926
100,950050354004,Left,-4,652853,0,9985393,2,952505,327,2551,294,1331,52,5507
100,96411895752,Left,-4,653945,0,9992227,2,954446,327,331,294,3298,52,94424
100,977851867676,Left,-4,656137,1,000941,2,960135,327,7089,294,9276,53,88847
100,991706848145,Left,-4,658788,1,000845,2,965071,327,9688,295,2751,53,28622
101,005676269531,Left,-4,659831,1,000749,2,967118,328,0639,295,3126,52,29076
101,02001953125,Left,-4,661561,1,000751,2,972027,328,1874,295,6286,49,88445
101,03345489502,Left,-4,661317,1,002183,2,973047,328,0831,295,6967,49,48491
101,047439575195,Left,-4,66134,1,00509,2,977381,327,5417,296,068,48,78417
101,061187744141,Left,-4,660525,1,008756,2,981229,327,1154,296,5582,49,16785
101,075157165527,Left,-4,66048,1,009862,2,983048,327,0087,296,7892,49,36745
101,088912963867,Left,-4,657898,1,012885,2,988329,326,9311,298,0013,49,92563
101,102890014648,Left,-4,657443,1,014076,2,993128,327,0191,299,0622,49,75911
101,116813659668,Left,-4,65723,1,014879,2,996114,327,1214,299,6538,49,55217
101,13069152832,Left,-4,657635,1,016462,3,001574,327,1375,300,2567,48,92089
101,14461517334,Left,-4,658134,1,017248,3,003466,327,0592,300,2632,48,58068
101,158340454102,Left,-4,659025,1,018712,3,009144,326,8608,300,6195,47,56232
101,172393798828,Left,-4,659919,1,019782,3,014833,326,9409,301,189,46,70287
101,186332702637,Left,-4,66078,1,020131,3,018893,327,269,301,5877,46,45294
101,20002746582,Left,-4,661594,1,021291,3,025997,327,6014,302,4297,45,88976
101,214065551758,Left,-4,66229,1,021749,3,028855,327,8269,302,7822,45,79371
101,227958679199,Left,-4,663701,1,022541,3,037568,328,4339,303,7822,45,38092
101,241775512695,Left,-4,665621,1,023049,3,045663,329,0342,304,5648,44,88941
101,256088256836,Left,-4,666257,1,023726,3,049059,329,1974,304,9259,44,64926
101,269500732422,Left,-4,667283,1,024805,3,056278,329,5572,305,7072,44,13204
101,283538818359,Left,-4,671467,1,025566,3,066423,329,3726,305,9521,42,43405
101,297470092773,Left,-4,673508,1,027241,3,070936,329,1418,306,0469,42,0473
101,311210632324,Left,-4,678521,1,028753,3,078478,328,7898,305,8067,41,28339
101,32536315918,Left,-4,681108,1,028891,3,081931,328,9399,305,539,41,11415
101,339111328125,Left,-4,686112,1,029075,3,090575,329,3439,305,431,40,65314
101,352920532227,Left,-4,690354,1,027039,3,098481,330,7473,305,5842,41,06387
101,366966247559,Left,-4,692876,1,024573,3,104202,332,2384,305,9506,41,61093
101,380714416504,Left,-4,697015,1,018382,3,115356,335,0754,306,9807,41,93764
101,39469909668,Left,-4,699012,1,016022,3,119883,335,9396,307,4415,41,50665
101,408622741699,Left,-4,702958,1,006711,3,132128,337,5174,308,4419,37,77791
101,422340393066,Left,-4,705385,1,003766,3,140586,337,2338,309,1329,34,48018
101,436508178711,Left,-4,706848,1,003638,3,144581,336,5702,309,3492,32,96434
101,450241088867,Left,-4,710214,1,001817,3,15216,336,2794,309,7146,31,80124
101,464141845703,Left,-4,712096,1,001683,3,152555,336,4929,308,9938,32,89185
101,478157043457,Left,-4,717248,0,9987555,3,157263,337,8591,308,4425,34,92728
101,491790771484,Left,-4,719683,0,9942362,3,160882,339,4409,308,6092,36,17164
101,505737304688,Left,-4,722079,0,992317,3,164135,339,9648,308,8925,36,15428
101,519805908203,Left,-4,722903,0,9880797,3,168382,340,9434,309,7578,37,29879
101,533477783203,Left,-4,726171,0,9849848,3,173317,341,267,309,8291,37,69402
101,547714233398,Left,-4,72478,0,986054,3,167922,341,4958,309,6005,37,87494
101,561592102051,Left,-4,726038,0,9908427,3,163568,339,3765,307,5057,39,27561
101,5751953125,Left,-4,724927,0,9926849,3,162109,338,4139,307,227,39,75595
101,589294433594,Left,-4,721827,0,9991534,3,158219,336,1867,306,6384,41,77698
101,602981567383,Left,-4,720865,1,000008,3,157964,335,7112,306,888,43,0742
101,616943359375,Left,-4,708739,1,010448,3,151875,333,3034,308,1589,44,90672
101,630928039551,Left,-4,698491,1,021455,3,145606,329,6308,308,3346,46,71203
101,644638061523,Left,-4,69493,1,024261,3,143385,328,7524,308,396,47,23496
101,658729553223,Left,-4,684294,1,033681,3,136988,325,8601,308,5476,48,10196
101,672698974609,Left,-4,675644,1,040365,3,13156,323,3004,308,5953,48,05961
101,686470031738,Left,-4,670133,1,044668,3,127817,322,0974,308,4722,47,60109
101,700637817383,Left,-4,660333,1,052918,3,119263,319,9932,307,539,47,4794
101,71427154541,Left,-4,656763,1,054674,3,116135,319,7872,307,6354,47,25391
101,72811126709,Left,-4,6466,1,061499,3,107805,318,1215,307,6383,47,08998
101,741966247559,Left,-4,636896,1,067497,3,098975,316,7556,308,0687,47,45062
101,755798339844,Left,-4,632971,1,070822,3,094717,315,9006,307,8222,47,88071
101,769866943359,Left,-4,623816,1,078067,3,081158,314,0158,306,6225,49,23194
101,783966064453,Left,-4,618689,1,080487,3,069936,313,2361,305,5699,49,35902
101,797538757324,Left,-4,614001,1,083301,3,063219,312,4326,305,289,49,50526
101,811630249023,Left,-4,607568,1,087367,3,050221,310,9992,304,5329,49,78815
101,825439453125,Left,-4,606209,1,08835,3,043101,310,4002,303,659,50,01476
101,839340209961,Left,-4,603122,1,090157,3,027191,309,4832,301,7063,50,39805
101,853355407715,Left,-4,598138,1,092728,3,016232,308,5899,300,5992,50,88652
101,866928100586,Left,-4,596808,1,093555,3,007544,308,181,299,4551,51,5878
101,880889892578,Left,-4,59787,1,094089,2,989814,307,9141,295,9332,54,10775
101,894889831543,Left,-4,598666,1,09304,2,982832,308,1842,294,4473,55,27879
101,908569335938,Left,-4,599004,1,092936,2,965285,308,2631,291,3688,57,904
101,922569274902,Left,-4,598929,1,09209,2,951068,308,3681,289,0413,60,20838
101,93675994873,Left,-4,599299,1,091676,2,942218,308,541,287,5184,62,06716
101,95027923584,Left,-4,601309,1,090571,2,924895,309,2124,284,2017,66,25147
101,964256286621,Left,-4,602635,1,08845,2,919623,309,6859,283,1256,67,47307
101,97827911377,Left,-4,604848,1,085963,2,902459,310,6541,280,1785,70,31266
101,992134094238,Left,-4,606495,1,080875,2,889759,311,5548,278,3536,71,29985
102,006011962891,Left,-4,606512,1,078249,2,88485,311,7252,277,983,71,37516
102,019744873047,Left,-4,607058,1,074486,2,872435,312,0768,276,4299,72,37092
102,033699035645,Left,-4,6068,1,070695,2,865096,312,206,275,9547,72,22384
102,047676086426,Left,-4,607287,1,066883,2,861188,312,195,276,0588,70,92385
102,061584472656,Left,-4,608613,1,062055,2,852466,312,619,275,1268,70,43903
102,075424194336,Left,-4,609468,1,059593,2,849284,313,079,274,6016,70,2667
102,089408874512,Left,-4,612072,1,053574,2,840483,314,2323,273,1626,70,60712
102,103218078613,Left,-4,614246,1,048374,2,836531,315,5844,272,4841,71,39073
102,117164611816,Left,-4,615622,1,044717,2,834996,316,399,272,5611,71,66787
102,130966186523,Left,-4,617946,1,038325,2,833122,317,5916,273,0231,71,54473
102,144943237305,Left,-4,619128,1,035781,2,833746,318,131,273,5002,71,19468
102,158851623535,Left,-4,622305,1,029378,2,833811,319,558,274,2251,70,72337
102,172828674316,Left,-4,624159,1,02456,2,836967,320,673,275,2733,70,37297
102,186698913574,Left,-4,625414,1,022302,2,839036,321,1255,275,8168,70,02129
102,200546264648,Left,-4,627171,1,019469,2,843977,321,5475,276,5616,69,233
102,214401245117,Left,-4,627883,1,018431,2,84453,321,7596,276,5599,69,09379
102,228302001953,Left,-4,629236,1,016636,2,850335,321,9716,276,9421,68,36372
102,242408752441,Left,-4,629888,1,015849,2,85576,322,2774,277,5671,67,98894
102,255973815918,Left,-4,630139,1,015896,2,859285,322,4202,277,9968,67,87248
102,269981384277,Left,-4,631374,1,015265,2,866773,322,8371,278,6085,67,36355
102,283744812012,Left,-4,630782,1,015686,2,869596,322,9264,279,3995,67,21672
102,297698974609,Left,-4,62924,1,016346,2,87819,322,6389,280,8713,66,57544
102,311508178711,Left,-4,627699,1,017893,2,886289,322,291,282,3456,65,97151
102,325386047363,Left,-4,627274,1,017998,2,889236,322,1357,282,9283,65,46902
102,339309692383,Left,-4,624239,1,018948,2,898869,321,9038,285,6752,64,19079
102,353187561035,Left,-4,62373,1,019333,2,906126,321,7162,287,1701,62,52382
102,366958618164,Left,-4,623013,1,019744,2,910501,321,628,287,9178,61,46368
102,381141662598,Left,-4,62059,1,020368,2,917883,321,4478,289,3862,60,29348
102,394859313965,Left,-4,620132,1,020856,2,920231,321,3872,289,8117,60,02687
102,408721923828,Left,-4,61833,1,021107,2,92681,321,3983,291,0254,59,65577
102,422920227051,Left,-4,617326,1,021396,2,931036,321,4384,291,8311,59,91609
102,436424255371,Left,-4,617037,1,021471,2,933868,321,4612,292,2442,59,77187
102,450454711914,Left,-4,616496,1,020771,2,938639,321,7582,292,674,60,11911
102,464241027832,Left,-4,616703,1,020614,2,940459,321,7568,292,8405,60,06667
102,478149414063,Left,-4,615913,1,019906,2,945895,321,878,293,4205,59,96946
102,492195129395,Left,-4,616328,1,018053,2,950655,322,5579,294,2354,59,81844
102,505867004395,Left,-4,616559,1,017724,2,953001,322,6866,294,5771,59,81596
102,519775390625,Left,-4,616994,1,016214,2,958527,323,0681,295,353,59,4549
102,533851623535,Left,-4,617889,1,014408,2,962963,323,374,296,1477,58,50314
102,547462463379,Left,-4,618254,1,013403,2,966112,323,6402,296,6246,58,14029
102,561447143555,Left,-4,619656,1,011668,2,971111,324,301,297,112,57,72173
102,57527923584,Left,-4,620038,1,011495,2,973194,324,4039,297,3647,57,61022
102,589065551758,Left,-4,620557,1,010898,2,978587,324,4651,298,1152,57,10739
102,603416442871,Left,-4,621822,1,011369,2,983631,324,5089,298,7753,56,25206
102,617111206055,Left,-4,623075,1,011571,2,987302,324,75,299,0918,55,74367
102,630699157715,Left,-4,626076,1,013032,2,995127,325,2785,299,5609,54,56442
102,644973754883,Left,-4,627051,1,014664,2,998846,325,4673,299,9009,54,05399
102,658721923828,Left,-4,629218,1,019572,3,010353,325,5753,301,2858,52,75007
102,672492980957,Left,-4,631427,1,024975,3,021008,325,7153,302,5162,52,06652
102,686462402344,Left,-4,633194,1,027781,3,026999,325,6165,302,9052,51,68819
102,700157165527,Left,-4,636327,1,033106,3,040669,325,9348,304,0204,50,86126
102,71427154541,Left,-4,63825,1,034892,3,048073,326,3333,304,7048,50,07332
102,728210449219,Left,-4,641245,1,037682,3,064945,327,1493,306,5327,48,09993
102,741821289063,Left,-4,643655,1,039956,3,080359,327,8623,308,3811,46,00183
102,75594329834,Left,-4,644964,1,041439,3,088835,328,1355,309,355,44,85809
102,770042419434,Left,-4,647249,1,040917,3,110253,329,1727,311,9565,42,10495
102,783592224121,Left,-4,648465,1,041511,3,116736,329,4065,312,7195,41,58195
102,797637939453,Left,-4,65117,1,041414,3,135614,330,251,314,6748,39,89237
102,811317443848,Left,-4,654957,1,041159,3,152976,330,7906,315,7941,38,82523
102,825241088867,Left,-4,65714,1,040452,3,160569,331,0505,316,0813,38,24215
102,83960723877,Left,-4,662731,1,03462,3,180671,332,3417,317,3873,35,4669
102,853019714355,Left,-4,667115,1,031326,3,194693,333,2991,318,4559,33,06218
102,866996765137,Left,-4,671077,1,028325,3,203969,333,9731,318,9808,31,08113
102,88117980957,Left,-4,680605,1,021946,3,219644,334,9966,318,9528,27,82098
102,894622802734,Left,-4,683715,1,021162,3,225154,335,2878,318,7334,27,16382
102,908699035645,Left,-4,694829,1,014892,3,240397,336,1988,318,0443,25,89117
102,922569274902,Left,-4,703026,1,010125,3,251839,337,0764,317,5177,27,05116
102,936531066895,Left,-4,70693,1,008013,3,259016,337,7199,317,395,27,74807
102,950386047363,Left,-4,715784,1,001434,3,272202,339,188,317,239,30,00523
102,964096069336,Left,-4,719231,0,9984748,3,276333,339,445,317,3211,29,6783
102,978080749512,Left,-4,729566,0,990162,3,289073,339,8294,317,3109,27,095
102,992126464844,Left,-4,738792,0,983398,3,299746,340,0182,317,3056,23,5791
103,005699157715,Left,-4,742687,0,9802533,3,304836,340,5291,317,4172,22,04375
103,019744873047,Left,-4,75465,0,9720791,3,315984,341,145,317,1398,18,21253
103,033714294434,Left,-4,763638,0,9675118,3,322672,341,9642,315,9272,17,50353
103,047454833984,Left,-4,769668,0,9645063,3,327913,342,6218,315,1649,17,64315
103,061889648438,Left,-4,780194,0,9587896,3,335342,345,2256,313,4899,20,5281
103,075386047363,Left,-4,784137,0,9586045,3,337682,344,8416,312,8116,21,93453
103,089195251465,Left,-4,792603,0,9556992,3,344441,345,6517,311,8065,25,12958
103,103118896484,Left,-4,799311,0,9514822,3,348232,346,136,311,2166,26,32045
103,116874694824,Left,-4,803884,0,9485906,3,351202,346,3539,310,6215,26,07259
103,130821228027,Left,-4,810579,0,9431362,3,355939,346,0971,309,8415,23,9602
103,14493560791,Left,-4,810993,0,9410587,3,3578,346,1578,309,9468,22,47128
103,158508300781,Left,-4,813515,0,9344804,3,363006,347,3973,310,2116,20,96691
103,172492980957,Left,-4,814895,0,9303723,3,367929,348,8831,310,5118,21,15799
103,1865234375,Left,-4,811437,0,9292688,3,368936,349,8871,311,8746,24,31889
103,200317382813,Left,-4,810989,0,9270646,3,374079,347,836,311,6942,25,24139
103,214286804199,Left,-4,812316,0,9247754,3,374846,347,0396,312,3871,25,33943
103,228057861328,Left,-4,814331,0,9279035,3,375633,346,2372,310,966,26,02432
103,241912841797,Left,-4,81382,0,9330108,3,373399,345,7369,309,9684,26,0824
103,255950927734,Left,-4,812765,0,9343671,3,373633,345,6218,309,9829,25,88055
103,26978302002,Left,-4,806917,0,9394334,3,374682,343,6388,311,423,25,68842
103,283706665039,Left,-4,800049,0,9429829,3,374912,342,5992,313,0092,26,33524
103,297866821289,Left,-4,794978,0,9467754,3,37482,341,5511,314,0582,27,92863
103,311447143555,Left,-4,786283,0,9584458,3,373234,340,5469,314,5753,30,71135
103,325370788574,Left,-4,78291,0,9643573,3,372477,339,464,314,8654,31,74739
103,339233398438,Left,-4,76986,0,9856367,3,36866,334,9939,315,0956,34,31527
103,35302734375,Left,-4,759392,0,9985892,3,364567,331,5385,315,8243,35,85435
103,367118835449,Left,-4,751178,1,00735,3,360946,330,0494,316,8026,35,70237
103,381057739258,Left,-4,738745,1,021642,3,355667,328,2355,318,1872,36,47108
103,394744873047,Left,-4,733686,1,027795,3,352871,327,6529,318,8483,36,8475
103,408760070801,Left,-4,719213,1,045838,3,344575,325,2813,320,3839,38,13891
103,422645568848,Left,-4,706505,1,06369,3,332933,322,4272,321,0786,39,48906
103,436508178711,Left,-4,700352,1,072586,3,327962,320,5913,321,258,40,01421
103,450424194336,Left,-4,685965,1,091555,3,313539,316,3263,321,0574,41,93201
103,464126586914,Left,-4,682145,1,095848,3,309338,315,3921,321,084,42,53257
103,478118896484,Left,-4,67001,1,110972,3,293392,313,286,320,9028,43,82661
103,492111206055,Left,-4,660601,1,121305,3,281402,312,4793,321,1541,43,82508
103,505836486816,Left,-4,656291,1,124657,3,275166,312,8572,321,7549,43,01452
103,519912719727,Left,-4,646037,1,133982,3,259317,313,1855,322,6063,42,20691
103,533836364746,Left,-4,63834,1,142112,3,247771,312,6142,323,0804,42,8298
103,547546386719,Left,-4,632993,1,147425,3,238225,312,1907,323,2873,43,4876
103,56160736084,Left,-4,625697,1,153749,3,22033,311,4987,322,6775,45,48337
103,575225830078,Left,-4,622734,1,155963,3,212785,311,0347,322,3022,46,08789
103,589332580566,Left,-4,6144,1,162177,3,19107,309,9526,320,9985,47,62457
103,603378295898,Left,-4,608214,1,165017,3,175096,309,0146,320,1034,48,07471
103,617141723633,Left,-4,604559,1,165681,3,16401,308,5274,319,8471,47,49185
103,630989074707,Left,-4,597711,1,167458,3,143903,307,9104,319,1794,46,87001
103,64485168457,Left,-4,595103,1,166456,3,134321,307,5184,318,8964,46,45778
103,658638000488,Left,-4,586859,1,170909,3,113802,306,4349,318,1154,46,66686
103,672676086426,Left,-4,579545,1,174977,3,097301,305,4857,317,7389,46,903
103,686408996582,Left,-4,578095,1,168868,3,083813,304,8507,317,4293,46,12051
103,70036315918,Left,-4,572841,1,162879,3,06056,304,4196,316,8211,44,80598
103,714309692383,Left,-4,571239,1,162369,3,053421,304,2864,316,1777,45,10125
103,728073120117,Left,-4,569127,1,156794,3,031448,304,39,314,0864,45,75874
103,7421875,Left,-4,566375,1,152766,3,01219,304,449,312,2236,46,5245
103,75617980957,Left,-4,565828,1,149166,3,001009,304,1936,310,958,47,08994
103,769836425781,Left,-4,562636,1,145304,2,978365,303,9262,308,5607,47,80591
103,783767700195,Left,-4,562096,1,141419,2,960762,303,2304,305,4143,49,21238
103,797561645508,Left,-4,563233,1,138634,2,94712,303,0402,302,2761,50,84753
103,811630249023,Left,-4,564627,1,1334,2,924359,303,0575,296,9381,54,36549
103,825622558594,Left,-4,56432,1,131026,2,914278,303,0392,294,9531,55,67389
103,83935546875,Left,-4,565397,1,125087,2,890396,303,1063,289,8544,59,29761
103,853256225586,Left,-4,565942,1,119437,2,872578,303,2371,285,5001,62,65707
103,867324829102,Left,-4,566297,1,116266,2,859701,303,2915,282,4436,64,89843
103,880851745605,Left,-4,566773,1,109886,2,837461,303,6729,276,8275,69,35522
103,894592285156,Left,-4,566354,1,106505,2,829189,303,8825,274,3611,71,76112
103,908432006836,Left,-4,566241,1,099638,2,805253,305,3491,269,812,74,8342
103,922332763672,Left,-4,564839,1,093079,2,786883,306,4756,266,1775,77,21034
103,936332702637,Left,-4,564115,1,089722,2,776915,306,9925,264,4471,77,9072
103,950042724609,Left,-4,562278,1,082474,2,75691,307,5844,260,2908,79,15519
103,964096069336,Left,-4,560426,1,079727,2,751741,307,6423,259,1118,79,38981
103,97843170166,Left,-4,558237,1,071336,2,732975,308,4205,255,5942,80,42616
103,991821289063,Left,-4,554698,1,064993,2,718804,309,2658,253,0151,81,96803
104,005767822266,Left,-4,552617,1,06184,2,713314,309,7015,252,4696,82,63876
104,019691467285,Left,-4,549253,1,054587,2,698533,311,0519,251,3378,83,9315
104,033378601074,Left,-4,546743,1,049303,2,689007,312,1294,250,6287,84,64799
104,047439575195,Left,-4,545789,1,045684,2,68222,312,703,249,9659,84,66383
104,061279296875,Left,-4,543354,1,039927,2,670584,313,3718,248,6271,84,25658
104,075309753418,Left,-4,542002,1,037982,2,66638,313,5348,247,7817,84,41634
104,08927154541,Left,-4,539835,1,032933,2,656785,314,0366,246,0282,84,89822
104,102882385254,Left,-4,537412,1,028434,2,649065,314,2874,244,6404,85,51498
104,116882324219,Left,-4,536474,1,026153,2,64571,314,343,244,1398,85,81332
104,130821228027,Left,-4,535168,1,020946,2,637896,315,0631,242,797,86,58514
104,144508361816,Left,-4,534455,1,019176,2,63527,315,2492,242,3928,86,75605
104,158531188965,Left,-4,532819,1,014126,2,626617,315,7342,240,4778,87,69802
104,172248840332,Left,-4,530749,1,010247,2,620368,315,9066,239,1066,88,3314
104,18620300293,Left,-4,529576,1,008546,2,617464,316,0438,238,4803,88,75273
104,200462341309,Left,-4,527464,1,005003,2,610698,316,5978,237,5478,89,18276
104,214263916016,Left,-4,526711,1,003748,2,609177,316,7635,237,4117,89,11123
104,22802734375,Left,-4,525131,0,9998127,2,603858,317,2994,237,1631,88,50656
104,241958618164,Left,-4,523662,0,9964985,2,600611,317,7924,237,3763,87,46564
104,255554199219,Left,-4,522916,0,9951616,2,598691,318,1546,237,4965,87,17634
104,269599914551,Left,-4,521363,0,9924571,2,595849,318,8446,237,7086,87,25921
104,28360748291,Left,-4,520126,0,9905525,2,593846,318,9931,237,5956,87,56622
104,297317504883,Left,-4,519105,0,9894205,2,592188,318,9834,236,9168,88,28882
104,311477661133,Left,-4,518148,0,9875802,2,590912,319,0366,235,9939,89,50967
104,325080871582,Left,-4,517534,0,9863922,2,589899,318,9929,235,5733,89,92175
104,33918762207,Left,-4,516396,0,9845731,2,589161,318,8859,234,8921,90,75765
104,353034973145,Left,-4,515457,0,9831614,2,588776,318,7451,234,5931,91,24966
104,36678314209,Left,-4,515161,0,9820988,2,588685,318,8468,234,6593,91,15113
104,380790710449,Left,-4,514311,0,980683,2,589638,319,0455,235,0081,90,7931
104,394874572754,Left,-4,513773,0,9798026,2,588942,319,24,235,1534,90,59623
104,408805847168,Left,-4,513227,0,9792739,2,589759,319,2559,235,4905,90,47664
104,422584533691,Left,-4,512862,0,9790179,2,589942,319,0613,235,5257,90,98501
104,43675994873,Left,-4,51299,0,9783931,2,590513,319,2185,235,5867,90,83466
104,450424194336,Left,-4,512805,0,9770553,2,591633,319,1982,235,8399,90,80812
104,464279174805,Left,-4,512862,0,976756,2,591666,319,2373,235,7716,90,87302
104,47834777832,Left,-4,512753,0,9758713,2,591957,319,2947,235,7714,90,86313
104,49227142334,Left,-4,512648,0,9752946,2,591935,319,3904,235,677,90,86354
104,506408691406,Left,-4,512391,0,9742325,2,591994,319,4868,236,0068,90,6069
104,519721984863,Left,-4,512273,0,9728671,2,591935,319,6999,236,2934,90,45538
104,533538818359,Left,-4,512331,0,9720442,2,591944,319,824,236,3554,90,44065
104,547348022461,Left,-4,512364,0,9716369,2,591813,319,8594,236,1954,90,58504
104,561294555664,Left,-4,512442,0,9708256,2,591681,319,8844,235,769,91,02306
104,575317382813,Left,-4,51242,0,9706488,2,59165,319,8438,235,4165,91,40771
104,589256286621,Left,-4,512482,0,9696731,2,591834,319,7301,235,109,92,07613
104,603073120117,Left,-4,512832,0,9687502,2,592108,319,7549,235,5092,91,95343
104,616996765137,Left,-4,513743,0,9676008,2,592185,320,1369,236,0843,91,33041
104,63094329834,Left,-4,514512,0,9662773,2,592685,320,744,237,127,90,23322
104,644813537598,Left,-4,514419,0,9665427,2,592595,320,8817,237,235,90,08556
104,658798217773,Left,-4,514349,0,9665452,2,592724,321,0323,237,6494,89,71415
104,672607421875,Left,-4,514139,0,9665446,2,592195,321,1069,237,3076,90,0759
104,686614990234,Left,-4,513926,0,9665715,2,592041,320,9831,237,0396,90,24494
104,700286865234,Left,-4,513582,0,9666132,2,591837,320,7486,236,6019,90,64159
104,714218139648,Left,-4,513481,0,9664614,2,591777,320,685,236,484,90,71653
104,728202819824,Left,-4,513061,0,9663475,2,59158,320,5873,236,2693,90,8545
104,742080688477,Left,-4,512333,0,9663888,2,591323,320,574,236,2064,90,92774
104,755912780762,Left,-4,511899,0,9664848,2,591113,320,5573,236,1629,91,02931
104,769912719727,Left,-4,510961,0,9667314,2,590406,320,4939,236,086,91,21033
104,783676147461,Left,-4,510026,0,9669461,2,589535,320,3207,236,0254,91,1685
104,797637939453,Left,-4,509361,0,9672216,2,588763,320,1173,235,8203,91,26158
104,811668395996,Left,-4,508539,0,9673658,2,58772,320,1626,235,5275,91,06447
104,825332641602,Left,-4,508201,0,9674441,2,587373,320,1887,235,4259,91,02738
104,839385986328,Left,-4,507421,0,9676968,2,585901,320,0829,234,9182,91,48081
104,853233337402,Left,-4,507694,0,9671988,2,585122,320,3795,234,6864,91,20448
104,867095947266,Left,-4,507132,0,9675032,2,584743,320,2207,234,5051,91,76934
104,880973815918,Left,-4,50778,0,9668594,2,583704,320,3823,234,3644,91,61332
104,895164489746,Left,-4,507567,0,9669641,2,583367,320,4923,234,2968,91,62542
104,908821105957,Left,-4,508074,0,9666443,2,58257,320,6974,234,267,91,56023
104,922668457031,Left,-4,508533,0,9663198,2,582757,320,9128,234,5999,91,09417
104,936378479004,Left,-4,508713,0,9662773,2,582919,321,0121,234,8826,90,79668
104,950485229492,Left,-4,509352,0,9660261,2,583035,321,3332,235,3601,90,21792
104,964248657227,Left,-4,509407,0,9660819,2,583092,321,4494,235,5521,90,01941
104,978378295898,Left,-4,509666,0,9659925,2,583624,321,6641,236,0049,89,64172
104,992393493652,Left,-4,509756,0,9661387,2,584059,321,6755,236,1403,89,63477
105,005798339844,Left,-4,509731,0,9662536,2,584331,321,614,236,0679,89,76682
105,01985168457,Left,-4,509261,0,9666605,2,585136,321,393,235,8224,90,29229
105,033782958984,Left,-4,508917,0,9668419,2,585584,321,1697,235,5433,90,73269
105,047584533691,Left,-4,508536,0,9670677,2,585857,321,0578,235,3593,90,9753
105,061584472656,Left,-4,508125,0,9672755,2,586014,320,9833,235,2452,91,07515
105,075744628906,Left,-4,508033,0,967294,2,586162,321,0255,235,4095,90,87108
105,089279174805,Left,-4,507677,0,9674629,2,586368,321,168,235,9538,90,23652
105,103202819824,Left,-4,507263,0,9678289,2,58619,321,2445,236,1893,89,98824
105,116973876953,Left,-4,506785,0,968141,2,585988,321,1863,236,1041,90,08385
105,131187438965,Left,-4,50568,0,9687977,2,585448,320,9501,235,6096,90,52893
105,144950866699,Left,-4,505208,0,9689847,2,585221,320,8314,235,3277,90,74634
105,158706665039,Left,-4,504246,0,9696099,2,58464,320,5521,234,7864,91,2971
105,172653198242,Left,-4,504145,0,9696507,2,584596,320,357,234,7138,91,49262
105,186882019043,Left,-4,504108,0,9696497,2,584345,320,3153,234,9474,91,30324
105,200469970703,Left,-4,50442,0,969211,2,584172,320,5532,235,6409,90,40023
105,214294433594,Left,-4,504165,0,9695362,2,583849,320,5385,235,7914,90,36091
105,228149414063,Left,-4,504488,0,9691945,2,583256,320,7947,235,8477,89,89917
105,242004394531,Left,-4,504418,0,9691372,2,582609,320,9531,235,6999,89,78006
105,255996704102,Left,-4,504812,0,9688374,2,582309,320,9896,235,5982,89,76707
105,269889831543,Left,-4,505236,0,9684474,2,581789,321,2933,235,4994,89,41174
105,283805847168,Left,-4,505526,0,9682254,2,581615,321,3851,235,5844,89,51536
105,297966003418,Left,-4,506021,0,9678926,2,581571,321,437,235,6528,89,60705
105,311492919922,Left,-4,506911,0,9673271,2,5817,321,4173,235,6923,90,05972
105,325523376465,Left,-4,507556,0,9668674,2,581857,321,3853,235,5971,90,42908
105,339576721191,Left,-4,508899,0,9658546,2,582622,321,3085,235,3291,91,4008
105,353477478027,Left,-4,51017,0,9648358,2,583696,321,1588,235,1065,92,15882
105,367309570313,Left,-4,511373,0,9640331,2,584823,320,9547,234,936,92,82432
105,380905151367,Left,-4,513662,0,9623592,2,586757,321,0112,235,0801,93,17217
105,394920349121,Left,-4,51475,0,9615155,2,587724,321,1342,235,4193,92,98753
105,409027099609,Left,-4,517107,0,9597391,2,59007,321,5505,236,4615,92,14391
105,42276763916,Left,-4,519002,0,9584813,2,591856,322,0574,237,2968,91,2245
105,436653137207,Left,-4,519975,0,957905,2,593083,322,2418,237,6467,90,93716
105,450653076172,Left,-4,521968,0,9565676,2,59527,322,5303,238,2656,90,41114
105,464385986328,Left,-4,522616,0,9562773,2,595829,322,625,238,3682,90,30651
105,478424072266,Left,-4,524467,0,9550771,2,597731,322,8678,238,6484,90,23283
105,492111206055,Left,-4,525767,0,9541816,2,59927,322,9049,238,879,90,38168
105,506134033203,Left,-4,526126,0,9538611,2,60005,322,8905,239,0015,90,39634
105,520156860352,Left,-4,527372,0,9530178,2,601664,322,8925,239,3617,90,49194
105,533798217773,Left,-4,527623,0,9529322,2,601901,322,8689,239,361,90,58999
105,547813415527,Left,-4,528459,0,9525176,2,603222,322,8121,239,6549,90,84442
105,561744689941,Left,-4,529228,0,9522403,2,603732,322,7604,239,4729,91,30764
105,575897216797,Left,-4,529791,0,9521776,2,60399,322,7571,239,1788,91,58781
105,589645385742,Left,-4,530694,0,9521281,2,604567,322,7664,238,6461,92,06138
105,603446960449,Left,-4,531399,0,9520182,2,605428,322,7779,238,5712,92,05851
105,617370605469,Left,-4,531806,0,9519089,2,605925,322,8775,239,0506,91,60042
105,631370544434,Left,-4,532972,0,9521497,2,607135,323,1969,239,8118,91,05041
105,644973754883,Left,-4,533349,0,9523053,2,607474,323,3062,240,1415,90,75919
105,659004211426,Left,-4,534338,0,9526901,2,608509,323,5871,240,5652,90,26573
105,673095703125,Left,-4,535046,0,9534519,2,609666,323,5602,240,5882,90,29071
105,68675994873,Left,-4,535331,0,9538586,2,61018,323,4648,240,517,90,40273
105,700721740723,Left,-4,535829,0,9550942,2,611767,323,1577,240,3628,90,85433
105,71459197998,Left,-4,536146,0,9554379,2,612492,323,0206,240,4221,90,91796
105,728576660156,Left,-4,536851,0,9569689,2,614801,322,6899,240,7589,90,88316
105,742393493652,Left,-4,537528,0,9582899,2,616574,322,442,241,2033,90,80867
105,756233215332,Left,-4,537809,0,9590408,2,617241,322,3564,241,3192,90,81661
105,770027160645,Left,-4,538033,0,9609066,2,618995,322,1221,241,5924,90,78243
105,784057617188,Left,-4,538124,0,9612569,2,619224,322,08,241,5921,90,78882
105,797843933105,Left,-4,538206,0,9631169,2,621055,321,8227,241,6891,90,60479
105,812088012695,Left,-4,538044,0,9645132,2,62224,321,6065,241,7824,90,40392
105,825744628906,Left,-4,537929,0,9650525,2,622675,321,517,241,8716,90,29587
105,839729309082,Left,-4,537666,0,9661281,2,623727,321,3212,242,101,90,09578
105,853477478027,Left,-4,537597,0,96684,2,624401,321,2541,242,3781,89,86151
105,867347717285,Left,-4,537549,0,9669926,2,624225,321,1973,242,357,90,00059
105,881118774414,Left,-4,537733,0,9668906,2,624288,321,3977,242,6359,89,42485
105,895355224609,Left,-4,5374,0,9672271,2,624058,321,4196,242,6678,89,33207
105,90909576416,Left,-4,537072,0,967438,2,623956,321,2869,242,5678,89,46511
105,922889709473,Left,-4,536842,0,9676776,2,623921,321,1064,242,4072,89,70801
105,936958312988,Left,-4,536755,0,9677894,2,623816,321,0377,242,2605,89,87257
105,950889587402,Left,-4,53665,0,9680506,2,623764,320,8818,242,0258,90,24022
105,964797973633,Left,-4,536689,0,9680553,2,623845,320,857,241,9695,90,35357
105,978645324707,Left,-4,536661,0,9681885,2,62401,320,7061,242,0363,90,46905
105,992263793945,Left,-4,536879,0,9680283,2,624149,320,7818,242,3376,90,04832
106,006309509277,Left,-4,536824,0,9681036,2,624138,320,848,242,3954,89,86687
106,020317077637,Left,-4,536559,0,9681283,2,624221,320,9778,242,4283,89,52634
106,034126281738,Left,-4,536353,0,9682461,2,624211,321,0267,242,3747,89,55227
106,048027038574,Left,-4,536043,0,9680941,2,624172,321,095,242,3039,89,32063
106,061935424805,Left,-4,535458,0,9681583,2,624131,320,9284,242,4711,89,43446
106,075828552246,Left,-4,535737,0,9678929,2,624066,321,2073,242,5723,88,94688
106,08975982666,Left,-4,535159,0,9679928,2,624025,321,2288,242,8164,88,86137
106,10343170166,Left,-4,534486,0,9680372,2,623794,321,009,242,8294,89,00164
106,117446899414,Left,-4,534323,0,9679241,2,623465,320,8678,242,6395,89,06618
106,131286621094,Left,-4,53354,0,9678075,2,622919,320,871,242,1895,89,2653
106,145118713379,Left,-4,533298,0,9676634,2,622861,320,8609,242,0329,89,34462
106,159118652344,Left,-4,53289,0,9672451,2,622549,320,9267,241,8741,89,30165
106,17310333252,Left,-4,532777,0,9669579,2,622299,321,1085,241,8387,89,14166
106,186889648438,Left,-4,53231,0,9669061,2,622214,320,9631,242,017,89,3692
106,200706481934,Left,-4,532917,0,9659722,2,621804,321,2386,242,1319,88,84386
106,214630126953,Left,-4,532431,0,9660546,2,621621,321,2949,242,1282,88,8681
106,228469848633,Left,-4,532197,0,9656005,2,621094,321,2196,241,965,89,1246
106,242462158203,Left,-4,532178,0,9653282,2,620889,321,1959,241,8919,89,27208
106,256530761719,Left,-4,53226,0,9651055,2,620719,321,2292,241,9137,89,25158
106,270385742188,Left,-4,532407,0,964573,2,620436,321,3633,242,017,89,04421
106,284080505371,Left,-4,532351,0,9645109,2,620333,321,423,242,0954,88,90614
106,297821044922,Left,-4,532266,0,9641444,2,62004,321,5789,242,2615,88,55537
106,311782836914,Left,-4,531973,0,9640727,2,619679,321,6143,242,239,88,51952
106,32585144043,Left,-4,531816,0,963997,2,619343,321,5859,242,0966,88,65623
106,33952331543,Left,-4,53157,0,9640152,2,619063,321,4521,241,7918,89,0423
106,353416442871,Left,-4,531271,0,9634802,2,618055,321,442,241,3815,89,20747
106,367156982422,Left,-4,531083,0,9634359,2,617864,321,4544,241,141,89,27728
106,381362915039,Left,-4,530851,0,963371,2,617667,321,5446,240,9142,89,23631
106,395248413086,Left,-4,530581,0,9633549,2,617664,321,5967,241,0454,89,08938
106,408981323242,Left,-4,530015,0,9633349,2,61745,321,706,241,218,88,86506
106,422897338867,Left,-4,529201,0,9634889,2,617255,321,6553,241,3396,88,82267
106,43684387207,Left,-4,529136,0,9635286,2,617276,321,6127,241,4223,88,85647
106,450508117676,Left,-4,527992,0,9638064,2,617356,321,5196,241,6492,88,77863
106,46459197998,Left,-4,527771,0,9639602,2,61731,321,5051,241,6409,88,79615
106,478340148926,Left,-4,526442,0,9644518,2,617168,321,2535,241,3687,88,97632
106,492500305176,Left,-4,525687,0,9644359,2,616855,321,3209,241,2154,88,78969
106,506401062012,Left,-4,52475,0,964489,2,616425,321,3558,241,1423,88,71271
106,519973754883,Left,-4,523142,0,964492,2,615441,321,3326,240,9184,88,67502
106,534004211426,Left,-4,522331,0,9646872,2,615183,321,2031,240,8048,88,87186
106,547660827637,Left,-4,520923,0,9647082,2,614153,321,2023,240,4998,88,96462
106,561325073242,Left,-4,518817,0,9648531,2,612189,321,2359,239,7067,89,4539
106,575256347656,Left,-4,517423,0,964213,2,610051,321,2689,239,1706,89,68209
106,588958740234,Left,-4,515599,0,9633207,2,606599,321,3134,238,2275,89,99459
106,602935791016,Left,-4,514458,0,9624987,2,604454,321,4235,238,0021,89,7569
106,617027282715,Left,-4,513827,0,9621274,2,603093,321,6112,237,9989,89,53541
106,630638122559,Left,-4,512755,0,9613951,2,6008,322,0076,238,213,89,04377
106,644584655762,Left,-4,512231,0,9610694,2,599564,322,1851,238,2984,88,82394
106,658561706543,Left,-4,510976,0,9601822,2,596406,322,4318,238,1454,88,55845
106,672241210938,Left,-4,509399,0,9597588,2,593485,322,4253,237,4455,88,85832
106,68627166748,Left,-4,508259,0,9596592,2,591698,322,3075,236,8102,89,21855
106,7001953125,Left,-4,505984,0,9594299,2,58802,322,1381,235,654,89,9579
106,713882446289,Left,-4,505322,0,9589965,2,587276,322,173,235,5465,89,96104
106,72826385498,Left,-4,503392,0,9580505,2,583828,322,4616,235,5305,89,57223
106,741737365723,Left,-4,501825,0,9574155,2,580995,322,7415,235,5885,89,06361
106,755752563477,Left,-4,500844,0,9573156,2,579476,322,7955,235,3601,89,04713
106,769805908203,Left,-4,49883,0,9569466,2,575824,322,7511,234,5227,89,38229
106,783386230469,Left,-4,497354,0,9565343,2,573379,322,6911,233,6528,90,04519
106,79744720459,Left,-4,496483,0,9561057,2,571624,322,7057,233,1284,90,47872
106,811096191406,Left,-4,495431,0,9552328,2,568909,322,8234,232,551,90,81492
106,825157165527,Left,-4,49523,0,9546596,2,568121,322,9815,232,5576,90,73008
106,839096069336,Left,-4,49479,0,9534324,2,565802,323,4258,232,8094,90,27742
106,852767944336,Left,-4,494129,0,9527739,2,564015,323,7336,233,1795,89,86624
106,86678314209,Left,-4,493585,0,9526022,2,562955,323,6706,233,0372,89,9632
106,880752563477,Left,-4,492438,0,9521907,2,561023,323,5655,232,5454,90,51682
106,894470214844,Left,-4,492164,0,9518274,2,560754,323,6017,232,4155,90,71779
106,908485412598,Left,-4,490939,0,9513021,2,558948,323,4907,231,6121,91,55461
106,922393798828,Left,-4,490445,0,9503869,2,558566,323,7418,231,2011,91,66048
106,936294555664,Left,-4,490083,0,9501904,2,558584,323,8885,231,156,91,70998
106,950233459473,Left,-4,489644,0,9497031,2,558392,324,2067,231,124,91,68444
106,96410369873,Left,-4,489635,0,9497286,2,558859,324,2484,231,249,91,54617
106,977722167969,Left,-4,489595,0,9494162,2,559001,324,3623,231,5983,91,29144
106,991691589355,Left,-4,489313,0,9486902,2,558497,324,558,231,8041,91,10039
107,005516052246,Left,-4,488977,0,9485499,2,55824,324,5649,231,7825,91,18682
107,019645690918,Left,-4,48806,0,9482857,2,557569,324,3912,231,4771,91,69074
107,033462524414,Left,-4,487287,0,9478979,2,556845,324,1905,230,9003,92,24835
107,047386169434,Left,-4,487053,0,9479552,2,556757,324,0276,230,4642,92,6914
107,061470031738,Left,-4,484876,0,9470714,2,554786,323,8728,229,7479,93,46646
107,075225830078,Left,-4,484289,0,946678,2,554145,323,8911,229,3528,93,80125
107,08903503418,Left,-4,482667,0,9458938,2,552487,323,9763,228,9553,94,10068
107,102935791016,Left,-4,481283,0,9450139,2,551147,324,1642,229,1439,93,76647
107,116729736328,Left,-4,48022,0,9444638,2,549941,324,3266,229,1836,93,54579
107,130416870117,Left,-4,479236,0,9438326,2,548743,324,5614,229,2997,93,16067
107,144546508789,Left,-4,478633,0,9434471,2,548095,324,7067,229,2876,93,08271
107,158317565918,Left,-4,478343,0,9429769,2,547446,324,9615,229,4831,92,78116
107,172592163086,Left,-4,477849,0,9425673,2,546808,325,1735,229,5851,92,73062
107,186256408691,Left,-4,477686,0,9425043,2,546717,325,1481,229,6221,92,77147
107,199851989746,Left,-4,477405,0,9423866,2,546537,325,0251,229,4787,92,94539
107,213897705078,Left,-4,47727,0,9423541,2,546634,324,8757,229,2678,93,17034
107,227813720703,Left,-4,476985,0,9422188,2,546482,324,8051,229,0992,93,29774
107,241424560547,Left,-4,47656,0,9420919,2,546145,324,76,228,6812,93,63579
107,255584716797,Left,-4,476377,0,9420327,2,546067,324,7232,228,4068,93,87875
107,26927947998,Left,-4,476179,0,9422162,2,545824,324,5757,227,8594,94,43752
107,283393859863,Left,-4,475883,0,9418055,2,545558,324,5165,227,6568,94,66655
107,297264099121,Left,-4,475836,0,9415113,2,545668,324,5354,228,0286,94,34738
107,31103515625,Left,-4,475626,0,9412188,2,545659,324,6722,228,6169,93,80172
107,32495880127,Left,-4,475611,0,9413133,2,545519,324,7536,228,7587,93,63286
107,3388671875,Left,-4,475405,0,9411162,2,545312,324,9145,229,0257,93,20615
107,352600097656,Left,-4,475223,0,9411445,2,545003,325,0731,229,0291,92,89918
107,366638183594,Left,-4,475062,0,9412231,2,544965,325,1361,228,9454,92,92307
107,380218505859,Left,-4,474898,0,941375,2,54485,325,082,228,7793,92,99505
107,394317626953,Left,-4,474869,0,9414761,2,544863,325,0114,228,681,93,11748
107,408401489258,Left,-4,474787,0,9417725,2,544918,324,8732,228,5853,93,39957
107,421943664551,Left,-4,47473,0,9418874,2,545058,324,7081,228,7751,93,66002
107,435920715332,Left,-4,474832,0,9419802,2,545136,324,3921,228,8822,93,93562
107,449836730957,Left,-4,475333,0,9419138,2,545323,324,4688,229,2824,93,50723
107,46363067627,Left,-4,47528,0,9421944,2,545429,324,403,229,5055,93,46761
107,477600097656,Left,-4,475468,0,9422289,2,54546,324,3382,229,5088,93,39197
107,491813659668,Left,-4,475665,0,9423473,2,545409,324,3596,229,4359,93,40733
107,50528717041,Left,-4,475862,0,9422982,2,5454,324,4104,229,4247,93,32488
107,519256591797,Left,-4,476022,0,9422119,2,545285,324,5676,229,2196,93,26585
107,53295135498,Left,-4,476003,0,9421163,2,545334,324,6578,229,1684,93,13503
107,547012329102,Left,-4,47607,0,94207,2,54534,324,7083,229,0949,93,09243
107,560989379883,Left,-4,476147,0,9421767,2,545259,324,731,228,7895,93,27119
107,574699401855,Left,-4,475992,0,9423404,2,545374,324,528,228,6192,93,71272
107,588676452637,Left,-4,47665,0,9419903,2,54559,324,4392,228,6106,93,84884
107,602638244629,Left,-4,476893,0,9418371,2,545827,324,553,228,8368,93,75627
107,616500854492,Left,-4,477301,0,941557,2,546029,324,6641,229,0421,93,56854
107,630470275879,Left,-4,477934,0,941185,2,546283,324,8503,229,3087,93,21338
107,644104003906,Left,-4,478112,0,9410973,2,546389,324,9239,229,4273,93,05145
107,658126831055,Left,-4,478954,0,9405895,2,546678,325,1766,229,5128,92,70597
107,672012329102,Left,-4,479457,0,9402462,2,547159,325,2701,229,6392,92,57101
107,685935974121,Left,-4,479815,0,9399773,2,547559,325,2906,229,8251,92,52851
107,69995880127,Left,-4,480386,0,9395136,2,548169,325,2918,229,9758,92,6722
107,713790893555,Left,-4,480587,0,9393635,2,548226,325,2568,229,9299,92,71396
107,727508544922,Left,-4,480809,0,9391407,2,548608,325,1663,230,043,92,87042
107,74146270752,Left,-4,481231,0,9389271,2,548998,325,092,230,1225,92,96367
107,755226135254,Left,-4,481393,0,9389433,2,549073,325,0714,230,0212,93,11886
107,76929473877,Left,-4,481526,0,9391063,2,549175,324,9452,229,6189,93,65565
107,783142089844,Left,-4,481512,0,9390645,2,54928,324,7251,229,183,94,00781
107,796951293945,Left,-4,48158,0,9388337,2,54941,324,7329,229,2393,93,80453
107,810958862305,Left,-4,481342,0,938781,2,549791,324,7466,229,5573,93,57147
107,825035095215,Left,-4,481466,0,9386275,2,549895,324,9722,229,8045,93,03107
107,838600158691,Left,-4,481433,0,9384841,2,550246,325,2433,230,4714,92,31268
107,852890014648,Left,-4,481203,0,9386762,2,550193,325,5006,230,5929,91,99118
107,866600036621,Left,-4,481087,0,9387456,2,550185,325,5456,230,593,91,94108
107,880195617676,Left,-4,480796,0,938889,2,550091,325,4947,230,374,92,04787
107,89429473877,Left,-4,480637,0,9388794,2,550112,325,4482,230,3024,92,13756
107,907981872559,Left,-4,480154,0,938996,2,550017,325,272,230,0052,92,52065
107,922027587891,Left,-4,479835,0,9388852,2,550085,325,1158,229,9666,92,75057
107,936058044434,Left,-4,479799,0,9388318,2,550128,325,0549,230,0179,92,8414
107,949729919434,Left,-4,479429,0,9386457,2,550195,324,9655,230,2886,92,89976
107,963745117188,Left,-4,479389,0,9384759,2,550148,324,7883,230,4448,92,92678
107,977684020996,Left,-4,479405,0,938411,2,549974,324,6566,230,2999,93,0149
107,991317749023,Left,-4,479438,0,9379994,2,549618,324,7716,230,1261,93,05473
108,005393981934,Left,-4,479346,0,9378755,2,549553,324,7629,230,0417,93,09295
108,019149780273,Left,-4,479524,0,937161,2,548993,325,0547,229,7066,93,05681
108,033226013184,Left,-4,479453,0,9364491,2,548664,325,2835,229,4878,93,09519
108,047164916992,Left,-4,479364,0,9364107,2,548646,325,3061,229,3325,93,08973
108,060890197754,Left,-4,479578,0,9352055,2,548135,325,4169,228,8632,93,46255
108,074836730957,Left,-4,479523,0,934961,2,548256,325,3824,228,6954,93,63181
108,089088439941,Left,-4,479636,0,9341414,2,548428,325,3992,228,5634,93,92614
108,102630615234,Left,-4,479956,0,9332982,2,548948,325,5214,228,9499,93,82434
108,116577148438,Left,-4,480123,0,9331071,2,549102,325,5994,229,3283,93,49367
108,130447387695,Left,-4,480435,0,9321789,2,549741,325,8844,230,074,92,78973
108,14429473877,Left,-4,480518,0,9320822,2,549807,326,0026,230,2877,92,50371
108,158721923828,Left,-4,48087,0,9312076,2,550357,326,3625,230,7479,91,74011
108,171905517578,Left,-4,480779,0,9309057,2,550677,326,4772,230,8172,91,56133
108,185974121094,Left,-4,480701,0,9309254,2,550693,326,4361,230,7357,91,61782
108,199836730957,Left,-4,480562,0,9307241,2,550899,326,3669,230,5741,91,8475
108,213607788086,Left,-4,480498,0,930627,2,551007,326,2356,230,5129,92,09885
108,227592468262,Left,-4,480508,0,9305776,2,551129,326,1779,230,6125,92,17184
108,241821289063,Left,-4,480626,0,9305595,2,551233,326,1332,230,8594,92,1824
108,255439758301,Left,-4,480756,0,9304676,2,551331,326,1615,231,0802,91,99959
108,269233703613,Left,-4,480927,0,9303222,2,551622,326,2918,231,729,91,45706
108,282920837402,Left,-4,481018,0,9305098,2,551551,326,2386,231,8086,91,20941
108,297035217285,Left,-4,481042,0,9306713,2,551358,326,3983,231,636,91,2326
108,31079864502,Left,-4,480657,0,9309359,2,551221,326,3105,231,261,91,48211
108,324905395508,Left,-4,480414,0,9310167,2,551238,326,1976,231,0786,91,68078
108,338623046875,Left,-4,479914,0,931379,2,551082,325,9117,230,4965,92,23978
108,352432250977,Left,-4,479833,0,9315835,2,551062,325,776,229,9721,92,62395
108,366287231445,Left,-4,479943,0,9316167,2,551138,325,7848,229,7781,92,7123
108,380378723145,Left,-4,480126,0,9316676,2,551351,325,7718,229,8367,92,70023
108,394050598145,Left,-4,480451,0,9316582,2,551805,325,7361,230,2658,92,35966
108,408134460449,Left,-4,481186,0,9316682,2,552755,325,9506,231,1682,91,42828
108,422065734863,Left,-4,481325,0,9321969,2,553138,325,9309,231,4023,91,33033
108,435737609863,Left,-4,481424,0,9324145,2,553212,325,8576,231,2092,91,58123
108,449821472168,Left,-4,481601,0,9327465,2,553952,325,6561,231,1295,91,92352
108,463607788086,Left,-4,481911,0,9328789,2,554339,325,6194,231,1435,92,08434
108,477416992188,Left,-4,482193,0,9330797,2,554789,325,64,231,1445,92,16981
108,491546630859,Left,-4,482615,0,9334533,2,555711,325,611,231,1881,92,21461
108,505165100098,Left,-4,48272,0,9335972,2,55627,325,5704,231,2606,92,15231
108,519142150879,Left,-4,482892,0,9340295,2,557675,325,5399,231,2835,92,10725
108,533088684082,Left,-4,482873,0,9343586,2,559007,325,5075,231,4623,92,03463
108,546936035156,Left,-4,482931,0,934402,2,559761,325,5198,231,6138,91,94514
108,560958862305,Left,-4,48303,0,9342459,2,561147,325,6406,231,9843,91,70049
108,574798583984,Left,-4,483047,0,934173,2,561666,325,6537,232,2384,91,49648
108,588516235352,Left,-4,483057,0,9339861,2,562603,325,6718,232,669,91,24509
108,602737426758,Left,-4,483152,0,9338472,2,563112,325,6122,232,7133,91,27634
108,616439819336,Left,-4,483178,0,933801,2,563332,325,5708,232,5433,91,4538
108,630233764648,Left,-4,483471,0,9331195,2,564277,325,4713,232,2665,91,7134
108,64427947998,Left,-4,483661,0,9326192,2,564542,325,4886,232,3258,91,67193
108,65803527832,Left,-4,483926,0,9321693,2,564589,325,4492,232,0453,91,95454
108,672019958496,Left,-4,484672,0,9311182,2,564513,325,5017,231,8705,92,1378
108,68595123291,Left,-4,485188,0,9306217,2,56448,325,5992,231,9188,92,06695
108,699821472168,Left,-4,486451,0,9297662,2,564386,325,8611,232,2296,91,77767
108,71395111084,Left,-4,48769,0,9291632,2,564361,326,1438,232,6492,91,38873
108,727478027344,Left,-4,48818,0,9289731,2,56435,326,3254,232,9732,91,11086
108,741416931152,Left,-4,48913,0,9286985,2,564392,326,5722,233,2278,90,83289
108,755325317383,Left,-4,48949,0,9288433,2,564472,326,6373,233,2001,90,85216
108,769104003906,Left,-4,490213,0,9291423,2,564872,326,5724,233,1262,91,01344
108,783424377441,Left,-4,490635,0,9293343,2,565317,326,4214,233,004,91,23623
108,797172546387,Left,-4,491365,0,9295183,2,56618,326,3383,233,1155,91,21761
108,811180114746,Left,-4,492327,0,9301311,2,56794,325,9834,233,4134,91,38356
108,824806213379,Left,-4,49315,0,9303763,2,569036,326,1342,233,6929,90,96395
108,838706970215,Left,-4,49393,0,9312661,2,571423,326,1475,234,38,90,48917
108,852478027344,Left,-4,494454,0,9322836,2,573008,326,2061,234,4993,90,24466
108,866592407227,Left,-4,49449,0,93262,2,573524,326,1708,234,5055,90,20216
108,88020324707,Left,-4,494726,0,9334227,2,574858,326,0228,234,5007,90,19473
108,894309997559,Left,-4,494761,0,9334679,2,575047,325,9753,234,5118,90,22378
108,908226013184,Left,-4,495159,0,93408,2,57647,325,8234,234,689,90,25475
108,922050476074,Left,-4,495398,0,9343791,2,57724,325,7028,234,9633,90,33665
108,93595123291,Left,-4,495499,0,9344584,2,5776,325,6737,235,1115,90,25095
108,949867248535,Left,-4,495532,0,9346664,2,578242,325,6721,235,5102,90,01335
108,963623046875,Left,-4,495696,0,9346174,2,578495,325,6798,235,9112,89,55501
108,977600097656,Left,-4,495717,0,9346669,2,578485,325,653,236,0897,89,25705
108,991348266602,Left,-4,495585,0,9348388,2,578419,325,8121,236,1189,89,10046
109,005714416504,Left,-4,495397,0,9349689,2,578393,325,7906,235,9716,89,1713
109,019355773926,Left,-4,494887,0,935211,2,578273,325,6721,235,4722,89,54498
109,033142089844,Left,-4,494207,0,9355269,2,578294,325,2551,234,9395,90,33802
109,046989440918,Left,-4,49409,0,9354265,2,578163,325,3029,234,5323,90,44925
109,060958862305,Left,-4,493385,0,935719,2,577873,325,1258,233,8133,91,19087
109,07462310791,Left,-4,4933,0,9355587,2,577893,325,1139,233,5491,91,4584
109,088684082031,Left,-4,492891,0,9353821,2,577849,325,127,233,4914,91,46651
109,102607727051,Left,-4,492611,0,9351042,2,577936,325,2901,233,9725,90,86503
109,116416931152,Left,-4,492249,0,9352188,2,577849,325,2397,234,2165,90,73397
109,130546569824,Left,-4,492108,0,9346616,2,577621,325,532,234,6067,89,88151
109,144142150879,Left,-4,491625,0,9348731,2,577429,325,6281,234,7196,89,68581
109,158042907715,Left,-4,491065,0,9345452,2,576968,325,8942,234,8897,89,34813
109,172096252441,Left,-4,490574,0,9345081,2,57668,326,0358,235,041,89,1764
109,185707092285,Left,-4,490329,0,9345754,2,576529,326,0445,235,0702,89,2222
109,199737548828,Left,-4,489768,0,9346038,2,576144,325,9426,234,9707,89,44288
109,213760375977,Left,-4,489432,0,9344937,2,575754,325,8262,234,6387,89,7375
109,227584838867,Left,-4,489144,0,9343948,2,575358,325,7763,234,3489,89,92332
109,241554260254,Left,-4,488548,0,9342535,2,574574,325,6945,233,8263,90,23151
109,255325317383,Left,-4,488209,0,9342765,2,574212,325,6125,233,5128,90,47108
109,269218444824,Left,-4,487596,0,9344756,2,573426,325,3936,232,795,91,08753
109,283088684082,Left,-4,4874,0,9343928,2,573318,325,2986,232,5866,91,34265
109,296882629395,Left,-4,487448,0,9342463,2,573352,325,3432,232,726,91,24504
109,31086730957,Left,-4,487446,0,9340247,2,573075,325,5429,233,3079,90,72645
109,324920654297,Left,-4,487212,0,9341015,2,572426,325,6464,233,5528,90,41557
109,33861541748,Left,-4,487168,0,9339367,2,571965,325,9093,234,1311,89,70938
109,352615356445,Left,-4,487102,0,9340177,2,571531,326,1498,234,418,89,22078
109,366355895996,Left,-4,486901,0,9341679,2,571241,326,1809,234,3537,89,22238
109,380294799805,Left,-4,486206,0,9342477,2,570118,326,1428,234,1059,89,39433
109,394165039063,Left,-4,485991,0,9342357,2,569788,326,078,233,923,89,5378
109,40811920166,Left,-4,485186,0,9343135,2,568053,325,9267,233,3461,90,02832
109,422164916992,Left,-4,484516,0,9341023,2,566548,325,8303,232,9739,90,56813
109,435752868652,Left,-4,484565,0,9339483,2,56636,325,7909,232,9857,90,61797
109,449981689453,Left,-4,484258,0,9335965,2,564974,325,755,232,8173,90,88229
109,464019775391,Left,-4,484166,0,9333606,2,564579,325,6562,232,7883,90,90145
109,477561950684,Left,-4,48395,0,9326847,2,563215,325,6688,232,4695,90,9725
109,491439819336,Left,-4,483408,0,9321562,2,562024,325,7594,232,0345,91,15691
109,505142211914,Left,-4,483374,0,9319738,2,561942,325,8216,231,9145,91,20358
109,519050598145,Left,-4,483264,0,9312754,2,561189,326,0172,231,9596,91,06258
109,533088684082,Left,-4,483134,0,9307345,2,560602,326,1753,232,187,90,91003
109,54679107666,Left,-4,483131,0,9304366,2,560349,326,2648,232,3378,90,78062
109,560890197754,Left,-4,483059,0,929972,2,560082,326,3624,232,6182,90,53587
109,574783325195,Left,-4,482898,0,9297739,2,559805,326,3855,232,6561,90,50683
109,588645935059,Left,-4,482485,0,9292779,2,559217,326,4143,232,5013,90,61512
109,602531433105,Left,-4,482176,0,9289219,2,558722,326,4178,232,172,90,82214
109,616638183594,Left,-4,481911,0,9286004,2,558242,326,4307,231,9273,91,03045
109,630142211914,Left,-4,4816,0,9280574,2,557538,326,4674,231,5855,91,30797
109,644241333008,Left,-4,48147,0,9277589,2,557512,326,4521,231,7114,91,22028
109,657775878906,Left,-4,481258,0,9274332,2,556967,326,4267,231,5291,91,39854
109,671714782715,Left,-4,48089,0,9270264,2,556708,326,3593,231,4664,91,55179
109,685813903809,Left,-4,480652,0,9267564,2,556438,326,3668,231,4721,91,60497
109,699562072754,Left,-4,480309,0,9263021,2,555762,326,4145,231,3733,91,69754
109,713363647461,Left,-4,480181,0,9259962,2,555387,326,5428,231,2972,91,63683
109,727478027344,Left,-4,480059,0,9257292,2,555077,326,6541,231,3213,91,49089
109,741020202637,Left,-4,480057,0,9255491,2,554978,326,8322,231,5301,91,17707
109,754943847656,Left,-4,480047,0,9254583,2,554929,326,9453,231,7519,90,93325
109,768737792969,Left,-4,479988,0,9252008,2,554728,327,2052,232,1696,90,48109
109,782745361328,Left,-4,47961,0,9251403,2,554418,327,2783,232,4413,90,27068
109,79670715332,Left,-4,479436,0,9252222,2,55426,327,2278,232,356,90,37168
109,810615539551,Left,-4,478771,0,9255335,2,553613,326,978,231,9182,90,81379
109,824424743652,Left,-4,478738,0,9255517,2,553548,326,8678,231,613,91,14599
109,83837890625,Left,-4,478272,0,9258632,2,553069,326,5525,230,891,91,90732
109,852111816406,Left,-4,477939,0,9259132,2,5529,326,321,230,6547,92,35766
109,866104125977,Left,-4,477856,0,9258548,2,552797,326,2161,230,6836,92,41573
109,879829406738,Left,-4,477655,0,9258695,2,552545,326,1474,230,8369,92,2958
109,893928527832,Left,-4,477615,0,9260544,2,552403,326,1982,231,034,92,21825
109,907897949219,Left,-4,477942,0,9258656,2,552323,326,3176,231,1641,91,86674
109,921714782715,Left,-4,477812,0,9261386,2,552034,326,4894,231,2344,91,48297
109,935684204102,Left,-4,477745,0,926298,2,551911,326,5499,231,1866,91,51223
109,949516296387,Left,-4,477913,0,926362,2,551625,326,6198,230,947,91,42765
109,963233947754,Left,-4,477853,0,9264301,2,55165,326,6204,230,9395,91,35123
109,97713470459,Left,-4,477885,0,9264806,2,551711,326,6141,231,0318,91,35157
109,990867614746,Left,-4,478075,0,9264759,2,551895,326,5814,231,1538,91,3812
110,004844665527,Left,-4,478197,0,9265002,2,551929,326,5548,231,1655,91,43217
110,019004821777,Left,-4,47856,0,9264823,2,552314,326,473,231,4024,91,58732
110,032623291016,Left,-4,478995,0,9263098,2,552607,326,4413,231,643,91,64519
110,046531677246,Left,-4,479149,0,9262538,2,552793,326,4044,231,7549,91,72407
110,060508728027,Left,-4,47933,0,9260902,2,553146,326,2979,231,903,91,98463
110,07421875,Left,-4,479405,0,9259331,2,553181,326,0982,231,765,92,22691
110,088340759277,Left,-4,479573,0,9254609,2,553295,326,1406,231,6343,92,26508
110,102058410645,Left,-4,479409,0,9250743,2,553421,326,1742,231,5916,92,37676
110,116073608398,Left,-4,479438,0,9244198,2,55347,326,3833,231,7538,92,01431
110,129989624023,Left,-4,479292,0,9234707,2,553378,326,6461,231,9676,91,73588
110,143798828125,Left,-4,479141,0,9234983,2,553316,326,5925,231,9961,91,82334
110,157676696777,Left,-4,47951,0,9220592,2,55268,326,855,231,9437,91,60816
110,171630859375,Left,-4,479376,0,9214339,2,552096,327,024,231,6402,91,57627
110,185287475586,Left,-4,479339,0,9210575,2,551765,327,0499,231,4504,91,77383
110,199501037598,Left,-4,479788,0,9197866,2,55097,327,1448,231,2264,92,0321
110,213287353516,Left,-4,480062,0,919243,2,550943,326,9529,231,4616,92,276
110,227081298828,Left,-4,48059,0,9187683,2,550956,326,9993,231,7231,92,14438
110,241195678711,Left,-4,481908,0,9176795,2,550961,327,5233,232,3055,91,32325
110,254760742188,Left,-4,481701,0,9179096,2,550955,327,6792,232,4475,91,15234
110,268753051758,Left,-4,482634,0,9174207,2,551279,327,9474,232,9154,90,57708
110,282859802246,Left,-4,484066,0,917446,2,551966,328,0743,233,0409,90,46159
110,296455383301,Left,-4,484523,0,9175856,2,552339,328,0518,232,9997,90,51478
110,310409545898,Left,-4,485868,0,9182807,2,553885,327,8601,233,0047,90,81284
110,32438659668,Left,-4,486107,0,9183674,2,554237,327,7773,232,9722,90,93526
110,338165283203,Left,-4,48752,0,9197347,2,556687,327,4306,233,1315,91,23389
110,352264404297,Left,-4,488435,0,9214634,2,559091,326,7434,233,1568,92,05023
110,365776062012,Left,-4,488814,0,9213043,2,559157,326,6457,233,0773,92,18401
110,379943847656,Left,-4,489834,0,9236931,2,563198,326,1253,233,6918,92,48895
110,393669128418,Left,-4,490559,0,9235907,2,563217,326,204,233,4662,92,29828
110,407325744629,Left,-4,491364,0,9249124,2,565978,326,2452,234,0359,91,58952
110,421295166016,Left,-4,492032,0,9261975,2,568246,326,248,234,4703,91,17823
110,435302734375,Left,-4,492137,0,9267362,2,569069,326,0898,234,7082,91,16113
110,449089050293,Left,-4,493251,0,927198,2,57129,326,2258,235,3321,90,45883
110,463111877441,Left,-4,493673,0,9277934,2,572658,326,4647,235,8585,90,07502
110,477149963379,Left,-4,493802,0,9277306,2,573153,326,5432,236,1453,89,84492
110,490715026855,Left,-4,493991,0,9277012,2,573647,326,5216,236,2438,89,73959
110,504753112793,Left,-4,49384,0,9277149,2,573397,326,243,236,0471,89,90466
110,518539428711,Left,-4,493554,0,9276674,2,572907,326,1788,235,4867,90,43313
110,532371520996,Left,-4,493462,0,9272833,2,572549,326,0575,234,891,91,00803
110,546615600586,Left,-4,49353,0,9271585,2,572658,325,9852,234,5201,91,29481
110,56014251709,Left,-4,493702,0,9270188,2,572835,325,9036,233,9821,91,65913
110,574142456055,Left,-4,493824,0,9268247,2,573068,325,9301,233,8965,91,64468
110,588104248047,Left,-4,49421,0,926488,2,573444,326,075,233,9892,91,34586
110,601974487305,Left,-4,494459,0,9261861,2,573933,326,2612,234,5401,90,87168
110,616142272949,Left,-4,494491,0,9261427,2,574,326,3368,234,9362,90,61246
110,629814147949,Left,-4,494452,0,9260423,2,574047,326,3547,235,3295,90,49413
110,643424987793,Left,-4,494518,0,9258968,2,5741,326,3867,235,5695,90,43609
110,657470703125,Left,-4,494572,0,9256142,2,574337,326,484,235,9463,90,16237
110,671333312988,Left,-4,494703,0,9253914,2,574455,326,6056,236,3242,89,822
110,685218811035,Left,-4,494783,0,9252742,2,574445,326,5797,236,4345,89,59921
110,699249267578,Left,-4,494925,0,9252213,2,574253,326,8096,236,1733,89,62603
110,712936401367,Left,-4,494785,0,925031,2,57433,326,7534,235,8012,89,87547
110,727005004883,Left,-4,494757,0,9248948,2,574643,326,645,235,59,90,12402
110,740837097168,Left,-4,494985,0,9247115,2,575383,326,4498,235,2087,90,62575
110,754577636719,Left,-4,495183,0,9245726,2,575621,326,4102,235,0213,90,7833
110,768669128418,Left,-4,495756,0,9243994,2,576594,326,3867,234,8085,90,87667
110,782455444336,Left,-4,49634,0,9242333,2,577783,326,5002,235,1513,90,45233
110,796485900879,Left,-4,496681,0,9243417,2,578688,326,5799,235,635,90,03886
110,81031036377,Left,-4,497144,0,9246094,2,579782,326,6947,236,4333,89,52388
110,824203491211,Left,-4,497305,0,9249611,2,579977,326,6779,236,6104,89,49149
110,838150024414,Left,-4,497624,0,9256133,2,581127,326,5657,237,0401,89,47224
110,85196685791,Left,-4,49801,0,9259772,2,581698,326,4928,237,4451,89,35952
110,865951538086,Left,-4,498249,0,9261144,2,581892,326,4001,237,6434,89,12643
110,87971496582,Left,-4,498487,0,9265293,2,582294,326,3426,237,8946,88,87852
110,893653869629,Left,-4,498593,0,9270898,2,582662,326,2423,237,9337,88,88104
110,907447814941,Left,-4,498709,0,9272518,2,582725,326,3462,237,8414,88,86436
110,921340942383,Left,-4,498904,0,9278599,2,582989,326,2746,237,3794,89,13953
110,935134887695,Left,-4,498922,0,9279691,2,583173,326,2241,237,2125,89,29285
110,949180603027,Left,-4,499255,0,9284397,2,583649,326,1227,236,8781,89,53181
110,96312713623,Left,-4,499435,0,9285291,2,584058,326,1546,236,9116,89,37817
110,977127075195,Left,-4,4996,0,9286593,2,584397,326,1867,237,0605,89,20853
110,990821838379,Left,-4,499993,0,9289445,2,585051,326,2708,237,3493,88,99377
111,004821777344,Left,-4,500183,0,9291565,2,585387,326,2611,237,4525,88,9976
111,018653869629,Left,-4,500621,0,9295559,2,586452,326,1478,237,6199,89,2272
111,032485961914,Left,-4,501019,0,9296547,2,587137,326,0042,237,5528,89,55006
111,046333312988,Left,-4,501202,0,9296625,2,587508,325,9093,237,4834,89,74483
111,060470581055,Left,-4,501642,0,9296801,2,588488,325,7709,237,5182,90,04867
111,074172973633,Left,-4,502008,0,9294767,2,588938,325,6993,237,6295,89,95165
111,087928771973,Left,-4,502703,0,929222,2,590127,325,6883,237,9101,89,88416
111,101974487305,Left,-4,503644,0,9284679,2,591386,325,9209,238,3015,89,48917
111,115936279297,Left,-4,503856,0,9282605,2,591731,326,0173,238,367,89,34824
111,12979888916,Left,-4,504774,0,9274206,2,592928,326,2681,238,5442,89,07114
111,143661499023,Left,-4,504947,0,9272333,2,59314,326,4167,238,5662,88,87057
111,157524108887,Left,-4,505278,0,926929,2,593516,326,501,238,5017,88,83576
111,171211242676,Left,-4,505713,0,9265085,2,594272,326,5905,238,5837,88,73753
111,185302734375,Left,-4,505788,0,9264954,2,594492,326,5865,238,6314,88,79256
111,199089050293,Left,-4,506145,0,926285,2,595318,326,6155,238,8898,88,91953
111,213081359863,Left,-4,506359,0,9261375,2,595639,326,5926,239,1046,88,90108
111,227066040039,Left,-4,506504,0,926063,2,595883,326,598,239,226,88,81269
111,240989685059,Left,-4,506549,0,9260246,2,596081,326,6082,239,4031,88,61328
111,254661560059,Left,-4,506592,0,925994,2,596162,326,6698,239,5499,88,42873
111,268615722656,Left,-4,506682,0,9258981,2,59665,326,9269,240,0312,87,97755
111,282447814941,Left,-4,506726,0,9261208,2,596789,327,04,240,2377,87,89085
111,296615600586,Left,-4,506829,0,9263021,2,596748,327,0116,240,1535,87,96548
111,310287475586,Left,-4,506504,0,9270462,2,59659,326,4698,239,6555,88,69091
111,324089050293,Left,-4,50676,0,9267135,2,596575,326,581,239,5172,88,51362
111,33821105957,Left,-4,506361,0,9272473,2,596097,326,2533,238,8511,89,175
111,351852416992,Left,-4,506164,0,9273543,2,595614,326,0209,238,3508,89,6672
111,365783691406,Left,-4,506065,0,927279,2,595548,325,9359,238,22,89,77949
111,379760742188,Left,-4,505808,0,9272446,2,595242,325,8846,238,2477,89,71605
111,393547058105,Left,-4,505836,0,9272106,2,595071,326,0445,238,576,89,38502
111,407516479492,Left,-4,505948,0,9271672,2,594949,326,1655,238,7576,89,17009
111,421463012695,Left,-4,506008,0,9270843,2,594778,326,2999,239,0036,88,9097
111,435165405273,Left,-4,50598,0,9270904,2,594683,326,3088,239,0503,88,85522
111,449440002441,Left,-4,505989,0,9269078,2,594517,326,3307,239,1121,88,76485
111,463226318359,Left,-4,506119,0,9266348,2,594428,326,3944,239,1355,88,7384
111,476997375488,Left,-4,506184,0,9265701,2,594445,326,4095,239,1138,88,75287
111,49080657959,Left,-4,506357,0,9263141,2,594646,326,4729,239,1922,88,68869
111,504653930664,Left,-4,506416,0,9262327,2,594866,326,5134,239,2764,88,60612
111,518676757813,Left,-4,506502,0,9260666,2,595243,326,5673,239,4092,88,47638
111,532752990723,Left,-4,506537,0,9259593,2,595401,326,591,239,4868,88,43071
111,546325683594,Left,-4,506629,0,9257515,2,595605,326,6481,239,611,88,32674
111,560333251953,Left,-4,506848,0,9253684,2,595996,326,8434,240,0077,87,92473
111,574310302734,Left,-4,506934,0,9254389,2,596048,326,926,240,1899,87,74081
111,58797454834,Left,-4,507161,0,9254409,2,596251,327,1047,240,4556,87,4678
111,602027893066,Left,-4,506977,0,9256909,2,596265,326,7999,240,4594,87,62389
111,615730285645,Left,-4,50708,0,9256622,2,596107,326,9128,240,2623,87,67944
111,62979888916,Left,-4,506515,0,9259237,2,595884,326,6511,239,7496,88,28219
111,643707275391,Left,-4,506252,0,9260253,2,595693,326,4027,239,1472,88,88992
111,657447814941,Left,-4,506051,0,9262272,2,595474,326,2421,238,6758,89,29424
111,671424865723,Left,-4,50557,0,9266739,2,595101,326,0626,238,0498,89,86555
111,685539245605,Left,-4,505341,0,9266227,2,595131,326,0643,238,0515,89,87841
111,699127197266,Left,-4,504901,0,9267385,2,595082,326,1516,238,3321,89,57681
111,713188171387,Left,-4,504085,0,9270716,2,594902,326,2465,238,8765,89,15773
111,727096557617,Left,-4,503755,0,9272498,2,594772,326,2946,239,1385,89,00327
111,740867614746,Left,-4,503127,0,9274353,2,594564,326,3624,239,5325,88,7753
111,754913330078,Left,-4,502702,0,9276429,2,594201,326,3518,239,5236,88,82041
111,768669128418,Left,-4,502217,0,927915,2,593786,326,2686,239,4489,89,0582
111,782623291016,Left,-4,501615,0,9279718,2,59322,326,0746,239,0569,89,43468
111,79663848877,Left,-4,501153,0,9278285,2,592728,325,9142,238,8233,89,52789
111,81022644043,Left,-4,500244,0,9277561,2,591681,325,9722,238,5073,89,51244
111,824272155762,Left,-4,499936,0,9276495,2,591393,326,0464,238,4633,89,47852
111,838218688965,Left,-4,499316,0,9273,2,590239,326,287,238,3772,89,30196
111,851905822754,Left,-4,498439,0,9269101,2,588902,326,4836,238,4015,89,14212
111,866020202637,Left,-4,498239,0,9268919,2,588713,326,4968,238,5082,89,08174
111,879844665527,Left,-4,497159,0,9265601,2,587292,326,479,238,5407,89,08244
111,893829345703,Left,-4,496704,0,9265755,2,586664,326,4008,238,3248,89,32613
111,907707214355,Left,-4,496177,0,9266895,2,58598,326,1206,237,896,89,76968
111,921455383301,Left,-4,496,0,9263359,2,584985,326,2653,237,3602,89,79639
111,935417175293,Left,-4,495742,0,9263507,2,585002,326,3593,237,2531,89,81282
111,949462890625,Left,-4,495492,0,9263622,2,584412,326,421,236,9096,89,95714
111,963111877441,Left,-4,49519,0,9263538,2,584315,326,3573,236,8113,90,1097
111,977149963379,Left,-4,495072,0,9263175,2,584314,326,2885,236,8734,90,18669
111,991310119629,Left,-4,495127,0,9262571,2,58424,326,2019,236,9443,90,24595
112,004913330078,Left,-4,495277,0,9262468,2,584094,326,2198,236,9064,90,27077
112,018844604492,Left,-4,495602,0,9261841,2,584035,326,2923,237,1538,90,03307
112,032493591309,Left,-4,495934,0,9260997,2,584157,326,4234,237,4531,89,61444
112,04655456543,Left,-4,496223,0,9261581,2,584345,326,5375,237,7516,89,30721
112,06046295166,Left,-4,496873,0,9262615,2,584875,326,7539,238,274,88,76664
112,074348449707,Left,-4,496873,0,9264333,2,584894,326,8253,238,5159,88,6507
112,088264465332,Left,-4,497161,0,9266778,2,585247,326,7759,238,8171,88,50204
112,102180480957,Left,-4,497107,0,9270232,2,585216,326,3874,238,6827,88,76917
112,116333007813,Left,-4,497197,0,9270444,2,585082,326,4259,238,4576,88,89568
112,130043029785,Left,-4,497346,0,9273912,2,584957,326,2703,237,9657,89,31873
112,143882751465,Left,-4,497289,0,9272371,2,585038,326,2625,237,8544,89,38287
112,157638549805,Left,-4,497775,0,9275213,2,585151,326,1439,237,5764,89,60582
112,171615600586,Left,-4,498352,0,9276102,2,585474,326,0948,237,5704,89,6877
112,185485839844,Left,-4,498657,0,9275969,2,585687,326,1144,237,6878,89,6753
112,199325561523,Left,-4,499162,0,9275339,2,586073,326,1776,238,0807,89,46393
112,213401794434,Left,-4,500306,0,9275724,2,586853,326,1704,238,2772,89,51266
112,227409362793,Left,-4,500751,0,9275244,2,587138,326,1778,238,3142,89,55766
112,241111755371,Left,-4,501792,0,9272524,2,588075,326,2068,238,3663,89,69194
112,254913330078,Left,-4,502187,0,9270468,2,588447,326,1917,238,4295,89,67751
112,26879119873,Left,-4,502858,0,92681,2,589004,326,1647,238,2741,89,83263
112,282722473145,Left,-4,503816,0,9259889,2,59033,326,1552,238,2877,89,99874
112,296737670898,Left,-4,504142,0,9254965,2,590908,326,2151,238,5115,89,92731
112,310829162598,Left,-4,50473,0,9245901,2,591935,326,3582,238,999,89,76842
112,32438659668,Left,-4,504957,0,9244288,2,592063,326,4362,239,2868,89,56593
112,338310241699,Left,-4,505717,0,9234946,2,592952,326,6674,239,9416,89,19628
112,352180480957,Left,-4,506367,0,9228341,2,593562,326,9055,240,5905,88,80013
112,366119384766,Left,-4,506858,0,9223914,2,594018,327,0269,240,8768,88,70432
112,379875183105,Left,-4,507446,0,9218559,2,594536,326,9825,241,0578,88,61284
112,393920898438,Left,-4,507983,0,9213682,2,595053,327,1203,241,0658,88,6059
112,407836914063,Left,-4,508377,0,9211293,2,595261,327,1679,240,8119,88,81444
112,42155456543,Left,-4,508748,0,9207662,2,595577,327,162,240,4423,89,06081
112,435806274414,Left,-4,508896,0,9206141,2,595814,327,1392,240,3194,89,14948
112,449668884277,Left,-4,509086,0,9205788,2,596199,327,0657,240,0902,89,34829
112,463356018066,Left,-4,50914,0,9206239,2,596545,326,9734,240,087,89,49239
112,47730255127,Left,-4,509322,0,9206475,2,596854,326,964,240,1705,89,54697
112,491088867188,Left,-4,509828,0,920644,2,597452,327,0189,240,4784,89,44523
112,505157470703,Left,-4,510025,0,9206766,2,597565,327,0574,240,6071,89,30294
112,518905639648,Left,-4,51031,0,9207599,2,597915,327,1173,240,7929,88,93857
112,532661437988,Left,-4,510353,0,9210309,2,598056,327,145,240,75,88,69505
112,546813964844,Left,-4,510406,0,9211588,2,598153,327,2023,240,6835,88,53198
112,560791015625,Left,-4,510423,0,9215286,2,598351,327,3286,240,6532,88,32208
112,574317932129,Left,-4,510317,0,9216523,2,598414,327,3149,240,6927,88,31753
112,588371276855,Left,-4,510346,0,9220031,2,598563,327,2546,240,7887,88,25716
112,602203369141,Left,-4,510522,0,9224179,2,598674,327,2252,240,9043,88,24887
112,616264343262,Left,-4,510624,0,9227942,2,598619,327,1691,240,744,88,51384
112,630035400391,Left,-4,510659,0,9232569,2,598643,326,971,240,4833,88,98969
112,643775939941,Left,-4,510801,0,9231479,2,598785,326,8436,240,5325,88,92883
112,65779876709,Left,-4,510896,0,9236391,2,598771,326,5842,240,2045,89,44469
112,671913146973,Left,-4,511225,0,9236606,2,599113,326,3841,240,1718,89,50237
112,68571472168,Left,-4,511373,0,9236402,2,599149,326,3207,240,1146,89,49677
112,69947052002,Left,-4,511497,0,9234452,2,599405,326,4629,240,3443,89,06878
112,713394165039,Left,-4,511611,0,9234499,2,599632,326,6575,240,6385,88,65043
112,727119445801,Left,-4,511692,0,9233984,2,599845,326,768,240,8268,88,4072
112,741195678711,Left,-4,511838,0,9232633,2,600437,326,9132,241,1124,88,06544
112,754859924316,Left,-4,511847,0,9232948,2,600612,326,8196,241,2049,88,15754
112,768997192383,Left,-4,511901,0,9232091,2,600971,327,0091,241,2255,87,98586
112,783073425293,Left,-4,511835,0,9232783,2,601207,326,9276,241,0237,88,36655
112,796676635742,Left,-4,511841,0,9231893,2,601405,326,8815,240,9344,88,52855
112,810585021973,Left,-4,511825,0,9228211,2,601789,326,867,240,9699,88,52616
112,824523925781,Left,-4,511866,0,9227476,2,601799,326,8982,241,049,88,39831
112,838317871094,Left,-4,511924,0,9222259,2,602122,327,078,241,2713,87,96317
112,852310180664,Left,-4,511747,0,9222651,2,60225,327,0215,241,3453,87,99654
112,866165161133,Left,-4,512014,0,9220454,2,602213,327,3091,241,1417,87,76978
112,879943847656,Left,-4,511884,0,9219754,2,602316,327,3266,240,9966,87,79702
112,894081115723,Left,-4,511836,0,9219217,2,602405,327,332,241,0536,87,82191
112,908042907715,Left,-4,511796,0,9218524,2,60251,327,2839,241,0552,87,97027
112,921661376953,Left,-4,511736,0,9217734,2,602677,327,1827,241,1731,88,12498
112,93563079834,Left,-4,511821,0,9217297,2,602791,327,1407,241,2202,88,14959
112,949432373047,Left,-4,511792,0,9217504,2,603016,327,0876,241,4583,88,17924
112,96337890625,Left,-4,511885,0,9218696,2,60312,326,9862,241,4586,88,30403
112,977325439453,Left,-4,512,0,9220164,2,603277,326,8317,241,3227,88,45992
112,991035461426,Left,-4,512253,0,9220039,2,603572,327,0093,241,2877,88,21458
113,005172729492,Left,-4,512073,0,9220958,2,603636,327,0131,241,3381,88,11658
113,018966674805,Left,-4,511921,0,9221109,2,603701,327,0207,241,3171,88,06188
113,032806396484,Left,-4,511813,0,92213,2,603758,327,0154,241,4232,88,01426
113,046760559082,Left,-4,511759,0,9222223,2,603789,326,9998,241,4277,88,02657
113,060577392578,Left,-4,511607,0,9225801,2,603787,326,8906,241,3065,88,25257
113,074485778809,Left,-4,511625,0,9226165,2,603765,326,8494,241,1922,88,40647
113,088455200195,Left,-4,511585,0,9227662,2,603662,326,7486,241,0131,88,67121
113,102279663086,Left,-4,511628,0,9226044,2,603586,326,7363,241,1034,88,52766
113,116439819336,Left,-4,511661,0,9225289,2,603456,326,7794,241,2028,88,34503
113,130088806152,Left,-4,511631,0,9224164,2,603139,326,9159,241,3752,87,95467
113,144035339355,Left,-4,51156,0,9224731,2,603045,326,9963,241,4713,87,8238
113,157783508301,Left,-4,511616,0,9221701,2,602796,327,28,241,7976,87,33093
113,171852111816,Left,-4,511558,0,9221708,2,602552,327,4962,242,0641,87,07477
113,185493469238,Left,-4,511566,0,9222656,2,602461,327,4733,241,9875,87,14846
113,19947052002,Left,-4,511471,0,9223569,2,602162,327,3845,241,7393,87,33508
113,213317871094,Left,-4,511208,0,9222714,2,601885,327,1492,241,3909,87,79494
113,227180480957,Left,-4,511069,0,922223,2,601638,326,9873,241,0568,88,17215
113,241111755371,Left,-4,510858,0,9221461,2,601285,326,7332,240,455,88,78998
113,254936218262,Left,-4,510823,0,9220829,2,601323,326,6635,240,1787,89,06188
113,268913269043,Left,-4,510816,0,9221662,2,601253,326,5729,239,731,89,5106
113,28279876709,Left,-4,510845,0,9220239,2,601524,326,4395,239,7309,89,69016
113,296630859375,Left,-4,51109,0,9216704,2,601755,326,4695,240,0282,89,36491
113,310516357422,Left,-4,511229,0,9211599,2,602138,326,8482,240,7741,88,502
113,324394226074,Left,-4,511039,0,9214423,2,601984,326,9072,240,8778,88,42929
113,338012695313,Left,-4,510863,0,921392,2,602083,326,9457,240,9531,88,44121
113,351867675781,Left,-4,510837,0,9212849,2,602207,327,0241,241,0828,88,25816
113,365745544434,Left,-4,510885,0,9213139,2,602185,327,0835,241,0953,88,17057
113,379692077637,Left,-4,510892,0,9213144,2,602195,327,1684,241,1214,88,05442
113,393547058105,Left,-4,510831,0,9213144,2,602227,327,2012,241,244,87,97149
113,407333374023,Left,-4,510552,0,9213917,2,602017,327,1722,241,282,88,02779
113,421257019043,Left,-4,510285,0,9214892,2,601828,327,0154,241,169,88,27567
113,43537902832,Left,-4,510199,0,9214652,2,601568,326,9713,241,0501,88,40681
113,448989868164,Left,-4,509764,0,921376,2,600384,326,9019,240,7703,88,68538
113,462959289551,Left,-4,50975,0,9212347,2,599975,326,9387,240,6094,88,7397
113,476791381836,Left,-4,509664,0,9210654,2,599339,327,0347,240,5813,88,67157
113,490676879883,Left,-4,509241,0,9209301,2,597383,327,2596,240,4207,88,73254
113,50463104248,Left,-4,509032,0,920867,2,596842,327,347,240,3662,88,84458
113,518432617188,Left,-4,508504,0,9208299,2,595081,327,5027,240,0326,89,41336
113,532402038574,Left,-4,507933,0,9206942,2,593423,327,502,239,4077,90,25869
113,546409606934,Left,-4,507659,0,9204013,2,592804,327,5028,239,0708,90,63325
113,560119628906,Left,-4,507273,0,9200559,2,592501,327,2399,238,6755,90,96006
113,574119567871,Left,-4,507126,0,9198112,2,592396,327,2613,238,6165,90,98209
113,588020324707,Left,-4,507066,0,9194439,2,592095,327,2872,238,6949,90,9127
113,602142333984,Left,-4,507286,0,9191754,2,591831,327,5298,238,6254,90,79456
113,615814208984,Left,-4,50737,0,9187452,2,59134,327,7023,238,555,90,73901
113,629524230957,Left,-4,507476,0,9177869,2,590764,327,9941,238,6943,90,442
113,643478393555,Left,-4,508519,0,916968,2,586974,328,352,238,9611,90,23206
113,657722473145,Left,-4,511358,0,9167362,2,575942,328,4417,238,9751,90,14411
113,67113494873,Left,-4,513936,0,9162199,2,563692,328,539,238,7271,90,34102
113,684944152832,Left,-4,516171,0,9158185,2,551416,328,544,238,6013,90,36044
113,698928833008,Left,-4,520982,0,9153588,2,524344,328,5105,238,4551,90,35811
113,712615966797,Left,-4,525012,0,9151938,2,500074,328,5351,238,6039,90,20381
113,726791381836,Left,-4,527372,0,914885,2,482175,328,7299,238,7896,90,00857
113,740386962891,Left,-4,531377,0,9146086,2,451322,329,0388,239,2193,89,49664
113,754241943359,Left,-4,532326,0,9147273,2,440454,329,1089,239,3196,89,37516
113,768363952637,Left,-4,535404,0,9146554,2,407211,329,2682,239,1355,89,38905
113,782035827637,Left,-4,537477,0,9146697,2,380891,329,2173,238,6424,89,72812
113,795875549316,Left,-4,537587,0,9142548,2,370399,329,1759,238,1823,90,02837
113,809761047363,Left,-4,5379,0,9132793,2,346032,328,9356,237,414,90,58273
113,82349395752,Left,-4,538433,0,9135981,2,339703,328,8454,237,3477,90,68613
113,837715148926,Left,-4,537291,0,9132986,2,340677,328,9325,237,4456,90,47468
113,851409912109,Left,-4,537408,0,913209,2,339549,329,0007,237,7001,90,26221
113,86506652832,Left,-4,537203,0,9131954,2,3392,329,0975,237,7268,90,13203
113,879058837891,Left,-4,536547,0,9130437,2,338656,329,2561,237,6245,90,00734
113,892692565918,Left,-4,535927,0,91309,2,338474,329,2344,237,3731,90,13786
113,906646728516,Left,-4,535125,0,9130741,2,338323,329,1747,237,2714,90,22854
113,920524597168,Left,-4,534242,0,9131616,2,338187,328,9719,237,2614,90,44073
113,934310913086,Left,-4,533947,0,9130694,2,338028,328,9429,237,2761,90,56199
113,948272705078,Left,-4,53283,0,9129522,2,337659,328,8398,237,4089,90,73995
113,962219238281,Left,-4,532196,0,9129511,2,337312,328,6047,237,1245,91,16109
113,975952148438,Left,-4,531915,0,9126519,2,33724,328,687,237,1055,91,06544
113,990104675293,Left,-4,531199,0,9123247,2,337016,328,7939,236,9557,91,04205
114,003860473633,Left,-4,531039,0,9122987,2,336962,328,8817,236,8027,91,08018
114,017631530762,Left,-4,530396,0,9118815,2,337038,328,9985,236,836,90,94769
114,031631469727,Left,-4,529774,0,9113911,2,337382,329,0488,237,3529,90,61257
114,045455932617,Left,-4,529903,0,9113815,2,337383,329,1601,237,6505,90,42232
114,05940246582,Left,-4,530117,0,9110832,2,337707,329,412,238,3601,89,81695
114,07332611084,Left,-4,530093,0,911164,2,337677,329,4107,238,8205,89,42822
114,08731842041,Left,-4,529433,0,9102796,2,337352,329,5938,238,5609,89,80041
114,101150512695,Left,-4,529318,0,9090465,2,337413,329,5968,238,3257,90,10857
114,11491394043,Left,-4,529461,0,9087328,2,337457,329,5753,238,1193,90,32706
114,128967285156,Left,-4,530076,0,9080286,2,337412,329,4935,237,6339,90,94964
114,142715454102,Left,-4,531064,0,9073182,2,337586,329,3878,237,2863,91,28997
114,156509399414,Left,-4,531701,0,9069588,2,337906,329,3754,237,2813,91,37613
114,170265197754,Left,-4,533593,0,9064108,2,33926,329,4497,237,6501,91,30933
114,184288024902,Left,-4,533978,0,9063504,2,339478,329,588,237,8733,91,08054
114,198051452637,Left,-4,536054,0,9065129,2,341552,329,7274,238,5554,90,84709
114,212242126465,Left,-4,537822,0,9070206,2,343552,329,7816,239,0758,90,56155
114,225967407227,Left,-4,538571,0,9074647,2,344512,329,743,239,1954,90,5093
114,239608764648,Left,-4,54068,0,9090006,2,348117,329,441,239,399,90,55444
114,253692626953,Left,-4,541345,0,9102304,2,350225,328,8974,239,4505,91,12296
114,267585754395,Left,-4,542282,0,9106852,2,35178,328,8871,239,5815,90,93002
114,281349182129,Left,-4,543076,0,9122754,2,354375,328,7134,239,8732,90,95302
114,295486450195,Left,-4,543666,0,9126658,2,35551,328,6769,240,2628,90,77697
114,309646606445,Left,-4,544858,0,913758,2,358369,328,6339,241,1613,90,13795
114,323059082031,Left,-4,545826,0,9146324,2,360071,328,7043,241,8251,89,5919
114,337005615234,Left,-4,546418,0,9151148,2,361307,328,7865,242,2505,89,257
114,350769042969,Left,-4,547529,0,9158121,2,36338,328,922,243,0669,88,62505
114,364868164063,Left,-4,547975,0,9162197,2,364024,329,0126,243,4117,88,41072
114,378692626953,Left,-4,54888,0,9169869,2,365423,328,899,243,843,88,12
114,392440795898,Left,-4,549277,0,9174502,2,365271,328,639,243,382,88,54354
114,406585693359,Left,-4,549236,0,917345,2,36498,328,5834,243,0245,88,84608
114,420524597168,Left,-4,549438,0,9175379,2,365562,328,356,242,517,89,31777
114,434288024902,Left,-4,549474,0,9174154,2,365809,328,3102,242,4143,89,39422
114,448188781738,Left,-4,549599,0,9175348,2,366223,328,1737,241,9943,89,76334
114,462005615234,Left,-4,549733,0,9175031,2,366503,328,0313,241,3553,90,34495
114,475814819336,Left,-4,549934,0,9174177,2,366737,328,0699,241,0024,90,78301
114,489944458008,Left,-4,550478,0,9171153,2,367373,328,0896,240,7432,91,1722
114,503730773926,Left,-4,55048,0,9167681,2,36774,328,0551,241,1731,90,75687
114,517730712891,Left,-4,551329,0,9161415,2,36892,328,2848,242,0314,90,06026
114,531829833984,Left,-4,552408,0,9156066,2,37012,328,5897,242,8326,89,39169
114,545364379883,Left,-4,553046,0,9152914,2,370806,328,7833,243,2395,89,05615
114,559371948242,Left,-4,555132,0,9140061,2,373157,329,3432,244,1747,88,35306
114,573356628418,Left,-4,556649,0,9134223,2,374679,329,5693,244,6928,88,08689
114,587120056152,Left,-4,557216,0,9131999,2,375239,329,5965,244,7339,88,03545
114,60099029541,Left,-4,558796,0,9127173,2,376915,329,509,244,7093,88,19366
114,614761352539,Left,-4,559136,0,9126019,2,377339,329,4144,244,5847,88,37581
114,628746032715,Left,-4,560315,0,9123433,2,379122,329,2495,244,6304,88,56525
114,642860412598,Left,-4,560968,0,9126706,2,379902,329,1152,244,457,88,99165
114,656463623047,Left,-4,561384,0,9129479,2,380496,329,1537,244,3124,89,48655
114,670547485352,Left,-4,562427,0,9132188,2,382127,329,0482,244,4966,89,71585
114,684349060059,Left,-4,563106,0,9132982,2,383041,328,786,244,7357,89,59137
114,698127746582,Left,-4,564417,0,9135235,2,384978,328,9528,245,5025,88,83514
114,71216583252,Left,-4,565714,0,9141809,2,386618,329,0799,246,0561,88,38298
114,726043701172,Left,-4,566117,0,9145942,2,386952,329,1014,246,0281,88,34628
114,739822387695,Left,-4,567493,0,9154284,2,388571,329,0988,245,9567,88,35689
114,754333496094,Left,-4,56879,0,9160639,2,390534,329,1129,246,2593,88,13464
114,767807006836,Left,-4,569734,0,9165488,2,392183,329,1102,246,6597,87,96666
114,781608581543,Left,-4,571227,0,9174264,2,394876,329,0126,247,2194,87,85905
114,795471191406,Left,-4,571876,0,917693,2,39596,328,9937,247,4924,87,77141
114,809371948242,Left,-4,573241,0,9182361,2,398662,328,8974,248,032,87,48706
114,823204040527,Left,-4,574296,0,9187831,2,400438,328,8181,248,3508,87,35056
114,836990356445,Left,-4,574906,0,9190781,2,401716,328,7958,248,5806,87,2421
114,851089477539,Left,-4,576052,0,9195105,2,404099,328,8441,249,0777,87,01287
114,864929199219,Left,-4,57665,0,9197257,2,404888,328,8933,249,239,86,88219
114,878791809082,Left,-4,577829,0,9201135,2,407021,328,9937,249,6107,86,51357
114,892707824707,Left,-4,578727,0,9205574,2,408443,329,0203,249,905,86,30528
114,906433105469,Left,-4,578878,0,9207466,2,408816,328,9746,249,9653,86,31675
114,920440673828,Left,-4,579387,0,9211805,2,40993,328,7325,250,0649,86,41463
114,934356689453,Left,-4,579345,0,9211118,2,409501,328,676,249,8897,86,56898
114,94815826416,Left,-4,580046,0,9214629,2,410476,328,5026,249,8374,86,89823
114,962120056152,Left,-4,580649,0,9215425,2,411159,328,4182,249,7752,87,0996
114,976226806641,Left,-4,581079,0,9215256,2,411562,328,4489,249,7611,87,11002
114,98999786377,Left,-4,581958,0,9215493,2,412663,328,5677,250,0334,86,88579
115,003952026367,Left,-4,58203,0,9215925,2,41263,328,6009,250,0498,86,81461
115,017654418945,Left,-4,582761,0,9215725,2,413365,328,6693,250,1336,86,63784
115,031463623047,Left,-4,583508,0,9215147,2,414349,328,6851,250,233,86,56905
115,045562744141,Left,-4,583927,0,9214791,2,414881,328,74,250,4218,86,47052
115,059280395508,Left,-4,58476,0,921471,2,41605,328,7592,250,7484,86,38172
115,073310852051,Left,-4,585193,0,9214846,2,416595,328,7198,251,0251,86,34546
115,087272644043,Left,-4,585661,0,9214436,2,417104,328,6023,251,1785,86,28964
115,100959777832,Left,-4,585798,0,9212524,2,417224,328,6638,251,2638,86,1412
115,114936828613,Left,-4,586005,0,9212496,2,41736,328,691,251,2235,86,07693
115,128898620605,Left,-4,586505,0,9211071,2,417745,328,8015,251,0403,85,96726
115,142616271973,Left,-4,586712,0,9210191,2,41804,328,8941,250,9166,85,80767
115,156715393066,Left,-4,586901,0,9210405,2,418203,328,999,250,7518,85,81779
115,170463562012,Left,-4,586994,0,9209614,2,418469,328,9836,250,5746,85,82748
115,18424987793,Left,-4,586956,0,9209495,2,418527,328,9504,250,6189,85,80291
115,198402404785,Left,-4,586988,0,9208127,2,418809,328,8851,250,8528,85,70147
115,212188720703,Left,-4,587077,0,9208118,2,419055,328,8635,251,2122,85,56741
115,226051330566,Left,-4,587123,0,9209179,2,419056,328,8918,251,2573,85,7001
115,239898681641,Left,-4,586979,0,920997,2,419241,328,8466,251,4455,85,91261
115,253814697266,Left,-4,586987,0,9207581,2,41919,328,8416,251,6117,85,88559
115,267738342285,Left,-4,586871,0,920534,2,418967,328,9317,251,7329,85,71302
115,28150177002,Left,-4,586307,0,9204475,2,418524,328,6566,251,7005,85,65569
115,295364379883,Left,-4,586389,0,9202938,2,418242,329,0071,251,6129,85,44171
115,309539794922,Left,-4,585396,0,9202445,2,417229,328,9742,251,1236,85,65765
115,32315826416,Left,-4,584586,0,9200405,2,416406,328,8493,250,9203,85,88618
115,337219238281,Left,-4,584169,0,9199913,2,415819,328,7614,250,7064,86,15658
115,351058959961,Left,-4,583477,0,9195311,2,414717,328,6984,250,4132,86,38293
115,364807128906,Left,-4,583107,0,9191799,2,414212,328,7313,250,396,86,27682
115,378746032715,Left,-4,582125,0,9183347,2,412506,328,9365,250,3487,85,95423
115,392730712891,Left,-4,581468,0,918013,2,411346,329,1288,250,2029,85,86115
115,406578063965,Left,-4,581137,0,9177728,2,410652,329,2153,250,1325,85,81101
115,420433044434,Left,-4,580512,0,9176585,2,409265,329,1681,249,8062,86,06744
115,434074401855,Left,-4,580263,0,9175035,2,408745,329,0873,249,6142,86,22636
115,448287963867,Left,-4,579669,0,9171139,2,40728,328,997,249,3572,86,39607
115,462028503418,Left,-4,579129,0,9168289,2,406794,328,8295,249,5897,86,25694
115,47575378418,Left,-4,579074,0,9165846,2,406532,329,1801,249,8224,85,86991
115,489707946777,Left,-4,578374,0,9164289,2,405431,329,4109,249,979,85,65048
115,503608703613,Left,-4,577889,0,9165397,2,404315,329,4818,249,5361,85,88131
115,517417907715,Left,-4,577658,0,9166104,2,403835,329,462,249,2294,86,03552
115,531463623047,Left,-4,576846,0,9170224,2,402808,328,9618,248,5321,86,54031
115,545135498047,Left,-4,576324,0,9171003,2,402069,328,8152,248,2021,86,84251
115,559173583984,Left,-4,575748,0,91729,2,401217,328,528,247,7183,87,2549
115,573165893555,Left,-4,575248,0,91711,2,400556,328,5757,247,8528,86,96062
115,586952209473,Left,-4,57501,0,9170843,2,400288,328,7411,248,0545,86,67091
115,600929260254,Left,-4,574471,0,9173151,2,399513,328,9043,248,1459,86,45359
115,614898681641,Left,-4,574516,0,9173665,2,399593,328,9409,248,1285,86,51556
115,628852844238,Left,-4,573865,0,9178246,2,398763,328,8315,248,0029,86,70422
115,642601013184,Left,-4,573378,0,9182167,2,398185,328,597,247,6098,87,13292
115,65641784668,Left,-4,573161,0,9183387,2,398037,328,451,247,3364,87,46186
115,67041015625,Left,-4,572686,0,9186355,2,397671,328,179,246,8682,87,97196
115,684509277344,Left,-4,572554,0,918643,2,397671,328,0238,246,6542,88,26903
115,697998046875,Left,-4,572151,0,9185824,2,397599,328,0992,246,752,87,98035
115,712043762207,Left,-4,571891,0,9184904,2,397679,328,3626,247,2066,87,28759
115,72599029541,Left,-4,571542,0,9186741,2,397617,328,4066,247,4113,87,07665
115,739929199219,Left,-4,571111,0,9185433,2,397743,328,6974,248,0076,86,47383
115,753662109375,Left,-4,570978,0,9186836,2,397621,328,792,248,1625,86,29814
115,767555236816,Left,-4,570276,0,9186686,2,397448,329,0305,248,4747,85,99978
115,781433105469,Left,-4,56955,0,9186145,2,397225,328,8619,248,7368,85,72808
115,795440673828,Left,-4,569409,0,9188834,2,396745,328,9697,248,302,86,06623
115,809257507324,Left,-4,568256,0,9190028,2,396082,328,6713,247,7927,86,50467
115,823219299316,Left,-4,567293,0,9189366,2,395446,328,3782,247,2456,87,05068
115,837173461914,Left,-4,566572,0,9188529,2,394914,328,2131,246,8935,87,37704
115,851509094238,Left,-4,565567,0,9189821,2,393881,327,9377,246,0645,88,16703
115,865036010742,Left,-4,565171,0,9188187,2,393456,327,8599,245,6257,88,56321
115,87866973877,Left,-4,564389,0,9186256,2,392347,327,759,245,1332,88,96898
115,892837524414,Left,-4,56358,0,9180996,2,391325,327,8618,245,3537,88,76879
115,906593322754,Left,-4,563484,0,917764,2,390978,328,0403,245,6874,88,25375
115,920516967773,Left,-4,562808,0,9175857,2,389687,328,2954,245,9158,87,66171
115,93433380127,Left,-4,562464,0,9177744,2,389209,328,214,245,8471,87,8133
115,948081970215,Left,-4,562009,0,9175853,2,388133,328,4944,245,7241,87,4127
115,96215057373,Left,-4,561277,0,9178089,2,387269,328,4444,245,3712,87,56209
115,976402282715,Left,-4,560729,0,9179677,2,386806,328,2779,245,1028,87,7807
115,989921569824,Left,-4,559495,0,9183539,2,385545,328,1067,244,6355,88,1614
116,003898620605,Left,-4,558676,0,9182184,2,384899,328,1113,244,6995,88,09061
116,017677307129,Left,-4,557706,0,9181879,2,383647,328,148,244,7341,87,88221
116,031471252441,Left,-4,55632,0,9182273,2,381897,328,278,244,7874,87,53886
116,045700073242,Left,-4,555717,0,9182374,2,381141,328,4042,244,7888,87,41569
116,059478759766,Left,-4,554462,0,918262,2,379305,328,4987,244,5992,87,33755
116,073150634766,Left,-4,553231,0,9184601,2,377529,328,3487,243,9151,87,7263
116,087203979492,Left,-4,552479,0,9185234,2,37629,328,2177,243,4784,88,01361
116,10083770752,Left,-4,551254,0,9184853,2,374333,328,0741,242,8148,88,5542
116,114868164063,Left,-4,551151,0,9181137,2,374281,328,1199,242,9237,88,39259
116,128768920898,Left,-4,550138,0,9176516,2,372776,328,3351,243,1894,87,79128
116,142807006836,Left,-4,549196,0,9175092,2,371536,328,5878,243,4234,87,34775
116,15665435791,Left,-4,548692,0,9173927,2,370803,328,7749,243,5099,87,27907
116,170249938965,Left,-4,548174,0,9170333,2,369906,329,0137,243,8128,86,92765
116,184272766113,Left,-4,547725,0,9170981,2,36921,328,7968,243,787,86,94102
116,1982421875,Left,-4,546731,0,9172095,2,367271,328,6984,243,1763,87,30188
116,211982727051,Left,-4,54513,0,9170946,2,364765,328,6158,242,2205,87,74953
116,226226806641,Left,-4,54389,0,9170744,2,363295,328,5568,241,6388,88,04935
116,240051269531,Left,-4,542793,0,9170985,2,36171,328,4289,240,8524,88,51781
116,253715515137,Left,-4,542187,0,9169638,2,361145,328,4318,240,6622,88,62596
116,267929077148,Left,-4,540593,0,9169959,2,3585,328,43,240,0281,88,85063
116,281463623047,Left,-4,539507,0,917163,2,356843,328,45,239,5251,89,10321
116,295600891113,Left,-4,539047,0,917239,2,356364,328,5297,239,3837,89,15628
116,309577941895,Left,-4,538332,0,9175695,2,355282,328,6142,239,4692,88,94473
116,323135375977,Left,-4,537501,0,9182228,2,354425,328,4842,239,4327,88,88217
116,337211608887,Left,-4,537099,0,9186389,2,354001,328,4416,239,5016,88,78365
116,35107421875,Left,-4,53628,0,919433,2,35345,328,3937,239,6223,88,61782
116,364768981934,Left,-4,536061,0,9196941,2,353485,328,2449,239,7442,88,66881
116,378868103027,Left,-4,535002,0,9208966,2,352621,328,1427,239,905,88,1594
116,392883300781,Left,-4,533874,0,9225582,2,352018,327,9811,239,759,88,02418
116,406600952148,Left,-4,533661,0,9234523,2,351874,327,8253,239,6556,87,96899
116,420829772949,Left,-4,53316,0,9248334,2,351471,327,5341,239,3893,88,06075
116,434173583984,Left,-4,533089,0,9252664,2,351357,327,4555,239,2839,88,05467
116,448303222656,Left,-4,533088,0,9273998,2,350905,327,0396,238,8895,88,09973
116,462265014648,Left,-4,533779,0,9289176,2,350997,326,8073,238,6594,88,16948
116,475975036621,Left,-4,534617,0,9302928,2,351414,326,6288,238,8261,88,00707
116,490036010742,Left,-4,536151,0,9328235,2,352103,326,2691,239,2513,87,49477
116,503868103027,Left,-4,537434,0,9342164,2,352587,326,1663,239,786,86,7037
116,517951965332,Left,-4,539632,0,9371395,2,353784,325,6012,240,5052,85,23893
116,531684875488,Left,-4,541504,0,9398702,2,354182,325,1286,240,6945,84,4091
116,545448303223,Left,-4,542964,0,9426866,2,354666,324,6771,240,6586,84,23412
116,559524536133,Left,-4,54579,0,9485107,2,356182,324,0116,240,8325,83,69968
116,573394775391,Left,-4,547868,0,9530439,2,357228,323,2772,240,9517,83,54107
116,587158203125,Left,-4,549277,0,9560838,2,357848,322,8362,241,0084,83,32726
116,60124206543,Left,-4,551756,0,9620321,2,359019,322,1141,241,2396,82,9384
116,615097045898,Left,-4,552712,0,9647084,2,359532,321,797,241,476,82,75295
116,629188537598,Left,-4,555377,0,9720426,2,361234,320,8247,242,0619,81,83434
116,642890930176,Left,-4,557803,0,9779341,2,362175,320,0442,242,29,80,90306
116,65665435791,Left,-4,559381,0,9819481,2,363025,319,4619,242,3872,80,22517
116,670677185059,Left,-4,562021,0,9895068,2,365022,318,2654,242,8851,79,3007
116,684577941895,Left,-4,563193,0,9926925,2,365699,317,6316,242,9375,79,2644
116,698265075684,Left,-4,566457,1,000681,2,368128,316,5815,243,1988,78,94753
116,712303161621,Left,-4,569946,1,00823,2,370501,315,5661,243,1565,78,70751
116,726432800293,Left,-4,572067,1,012269,2,372061,315,0282,243,2683,78,41734
116,740196228027,Left,-4,576643,1,020032,2,375655,314,1574,243,8007,77,40738
116,754096984863,Left,-4,578578,1,022626,2,376747,313,9951,244,0839,76,85801
116,767669677734,Left,-4,584062,1,030127,2,380405,313,0602,244,3428,75,2546
116,781639099121,Left,-4,588686,1,037229,2,38405,311,9633,244,8571,73,32627
116,795761108398,Left,-4,591239,1,040689,2,386162,311,4083,245,2117,72,09586
116,809524536133,Left,-4,5971,1,047887,2,39129,310,5276,246,2571,69,81532
116,823440551758,Left,-4,6019,1,053059,2,396142,310,2824,247,7479,68,23295
116,83757019043,Left,-4,605766,1,056206,2,399845,310,1371,248,9214,66,79525
116,851234436035,Left,-4,612278,1,060678,2,406283,309,7509,250,8416,63,92381
116,865135192871,Left,-4,615481,1,062319,2,409471,309,5682,251,814,62,30211
116,878936767578,Left,-4,623776,1,065532,2,417096,309,1508,253,879,58,79318
116,892913818359,Left,-4,630826,1,067615,2,422931,308,804,254,9381,56,23945
116,906867980957,Left,-4,635168,1,068453,2,426826,308,4124,255,8001,54,07649
116,920738220215,Left,-4,643431,1,069262,2,434558,307,5793,258,0004,49,29414
116,934585571289,Left,-4,64605,1,069399,2,438224,307,6575,259,5138,47,28946
116,94898223877,Left,-4,655202,1,068201,2,447886,308,1206,263,0131,43,4179
116,96248626709,Left,-4,662399,1,067553,2,454478,309,1345,265,1414,42,14067
116,976333618164,Left,-4,667194,1,065722,2,457442,309,9883,265,5628,42,53038
116,990295410156,Left,-4,676309,1,062126,2,464267,311,2195,267,0956,41,35149
117,003944396973,Left,-4,678965,1,060782,2,466465,311,4446,267,8651,40,04168
117,017990112305,Left,-4,688142,1,056365,2,47385,312,0425,270,2278,36,26674
117,031753540039,Left,-4,695461,1,052582,2,479254,312,2565,272,2075,31,73469
117,045677185059,Left,-4,698304,1,051818,2,481368,312,2625,272,7525,30,07298
117,059936523438,Left,-4,706019,1,048122,2,486393,312,6957,274,3963,26,59813
117,07381439209,Left,-4,707854,1,047918,2,487283,312,7662,274,6826,26,046
117,08748626709,Left,-4,716005,1,043614,2,489439,313,0945,275,6042,24,00887
117,101249694824,Left,-4,723584,1,040245,2,490528,313,6778,275,832,22,75249
117,115142822266,Left,-4,726383,1,038943,2,490464,314,0633,275,9134,22,37913
117,129302978516,Left,-4,734103,1,034701,2,490357,314,9231,276,0446,21,01442
117,142959594727,Left,-4,738153,1,033173,2,489335,315,5842,275,4633,21,17109
117,156806945801,Left,-4,7404,1,031918,2,488704,316,2115,275,0767,21,4806
117,170944213867,Left,-4,744718,1,029011,2,48815,317,477,274,7806,21,84903
117,184677124023,Left,-4,745821,1,028194,2,488221,318,0648,274,8703,22,13862
117,198738098145,Left,-4,748539,1,025117,2,488524,319,3297,275,3765,22,09351
117,212707519531,Left,-4,749227,1,023656,2,488735,319,8333,275,9494,21,78729
117,226364135742,Left,-4,750122,1,023157,2,488664,319,8459,276,01,21,71037
117,240348815918,Left,-4,750821,1,022424,2,488223,319,4094,275,9322,21,53081
117,254089355469,Left,-4,751033,1,022612,2,488048,319,1633,275,717,21,65299
117,26806640625,Left,-4,75128,1,022698,2,487589,318,6604,275,3174,21,84055
117,28197479248,Left,-4,751005,1,022457,2,487902,318,6005,275,2971,21,67854
117,295845031738,Left,-4,751766,1,021821,2,487947,318,8321,275,2919,21,359
117,310066223145,Left,-4,752831,1,02068,2,488052,319,0444,275,1351,20,70587
117,323783874512,Left,-4,75289,1,020586,2,488397,319,0955,275,0941,20,70151
117,337615966797,Left,-4,753645,1,019388,2,489413,319,2463,275,1932,21,09841
117,351509094238,Left,-4,754187,1,017851,2,491218,319,5475,275,7838,21,9301
117,365341186523,Left,-4,754744,1,017157,2,491664,319,5766,276,1121,22,31273
117,37915802002,Left,-4,755225,1,015696,2,492504,319,8011,276,1673,23,2993
117,393592834473,Left,-4,755336,1,01446,2,492705,319,8382,276,228,22,73902
117,407028198242,Left,-4,755142,1,015233,2,491579,319,7591,275,9089,21,94244
117,420860290527,Left,-4,756108,1,013186,2,49228,319,3657,275,6701,20,42593
117,43473815918,Left,-4,755411,1,013113,2,492519,319,7795,275,5441,20,11116
117,448577880859,Left,-4,754676,1,014749,2,491872,319,5548,275,0753,20,417
117,462532043457,Left,-4,754305,1,015876,2,491736,320,3826,274,9607,21,03126
117,476463317871,Left,-4,754367,1,016189,2,491274,320,4252,274,7797,21,10361
117,490249633789,Left,-4,75284,1,019261,2,488255,319,5849,273,8598,21,29073
117,504364013672,Left,-4,751819,1,020158,2,487337,319,3373,273,4099,21,62356
117,518173217773,Left,-4,750367,1,023779,2,483817,318,4537,272,5017,22,05248
117,532066345215,Left,-4,748031,1,026657,2,481115,318,1185,271,7589,22,59801
117,546081542969,Left,-4,747093,1,027764,2,480021,317,9768,271,4928,22,75201
117,559791564941,Left,-4,743543,1,032083,2,476978,318,0053,271,1022,23,72909
117,573829650879,Left,-4,741149,1,033441,2,476326,318,6635,271,7989,24,14464
117,587623596191,Left,-4,739762,1,036041,2,474199,318,3167,271,4714,24,02616
117,601387023926,Left,-4,737047,1,040578,2,470949,317,3804,270,4528,24,21946
117,615547180176,Left,-4,734632,1,043557,2,46924,316,7123,270,0639,24,6237
117,629615783691,Left,-4,729121,1,050631,2,465342,315,533,270,0154,25,10659
117,643096923828,Left,-4,72681,1,054419,2,462181,314,9666,269,4493,25,53457
117,657493591309,Left,-4,724514,1,058399,2,458796,314,2833,268,5181,26,05956
117,670806884766,Left,-4,720661,1,064356,2,45377,313,1485,267,2227,26,79321
117,684761047363,Left,-4,71886,1,066795,2,451597,312,5866,266,6875,27,03867
117,698669433594,Left,-4,714368,1,073942,2,44603,311,3062,265,944,27,78801
117,712448120117,Left,-4,71103,1,078536,2,44203,310,5592,265,3019,28,44652
117,726631164551,Left,-4,709619,1,081225,2,439039,310,2162,264,7799,29,00151
117,740386962891,Left,-4,708063,1,085649,2,432791,309,9607,263,5941,30,08468
117,75439453125,Left,-4,707493,1,086673,2,430749,309,9017,263,155,30,42379
117,76823425293,Left,-4,706695,1,090483,2,424304,309,9109,262,0126,31,26067
117,781814575195,Left,-4,706979,1,091826,2,418818,310,1738,261,5184,31,37421
117,795928955078,Left,-4,707026,1,09286,2,416053,310,2035,261,1576,31,44829
117,809875488281,Left,-4,708045,1,093554,2,409674,310,3265,260,622,31,03736
117,823509216309,Left,-4,709173,1,09301,2,405571,310,8151,260,39,30,71643
117,837745666504,Left,-4,709988,1,093179,2,402012,311,043,259,9871,30,63429
117,851486206055,Left,-4,713945,1,090149,2,395338,311,7664,259,054,30,20461
117,865219116211,Left,-4,71547,1,088972,2,392876,312,0174,258,6099,30,13624
117,879508972168,Left,-4,719016,1,086241,2,386356,312,7682,257,7347,30,27155
117,893196105957,Left,-4,722944,1,081078,2,383603,314,3091,258,066,30,49784
117,907012939453,Left,-4,725701,1,078071,2,381422,315,3601,258,1681,30,71439
117,920974731445,Left,-4,731641,1,069941,2,378729,317,892,258,4771,31,26799
117,934722900391,Left,-4,734431,1,067038,2,377478,318,7637,258,5875,31,27752
117,948913574219,Left,-4,741134,1,056891,2,374553,321,1896,259,0793,30,15203
117,962898254395,Left,-4,746365,1,049392,2,372459,323,2245,259,6261,28,70794
117,976432800293,Left,-4,749634,1,04462,2,370786,324,2966,259,6104,27,73236
117,990539550781,Left,-4,75481,1,034995,2,368309,326,5205,260,0113,26,19534
118,004348754883,Left,-4,756546,1,033309,2,367603,327,0891,259,9334,26,35064
118,018035888672,Left,-4,761127,1,025937,2,364327,328,6537,259,4976,26,80128
118,032035827637,Left,-4,764807,1,022133,2,36104,328,6762,259,08,26,95219
118,04598236084,Left,-4,765306,1,022249,2,35902,328,0634,258,3168,27,65907
118,059814453125,Left,-4,763611,1,027038,2,354141,326,5266,256,1019,31,59292
118,073905944824,Left,-4,761218,1,028384,2,35008,325,1375,254,6535,33,98151
118,087539672852,Left,-4,757821,1,036628,2,344313,322,6266,251,1951,35,85882
118,101402282715,Left,-4,753407,1,044685,2,338274,320,2279,247,3184,39,39089
118,115478515625,Left,-4,748446,1,049888,2,338309,318,9256,246,8281,40,138
118,129112243652,Left,-4,741343,1,060375,2,337463,316,9112,245,6763,41,65638
118,143112182617,Left,-4,736247,1,069871,2,337512,315,5551,244,9231,42,17123
118,157104492188,Left,-4,732181,1,077581,2,337461,314,2272,243,7621,42,03984
118,171112060547,Left,-4,72251,1,093279,2,34012,310,837,242,3973,41,76694
118,184989929199,Left,-4,716133,1,102478,2,344274,308,2444,242,0201,41,88165
118,198699951172,Left,-4,705172,1,11926,2,348498,303,8916,239,4233,44,1904
118,21248626709,Left,-4,694125,1,133224,2,35669,300,9095,237,4749,46,99899
118,226661682129,Left,-4,687799,1,141347,2,361438,298,7732,235,4127,49,58928
118,240219116211,Left,-4,675804,1,155247,2,370133,295,6511,232,4458,53,45019
118,254325866699,Left,-4,672421,1,157892,2,374513,294,7046,234,003,51,98303
118,268157958984,Left,-4,660935,1,170157,2,386846,292,5155,235,4325,51,58863
118,282028198242,Left,-4,65204,1,178759,2,398129,290,7845,236,1653,52,36492
118,295883178711,Left,-4,64826,1,182887,2,402969,289,9692,236,5715,52,1375
118,312812805176,Left,-4,640221,1,190167,2,419479,287,8922,239,387,51,18715
118,326629638672,Left,-4,637084,1,192203,2,428127,287,0119,241,8586,50,15945
118,340782165527,Left,-4,630282,1,197835,2,443066,284,5502,244,2504,50,24435
118,35440826416,Left,-4,628674,1,200061,2,446793,283,9413,245,0993,49,96403
118,368576049805,Left,-4,623381,1,201415,2,465943,283,6899,250,7569,48,53267
118,382446289063,Left,-4,618932,1,204527,2,47789,283,1062,255,5344,46,00071
118,396301269531,Left,-4,622411,1,200581,2,486325,285,2522,260,0987,43,95702
118,420234680176,Left,-4,623957,1,199208,2,501183,287,7888,267,4389,40,68591
118,435035705566,Left,-4,621802,1,200202,2,506635,287,7692,269,235,39,50258
118,448944091797,Left,-4,620262,1,197847,2,530749,289,7887,276,5609,34,6864
118,46265411377,Left,-4,621735,1,196161,2,542074,289,7946,279,9067,31,2177
118,476554870605,Left,-4,622489,1,194673,2,548041,289,1801,281,9587,28,56334
118,490455627441,Left,-4,623065,1,191011,2,559325,288,1793,285,1099,23,82404
118,504501342773,Left,-4,622722,1,189396,2,562771,287,8941,285,9218,23,39752
118,518363952637,Left,-4,621916,1,186292,2,574163,287,6254,288,6576,21,86082
118,532135009766,Left,-4,622021,1,181415,2,582824,287,6532,290,5469,21,9611
118,545883178711,Left,-4,623349,1,177918,2,587642,288,0241,292,3673,20,99812
118,559944152832,Left,-4,625788,1,170593,2,599026,289,1746,295,9986,18,90009
118,573822021484,Left,-4,629984,1,167712,2,599978,290,0564,295,0203,19,64726
118,58763885498,Left,-4,634244,1,160712,2,609137,291,2612,296,1256,19,12412
118,601715087891,Left,-4,641193,1,152622,2,61507,293,0909,296,4152,18,73208
118,615814208984,Left,-4,644525,1,149008,2,617087,294,0327,296,3522,18,69126
118,62922668457,Left,-4,650432,1,141594,2,621387,295,6698,295,8712,19,22386
118,643325805664,Left,-4,654693,1,137268,2,622785,296,2732,294,7822,20,5718
118,657089233398,Left,-4,657709,1,134152,2,623543,296,5425,294,2278,20,88344
118,671028137207,Left,-4,663452,1,127766,2,625369,297,1368,294,2903,19,92158
118,685165405273,Left,-4,666131,1,125327,2,62585,296,9652,294,1656,19,49416
118,698722839355,Left,-4,674043,1,117518,2,626472,297,4015,293,6838,18,39415
118,712837219238,Left,-4,679494,1,111564,2,627402,297,7637,293,2117,18,15055
118,726593017578,Left,-4,682728,1,108221,2,627642,297,9465,292,9339,18,51509
118,740409851074,Left,-4,689173,1,101855,2,627962,297,8309,292,2418,19,40547
118,75439453125,Left,-4,691363,1,099291,2,627487,298,5221,291,5165,20,83535
118,768112182617,Left,-4,697525,1,092253,2,627496,299,7964,290,13,23,90539
118,78214263916,Left,-4,703773,1,085322,2,62725,301,3264,289,123,26,13002
118,79615020752,Left,-4,70716,1,081272,2,626824,302,2455,289,0804,25,83776
118,810165405273,Left,-4,71373,1,072896,2,626578,303,7189,289,5286,23,11854
118,824005126953,Left,-4,715378,1,071377,2,627155,304,3356,289,301,23,26635
118,837852478027,Left,-4,720798,1,063792,2,625791,304,8319,290,0174,19,23763
118,851539611816,Left,-4,721622,1,059386,2,625283,305,88,290,1002,19,13003
118,865516662598,Left,-4,723287,1,057204,2,625176,306,3523,289,7148,19,63597
118,879249572754,Left,-4,726923,1,051315,2,624339,307,2499,288,9756,21,06061
118,893264770508,Left,-4,729116,1,047545,2,623901,307,4652,288,5278,21,95824
118,907257080078,Left,-4,730454,1,045096,2,62355,307,3858,288,3882,21,96959
118,921104431152,Left,-4,73346,1,039783,2,623112,307,768,288,232,21,8521
118,935005187988,Left,-4,734231,1,038152,2,622519,308,0894,288,2218,21,40365
118,94889831543,Left,-4,736432,1,033798,2,620872,308,6163,287,9764,20,69798
118,962562561035,Left,-4,737332,1,031033,2,619977,309,0568,287,9144,20,30876
118,976638793945,Left,-4,737301,1,030101,2,619721,309,3505,287,907,20,74793
118,990203857422,Left,-4,738043,1,02772,2,619236,309,7669,287,9354,21,51904
119,00431060791,Left,-4,738407,1,027584,2,618661,309,9252,287,7629,21,91747
119,018173217773,Left,-4,740051,1,02479,2,617407,310,8213,287,4047,22,30796
119,031898498535,Left,-4,74144,1,022858,2,616041,311,7155,287,109,21,97729
119,046035766602,Left,-4,741905,1,022326,2,615587,312,0224,287,145,21,77379
119,059944152832,Left,-4,74374,1,020569,2,614036,312,1233,286,7737,21,06601
119,073585510254,Left,-4,742986,1,020718,2,614138,312,0763,287,2512,21,06919
119,087623596191,Left,-4,743588,1,019594,2,613004,312,0306,287,3737,21,19341
119,101417541504,Left,-4,744173,1,018481,2,611386,312,1313,286,9095,20,91138
119,115394592285,Left,-4,743931,1,018393,2,610833,312,1041,286,7217,21,07097
119,129547119141,Left,-4,743592,1,018256,2,609287,311,8178,286,1174,21,07356
119,143440246582,Left,-4,743509,1,017376,2,60794,311,7834,285,9869,20,74891
119,157417297363,Left,-4,743442,1,016126,2,606456,312,1579,285,8802,20,64288
119,171020507813,Left,-4,743539,1,014998,2,604759,312,1993,285,8446,20,15935
119,184913635254,Left,-4,744009,1,014599,2,604028,312,2458,285,2718,20,34446
119,198837280273,Left,-4,74356,1,014514,2,600686,311,8481,283,6943,20,6377
119,212738037109,Left,-4,741878,1,014808,2,598281,311,5188,282,6689,21,6904
119,226524353027,Left,-4,740549,1,014374,2,59725,311,8639,282,6132,22,22412
119,240478515625,Left,-4,739009,1,013072,2,595143,312,0124,282,4757,22,25623
119,254280090332,Left,-4,737739,1,012778,2,594927,312,5533,282,8532,22,32568
119,26838684082,Left,-4,733593,1,011957,2,594272,312,8519,284,065,22,3292
119,282371520996,Left,-4,734587,1,012847,2,594325,312,1361,283,6762,21,62204
119,296119689941,Left,-4,732561,1,013178,2,592661,312,1658,283,1851,22,06552
119,309867858887,Left,-4,727451,1,014075,2,588131,311,4791,282,1624,23,02939
119,323745727539,Left,-4,723795,1,014542,2,586494,310,9108,282,1431,22,98527
119,337562561035,Left,-4,721426,1,014901,2,585436,310,6259,282,236,22,8783
119,351570129395,Left,-4,71491,1,018365,2,583084,309,0862,282,2109,22,53982
119,365463256836,Left,-4,71149,1,020279,2,581743,308,1138,281,9483,22,47965
119,379470825195,Left,-4,70306,1,024283,2,578797,306,6069,281,481,23,14053
119,393287658691,Left,-4,697116,1,026002,2,577179,305,8969,281,5646,23,48943
119,407180786133,Left,-4,69305,1,027257,2,576254,305,4016,281,8353,23,44885
119,421096801758,Left,-4,686683,1,029288,2,574651,304,669,281,9995,23,58848
119,435249328613,Left,-4,684068,1,029857,2,574118,304,3316,281,9595,23,8494
119,448692321777,Left,-4,678137,1,03126,2,572514,303,8883,281,6618,24,57703
119,462623596191,Left,-4,673878,1,03047,2,571583,304,5288,281,5415,25,47419
119,476455688477,Left,-4,671371,1,029867,2,571021,304,6498,281,6895,25,4647
119,490768432617,Left,-4,666179,1,028196,2,570068,304,8826,281,8619,24,98355
119,504425048828,Left,-4,663922,1,027776,2,569776,304,7297,282,0029,24,58388
119,518180847168,Left,-4,657509,1,026582,2,568083,304,1639,282,1684,23,89618
119,532104492188,Left,-4,651346,1,025047,2,566295,303,7811,282,3774,23,51278
119,546180725098,Left,-4,648113,1,023109,2,56471,303,8879,282,6509,23,46425
119,559883117676,Left,-4,642327,1,020109,2,560638,304,0092,282,4319,23,81525
119,573783874512,Left,-4,638569,1,01724,2,555552,303,8218,281,1156,24,41151
119,58757019043,Left,-4,635711,1,014811,2,551147,303,9701,279,9009,25,49702
119,601905822754,Left,-4,631592,1,010185,2,543111,304,1532,277,9436,26,87762
119,615478515625,Left,-4,629925,1,008139,2,539256,304,3791,276,795,28,05942
119,629173278809,Left,-4,626044,1,003484,2,529301,304,8137,273,8294,30,86726
119,643196105957,Left,-4,622882,0,9993688,2,521025,305,1626,271,2189,33,33039
119,657173156738,Left,-4,620134,0,9968316,2,514812,305,4631,268,8339,35,58716
119,670913696289,Left,-4,61516,0,9921895,2,50502,306,1551,265,2628,38,95677
119,684844970703,Left,-4,613255,0,9892324,2,500966,306,4434,263,8679,40,31261
119,698997497559,Left,-4,608195,0,9831116,2,490404,307,1062,260,4436,43,75107
119,712768554688,Left,-4,603927,0,9774944,2,482212,307,6141,257,7175,46,53847
119,726791381836,Left,-4,601182,0,9742438,2,477031,307,8135,255,6516,48,43655
119,740440368652,Left,-4,595955,0,9679706,2,468132,308,6431,252,1606,51,68626
119,75431060791,Left,-4,594085,0,9648405,2,465812,309,1319,251,2652,52,53615
119,768325805664,Left,-4,58921,0,9575953,2,458354,310,4847,248,6909,54,92077
119,781967163086,Left,-4,583971,0,9508503,2,454676,311,4245,247,2404,56,84996
119,795997619629,Left,-4,581788,0,9477631,2,450822,311,9426,246,1387,57,8646
119,810005187988,Left,-4,576669,0,9410097,2,443052,313,126,243,9375,60,12238
119,823707580566,Left,-4,574347,0,9380263,2,444092,313,2547,244,16,60,39233
119,838073730469,Left,-4,568785,0,929666,2,444409,314,0398,244,5995,60,65613
119,851722717285,Left,-4,565293,0,9232206,2,440736,314,8817,243,4523,61,44209
119,865600585938,Left,-4,563326,0,9202053,2,438468,315,4206,242,5727,62,18964
119,879348754883,Left,-4,558765,0,9132196,2,433054,316,738,240,777,64,06416
119,893524169922,Left,-4,555421,0,9074001,2,429321,318,0303,239,7382,65,95781
119,907073974609,Left,-4,553561,0,9034356,2,427075,318,8268,239,2066,66,93814
119,921165466309,Left,-4,550395,0,8965399,2,423163,320,1318,238,274,68,22862
119,934997558594,Left,-4,549585,0,8934812,2,422214,320,4918,237,9762,68,12543
119,94881439209,Left,-4,546461,0,8865702,2,419247,321,4677,237,283,68,16954
119,96272277832,Left,-4,543749,0,8820989,2,418612,321,4918,237,0035,67,39495
119,9765625,Left,-4,541737,0,8801222,2,41747,321,6041,236,5652,67,45174
119,99055480957,Left,-4,538046,0,8755265,2,415449,322,1085,235,9736,67,68629
120,004409790039,Left,-4,537048,0,8741322,2,415182,322,3433,235,9461,67,70052
120,018241882324,Left,-4,534769,0,8694513,2,413271,323,4185,235,6377,67,89384
120,032363891602,Left,-4,533089,0,865362,2,412129,324,4882,235,59,68,08321
120,046585083008,Left,-4,531843,0,8639892,2,411412,324,7785,235,3124,68,45258
120,060089111328,Left,-4,529315,0,8615568,2,409989,325,3405,234,9962,69,23246
120,07398223877,Left,-4,528551,0,8604454,2,409354,325,3513,234,6156,69,23381
120,087577819824,Left,-4,526361,0,8576812,2,406622,325,6809,233,4694,69,27116
120,101951599121,Left,-4,523608,0,8555806,2,404894,325,8008,232,5659,68,98366
120,115669250488,Left,-4,521803,0,8553765,2,405017,325,5876,232,6764,68,91013
120,129241943359,Left,-4,51954,0,8536171,2,403574,325,9715,232,7748,69,09198
120,143447875977,Left,-4,519038,0,8517317,2,401126,326,6525,231,885,68,86334
120,157295227051,Left,-4,518999,0,8508401,2,399162,327,4615,231,2473,68,96255
120,171005249023,Left,-4,51119,0,8490323,2,401402,328,4332,230,7206,69,34877
120,185111999512,Left,-4,498467,0,8491271,2,409156,328,6064,230,9586,69,89404
120,199020385742,Left,-4,467469,0,848456,2,43049,328,3619,230,9848,70,18504
120,212669372559,Left,-4,43871,0,8483902,2,452516,328,3709,231,1818,70,42159
120,22679901123,Left,-4,420103,0,8493748,2,468172,328,1277,230,9246,70,41953
120,240379333496,Left,-4,384665,0,8479337,2,495399,328,4412,230,6375,70,64241
120,254623413086,Left,-4,370891,0,8477261,2,506689,328,4837,230,5946,70,67375
120,268455505371,Left,-4,334836,0,8477989,2,53723,328,4986,230,545,70,65284
120,28247833252,Left,-4,305093,0,849108,2,564117,328,3261,230,7248,70,69932
120,296165466309,Left,-4,287676,0,8492347,2,577556,328,2773,231,3529,70,89702
120,310035705566,Left,-4,247872,0,8496396,2,60481,328,7028,232,2642,71,85828
120,323829650879,Left,-4,238942,0,8492892,2,608485,328,8629,232,2994,72,01121
120,33772277832,Left,-4,21973,0,8492716,2,619675,329,3054,232,3886,72,06354
120,35147857666,Left,-4,215036,0,8493813,2,623157,328,8303,231,9124,70,65631
120,365386962891,Left,-4,214556,0,8496805,2,623191,328,8812,231,9714,70,68721
120,379203796387,Left,-4,213802,0,8504272,2,623221,328,4614,231,9651,70,42922
120,392791748047,Left,-4,213738,0,8505971,2,623117,328,4579,231,9559,70,44455
120,406829833984,Left,-4,213737,0,8506322,2,622963,328,5083,231,9196,70,50286
120,420509338379,Left,-4,213556,0,8507529,2,62261,328,586,231,9019,70,56084
120,434089660645,Left,-4,213472,0,8507773,2,622487,328,6206,231,9135,70,58041
120,448173522949,Left,-4,213295,0,8508599,2,622111,328,669,231,9298,70,60773
120,462226867676,Left,-4,213091,0,8508405,2,621693,328,7622,232,0239,70,58414
120,475875854492,Left,-4,212983,0,850833,2,621425,328,8059,232,0482,70,6176
120,489891052246,Left,-4,212831,0,8507299,2,620915,328,9158,232,0656,70,69996
120,503570556641,Left,-4,212799,0,8506033,2,620655,328,9868,232,0595,70,74261
120,517791748047,Left,-4,212511,0,8503345,2,619908,329,1902,232,1895,70,99586
120,53157043457,Left,-4,212101,0,8493846,2,619356,329,6333,233,1181,71,48887
120,545143127441,Left,-4,212463,0,8488056,2,619655,329,8426,233,7017,71,57133
120,559272766113,Left,-4,212613,0,8479839,2,620416,330,4257,235,0418,71,90043
120,573219299316,Left,-4,21327,0,8471396,2,620337,330,7053,235,5519,71,94854
120,58699798584,Left,-4,21343,0,8461565,2,619955,330,9581,235,6911,71,85948
120,600860595703,Left,-4,213133,0,8447235,2,619492,331,0117,235,7138,71,63455
120,614677429199,Left,-4,21697,0,8443701,2,614179,331,0889,235,8353,71,66367
120,628616333008,Left,-4,225892,0,8432641,2,600469,331,5433,235,8913,71,7524
120,64249420166,Left,-4,240537,0,8423944,2,575773,332,2191,234,4727,71,65123
120,65641784668,Left,-4,251815,0,8423304,2,554506,331,8585,234,5703,71,44894
120,670379638672,Left,-4,272285,0,8429446,2,517629,331,2834,234,7747,71,13029
120,684280395508,Left,-4,279844,0,8427981,2,50418,331,2494,234,7726,71,06551
120,698204040527,Left,-4,303476,0,8424775,2,46122,331,1429,234,605,71,06861
120,712059020996,Left,-4,32426,0,8404281,2,421762,331,4603,233,1509,71,31105
120,725944519043,Left,-4,336,0,8398026,2,405826,331,6459,232,7755,71,18321
120,739822387695,Left,-4,358694,0,8395105,2,371819,331,6508,232,2412,71,45431
120,753723144531,Left,-4,368383,0,83937,2,357932,331,3924,231,947,71,93587
120,767517089844,Left,-4,365228,0,8398405,2,362464,330,9704,232,4237,71,87591
120,781478881836,Left,-4,36705,0,8396626,2,360643,331,0463,233,0571,72,03671
120,795265197754,Left,-4,367523,0,8394399,2,360014,331,1185,232,93,72,27764
120,809226989746,Left,-4,367622,0,8390141,2,359972,331,2228,232,8919,72,50021
120,823081970215,Left,-4,367849,0,8389114,2,360433,331,232,233,0563,72,16576
120,837104797363,Left,-4,368055,0,83857,2,360541,331,25,233,1122,72,06289
120,850799560547,Left,-4,368606,0,8376558,2,361,331,3563,233,2773,71,74342
120,864814758301,Left,-4,368691,0,8375895,2,36114,331,4019,233,3168,71,74603
120,878608703613,Left,-4,368968,0,8371399,2,361618,331,5102,233,4374,71,79565
120,892562866211,Left,-4,369133,0,8368778,2,361959,331,6031,233,4731,71,98043
120,906509399414,Left,-4,369166,0,8366975,2,362207,331,7335,233,4697,72,22918
120,920356750488,Left,-4,369238,0,8363723,2,362365,331,8029,233,3962,72,36656
120,934371948242,Left,-4,369186,0,8363692,2,362422,331,7846,233,3829,72,33857
120,948295593262,Left,-4,369081,0,8363668,2,362716,331,7569,233,3867,72,34354
120,962196350098,Left,-4,369013,0,8360515,2,363329,331,8096,233,5064,72,45592
120,975944519043,Left,-4,369177,0,8357012,2,363503,331,8704,233,5706,72,44044
120,989776611328,Left,-4,369535,0,8350002,2,363738,332,0105,233,621,72,3205
121,003730773926,Left,-4,369847,0,834322,2,363924,332,131,233,623,72,22259
121,017501831055,Left,-4,37025,0,8334724,2,364076,332,2667,233,6539,72,21945
121,031402587891,Left,-4,3712,0,8318267,2,364393,332,5708,233,7691,72,13902
121,045204162598,Left,-4,373149,0,8291264,2,364991,333,2841,234,0598,71,72668
121,059280395508,Left,-4,375625,0,8260928,2,366187,334,2262,234,6578,71,02831
121,072982788086,Left,-4,376867,0,8251602,2,367767,334,5403,235,3383,70,7111
121,087188720703,Left,-4,377254,0,8250984,2,368933,334,4856,235,7577,70,6319
121,101066589355,Left,-4,377769,0,8251016,2,370601,334,3513,236,2234,70,41707
121,114654541016,Left,-4,377839,0,8254584,2,371041,334,2299,236,2716,70,37135
121,12873840332,Left,-4,377007,0,8269027,2,371811,333,8475,236,1766,70,57897
121,142852783203,Left,-4,376677,0,8275867,2,372288,333,6813,236,1949,70,72845
121,156326293945,Left,-4,376611,0,827914,2,372848,333,6145,236,2697,70,67045
121,170440673828,Left,-4,376599,0,8284301,2,373622,333,4917,236,3178,70,42789
121,184188842773,Left,-4,376482,0,8288033,2,37395,333,4441,236,3581,70,39054
121,198440551758,Left,-4,376303,0,8295653,2,374861,333,3705,236,5178,70,37576
121,212074279785,Left,-4,376255,0,8299472,2,375299,333,3448,236,5879,70,37008
121,225791931152,Left,-4,376144,0,8301944,2,375373,333,3017,236,5362,70,34332
121,239967346191,Left,-4,375953,0,8304194,2,375445,333,2715,236,5001,70,3246
121,253852844238,Left,-4,375758,0,8307252,2,375597,333,2215,236,4243,70,30004
121,267555236816,Left,-4,375052,0,831583,2,376127,333,0362,236,2929,70,22975
121,281578063965,Left,-4,374289,0,8321835,2,37646,332,9741,236,2672,70,20815
121,295272827148,Left,-4,373914,0,8324189,2,376556,332,8961,236,1882,70,16663
121,309417724609,Left,-4,373084,0,8328068,2,376686,332,7956,236,0962,70,17726
121,32332611084,Left,-4,372848,0,8328091,2,376642,332,8238,236,1101,70,27412
121,336944580078,Left,-4,3727,0,8327061,2,376605,332,848,236,1112,70,30328
121,351112365723,Left,-4,372191,0,8325108,2,376555,332,9025,236,0893,70,28925
121,36506652832,Left,-4,372094,0,8324958,2,376547,332,9081,236,0861,70,28728
121,378677368164,Left,-4,371017,0,8318952,2,376258,333,0305,236,0087,70,18759
121,392639160156,Left,-4,370301,0,8313774,2,375995,333,1019,235,9407,70,05112
121,40650177002,Left,-4,37008,0,8309953,2,375787,333,1771,235,927,69,97038
0,Sorting end,0,0,0,0,0,0
121,420501708984,Left,-4,369562,0,8300377,2,375292,333,326,235,8714,69,75484
121,434265136719,Left,-4,369436,0,8300219,2,375226,333,3325,235,8683,69,75407
121,448059082031,Left,-4,369117,0,8297167,2,374838,333,3945,235,8389,69,7823
121,462097167969,Left,-4,368748,0,8293067,2,374277,333,4776,235,7535,69,82236
121,476181030273,Left,-4,368465,0,8291199,2,373946,333,4686,235,6681,69,8054
121,489860534668,Left,-4,367984,0,8290062,2,373416,333,4716,235,5617,69,89172
121,503883361816,Left,-4,367636,0,8287654,2,372924,333,5107,235,4741,70,00746
121,517684936523,Left,-4,367298,0,828597,2,372398,333,5408,235,3534,70,09373
121,531494140625,Left,-4,366991,0,8282708,2,371794,333,5946,235,2151,70,14721
121,54566192627,Left,-4,366896,0,8281277,2,37168,333,6151,235,1759,70,12901
121,559272766113,Left,-4,366843,0,8279715,2,371663,333,6103,235,1799,70,06798
121,573249816895,Left,-4,36679,0,8279672,2,371697,333,6341,235,2139,70,08296
121,587326049805,Left,-4,366715,0,8278043,2,371612,333,6799,235,2144,70,11559
121,600982666016,Left,-4,366657,0,8273979,2,371683,333,7656,235,27,70,12575
121,615005493164,Left,-4,366685,0,8273646,2,37168,333,7656,235,27,70,12576
121,62899017334,Left,-4,366899,0,826391,2,372301,333,9072,235,475,69,82303
121,642868041992,Left,-4,367203,0,825632,2,372905,334,0091,235,6184,69,42355
121,656761169434,Left,-4,367177,0,8256601,2,373178,334,0471,235,6784,69,35812
121,670509338379,Left,-4,36717,0,8253023,2,374107,334,144,235,8908,69,22491
121,684387207031,Left,-4,367236,0,8251743,2,374374,334,191,235,9688,69,1465
121,698547363281,Left,-4,367177,0,8246879,2,375791,334,3578,236,2771,68,76111
121,712173461914,Left,-4,366693,0,8249532,2,376984,334,3374,236,5161,68,42874
121,726387023926,Left,-4,366204,0,8251558,2,37756,334,2605,236,6082,68,31599
121,740089416504,Left,-4,365215,0,8255073,2,378602,334,1263,236,7585,68,12323
121,75407409668,Left,-4,36497,0,825682,2,378752,334,1107,236,776,68,08652
121,767875671387,Left,-4,363555,0,8261023,2,37943,334,0113,236,7414,67,96716
121,781845092773,Left,-4,362362,0,8264682,2,379893,333,9292,236,6953,67,88503
121,79557800293,Left,-4,362332,0,8265069,2,379903,333,9292,236,6953,67,88503
121,809608459473,Left,-4,360247,0,8265561,2,38096,333,8126,236,7099,67,58079
121,8232421875,Left,-4,359373,0,8268269,2,380933,333,8154,236,5489,67,62877
121,83723449707,Left,-4,358729,0,8267962,2,380961,333,8278,236,4525,67,66493
121,85124206543,Left,-4,356729,0,8266739,2,38104,333,796,236,094,67,70125
121,865020751953,Left,-4,356495,0,8267161,2,381056,333,8045,236,076,67,77126
121,879302978516,Left,-4,35498,0,826585,2,381058,333,8499,235,8926,68,08414
121,893096923828,Left,-4,354016,0,8260568,2,381187,333,946,235,7739,68,21986
121,906784057617,Left,-4,353357,0,8255928,2,381253,333,9966,235,6159,68,20808
121,92064666748,Left,-4,352275,0,8249339,2,381587,334,0521,235,4652,68,17715
121,934608459473,Left,-4,351972,0,8247382,2,381767,334,0753,235,4731,68,19335
121,948379516602,Left,-4,351247,0,8238501,2,38225,334,179,235,4872,68,16534
121,962371826172,Left,-4,350404,0,8227348,2,382845,334,3367,235,4698,68,13184
121,976135253906,Left,-4,349981,0,8221567,2,383253,334,4294,235,5086,68,18459
121,990158081055,Left,-4,349162,0,8205494,2,384203,334,6617,235,62,68,25876
122,004470825195,Left,-4,348945,0,8196312,2,384625,334,769,235,6672,68,21444
122,018089294434,Left,-4,34838,0,8173204,2,385638,335,069,235,7303,68,10118
122,031913757324,Left,-4,347751,0,8145422,2,386913,335,5391,235,9229,68,06905
122,045806884766,Left,-4,347541,0,8131828,2,387476,335,7847,236,0262,68,08678
122,059509277344,Left,-4,347187,0,8100334,2,388852,336,2709,236,3857,68,16501
122,073455810547,Left,-4,34721,0,8081502,2,389425,336,5684,236,5396,68,13361
122,08740234375,Left,-4,347316,0,8065734,2,38959,336,7048,236,4651,68,11259
122,101318359375,Left,-4,347116,0,8044024,2,39012,337,0126,236,4782,68,22491
122,115165710449,Left,-4,347149,0,8032624,2,390307,337,2203,236,5135,68,38504
122,129119873047,Left,-4,347071,0,8007103,2,391002,337,6306,236,6427,68,50416
122,143165588379,Left,-4,347221,0,7986625,2,391655,337,9522,236,8816,68,61672
122,156982421875,Left,-4,347374,0,7973461,2,39205,338,194,237,0096,68,69455
122,170967102051,Left,-4,34749,0,7949397,2,39331,338,393,237,3058,68,55807
122,18465423584,Left,-4,347721,0,7940601,2,393623,338,5027,237,3375,68,38152
122,198692321777,Left,-4,347482,0,791891,2,394367,338,6359,237,1605,68,23014
122,212532043457,Left,-4,346581,0,7918591,2,394646,338,4367,237,0428,68,44083
122,226356506348,Left,-4,346602,0,7892914,2,395427,339,0061,237,1158,68,43723
122,240180969238,Left,-4,347002,0,7868216,2,395863,339,7488,236,9146,68,20116
122,254066467285,Left,-4,346434,0,7868415,2,396432,339,7974,236,9815,68,40177
122,268051147461,Left,-4,344053,0,7856851,2,405569,340,0364,237,2756,68,92924
122,281784057617,Left,-4,340828,0,785194,2,41447,339,674,237,5307,69,9087
122,295890808105,Left,-4,333709,0,784692,2,440674,340,046,237,9462,70,49568
122,309844970703,Left,-4,324141,0,783048,2,478439,340,2053,238,3727,71,43755
122,323448181152,Left,-4,316078,0,7811931,2,512076,340,3866,238,2461,71,10505
122,33765411377,Left,-4,309374,0,779882,2,539584,340,6749,238,3709,70,90775
122,351547241211,Left,-4,299042,0,7779647,2,581068,341,021,238,3534,70,81748
122,365180969238,Left,-4,294789,0,7770694,2,598291,341,2664,238,3875,70,96303
122,379203796387,Left,-4,282526,0,7750337,2,64625,341,784,238,5542,71,54475
122,392936706543,Left,-4,273333,0,7731503,2,682197,342,1743,238,6713,71,83275
122,40699005127,Left,-4,267632,0,7715693,2,70652,342,5919,238,689,71,77322
122,420928955078,Left,-4,254331,0,7695029,2,749897,343,0939,238,8369,71,99902
122,434585571289,Left,-4,247971,0,7684625,2,764551,343,299,239,1054,72,03389
122,448860168457,Left,-4,228957,0,7661701,2,812858,343,9415,239,7453,72,30627
122,46280670166,Left,-4,213757,0,7643363,2,848965,344,4561,240,2596,72,62105
122,476379394531,Left,-4,203909,0,7632425,2,869182,344,8639,240,779,72,94478
122,490592956543,Left,-4,182808,0,7614315,2,913786,345,3267,241,5426,73,36559
122,504203796387,Left,-4,176991,0,7603396,2,926449,345,3889,241,7312,73,37158
122,518051147461,Left,-4,154253,0,7586399,2,970329,345,7761,242,1584,73,57927
122,532081604004,Left,-4,133626,0,7564999,3,006331,346,2524,242,3403,73,83766
122,545860290527,Left,-4,121467,0,7550989,3,022785,346,4785,242,4644,73,94871
122,559852600098,Left,-4,09441,0,7520542,3,064147,347,041,242,8493,74,31057
122,573890686035,Left,-4,072882,0,7490159,3,092232,347,5824,243,2091,74,35902
122,587516784668,Left,-4,055427,0,745172,3,111351,347,9805,243,5969,74,58923
122,601524353027,Left,-4,026707,0,7383541,3,144376,348,5993,244,1643,75,1235
122,615539550781,Left,-4,012327,0,7327125,3,158049,348,7762,244,411,75,60909
122,629211425781,Left,-3,978065,0,7207419,3,190608,349,4365,244,9422,76,74849
122,643272399902,Left,-3,95014,0,7106454,3,215387,350,0429,245,1925,77,56037
122,657081604004,Left,-3,930161,0,7098489,3,229321,350,5356,245,4396,78,39848
122,67098236084,Left,-3,892876,0,703715,3,253424,351,3017,246,0035,80,1286
122,685119628906,Left,-3,877327,0,7010595,3,262188,351,8207,246,0263,80,77101
122,698760986328,Left,-3,836099,0,6953583,3,28092,352,9391,245,9505,82,19205
122,712745666504,Left,-3,798844,0,6896333,3,289369,353,7174,246,1595,83,14888
122,726715087891,Left,-3,775555,0,6858657,3,289204,354,2703,246,4598,83,77023
122,740356445313,Left,-3,732126,0,6778975,3,292161,355,6795,246,7176,84,61108
122,754440307617,Left,-3,716251,0,674183,3,288004,356,3206,246,7234,84,65476
122,768394470215,Left,-3,670171,0,6666328,3,280632,357,783,247,0089,85,34392
122,782135009766,Left,-3,632459,0,6604432,3,27144,358,8398,247,2719,86,23875
122,796310424805,Left,-3,611943,0,6573111,3,261611,359,2201,247,488,86,81257
122,809928894043,Left,-3,570672,0,6510383,3,243267,359,8735,247,8576,87,62636
122,823875427246,Left,-3,558677,0,6487866,3,236459,0,07449519,247,9771,87,76436
122,837882995605,Left,-3,518201,0,6420382,3,212879,0,7047225,248,5069,88,12904
122,851577758789,Left,-3,484975,0,6359014,3,191841,1,270482,249,0854,88,30453
122,865631103516,Left,-3,469065,0,633036,3,180549,1,567203,249,3649,88,52827
122,879539489746,Left,-3,431765,0,6260129,3,153769,2,388398,250,1342,89,38921
122,893356323242,Left,-3,404612,0,6202354,3,133466,3,102871,250,8197,90,34203
122,907447814941,Left,-3,384431,0,6164652,3,117887,3,580242,251,4358,91,3675
122,921211242676,Left,-3,352208,0,6104744,3,092277,4,231863,252,3161,93,78773
122,935035705566,Left,-3,338845,0,6083041,3,08162,4,330708,252,6084,94,47839
122,94905090332,Left,-3,302294,0,6029538,3,051543,4,246022,253,4015,96,93237
122,962715148926,Left,-3,275133,0,5979685,3,028715,4,104518,253,8414,97,90002
122,976844787598,Left,-3,25694,0,5942636,3,013095,4,448944,253,9413,97,91599
122,990676879883,Left,-3,223742,0,5876213,2,984354,4,965897,254,2583,97,76682
123,004676818848,Left,-3,211298,0,5853582,2,973301,5,106272,254,233,97,19933
123,018508911133,Left,-3,176609,0,5784203,2,941882,5,690672,253,9073,95,20583
123,032333374023,Left,-3,148001,0,57445,2,914672,6,377322,253,7362,94,09469
123,046112060547,Left,-3,1328,0,5738438,2,898952,6,674154,253,5911,93,85081
123,060150146484,Left,-3,098795,0,5729439,2,863288,7,284383,253,4353,94,05086
123,073974609375,Left,-3,089983,0,5734725,2,852066,7,575436,253,15,94,00214
123,087875366211,Left,-3,057732,0,575213,2,813552,8,300973,252,5793,94,4057
123,101821899414,Left,-3,029415,0,5787266,2,779338,8,250001,252,0155,95,72198
123,11572265625,Left,-3,024064,0,579994,2,774755,7,859126,251,8877,95,38102
123,12964630127,Left,-3,015287,0,5827147,2,76297,7,300035,252,3663,96,20832
123,143516540527,Left,-3,016684,0,5826314,2,761834,7,308188,252,9053,97,19158
123,157287597656,Left,-3,01837,0,5811386,2,761759,7,553521,252,891,96,97179
123,171356201172,Left,-3,020578,0,5788008,2,761829,7,834331,253,048,96,65977
123,18522644043,Left,-3,02159,0,5773033,2,761813,8,150927,253,128,96,617
123,199012756348,Left,-3,024059,0,5732448,2,761733,9,141215,253,2968,96,65637
123,213119506836,Left,-3,025706,0,5706046,2,761387,9,753884,253,2739,96,59548
123,226928710938,Left,-3,026744,0,5685178,2,761267,10,27678,253,2575,96,60334
123,240692138672,Left,-3,028262,0,5656539,2,761237,11,07409,253,3758,96,77556
123,254653930664,Left,-3,02846,0,5656588,2,761498,11,18067,253,502,96,83845
123,268424987793,Left,-3,02996,0,5642014,2,761603,11,71587,253,6455,96,93637
123,282371520996,Left,-3,030882,0,5641635,2,761741,11,95059,253,8014,96,90459
123,296577453613,Left,-3,031383,0,5646698,2,762125,11,93503,253,9704,96,78796
123,310089111328,Left,-3,032719,0,5654527,2,762602,11,98659,254,173,96,494
123,324111938477,Left,-3,033185,0,5659034,2,762565,11,95868,254,0367,96,17445
123,33805847168,Left,-3,032796,0,5674471,2,762912,11,46176,253,8614,95,85777
123,351806640625,Left,-3,032731,0,5684994,2,763395,11,15827,254,1593,96,04074
123,365852355957,Left,-3,033251,0,5684201,2,763666,11,15784,254,2936,96,06983
123,379692077637,Left,-3,03416,0,5682531,2,764264,11,23955,254,5814,96,11179
123,39380645752,Left,-3,034871,0,5679901,2,76475,11,27578,254,801,96,0958
123,407539367676,Left,-3,035275,0,5674971,2,764905,11,31856,254,7324,95,87071
123,421394348145,Left,-3,035769,0,5669783,2,765146,11,51354,254,7946,95,73721
123,435317993164,Left,-3,035942,0,5667971,2,765282,11,60737,254,872,95,76105
123,449287414551,Left,-3,036247,0,5664384,2,765596,11,73075,254,9878,95,78074
123,46297454834,Left,-3,036378,0,5664129,2,765807,11,75907,255,1102,95,84792
123,477043151855,Left,-3,036693,0,5661604,2,765985,11,89965,255,2438,95,93403
123,490837097168,Left,-3,037037,0,5656572,2,76634,12,10763,255,2675,95,74172
123,504615783691,Left,-3,037018,0,5656722,2,766373,12,11094,255,2826,95,73804
123,518630981445,Left,-3,037141,0,5653383,2,766769,12,20812,255,2751,95,47946
123,532508850098,Left,-3,03723,0,5652074,2,766578,12,3499,255,2441,95,51054
123,546714782715,Left,-3,037352,0,5649239,2,766502,12,46203,255,1534,95,4348
123,560600280762,Left,-3,037373,0,5647894,2,766466,12,54091,255,1136,95,37094
123,574081420898,Left,-3,037328,0,5647992,2,766476,12,54091,255,1136,95,37094
123,588081359863,Left,-3,037277,0,5647669,2,766517,12,54091,255,1136,95,37093
123,601989746094,Left,-3,037233,0,5647506,2,766611,12,60511,255,1193,95,32936
123,615798950195,Left,-3,037246,0,5647939,2,766588,12,61512,255,1374,95,34676
123,629837036133,Left,-3,037373,0,5647447,2,766527,12,65643,255,1472,95,36301
123,643547058105,Left,-3,037521,0,5646069,2,766313,12,74552,255,1031,95,37508
123,657577514648,Left,-3,03764,0,5644363,2,765973,12,85011,255,0188,95,42548
123,671577453613,Left,-3,037799,0,564061,2,765515,13,02684,254,8737,95,45969
123,68531036377,Left,-3,037791,0,5636605,2,765185,13,19019,254,7244,95,41353
123,699256896973,Left,-3,038183,0,5630427,2,764828,13,39472,254,6499,95,36513
123,713188171387,Left,-3,038271,0,5625457,2,764655,13,54318,254,5665,95,26701
123,726943969727,Left,-3,038244,0,5623866,2,764582,13,57964,254,5268,95,17058
123,741035461426,Left,-3,038268,0,5622151,2,764459,13,59389,254,4983,95,04108
123,754913330078,Left,-3,038267,0,562209,2,764378,13,59221,254,5139,95,02478
123,768783569336,Left,-3,038356,0,5619928,2,764172,13,628,254,5073,94,94882
123,782852172852,Left,-3,038415,0,5617418,2,763809,13,70001,254,4286,94,84451
123,79663848877,Left,-3,038399,0,561618,2,763518,13,74453,254,3667,94,79778
123,810585021973,Left,-3,038285,0,5615042,2,763116,13,82863,254,3383,94,82999
123,824424743652,Left,-3,038212,0,5615145,2,763029,13,81709,254,3211,94,82764
123,838203430176,Left,-3,038036,0,5614892,2,76238,13,80944,254,1988,94,77409
123,852256774902,Left,-3,037755,0,5616147,2,761898,13,76508,254,128,94,80686
123,866233825684,Left,-3,03742,0,5617338,2,761305,13,7124,254,0456,94,87138
123,880027770996,Left,-3,036917,0,5619034,2,760534,13,61934,253,9115,94,96762
123,893920898438,Left,-3,036741,0,5620087,2,760442,13,58134,253,9029,95,00624
123,907730102539,Left,-3,036113,0,5623315,2,759891,13,45168,253,7921,95,10915
123,921318054199,Left,-3,035543,0,5624746,2,759643,13,40455,253,6978,95,10325
123,935440063477,Left,-3,035051,0,5626972,2,759455,13,32323,253,6523,95,11545
123,949035644531,Left,-3,033247,0,5638329,2,758639,12,87109,253,4022,95,15028
123,963188171387,Left,-3,03228,0,564633,2,758234,12,55043,253,2416,95,17965
123,977027893066,Left,-3,031015,0,5658264,2,757751,12,12192,253,0789,95,31355
123,990852355957,Left,-3,029423,0,5673686,2,757383,11,60545,252,9624,95,55517
124,005058288574,Left,-3,029079,0,5676783,2,757359,11,46019,252,9669,95,62737
124,019119262695,Left,-3,027364,0,5694109,2,757309,10,85003,253,054,95,96883
124,032524108887,Left,-3,026626,0,5700325,2,757067,10,59201,252,9922,96,13943
124,046867370605,Left,-3,022124,0,5704859,2,753807,10,43229,253,0612,96,29626
124,060546875,Left,-3,01739,0,5711365,2,750839,10,14741,253,0089,96,33007
124,074203491211,Left,-3,011162,0,5712019,2,745972,10,13045,253,0314,96,31152
124,08837890625,Left,-2,995675,0,5713027,2,734215,10,07129,253,026,96,27769
124,101951599121,Left,-2,980218,0,5715843,2,722796,10,00878,253,1569,96,44007
124,116058349609,Left,-2,96531,0,5711966,2,712108,10,0988,253,12,96,36575
124,129852294922,Left,-2,939525,0,570941,2,69398,10,11769,252,8163,95,97401
124,143814086914,Left,-2,914514,0,5712755,2,676187,10,0564,252,6767,95,89631
124,157592773438,Left,-2,892812,0,5714473,2,660594,10,02616,252,6331,95,99453
124,171646118164,Left,-2,857991,0,5715906,2,635359,9,985835,252,414,95,95667
124,185272216797,Left,-2,842935,0,571682,2,625064,10,01684,252,3126,95,94371
124,199462890625,Left,-2,800997,0,5719996,2,595258,10,16798,252,1226,95,97262
124,213554382324,Left,-2,770367,0,5719797,2,573809,10,25455,251,8579,95,82696
124,227195739746,Left,-2,750096,0,5718867,2,559618,10,33636,251,686,95,59383
124,24097442627,Left,-2,71318,0,5720447,2,534333,10,48411,251,5537,95,36018
124,254936218262,Left,-2,697887,0,5722604,2,524342,10,46001,251,4797,95,25117
124,268814086914,Left,-2,657393,0,5724733,2,497313,10,44918,251,3771,95,06364
124,28263092041,Left,-2,624995,0,5723249,2,47607,10,62642,251,1186,94,64607
124,296401977539,Left,-2,606071,0,5723209,2,463561,10,70392,250,9293,94,39376
124,310333251953,Left,-2,566557,0,5721169,2,437043,10,96052,250,6854,94,01048
124,324523925781,Left,-2,55228,0,5723084,2,427723,10,91458,250,6512,93,99433
124,338066101074,Left,-2,513751,0,57239,2,401452,10,85013,250,5228,93,8988
124,352088928223,Left,-2,479416,0,5722897,2,377431,10,92424,250,4155,93,70284
124,365875244141,Left,-2,463074,0,572366,2,364828,10,92801,250,4231,93,63512
124,379760742188,Left,-2,423737,0,5723586,2,335899,10,89435,250,3966,93,45324
124,393653869629,Left,-2,396161,0,5723684,2,313316,10,92087,250,4183,93,34454
124,407447814941,Left,-2,377203,0,5723994,2,295359,10,95109,250,3996,93,30236
124,421478271484,Left,-2,344615,0,5724325,2,266081,10,96467,250,3607,93,29093
124,435470581055,Left,-2,331489,0,5724245,2,251627,10,95632,250,3289,93,28791
124,449310302734,Left,-2,29834,0,5722654,2,216394,10,90742,250,25,93,21326
124,463485717773,Left,-2,275026,0,5719604,2,186426,10,80932,250,1936,93,2074
124,476989746094,Left,-2,260759,0,5719336,2,167872,10,69666,250,2119,93,30026
124,490837097168,Left,-2,234353,0,5716407,2,131464,10,73755,250,1864,93,10776
124,50505065918,Left,-2,223628,0,5716119,2,116145,10,77106,250,1871,93,08975
124,518569946289,Left,-2,19757,0,5712817,2,094134,10,89844,250,1085,92,98479
124,532562255859,Left,-2,17575,0,5706328,2,089668,11,1375,250,0033,93,00204
124,546722412109,Left,-2,172271,0,5721752,2,08649,12,15649,247,9469,94,57737
124,56029510498,Left,-2,162788,0,5738285,2,08119,9,916668,244,6714,96,42014
124,574310302734,Left,-2,166573,0,5753224,2,079365,4,945971,242,9653,97,5564
124,588523864746,Left,-2,168311,0,5771719,2,072736,1,384616,238,3458,99,63774
124,60205078125,Left,-2,169018,0,5755658,2,068753,1,901069,236,2616,100,1452
124,616050720215,Left,-2,169272,0,5751194,2,067048,2,129209,235,4476,100,2752
124,629730224609,Left,-2,165411,0,5767668,2,065495,0,382572,234,5333,102,7124
124,64421081543,Left,-2,166428,0,576135,2,065229,0,6895123,234,7951,102,679
124,657981872559,Left,-2,166795,0,5759363,2,065454,0,7891406,234,8741,102,6071
124,671585083008,Left,-2,167223,0,5753796,2,065447,1,113454,234,931,102,5262
124,685516357422,Left,-2,167285,0,574955,2,065157,1,292197,234,8548,102,4888
124,699752807617,Left,-2,167647,0,574385,2,064865,1,726101,234,7975,102,5027
124,713066101074,Left,-2,167598,0,5747727,2,064947,1,436982,234,8322,102,3994
124,727279663086,Left,-2,167427,0,575176,2,065134,1,19229,234,8782,102,396
124,741035461426,Left,-2,167437,0,5752758,2,065177,1,144017,234,9156,102,4126
124,754875183105,Left,-2,167484,0,57517,2,065133,1,204178,234,905,102,3838
124,768997192383,Left,-2,167536,0,5750244,2,064999,1,2922,234,8446,102,3915
124,782852172852,Left,-2,167567,0,5749484,2,064922,1,340863,234,8105,102,4224
124,796501159668,Left,-2,167616,0,5748724,2,064915,1,38802,234,8268,102,4334
124,810470581055,Left,-2,167761,0,5745991,2,064842,1,554477,234,8419,102,4438
124,82430267334,Left,-2,167865,0,5743294,2,064732,1,698953,234,8291,102,4473
124,838485717773,Left,-2,168123,0,5737001,2,064449,2,082363,234,7463,102,4205
124,852210998535,Left,-2,168257,0,5733252,2,064256,2,288069,234,6873,102,4192
124,865837097168,Left,-2,168405,0,5731354,2,064291,2,37926,234,7431,102,3825
124,880187988281,Left,-2,16861,0,5729281,2,064507,2,524857,234,9969,102,3704
124,89387512207,Left,-2,168688,0,5728704,2,064607,2,551113,235,0934,102,3632
124,907768249512,Left,-2,168719,0,5729381,2,064805,2,508734,235,2309,102,3651
124,921585083008,Left,-2,168747,0,573002,2,065025,2,469516,235,3762,102,372
124,935684204102,Left,-2,168776,0,5729975,2,065204,2,467865,235,4735,102,379
124,949417114258,Left,-2,168918,0,572856,2,06539,2,552294,235,6519,102,3737
124,963439941406,Left,-2,16905,0,5727508,2,065581,2,610578,235,8295,102,3614
124,97713470459,Left,-2,169166,0,5726755,2,065779,2,651464,236,0024,102,3288
124,991203308105,Left,-2,169358,0,5725264,2,066103,2,733729,236,2814,102,2671
125,004997253418,Left,-2,169443,0,5724608,2,066299,2,764133,236,3972,102,2276
125,018844604492,Left,-2,169657,0,5724308,2,06691,2,777896,236,8748,102,0749
125,032737731934,Left,-2,169728,0,5725929,2,067507,2,66591,237,2681,101,9068
125,04704284668,Left,-2,16972,0,572729,2,067685,2,591421,237,3299,101,841
125,060447692871,Left,-2,169727,0,5728483,2,068376,2,466875,237,7308,101,6978
125,074371337891,Left,-2,169198,0,572281,2,069978,1,779316,237,4933,100,6653
125,08821105957,Left,-2,168957,0,5728174,2,070176,1,344803,237,5251,100,7174
125,102256774902,Left,-2,169394,0,572853,2,070338,1,261389,237,804,100,5193
125,116149902344,Left,-2,169338,0,5730665,2,070454,1,111669,237,8501,100,4638
125,129829406738,Left,-2,169006,0,5735962,2,070744,0,8334013,237,9334,100,4712
125,144302368164,Left,-2,168983,0,5736959,2,070659,0,7393868,237,8354,100,4223
125,157974243164,Left,-2,168909,0,5737641,2,070606,0,7028731,237,772,100,4264
125,171524047852,Left,-2,168871,0,5738038,2,070737,0,6746078,237,8225,100,4346
125,185432434082,Left,-2,168877,0,5738208,2,070798,0,6755435,237,8794,100,3898
125,19930267334,Left,-2,168668,0,5740317,2,070568,0,522153,237,6486,100,1699
125,213455200195,Left,-2,168267,0,5746084,2,070359,0,1897789,237,3726,100,2542
125,227409362793,Left,-2,167999,0,5749279,2,070035,0,01188111,237,0596,100,2936
125,240928649902,Left,-2,168548,0,5737833,2,069112,0,7959527,236,7513,100,5738
125,255012512207,Left,-2,168607,0,5735922,2,069011,0,9450389,236,7332,100,6041
125,268882751465,Left,-2,168412,0,5737871,2,069025,0,8493071,236,6855,100,6226
125,282707214355,Left,-2,168294,0,5739073,2,068933,0,7218984,236,537,100,5658
125,296646118164,Left,-2,168169,0,5740082,2,068825,0,6567268,236,4182,100,5675
125,310516357422,Left,-2,167918,0,5742214,2,068544,0,5037688,236,1369,100,5704
125,324417114258,Left,-2,167827,0,5743334,2,068538,0,4061726,236,0609,100,4963
125,338371276855,Left,-2,167611,0,5745233,2,068405,0,2809422,235,8996,100,5221
125,352081298828,Left,-2,167491,0,5746193,2,068301,0,2238805,235,7969,100,5474
125,366142272949,Left,-2,167447,0,5746467,2,068269,0,2115161,235,7683,100,5648
125,380256652832,Left,-2,167363,0,5746953,2,068192,0,1822673,235,701,100,5965
125,393836975098,Left,-2,167345,0,5747103,2,068134,0,1727341,235,6496,100,5823
125,407806396484,Left,-2,167361,0,5747225,2,068149,0,1337557,235,6115,100,4784
125,421806335449,Left,-2,167306,0,5747847,2,068191,0,08908278,235,6151,100,4775
125,435440063477,Left,-2,167264,0,5748474,2,068174,0,04772083,235,5635,100,4364
125,449562072754,Left,-2,167207,0,5748695,2,068117,0,00369001,235,4634,100,3361
125,463096618652,Left,-2,167072,0,5749247,2,067974,359,9737,235,3159,100,3472
125,477348327637,Left,-2,166907,0,5751025,2,067883,359,8339,235,147,100,2479
125,491096496582,Left,-2,166642,0,5753694,2,067766,359,6182,234,9055,100,1506
125,504814147949,Left,-2,166306,0,5758078,2,067831,359,266,234,7306,100,0007
125,518898010254,Left,-2,165827,0,5763062,2,067857,358,9163,234,5352,99,99992
125,532997131348,Left,-2,16523,0,5771091,2,068302,358,1499,234,3744,99,74075
125,546585083008,Left,-2,16476,0,5776856,2,068595,357,68,234,3148,99,67258
125,560546875,Left,-2,164325,0,5781873,2,069206,357,298,234,4617,99,55634
125,574279785156,Left,-2,163896,0,5788595,2,069723,356,7834,234,5987,99,54898
125,588226318359,Left,-2,163426,0,5797913,2,070652,356,1478,235,1855,99,94967
125,602394104004,Left,-2,163151,0,5802384,2,07176,355,5836,235,6732,99,82693
125,616134643555,Left,-2,163065,0,5805044,2,07208,355,3669,235,8614,99,85255
125,62996673584,Left,-2,162918,0,5807245,2,072463,355,1954,236,0299,99,81279
125,644309997559,Left,-2,162906,0,5807489,2,072622,355,1642,236,1187,99,7857
125,657653808594,Left,-2,162802,0,5808544,2,072738,355,0851,236,1618,99,81035
125,671653747559,Left,-2,162719,0,580937,2,072822,355,0316,236,2215,99,88959
125,685523986816,Left,-2,16264,0,5810376,2,07295,354,9578,236,2888,99,91746
125,699264526367,Left,-2,16222,0,5815682,2,07333,354,5818,236,4974,100,1562
125,713363647461,Left,-2,161669,0,5821133,2,07402,354,1139,236,7948,100,3314
125,727081298828,Left,-2,161585,0,5822896,2,074228,353,8535,236,9832,100,5108
125,741188049316,Left,-2,161434,0,5824775,2,075078,353,6756,237,4298,100,305
125,755325317383,Left,-2,16113,0,5828496,2,075325,353,4022,237,5724,100,5364
125,768783569336,Left,-2,160852,0,5831614,2,075707,353,1888,237,8488,100,7624
125,782722473145,Left,-2,161613,0,5825648,2,075564,353,6123,237,8797,100,3829
125,79655456543,Left,-2,161329,0,5828158,2,075414,353,4289,237,7343,100,5446
125,810485839844,Left,-2,161055,0,5830849,2,075639,353,2343,237,8297,100,6455
125,824523925781,Left,-2,161064,0,5830911,2,075566,353,2191,237,7527,100,6122
125,838218688965,Left,-2,160818,0,5832956,2,075525,353,0646,237,6497,100,6937
125,85213470459,Left,-2,160891,0,5833026,2,074219,353,0531,236,7389,100,7347
125,866104125977,Left,-2,161672,0,5825845,2,072898,353,6014,236,0535,100,5103
125,879981994629,Left,-2,16353,0,5807226,2,0732,355,1321,237,218,100,7335
125,894104003906,Left,-2,164155,0,5800389,2,073625,355,6172,237,755,100,7317
125,907791137695,Left,-2,163914,0,5803555,2,073989,355,3356,237,8837,100,7258
125,921508789063,Left,-2,163472,0,5809538,2,074503,354,8549,238,0414,100,7159
125,93537902832,Left,-2,163463,0,5810805,2,074609,354,7506,238,0974,100,6946
125,949226379395,Left,-2,163241,0,5813758,2,074775,354,4969,238,1081,100,6763
125,963256835938,Left,-2,163274,0,5814376,2,074811,354,4555,238,1499,100,7625
125,977294921875,Left,-2,163282,0,58139,2,074887,354,4778,238,2004,100,6625
125,990936279297,Left,-2,163469,0,5812556,2,074873,354,593,238,2808,100,6968
126,004981994629,Left,-2,163732,0,5811102,2,074782,354,7237,238,3319,100,8186
126,018623352051,Left,-2,164078,0,5807445,2,074794,354,9988,238,4851,100,7739
126,032531738281,Left,-2,164366,0,580478,2,074894,355,2034,238,6559,100,808
126,046836853027,Left,-2,164467,0,5803983,2,075109,355,2899,238,8676,100,7158
126,060272216797,Left,-2,164496,0,5803947,2,075413,355,2617,239,1001,100,6742
126,074424743652,Left,-2,164459,0,5801793,2,075468,355,3588,239,2472,101,0338
126,088356018066,Left,-2,164794,0,5800471,2,076134,355,457,239,8232,100,9857
126,102012634277,Left,-2,164759,0,5801625,2,076493,355,3648,240,0817,101,0363
126,116027832031,Left,-2,164783,0,5802125,2,076802,355,3189,240,2863,100,9978
126,129959106445,Left,-2,164771,0,5803815,2,077358,355,1807,240,6474,100,9522
126,143455505371,Left,-2,164777,0,5804198,2,077432,355,1533,240,7325,101,0135
126,157623291016,Left,-2,164777,0,5804462,2,077399,355,1082,240,6847,100,9653
126,171417236328,Left,-2,164795,0,5804221,2,077331,355,1346,240,6555,100,9871
126,185401916504,Left,-2,164849,0,5803639,2,077347,355,1851,240,6923,100,9949
126,199440002441,Left,-2,165092,0,5801297,2,077593,355,3453,240,9177,100,9923
126,213165283203,Left,-2,165258,0,5800139,2,077813,355,4664,241,1692,100,9746
126,22730255127,Left,-2,165195,0,5801088,2,078055,355,399,241,3284,101,0051
126,241104125977,Left,-2,165135,0,5802189,2,078375,355,312,241,5187,100,9854
126,25464630127,Left,-2,165077,0,5802926,2,078474,355,2385,241,5454,100,9476
126,26872253418,Left,-2,164955,0,5804218,2,078522,355,1335,241,5263,100,9368
126,28288269043,Left,-2,164896,0,5803989,2,078157,355,1368,241,2432,100,9308
126,296394348145,Left,-2,164763,0,5805153,2,078012,355,0609,241,1125,100,9747
126,310539245605,Left,-2,164419,0,580816,2,077716,354,8047,240,7636,100,9596
126,324180603027,Left,-2,16429,0,5810096,2,077579,354,654,240,6071,100,9443
126,338218688965,Left,-2,163877,0,5812427,2,07676,354,423,239,8699,100,9213
126,352203369141,Left,-2,163471,0,5815706,2,07602,354,1595,239,1681,100,8955
126,365699768066,Left,-2,163316,0,5817175,2,075818,354,062,238,9659,100,9178
126,379592895508,Left,-2,163193,0,5818078,2,075576,353,9703,238,703,100,8393
126,393447875977,Left,-2,163136,0,5818269,2,075387,353,9733,238,545,100,8552
126,407249450684,Left,-2,163123,0,5818111,2,075275,353,9937,238,467,100,8657
126,42113494873,Left,-2,163156,0,5817098,2,07505,354,0745,238,3163,100,852
126,434799194336,Left,-2,163136,0,5816895,2,074894,354,0971,238,2039,100,8614
126,448844909668,Left,-2,163295,0,5814633,2,074666,354,2476,238,0332,100,7202
126,462715148926,Left,-2,16326,0,581454,2,07448,354,2611,237,8951,100,732
126,476470947266,Left,-2,163227,0,5814797,2,074444,354,2523,237,8599,100,7449
126,490829467773,Left,-2,163283,0,5813824,2,074358,354,3391,237,835,100,7626
126,504516601563,Left,-2,163276,0,5813953,2,07435,354,3354,237,8387,100,7868
126,518020629883,Left,-2,163346,0,5813166,2,074344,354,4038,237,8703,100,7986
126,532241821289,Left,-2,163477,0,5811904,2,074483,354,5148,238,0046,100,7745
126,545837402344,Left,-2,163496,0,5811775,2,074695,354,5065,238,1059,100,7521
126,559661865234,Left,-2,163522,0,5812225,2,074905,354,4943,238,2773,100,7111
126,573684692383,Left,-2,163702,0,5810933,2,075238,354,5953,238,5509,100,6467
126,587417602539,Left,-2,163864,0,5809725,2,075459,354,6857,238,7604,100,6165
126,601417541504,Left,-2,16415,0,5805869,2,075813,354,9425,239,0655,100,6428
126,615310668945,Left,-2,164513,0,5802686,2,075948,355,2587,239,3851,100,634
126,629341125488,Left,-2,165133,0,579563,2,076417,355,8452,240,0318,100,7508
126,643127441406,Left,-2,165864,0,57882,2,077136,356,3851,240,7901,100,7463
126,656967163086,Left,-2,166304,0,5783015,2,077582,356,7756,241,2786,100,7611
126,670677185059,Left,-2,166698,0,577668,2,0778,357,1944,241,5793,100,8814
126,684745788574,Left,-2,166898,0,5774519,2,077932,357,3517,241,7616,100,9183
126,69847869873,Left,-2,166933,0,5773576,2,077942,357,4297,241,8059,100,9679
126,712440490723,Left,-2,166859,0,5773973,2,07789,357,3988,241,7403,100,9656
126,72679901123,Left,-2,166859,0,5773737,2,07782,357,4195,241,6931,100,9672
126,740425109863,Left,-2,166948,0,5771473,2,077472,357,5589,241,5273,100,9547
126,754180908203,Left,-2,16695,0,5771706,2,077395,357,5716,241,4406,100,9815
126,768142700195,Left,-2,166967,0,5770659,2,077139,357,6703,241,2572,100,9933
126,781913757324,Left,-2,166949,0,5770726,2,077032,357,6534,241,1874,100,9745
126,795883178711,Left,-2,166903,0,5771316,2,077061,357,6305,241,185,100,984
126,809722900391,Left,-2,166881,0,5771422,2,077053,357,6118,241,1843,100,9814
126,823455810547,Left,-2,166923,0,5770656,2,07692,357,6646,241,1191,100,9946
126,837577819824,Left,-2,166949,0,5770377,2,076889,357,6988,241,1284,101,0361
126,851425170898,Left,-2,166963,0,5770387,2,076978,357,7006,241,1941,101,0349
126,865325927734,Left,-2,166919,0,577112,2,077121,357,6439,241,2617,101,0096
126,879096984863,Left,-2,166829,0,5772575,2,077383,357,538,241,4019,100,9972
126,89281463623,Left,-2,166853,0,5772567,2,077528,357,5345,241,5093,100,9975
126,906745910645,Left,-2,166886,0,5772304,2,077585,357,5511,241,5612,101,0007
126,920745849609,Left,-2,166941,0,5771242,2,07762,357,6231,241,6106,101,0291
126,934364318848,Left,-2,166986,0,5771122,2,077604,357,6396,241,619,101,016
126,948402404785,Left,-2,167065,0,5769877,2,077535,357,734,241,5993,101,0136
126,962181091309,Left,-2,167196,0,5767595,2,077346,357,9113,241,5364,101,0474
126,976432800293,Left,-2,167275,0,5765715,2,077216,358,062,241,496,101,0819
126,990142822266,Left,-2,167408,0,5763769,2,077038,358,2156,241,4517,101,1342
127,003852844238,Left,-2,167434,0,5763538,2,077031,358,2383,241,4663,101,1513
127,017799377441,Left,-2,167433,0,5763943,2,077176,358,2139,241,5658,101,1493
127,031799316406,Left,-2,167426,0,5764572,2,077422,358,1644,241,7151,101,1163
127,045463562012,Left,-2,167489,0,5763978,2,077511,358,1991,241,7798,101,0808
127,059516906738,Left,-2,167665,0,5762084,2,07764,358,3465,241,935,101,0802
127,073463439941,Left,-2,167874,0,5759528,2,077822,358,5488,242,1521,101,1047
127,08740234375,Left,-2,168127,0,5755901,2,078045,358,8443,242,4124,101,1217
127,101379394531,Left,-2,16843,0,5752481,2,078511,359,1005,242,8699,101,1796
127,114959716797,Left,-2,168649,0,5747639,2,078889,359,4493,243,3493,101,5266
127,12882232666,Left,-2,168864,0,5747682,2,080475,359,5292,244,6627,101,7712
127,142951965332,Left,-2,168998,0,5750677,2,082367,359,3182,245,9227,101,8411
127,156532287598,Left,-2,168821,0,5751745,2,08272,359,2294,246,4357,102,2352
127,170593261719,Left,-2,169242,0,5749102,2,084982,359,3694,248,0483,102,1267
127,184532165527,Left,-2,169641,0,5748358,2,086065,359,4447,248,8509,102,4604
127,198417663574,Left,-2,169822,0,5745497,2,087134,359,6725,249,9092,102,6886
127,212509155273,Left,-2,169854,0,5747061,2,088099,359,5877,250,4997,102,744
127,226318359375,Left,-2,169876,0,5747651,2,087276,359,5304,249,859,102,7614
127,240165710449,Left,-2,17119,0,5732618,2,089492,0,3471294,251,5292,102,4662
127,25399017334,Left,-2,171283,0,573058,2,090874,0,3850429,252,5753,102,6687
127,267623901367,Left,-2,171889,0,5726087,2,093003,0,6626371,254,1747,102,7515
127,281639099121,Left,-2,172187,0,5721893,2,094583,0,893898,255,5127,103,0656
127,295639038086,Left,-2,172352,0,5720862,2,095776,0,9374921,256,3851,103,0367
127,309425354004,Left,-2,172764,0,5715573,2,097549,1,299871,257,7588,103,1059
127,323371887207,Left,-2,171641,0,5684551,2,103941,359,0719,257,3673,99,006
127,337333679199,Left,-2,172501,0,5687085,2,102892,358,813,256,8505,99,2196
127,351058959961,Left,-2,172871,0,5684891,2,102994,358,9196,256,8117,98,89512
127,365081787109,Left,-2,172842,0,5690128,2,103377,358,7263,256,8998,98,85213
127,378868103027,Left,-2,172551,0,5687669,2,10543,358,7675,258,3637,98,73482
127,392944335938,Left,-2,172487,0,5686283,2,107368,358,8652,259,6627,98,65254
127,406867980957,Left,-2,17248,0,5684462,2,108314,358,9769,260,3047,98,60957
127,420600891113,Left,-2,1726,0,5677427,2,110209,359,4022,261,5882,98,51707
127,434638977051,Left,-2,172736,0,5672879,2,111297,359,5076,261,9131,97,95535
127,448387145996,Left,-2,173386,0,5656039,2,115019,359,7235,262,3024,95,26413
127,462059020996,Left,-2,173922,0,5648454,2,117043,359,4344,261,6227,92,57735
127,476089477539,Left,-2,173738,0,5652648,2,116704,359,3401,261,4065,92,5483
127,490074157715,Left,-2,174341,0,5641897,2,117631,0,3040166,262,0974,92,34087
127,504043579102,Left,-2,174923,0,5621932,2,119529,1,657109,263,5053,92,25314
127,517974853516,Left,-2,174529,0,5616609,2,1219,2,472468,265,627,93,52114
127,531539916992,Left,-2,174302,0,5617174,2,123547,2,947305,266,8415,94,14317
127,54557800293,Left,-2,174849,0,5619994,2,123986,3,521242,266,9119,94,47196
127,559547424316,Left,-2,175328,0,5622171,2,124884,4,09434,266,9162,94,19638
127,573204040527,Left,-2,176224,0,5630599,2,125087,4,680013,266,5938,94,29287
127,587303161621,Left,-2,1768,0,5638209,2,125317,5,508216,266,3662,94,65346
127,601188659668,Left,-2,177456,0,5643422,2,125496,6,164423,265,7532,95,03209
127,615028381348,Left,-2,176996,0,5643209,2,125538,6,221113,265,7088,94,90809
127,62914276123,Left,-2,177012,0,5643638,2,125641,6,318478,265,4523,94,90659
127,642807006836,Left,-2,176892,0,5646746,2,125815,6,256772,265,544,95,05925
127,657089233398,Left,-2,176981,0,5648867,2,12577,6,271264,265,4725,95,26526
127,670822143555,Left,-2,177124,0,5651605,2,125826,6,292889,265,3735,95,52016
127,684371948242,Left,-2,177153,0,5652111,2,125881,6,30372,265,3816,95,56513
127,698371887207,Left,-2,177282,0,5654362,2,125912,6,331069,265,2956,95,86328
127,712341308594,Left,-2,177409,0,5655254,2,126085,6,447995,265,0869,96,10454
127,725959777832,Left,-2,177421,0,5655251,2,126164,6,477849,265,1061,96,11997
127,740158081055,Left,-2,177816,0,5657914,2,126014,6,761213,264,8962,96,58898
127,754180908203,Left,-2,177806,0,5658341,2,126076,6,793885,264,9084,96,5629
127,767852783203,Left,-2,177863,0,566061,2,12593,6,815381,264,8721,96,71595
127,781768798828,Left,-2,177871,0,5662935,2,125766,6,745669,264,853,96,91818
127,795539855957,Left,-2,17783,0,5665501,2,125494,6,667616,264,8267,97,09238
127,809494018555,Left,-2,177599,0,5674195,2,124799,6,313516,264,6751,97,58702
127,82347869873,Left,-2,177078,0,5683741,2,124048,5,853474,264,3633,97,82601
127,837425231934,Left,-2,176943,0,5690055,2,123211,5,391181,263,7904,97,81857
127,851287841797,Left,-2,176892,0,5695008,2,121863,5,039183,263,036,97,89706
127,865158081055,Left,-2,176762,0,569778,2,121147,4,9445,262,7349,98,04815
127,878936767578,Left,-2,176448,0,5702462,2,119783,4,774732,262,2109,98,44402
127,893173217773,Left,-2,176099,0,5706447,2,118891,4,357653,261,7982,98,54792
127,907173156738,Left,-2,176174,0,5709708,2,118204,4,105562,261,4807,98,65775
127,920570373535,Left,-2,175992,0,571432,2,117028,3,739134,260,7957,98,71489
127,934524536133,Left,-2,176026,0,5716265,2,116478,3,586833,260,3857,98,6934
127,94849395752,Left,-2,175894,0,5722,2,11495,3,20084,259,5434,98,8063
127,962516784668,Left,-2,175084,0,5722164,2,113598,2,759174,259,0346,98,91476
127,976387023926,Left,-2,175366,0,5726762,2,112725,2,319898,258,1519,98,6042
127,989936828613,Left,-2,175043,0,5734907,2,111257,1,698654,257,2404,98,7286
128,004058837891,Left,-2,174494,0,5736528,2,110872,1,140529,257,0211,98,65443
128,017974853516,Left,-2,174094,0,5743868,2,109448,0,4866022,256,2161,98,72174
128,031784057617,Left,-2,173887,0,5748718,2,108156,0,0644992,255,3039,98,93078
128,045684814453,Left,-2,17452,0,5749603,2,107539,0,04718808,254,7578,99,07234
128,059585571289,Left,-2,174674,0,5748645,2,106744,359,9581,254,1086,98,94302
128,073501586914,Left,-2,175099,0,5752814,2,106676,359,6547,253,7763,98,92875
128,087417602539,Left,-2,174978,0,575644,2,106436,359,4009,253,5475,98,86942
128,101211547852,Left,-2,175036,0,5756448,2,105857,359,392,253,1419,98,82377
128,115356445313,Left,-2,174978,0,5757889,2,105367,359,2779,252,7842,98,79674
128,129104614258,Left,-2,1746,0,5759476,2,104621,359,0207,252,2123,98,55234
128,14289855957,Left,-2,174368,0,5765064,2,104422,358,6265,251,9554,98,48602
128,156860351563,Left,-2,174221,0,5769427,2,104161,358,3766,251,7471,98,52512
128,170883178711,Left,-2,174202,0,5770311,2,103719,358,2634,251,4108,98,52328
128,184677124023,Left,-2,174359,0,5768808,2,103501,358,3565,251,2584,98,52398
128,198547363281,Left,-2,174505,0,5765923,2,102421,358,4952,250,5793,98,51474
128,212265014648,Left,-2,174048,0,5767846,2,100798,358,258,249,5974,98,46407
128,226364135742,Left,-2,17381,0,5770528,2,100199,357,9187,249,1081,98,35239
128,24040222168,Left,-2,173743,0,5775095,2,099268,357,5573,248,3291,98,29689
128,254211425781,Left,-2,173352,0,5778084,2,098478,357,3573,247,864,98,30244
128,268051147461,Left,-2,173226,0,578177,2,097593,357,0654,247,138,98,27073
128,281860351563,Left,-2,172969,0,5784153,2,096941,356,6714,246,5452,98,08128
128,295776367188,Left,-2,173132,0,578615,2,096846,356,5106,246,3159,98,04457
128,309753417969,Left,-2,172993,0,5788764,2,096532,356,294,246,0237,97,96835
128,323394775391,Left,-2,172822,0,5791264,2,096122,356,1072,245,6901,97,96016
128,337661743164,Left,-2,172759,0,5792245,2,09586,356,0343,245,4865,97,95429
128,351486206055,Left,-2,172672,0,5793051,2,095331,355,9417,245,0863,97,89188
128,365005493164,Left,-2,172611,0,5793869,2,095069,355,8829,244,8843,97,89024
128,379165649414,Left,-2,172224,0,5795522,2,094637,355,5494,244,4618,97,74241
128,393051147461,Left,-2,171928,0,5799451,2,094156,355,2144,244,0093,97,65368
128,406860351563,Left,-2,171702,0,5802034,2,093767,355,0228,243,6742,97,65628
128,420883178711,Left,-2,171219,0,5805305,2,092893,354,7496,243,0321,97,57549
128,434722900391,Left,-2,171276,0,5806732,2,092668,354,6384,242,7665,97,5873
128,448425292969,Left,-2,170601,0,5808837,2,091633,354,3055,242,0429,97,46886
128,462615966797,Left,-2,170441,0,5812563,2,090687,353,9422,241,1388,97,5689
128,476165771484,Left,-2,170139,0,5815986,2,090051,353,6674,240,5573,97,55075
128,490127563477,Left,-2,169719,0,5819771,2,089029,353,377,239,7171,97,59736
128,504257202148,Left,-2,169204,0,5820984,2,088814,352,9409,239,4244,97,40504
128,517974853516,Left,-2,168244,0,5822704,2,087034,352,7169,238,3037,97,36337
128,531814575195,Left,-2,168001,0,5827108,2,086048,352,27,237,1855,97,27892
128,545761108398,Left,-2,167485,0,5828648,2,085601,351,8401,236,7388,97,2594
128,559555053711,Left,-2,166905,0,5832253,2,084668,351,5497,235,9205,97,35827
128,573852539063,Left,-2,166676,0,5833777,2,084198,351,4128,235,4331,97,32798
128,587631225586,Left,-2,166485,0,5834524,2,083777,351,357,235,0634,97,35667
128,601272583008,Left,-2,16598,0,5834277,2,082994,351,2502,234,4843,97,33432
128,615417480469,Left,-2,165596,0,5833994,2,08305,350,877,234,3456,97,35895
128,629028320313,Left,-2,165424,0,5834216,2,082402,350,8626,233,8331,97,39893
128,642990112305,Left,-2,165236,0,5834444,2,082017,350,8363,233,4969,97,42235
128,656997680664,Left,-2,165157,0,5834895,2,081903,350,8108,233,3827,97,44971
128,670928955078,Left,-2,16513,0,5835046,2,081861,350,8028,233,3387,97,4585
128,684768676758,Left,-2,164854,0,5836395,2,081717,350,6647,233,1155,97,44408
128,698776245117,Left,-2,164402,0,583886,2,081248,350,4141,232,57,97,35772
128,712417602539,Left,-2,164227,0,5838749,2,080632,350,3031,232,0985,97,40971
128,726654052734,Left,-2,163792,0,5836486,2,080277,349,9972,231,9215,97,33166
128,740264892578,Left,-2,163786,0,5837011,2,079684,350,0231,231,4939,97,49464
128,754135131836,Left,-2,16372,0,583669,2,079213,350,0725,231,1765,97,55551
128,768112182617,Left,-2,163497,0,5836018,2,077972,350,1774,230,3377,97,68725
128,781936645508,Left,-2,163157,0,5831926,2,076154,350,3824,229,0997,97,69914
128,795974731445,Left,-2,162777,0,5822133,2,074839,350,5576,228,3442,97,4511
128,810089111328,Left,-2,162298,0,582294,2,073545,350,5292,227,4848,97,49648
128,823715209961,Left,-2,162323,0,5821974,2,073122,350,5473,227,1086,97,40488
128,837844848633,Left,-2,162022,0,5823084,2,072295,350,4831,226,506,97,44376
128,851623535156,Left,-2,161386,0,5817648,2,071467,350,2341,226,0224,97,054
128,865203857422,Left,-2,161205,0,5819197,2,070671,350,1031,225,3711,97,03246
128,879318237305,Left,-2,160685,0,5823154,2,069523,349,8395,224,4514,97,04758
128,893051147461,Left,-2,160182,0,5823954,2,068287,349,5365,223,4035,96,6208
128,907012939453,Left,-2,159611,0,5822958,2,067164,349,1902,222,4828,96,12781
128,921157836914,Left,-2,158574,0,58298,2,065582,348,7477,221,1186,95,9958
128,934661865234,Left,-2,158301,0,5824939,2,064446,348,4624,220,1269,95,17525
128,948822021484,Left,-2,157401,0,5830007,2,062835,348,0748,218,725,95,07414
128,962905883789,Left,-2,156201,0,5828371,2,061489,347,4543,217,3795,94,0736
128,976654052734,Left,-2,155397,0,5831418,2,060001,347,1133,216,0755,93,8432
128,990341186523,Left,-2,154607,0,5828044,2,058539,346,6879,214,7796,92,87425
129,004318237305,Left,-2,153539,0,5831555,2,056757,346,2758,213,2356,92,64245
129,018295288086,Left,-2,154421,0,5829986,2,055207,345,6339,211,7631,91,52433
129,032180786133,Left,-2,155196,0,5826302,2,054349,345,663,211,2389,91,20164
129,046096801758,Left,-2,155268,0,5831305,2,054969,345,3313,211,6057,91,25681
129,059921264648,Left,-2,157807,0,5830556,2,057421,345,6658,213,7856,91,61621
129,07389831543,Left,-2,160251,0,5836836,2,06038,345,5299,216,1215,92,05046
129,087524414063,Left,-2,16334,0,583984,2,066046,345,3308,220,5759,91,85178
129,101501464844,Left,-2,166043,0,5835689,2,0734,345,433,226,378,91,21442
129,115493774414,Left,-2,167473,0,5835648,2,07803,345,3981,229,8615,91,07616
129,129318237305,Left,-2,168859,0,5834354,2,081989,345,5016,232,8983,91,00063
129,143280029297,Left,-2,169952,0,5821044,2,083329,346,6179,234,4434,90,9051
129,1572265625,Left,-2,17034,0,5806597,2,084224,348,777,238,423,88,48678
129,171234130859,Left,-2,176409,0,5843123,2,081315,354,6523,242,2235,86,66505
129,185028076172,Left,-2,178901,0,5847367,2,080968,353,8669,241,9928,86,19863
129,198883056641,Left,-2,186883,0,5848695,2,0804,353,7239,241,6332,86,20712
129,212631225586,Left,-2,192598,0,5847884,2,080312,353,8128,241,7493,86,0561
129,22673034668,Left,-2,196168,0,58493,2,079922,353,7315,241,4992,86,21235
129,240707397461,Left,-2,202754,0,5848585,2,079774,353,7282,241,4217,86,19006
129,254501342773,Left,-2,204647,0,5848584,2,079723,353,7389,241,4182,86,16182
129,268493652344,Left,-2,211172,0,5848818,2,079519,353,7449,241,417,86,15015
129,282119750977,Left,-2,21635,0,5848576,2,079363,353,7594,241,3827,86,11465
129,296112060547,Left,-2,219418,0,584819,2,079303,353,7874,241,3753,86,08108
129,309967041016,Left,-2,225902,0,5847641,2,079117,353,8376,241,3347,86,04067
129,32373046875,Left,-2,227661,0,5847434,2,078954,353,8661,241,2989,86,05875
129,338027954102,Left,-2,234405,0,584589,2,078474,353,8977,241,1755,86,21585
129,351623535156,Left,-2,240035,0,5844873,2,078234,353,8341,241,0992,86,34926
129,365753173828,Left,-2,243152,0,5845024,2,078175,353,7976,241,0687,86,3796
129,379470825195,Left,-2,250357,0,5845014,2,078095,353,7898,241,0488,86,35007
129,393310546875,Left,-2,25605,0,5845482,2,078049,353,7951,241,0599,86,33459
129,407211303711,Left,-2,260025,0,5845418,2,077992,353,7838,241,0553,86,35401
129,421279907227,Left,-2,266969,0,5844231,2,077915,353,7368,241,0502,86,44495
129,434860229492,Left,-2,269833,0,5843978,2,077915,353,7072,241,0431,86,51364
129,448974609375,Left,-2,277905,0,5843471,2,077903,353,6702,241,0484,86,60641
129,463088989258,Left,-2,284318,0,5843592,2,077905,353,6485,241,0536,86,69075
129,476867675781,Left,-2,288303,0,5843534,2,077904,353,6334,241,0534,86,7607
129,490859985352,Left,-2,296155,0,5842888,2,077827,353,623,241,0481,86,93888
129,504516601563,Left,-2,298838,0,5842249,2,077807,353,6012,241,0227,87,02301
129,51823425293,Left,-2,307317,0,5841528,2,077656,353,5933,240,992,87,23341
129,532211303711,Left,-2,315181,0,5839961,2,077522,353,583,240,9178,87,47107
129,545989990234,Left,-2,319316,0,5838552,2,077497,353,5718,240,859,87,60476
129,560028076172,Left,-2,328897,0,583621,2,077301,353,602,240,7662,87,92904
129,573974609375,Left,-2,330495,0,5835065,2,077129,353,6128,240,687,88,18565
129,587753295898,Left,-2,338552,0,5834987,2,076887,353,554,240,5602,88,59869
129,601699829102,Left,-2,339593,0,5835972,2,077095,353,4217,240,5815,88,6539
129,615875244141,Left,-2,339632,0,583602,2,077077,353,4143,240,5746,88,62008
129,629425048828,Left,-2,339716,0,5835767,2,07703,353,4031,240,5803,88,67925
129,643585205078,Left,-2,33973,0,5835449,2,076982,353,412,240,5573,88,73752
129,657211303711,Left,-2,339697,0,5835218,2,076947,353,4294,240,5318,88,80025
129,671234130859,Left,-2,339614,0,5834991,2,076924,353,4341,240,4924,88,89816
129,685165405273,Left,-2,339605,0,583462,2,076922,353,4312,240,4774,88,93539
129,699127197266,Left,-2,339628,0,5833701,2,07681,353,4674,240,4609,88,99429
129,713012695313,Left,-2,339612,0,5833023,2,076715,353,4856,240,4507,89,04675
129,727020263672,Left,-2,339555,0,5833357,2,076654,353,4937,240,4434,89,10037
129,740570068359,Left,-2,339448,0,5834131,2,076551,353,4792,240,4174,89,22198
129,75456237793,Left,-2,339407,0,5834249,2,07656,353,4496,240,399,89,26302
129,768753051758,Left,-2,339324,0,5834794,2,076504,353,4152,240,3699,89,29575
129,782257080078,Left,-2,339237,0,5835331,2,076407,353,3761,240,3425,89,31409
129,796432495117,Left,-2,339191,0,5835508,2,076344,353,3462,240,3166,89,32351
129,810028076172,Left,-2,339142,0,5836567,2,076285,353,2615,240,2602,89,3801
129,824264526367,Left,-2,339164,0,5837022,2,076322,353,2179,240,2245,89,40144
129,837966918945,Left,-2,339149,0,5837923,2,076307,353,1311,240,1787,89,51219
129,851715087891,Left,-2,339163,0,5837771,2,076269,353,0603,240,1298,89,61955
129,865737915039,Left,-2,339063,0,5837838,2,076134,352,9829,240,0686,89,78912
129,879653930664,Left,-2,338918,0,5836187,2,075733,352,8552,239,8657,90,16985
129,893417358398,Left,-2,33916,0,5833995,2,075707,352,7703,239,7261,90,37553
129,907470703125,Left,-2,339625,0,5828469,2,075948,353,0549,239,7881,90,049
129,921447753906,Left,-2,339286,0,583389,2,075917,352,8381,239,8606,90,23362
129,935531616211,Left,-2,339181,0,5835811,2,075857,352,7023,239,742,90,39131
129,949295043945,Left,-2,338981,0,5835009,2,075857,352,7824,239,7005,90,35394
129,962829589844,Left,-2,338794,0,5835596,2,075815,352,8045,239,7644,90,42905
129,976821899414,Left,-2,33884,0,5837627,2,075836,352,6453,239,6985,90,5284
129,990859985352,Left,-2,338825,0,5843592,2,075904,352,2018,239,4488,90,71744
130,004547119141,Left,-2,338797,0,5845178,2,075885,352,05,239,3552,90,9088
130,018646240234,Left,-2,338619,0,5848669,2,075851,351,6854,239,216,91,34583
130,032531738281,Left,-2,338552,0,5851185,2,075899,351,276,239,0143,91,72466
130,046432495117,Left,-2,338469,0,585355,2,075932,350,9756,238,8771,92,04014
130,060394287109,Left,-2,338818,0,5853693,2,076503,350,7847,238,8533,92,16505
130,074203491211,Left,-2,338914,0,5844086,2,076678,353,5541,239,8863,91,91447
130,087905883789,Left,-2,337639,0,5856462,2,077848,354,8413,241,408,94,69791
130,101989746094,Left,-2,33782,0,5853729,2,078877,354,2794,241,8932,95,74352
130,115737915039,Left,-2,337945,0,5855421,2,079092,354,0167,242,0412,96,22264
130,12971496582,Left,-2,338558,0,5850464,2,079209,354,0552,241,8996,96,00933
130,143814086914,Left,-2,338592,0,584005,2,079476,357,8328,242,7557,95,74498
130,157608032227,Left,-2,336866,0,5847328,2,08116,358,5188,245,0491,98,23421
130,17155456543,Left,-2,338095,0,5842187,2,081433,358,3171,245,4033,98,54865
130,185241699219,Left,-2,338102,0,5833576,2,081786,0,4253881,246,0988,98,3606
130,198928833008,Left,-2,336736,0,5839598,2,082919,0,4228011,247,8858,99,01492
130,21305847168,Left,-2,336966,0,5846472,2,083224,358,8961,248,8485,99,54853
130,226913452148,Left,-2,337255,0,5854943,2,083107,357,4918,249,0523,100,3
130,240646362305,Left,-2,337361,0,5868179,2,082636,355,2898,248,3618,101,9079
130,254913330078,Left,-2,339807,0,5830263,2,083305,359,1535,247,9963,100,3342
130,268600463867,Left,-2,33863,0,5826433,2,083824,2,104773,249,6414,98,02821
130,282608032227,Left,-2,338554,0,5831829,2,083447,2,118124,249,7401,98,00033
130,296401977539,Left,-2,338656,0,5831655,2,083521,2,104226,249,778,98,00389
130,310119628906,Left,-2,338832,0,5831427,2,083662,2,076631,249,8648,98,01996
130,324081420898,Left,-2,338912,0,5831281,2,083693,2,069796,249,9003,98,0389
130,337936401367,Left,-2,339008,0,5830983,2,083753,2,060265,249,9498,98,06529
130,351791381836,Left,-2,33902,0,5830924,2,083752,2,060265,249,9498,98,06529
130,365936279297,Left,-2,339169,0,5829431,2,083868,2,107698,250,0772,98,14525
130,379898071289,Left,-2,339886,0,5824171,2,084217,2,207421,250,2751,98,19578
130,393905639648,Left,-2,340141,0,5822734,2,084393,2,225365,250,3388,98,17236
130,407455444336,Left,-2,340315,0,5821577,2,084607,2,247155,250,4134,98,1281
130,421234130859,Left,-2,34078,0,5819358,2,085052,2,315241,250,5742,97,99581
130,435623168945,Left,-2,340933,0,5818763,2,085245,2,332271,250,6346,97,91417
130,449462890625,Left,-2,341419,0,5817351,2,085748,2,34933,250,7887,97,73491
130,463104248047,Left,-2,341593,0,5817759,2,085837,2,353394,250,8427,97,69852
130,47721862793,Left,-2,341817,0,5817863,2,085872,2,353395,250,8427,97,69853
130,490921020508,Left,-2,341979,0,5817755,2,08594,2,358288,250,8904,97,67678
130,505126953125,Left,-2,342004,0,581793,2,085916,2,367683,250,8957,97,6787
130,518524169922,Left,-2,342097,0,5818809,2,085898,2,34779,250,899,97,72186
130,532318115234,Left,-2,342233,0,5818502,2,085835,2,344601,250,8996,97,72878
130,546356201172,Left,-2,342298,0,5819592,2,085742,2,305082,250,9043,97,80228
130,560333251953,Left,-2,342519,0,5821472,2,085712,2,219108,250,9091,97,95203
130,574005126953,Left,-2,342552,0,5821449,2,08576,2,205219,250,9069,97,94727
130,588439941406,Left,-2,342712,0,5822902,2,085947,2,153056,250,9155,97,99985
130,602355957031,Left,-2,342855,0,5823585,2,086115,2,146749,250,9159,98,00201
130,616104125977,Left,-2,342871,0,5824046,2,086272,2,085388,250,9419,98,00134
130,629928588867,Left,-2,34301,0,5824302,2,086471,2,047693,250,9579,98,00092
130,643432617188,Left,-2,343037,0,5824416,2,08659,2,016466,250,9762,97,97488
130,657730102539,Left,-2,34323,0,5825894,2,086993,1,913319,251,0326,97,90671
130,671432495117,Left,-2,343383,0,5827244,2,087136,1,906998,251,0268,97,89746
130,685195922852,Left,-2,343373,0,582755,2,087174,1,878885,251,0422,97,89744
130,699264526367,Left,-2,343416,0,5828708,2,087253,1,821426,251,059,97,90691
130,713562011719,Left,-2,343369,0,5829698,2,087281,1,790248,251,0679,97,93793
130,72688293457,Left,-2,3434,0,5829648,2,087295,1,790243,251,0679,97,93792
130,740829467773,Left,-2,343382,0,5830039,2,087279,1,771017,251,0699,97,98563
130,75456237793,Left,-2,34339,0,5829768,2,087276,1,771673,251,0681,98,00209
130,768585205078,Left,-2,343356,0,5829834,2,087257,1,772401,251,0661,98,02103
130,782577514648,Left,-2,34328,0,5830678,2,087241,1,772403,251,0661,98,02103
130,796371459961,Left,-2,343229,0,5831265,2,087213,1,779661,251,0628,98,04523
130,810836791992,Left,-2,343171,0,5831087,2,087196,1,782784,251,0601,98,0611
130,824584960938,Left,-2,343171,0,5831087,2,087196,1,782784,251,0601,98,0611
130,838272094727,Left,-2,343171,0,5831087,2,087196,1,782784,251,0601,98,0611
130,852523803711,Left,-2,343171,0,5831087,2,087196,1,782784,251,0601,98,0611
130,866073608398,Left,-2,343171,0,5831087,2,087196,1,782784,251,0601,98,0611
130,879852294922,Left,-2,343171,0,5831087,2,087196,1,782784,251,0601,98,0611
130,893981933594,Left,-2,343171,0,5831087,2,087196,1,782784,251,0601,98,0611
130,907470703125,Left,-2,343171,0,5831087,2,087196,1,782784,251,0601,98,0611
130,921264648438,Left,-2,343171,0,5831087,2,087196,1,782784,251,0601,98,0611
130,935043334961,Left,-2,343171,0,5831087,2,087196,1,782784,251,0601,98,0611
130,948684692383,Left,-2,343171,0,5831087,2,087196,1,782784,251,0601,98,0611
130,96257019043,Left,-2,343171,0,5831087,2,087196,1,782784,251,0601,98,0611
130,976547241211,Left,-2,343171,0,5831087,2,087196,1,782784,251,0601,98,0611
130,990356445313,Left,-2,343171,0,5831087,2,087196,1,782784,251,0601,98,0611
131,004425048828,Left,-2,343171,0,5831087,2,087196,1,782784,251,0601,98,0611
