timestamp,controller_side_or_job_label,position_x,position_y,position_z,rotation_x,rotation_y,rotation_z
0,951339900493622,Right,-1,730451,0,1196777,5,612532,0,863663,178,9956,25,49168
1,01185607910156,Right,-1,982093,1,023761,6,076249,327,6263,174,3412,356,6245
1,0389906167984,Right,-2,002662,1,020947,6,075456,329,016,189,5278,292,0091
1,06475603580475,Right,-2,002661,1,01423,6,073033,329,1161,189,6677,291,289
1,09267103672028,Right,-2,002685,1,014259,6,073165,329,0821,189,6588,291,2393
1,12043249607086,Right,-2,002701,1,014237,6,073193,329,0849,189,6582,291,2497
1,1480530500412,Right,-2,002706,1,01418,6,073176,329,0851,189,6594,291,2482
1,1757744550705,Right,-2,002707,1,014067,6,07309,329,0982,189,6123,291,3018
1,2035870552063,Right,-2,002833,1,013943,6,072969,329,0992,189,6146,291,2988
1,23140323162079,Right,-2,003026,1,013803,6,072817,329,0966,189,6159,291,3019
1,25899016857147,Right,-2,002866,1,013779,6,072744,329,1333,189,6325,291,3586
1,28607904911041,Right,-2,00277,1,01378,6,072727,329,1351,189,6273,291,3455
1,31428170204163,Right,-2,00272,1,01377,6,072721,329,1369,189,6366,291,3463
1,34180974960327,Right,-2,00258,1,013756,6,072634,329,1152,189,5403,291,3866
1,36971414089203,Right,-2,002506,1,013745,6,072592,329,1168,189,5424,291,385
1,39803349971771,Right,-2,002448,1,013669,6,07248,329,1152,189,4773,291,3986
1,42578148841858,Right,-2,002381,1,013557,6,072294,329,1231,189,4521,291,457
1,45331132411957,Right,-2,002347,1,013424,6,07208,329,1287,189,4447,291,4574
1,48103713989258,Right,-2,00236,1,013308,6,071908,329,1257,189,4538,291,4618
1,50903654098511,Right,-2,002329,1,0132,6,071781,329,1622,189,4221,291,5038
1,53693604469299,Right,-2,002243,1,013059,6,07162,329,1877,189,3808,291,4925
1,5648021697998,Right,-2,002213,1,012984,6,071555,329,186,189,385,291,4917
1,59247362613678,Right,-2,00221,1,012776,6,071449,329,1948,189,3835,291,484
1,62051498889923,Right,-2,002263,1,012565,6,071249,329,255,189,3514,291,4486
1,64873600006104,Right,-2,002333,1,012331,6,071049,329,3044,189,3581,291,4537
1,67612290382385,Right,-2,002367,1,012103,6,070893,329,3082,189,3537,291,452
1,70377504825592,Right,-2,002416,1,011895,6,070717,329,3901,189,3455,291,4714
1,7317568063736,Right,-2,002431,1,011749,6,070647,329,3896,189,3454,291,4757
1,75952541828156,Right,-2,002398,1,011686,6,070647,329,3949,189,3408,291,4668
1,78771066665649,Right,-2,002329,1,01165,6,070626,329,4402,189,3269,291,4776
1,81565272808075,Right,-2,002329,1,011552,6,07054,329,4611,189,3134,291,4418
1,84321331977844,Right,-2,002378,1,011354,6,070271,329,4688,189,3125,291,4592
1,87116992473602,Right,-2,002382,1,011137,6,069944,329,5573,189,3271,291,4712
1,8989245891571,Right,-2,00236,1,011026,6,069762,329,5977,189,3051,291,48
1,92648303508759,Right,-2,002333,1,010984,6,069699,329,593,189,3094,291,4766
1,95489811897278,Right,-2,002218,1,010852,6,069549,329,6501,189,2645,291,4821
1,9827698469162,Right,-2,002084,1,010717,6,069427,329,68,189,2346,291,4918
2,01057004928589,Right,-1,977238,1,002497,6,09028,329,8008,189,1505,291,535
2,03826928138733,Right,-1,929867,0,9870496,6,123013,329,8828,189,1055,291,5715
2,06645560264587,Right,-1,869565,0,9635928,6,159203,329,9464,189,0816,291,6128
2,09450030326843,Right,-1,807799,0,932635,6,192196,329,9955,189,0756,291,6514
2,12218284606934,Right,-1,746686,0,8946399,6,224557,329,9958,189,0755,291,6516
2,14998579025269,Right,-1,685724,0,884936,6,257771,329,9944,189,0815,291,6443
2,17797565460205,Right,-1,624656,0,8848438,6,291713,329,9954,189,08,291,6547
2,20598983764648,Right,-1,563773,0,8846912,6,326005,330,0235,189,1326,291,6505
2,23366761207581,Right,-1,504069,0,8844057,6,360382,330,0678,189,1552,291,6205
2,26159167289734,Right,-1,443199,0,884065,6,393929,330,1209,189,1706,291,6557
2,28963708877563,Right,-1,382299,0,8837373,6,428176,330,1707,189,1923,291,6987
2,31720566749573,Right,-1,321111,0,8834593,6,459592,330,2158,189,196,291,7173
2,34510231018066,Right,-1,258763,0,8832901,6,490628,330,2122,189,1964,291,7177
2,37291598320007,Right,-1,195805,0,8831728,6,520076,330,2601,189,1957,291,7211
2,40109419822693,Right,-1,128951,0,8828342,6,542771,330,3019,189,1465,291,7884
2,42886567115784,Right,-1,061805,0,8826854,6,561656,330,3275,189,0775,291,8406
2,45671057701111,Right,-0,9919035,0,8824179,6,566252,330,3663,188,9785,291,9307
2,48438477516174,Right,-0,9224479,0,8822384,6,561737,330,3766,188,9063,292,0368
2,51241731643677,Right,-0,8531521,0,882121,6,548728,330,3955,188,8244,292,1089
2,54014921188354,Right,-0,7861139,0,8816643,6,529577,330,4417,188,6742,292,2267
2,56827592849731,Right,-0,7180043,0,8813217,6,511014,330,4831,188,6032,292,3387
2,59580421447754,Right,-0,6513936,0,8811581,6,492619,330,4904,188,5397,292,4891
2,62383317947388,Right,-0,5831628,0,8808843,6,476048,330,4892,188,5057,292,6003
2,65135788917542,Right,-0,5156417,0,8807335,6,462815,330,4892,188,4694,292,6396
2,67975831031799,Right,-0,4455342,0,8805313,6,452397,330,4877,188,4713,292,6396
2,7070484161377,Right,-0,3779222,0,8802894,6,444839,330,5596,188,4834,292,6296
2,73494744300842,Right,-0,3093053,0,8797746,6,433675,330,6475,188,493,292,6874
2,76276636123657,Right,-0,2408865,0,8793761,6,421451,330,7227,188,4733,292,7241
2,79056000709534,Right,-0,1730337,0,8790575,6,406024,330,7537,188,4499,292,8131
2,81849360466003,Right,-0,1053797,0,8788288,6,387368,330,7768,188,3918,292,9094
2,84640741348267,Right,-0,03846805,0,8786925,6,36607,330,7791,188,3296,292,9866
2,87403297424316,Right,0,02673018,0,8785814,6,341756,330,7731,188,1967,293,0925
2,90207624435425,Right,0,09037361,0,8784607,6,310569,330,7932,188,0349,293,2963
2,9297947883606,Right,0,15254,0,8783343,6,278817,330,7929,187,8923,293,537
2,95789909362793,Right,0,2150845,0,8782746,6,246693,330,7875,187,8474,293,6247
2,98564887046814,Right,0,276893,0,8782954,6,215158,330,7853,187,8478,293,6266
3,01336646080017,Right,0,3393531,0,8783277,6,18528,330,7742,187,855,293,6736
3,0411159992218,Right,0,4060795,0,891941,6,166956,330,7553,187,8841,293,7096
3,06912469863892,Right,0,4735621,0,903392,6,149355,330,7567,187,8866,293,7059
3,09693789482117,Right,0,5408093,0,9034255,6,131975,330,7289,187,9638,293,689
3,12469434738159,Right,0,607976,0,9033639,6,114577,330,7325,187,9619,293,6919
3,15254616737366,Right,0,6753967,0,9027273,6,097106,330,7776,187,9325,293,7864
3,18048429489136,Right,0,7430981,0,9030926,6,079754,330,7976,187,906,293,8645
3,19467258453369,Right,0,7414153,0,902846,6,080108,330,793,187,9068,293,8554
3,20883417129517,Right,0,8075451,0,9030665,6,062334,330,7921,187,9049,293,8564
3,22325110435486,Right,0,8462483,0,9030584,6,051627,330,793,187,908,293,8525
3,23763465881348,Right,0,8726218,0,9030589,6,044132,330,7948,187,9076,293,8536
3,25180220603943,Right,0,9148127,0,9030098,6,032167,330,7498,187,8862,293,882
3,26609325408936,Right,0,9357416,0,9030033,6,025893,330,7498,187,8863,293,882
3,28033590316772,Right,0,9831061,0,9029812,6,011892,330,7498,187,8863,293,882
3,29441952705383,Right,0,9977534,0,9029567,6,007484,330,7323,187,8867,293,8705
3,30869889259338,Right,1,046359,0,9028407,5,992542,330,7101,187,8873,293,8561
3,32238364219666,Right,1,083357,0,9027677,5,981043,330,7101,187,8873,293,8561
3,3366003036499,Right,1,106141,0,9027328,5,973773,330,7101,187,8873,293,8561
3,35084128379822,Right,1,151126,0,9026312,5,95942,330,741,187,9033,293,9013
3,36458921432495,Right,1,16535,0,9026331,5,954429,330,741,187,9034,293,9013
3,37864518165588,Right,1,212397,0,9025357,5,93871,330,741,187,9033,293,9013
3,39262890815735,Right,1,249811,0,9024795,5,926048,330,7457,187,9089,293,9067
3,40668153762817,Right,1,272033,0,9024771,5,918479,330,7589,187,9245,293,9218
3,42081022262573,Right,1,316323,0,902514,5,90335,330,7589,187,9245,293,9218
3,43483948707581,Right,1,332165,0,902539,5,897722,330,7583,187,9496,293,9233
3,44845819473267,Right,1,376141,0,9025788,5,882027,330,7578,187,9763,293,9248
3,46244931221008,Right,1,413968,0,9006695,5,868344,330,7578,187,9763,293,9248
3,47621440887451,Right,1,433686,0,8976478,5,860827,330,7447,188,0091,293,9179
3,49041604995728,Right,1,479133,0,8910673,5,843637,330,7368,188,029,293,9137
3,50419640541077,Right,1,491883,0,8869156,5,838297,330,7368,188,029,293,9137
3,51827430725098,Right,1,538031,0,8788289,5,819678,330,7526,188,0877,293,9128
3,5321569442749,Right,1,575405,0,8774601,5,803896,330,7559,188,1,293,9126
3,5459246635437,Right,1,593915,0,8774248,5,795583,330,7678,188,1285,293,9263
3,55982208251953,Right,1,63809,0,8773945,5,776111,330,776,188,1481,293,9358
3,57400059700012,Right,1,670908,0,8774166,5,761064,330,776,188,1481,293,9358
3,58801794052124,Right,1,696329,0,8774278,5,749067,330,776,188,1481,293,9358
3,60161185264587,Right,1,73337,0,8773866,5,731149,330,776,188,1481,293,9358
3,61569619178772,Right,1,751772,0,8773297,5,721714,330,7918,188,1241,293,9709
3,6294481754303,Right,1,793718,0,8772638,5,699932,330,8037,188,106,293,9974
3,6434166431427,Right,1,825897,0,8771188,5,68162,330,8287,188,0372,294,0641
3,65747714042664,Right,1,848458,0,8771011,5,668027,330,8287,188,0372,294,0641
3,67113566398621,Right,1,884643,0,8770031,5,644917,330,857,187,9751,294,0874
3,68502569198608,Right,1,898741,0,8769771,5,634024,330,8699,187,9548,294,0928
3,69898462295532,Right,1,938449,0,8768927,5,606124,330,8954,187,8874,294,1159
3,71292853355408,Right,1,968866,0,8769238,5,582519,330,893,187,8745,294,1219
3,72673201560974,Right,1,986141,0,8769449,5,567136,330,885,187,8404,294,1252
3,7407820224762,Right,2,021512,0,8770222,5,536929,330,8793,187,8203,294,1288
3,75475120544434,Right,2,032994,0,8770586,5,525085,330,8697,187,8,294,1222
3,76836752891541,Right,2,066604,0,8771749,5,492634,330,8591,187,7777,294,1148
3,78263235092163,Right,2,094448,0,8773201,5,46217,330,8196,187,7738,294,0692
3,7964882850647,Right,2,10884,0,8773265,5,445381,330,8196,187,7738,294,0693
3,81020188331604,Right,2,137624,0,8774431,5,408622,330,8196,187,7738,294,0692
3,82430171966553,Right,2,143874,0,8774723,5,393957,330,8196,187,7738,294,0692
3,83798909187317,Right,2,168917,0,8775274,5,354763,330,7959,187,7937,294,0904
3,85187959671021,Right,2,18603,0,8775233,5,316784,330,7899,187,7986,294,0957
3,8660089969635,Right,2,193961,0,8775072,5,296866,330,7899,187,7986,294,0957
3,87973189353943,Right,2,209129,0,8774175,5,252387,330,7899,187,7986,294,0957
3,89405250549316,Right,2,219172,0,8774037,5,217275,330,8192,187,8685,294,0515
3,90779256820679,Right,2,22587,0,877386,5,19173,330,8155,187,8511,294,0515
3,92143154144287,Right,2,235654,0,8773504,5,151003,330,8429,187,9685,293,9749
3,9356005191803,Right,2,239482,0,8772364,5,131009,330,8609,188,0204,293,9441
3,94921970367432,Right,2,248971,0,8771294,5,085736,330,8792,188,0813,293,9132
3,96324300765991,Right,2,2559,0,8770292,5,048532,330,9035,188,1324,293,9164
3,97737669944763,Right,2,26019,0,8770017,5,022669,330,9035,188,1324,293,9164
3,99096751213074,Right,2,267268,0,876973,4,979899,330,9391,188,1913,293,9219
4,00521802902222,Right,2,269956,0,8769641,4,960721,330,9391,188,1913,293,9219
4,01876401901245,Right,2,276586,0,8769358,4,915439,330,965,188,2273,293,9404
4,03278732299805,Right,2,282088,0,8769869,4,876495,330,9893,188,2674,293,9786
4,04677438735962,Right,2,285959,0,8770626,4,853156,330,9839,188,2621,293,9705
4,06062698364258,Right,2,292815,0,8773235,4,807781,330,9839,188,2621,293,9705
4,07455205917358,Right,2,296345,0,8774344,4,792239,330,9643,188,2585,293,9776
4,08848857879639,Right,2,305461,0,8777605,4,74489,330,9409,188,2542,293,9861
4,10224866867065,Right,2,314255,0,878022,4,706491,330,881,188,2181,293,9711
4,11632585525513,Right,2,319231,0,8781781,4,6846,330,8532,188,2087,293,9711
4,13018035888672,Right,2,330078,0,8784144,4,638694,330,8372,188,2032,293,9712
4,14397859573364,Right,2,333512,0,878464,4,625485,330,8372,188,2032,293,9712
4,15772771835327,Right,2,344421,0,8786925,4,579393,330,7866,188,2039,293,9527
4,17180490493774,Right,2,355102,0,8788046,4,537745,330,7718,188,2041,293,9473
4,18588209152222,Right,2,360354,0,8788574,4,517722,330,7718,188,2041,293,9473
4,19937992095947,Right,2,371698,0,8789299,4,47307,330,7718,188,2041,293,9473
4,21381187438965,Right,2,381088,0,8789319,4,435919,330,7718,188,2041,293,9473
4,22744655609131,Right,2,387011,0,8789037,4,411659,330,7718,188,2041,293,9473
4,24105882644653,Right,2,397182,0,8787977,4,369387,330,7797,188,1973,293,9571
4,25517892837524,Right,2,401278,0,8787639,4,350895,330,7914,188,1831,293,9603
4,26907777786255,Right,2,412,0,8786492,4,30397,330,8137,188,1606,293,9758
4,28292179107666,Right,2,42004,0,8785781,4,266855,330,8097,188,1636,293,9723
4,29693412780762,Right,2,424958,0,8785276,4,242853,330,8329,188,1358,293,989
4,31069087982178,Right,2,434094,0,87842,4,198559,330,8502,188,1188,293,9915
4,32489728927612,Right,2,437207,0,8783784,4,180787,330,8709,188,1107,293,9756
4,33863210678101,Right,2,445861,0,8781761,4,134264,330,8998,188,0975,293,9539
4,35251569747925,Right,2,452657,0,8779505,4,094996,330,96,188,0629,293,9882
4,36634731292725,Right,2,456054,0,8778414,4,073165,330,9734,188,0501,294,0046
4,38022422790527,Right,2,463369,0,877683,4,026232,331,0105,188,0151,294,0533
4,39418125152588,Right,2,465371,0,8776865,4,011592,331,0105,188,0151,294,0533
4,40819263458252,Right,2,472317,0,8775136,3,962998,331,0479,187,9551,294,1083
4,42173051834106,Right,2,47757,0,8774993,3,923082,331,0592,187,9378,294,1226
4,43585920333862,Right,2,479954,0,8774841,3,901903,331,058,187,9092,294,1341
4,44972276687622,Right,2,485485,0,8775291,3,854492,331,0593,187,8861,294,1438
4,46386241912842,Right,2,489064,0,877609,3,818405,331,0486,187,8462,294,153
4,47757816314697,Right,2,491275,0,8776694,3,792784,331,0505,187,8496,294,1513
4,49177646636963,Right,2,495068,0,8777298,3,748978,331,0505,187,8496,294,1513
4,50522470474243,Right,2,496337,0,8777558,3,732422,331,0323,187,8108,294,159
4,51932001113892,Right,2,499993,0,8778061,3,682706,331,0211,187,7875,294,1651
4,53317880630493,Right,2,502287,0,8778501,3,64595,331,0211,187,7875,294,1651
4,5470290184021,Right,2,503483,0,8778662,3,621677,331,0211,187,7875,294,1651
4,56075000762939,Right,2,505667,0,8778629,3,577239,330,9967,187,7345,294,2067
4,57497406005859,Right,2,506129,0,8778947,3,558895,330,9967,187,7345,294,2067
4,58865976333618,Right,2,50764,0,8779042,3,512254,330,9967,187,7345,294,2067
4,60258769989014,Right,2,508269,0,8779316,3,472698,330,994,187,755,294,2316
4,6165337562561,Right,2,508343,0,8780063,3,449953,330,994,187,755,294,2316
4,63046741485596,Right,2,508376,0,8781442,3,403169,330,994,187,755,294,2316
4,64429521560669,Right,2,507885,0,8781837,3,388477,330,9834,187,7864,294,2047
4,65815544128418,Right,2,507177,0,8782027,3,340421,330,9692,187,8313,294,1651
4,67221689224243,Right,2,505989,0,8781862,3,298947,330,9702,187,8235,294,1701
4,68589544296265,Right,2,504717,0,8781978,3,279204,330,9651,187,8621,294,1512
4,69991111755371,Right,2,502317,0,8782162,3,230216,330,9617,187,889,294,138
4,71386432647705,Right,2,498827,0,8782373,3,195274,330,9613,187,8933,294,1337
4,72798585891724,Right,2,494479,0,8781905,3,167258,330,9686,187,9512,294,1207
4,7416844367981,Right,2,487634,0,8781225,3,126611,330,9706,187,9636,294,1144
4,75571298599243,Right,2,483839,0,878096,3,106552,330,9674,187,9566,294,1202
4,76952695846558,Right,2,47312,0,8780754,3,060182,330,9914,188,004,294,1143
4,78326463699341,Right,2,464288,0,8781103,3,025346,330,992,188,0059,294,1131
4,797278881073,Right,2,457782,0,8781202,3,000474,330,9921,188,0071,294,1129
4,81149482727051,Right,2,446196,0,8781019,2,957103,330,992,188,0059,294,1131
4,82491540908813,Right,2,441899,0,8780876,2,942205,330,992,188,0059,294,1131
4,83928060531616,Right,2,428091,0,8780569,2,892513,330,993,188,007,294,1168
4,85308027267456,Right,2,417948,0,8780731,2,857047,331,0224,188,0414,294,1226
4,866623878479,Right,2,411612,0,8780889,2,835806,331,0226,188,041,294,1227
4,88059282302856,Right,2,398473,0,8780751,2,791213,331,0225,188,041,294,1227
4,89486169815063,Right,2,393306,0,8780369,2,774249,331,0234,188,0388,294,1251
4,9083194732666,Right,2,380125,0,8779294,2,730633,331,0413,188,0023,294,161
4,92231798171997,Right,2,368157,0,877842,2,691435,331,045,187,9946,294,1688
4,93608856201172,Right,2,361955,0,8777964,2,671643,331,059,187,9735,294,1971
4,95006895065308,Right,2,347403,0,8777328,2,625269,331,0868,187,9321,294,2352
4,96417284011841,Right,2,342726,0,877735,2,611117,331,0807,187,9399,294,225
4,97780132293701,Right,2,32846,0,8775936,2,566674,331,0985,187,9119,294,2386
4,99173879623413,Right,2,315235,0,8774883,2,526183,331,1006,187,9108,294,2385
5,00561475753784,Right,2,30912,0,8774074,2,507753,331,1251,187,8735,294,2559
5,0195426940918,Right,2,293793,0,8772973,2,46169,331,1369,187,8554,294,2606
5,03338003158569,Right,2,282229,0,8771981,2,427406,331,1369,187,8554,294,2606
5,04754018783569,Right,2,273538,0,8771076,2,401988,331,1589,187,7884,294,301
5,06102705001831,Right,2,259781,0,8770594,2,362014,331,1694,187,7656,294,3115
5,07545709609985,Right,2,252881,0,877036,2,342411,331,1674,187,7655,294,3176
5,08894729614258,Right,2,237893,0,8769608,2,299683,331,166,187,7666,294,3141
5,10289812088013,Right,2,224926,0,8768885,2,263224,331,166,187,7666,294,3141
5,11679410934448,Right,2,216882,0,8768424,2,241031,331,166,187,7666,294,3141
5,13084173202515,Right,2,200979,0,8767743,2,19745,331,2151,187,773,294,3037
5,14443969726563,Right,2,195919,0,8767408,2,183829,331,2151,187,773,294,3037
5,15860748291016,Right,2,178474,0,8766959,2,136562,331,239,187,8213,294,2697
5,17213582992554,Right,2,165062,0,8766142,2,100325,331,2448,187,8479,294,2765
5,18630027770996,Right,2,156998,0,8766082,2,07885,331,2448,187,8509,294,2753
5,19992017745972,Right,2,140724,0,8766184,2,03548,331,243,187,8549,294,2647
5,21390962600708,Right,2,128217,0,876673,2,002524,331,2293,187,901,294,2346
5,22797870635986,Right,2,118073,0,8767065,1,976357,331,2293,187,901,294,2346
5,24159383773804,Right,2,102571,0,8767821,1,938354,331,213,187,9233,294,1888
5,25603532791138,Right,2,093863,0,8767161,1,917452,331,2096,187,9245,294,192
5,2696328163147,Right,2,07367,0,8766616,1,875959,331,2119,187,9206,294,1902
5,28349256515503,Right,2,054047,0,8766749,1,845923,331,1809,187,9219,294,2107
5,29774618148804,Right,2,038683,0,8767279,1,822832,331,1803,187,9174,294,2108
5,31145620346069,Right,2,014375,0,8767744,1,788637,331,1809,187,9219,294,2107
5,32505464553833,Right,2,003659,0,8767608,1,775408,331,1738,187,8955,294,2241
5,33906745910645,Right,1,97436,0,8767325,1,736405,331,1669,187,8697,294,2371
5,35280513763428,Right,1,950556,0,8766677,1,70741,331,1669,187,8697,294,2371
5,36723566055298,Right,1,933127,0,8766692,1,687323,331,1669,187,8697,294,2371
5,38076448440552,Right,1,904931,0,8766655,1,654379,331,1694,187,8724,294,2299
5,39457893371582,Right,1,894325,0,8766567,1,642092,331,1669,187,8697,294,2371
5,40846538543701,Right,1,863073,0,8765433,1,605792,331,1669,187,8697,294,2371
5,42238140106201,Right,1,836831,0,8763748,1,575311,331,1882,187,9109,294,2548
5,43631458282471,Right,1,822402,0,8762852,1,558637,331,1882,187,9109,294,2548
5,45022201538086,Right,1,791209,0,8761952,1,52262,331,1882,187,9109,294,2548
5,46392917633057,Right,1,782363,0,8761623,1,512792,331,2004,187,9156,294,2583
5,47798824310303,Right,1,749681,0,8760634,1,475623,331,2193,187,9227,294,2638
5,49234199523926,Right,1,721837,0,8760145,1,443131,331,2192,187,9227,294,2638
5,5057897567749,Right,1,710264,0,8759919,1,428649,331,2192,187,9227,294,2638
5,51976680755615,Right,1,678699,0,8759311,1,390784,331,2193,187,9227,294,2638
5,53335857391357,Right,1,656532,0,8759231,1,364007,331,2193,187,9227,294,2638
5,54733324050903,Right,1,640458,0,8759165,1,343595,331,2349,187,9545,294,2169
5,56141996383667,Right,1,612726,0,8758365,1,308989,331,2405,187,9661,294,1998
5,57519340515137,Right,1,601794,0,8758142,1,295268,331,2405,187,9661,294,1999
5,58923053741455,Right,1,571095,0,8757139,1,256471,331,2405,187,9661,294,1999
5,60330486297607,Right,1,547482,0,8756714,1,226856,331,2405,187,9661,294,1999
5,61727619171143,Right,1,531613,0,8756495,1,206991,331,2588,188,0021,294,202
5,6308741569519,Right,1,504546,0,8756248,1,172829,331,2657,188,0155,294,2028
5,64469861984253,Right,1,494182,0,875612,1,159904,331,2657,188,0155,294,2028
5,65862989425659,Right,1,464232,0,8755487,1,122196,331,2657,188,0155,294,2028
5,6724796295166,Right,1,439528,0,8754809,1,091547,331,2653,188,0142,294,2043
5,68651056289673,Right,1,425194,0,8754767,1,073572,331,2657,188,0155,294,2028
5,70027351379395,Right,1,396084,0,8754655,1,03739,331,2657,188,0155,294,2028
5,71419477462769,Right,1,38679,0,8754596,1,025838,331,2657,188,0155,294,2028
5,72837924957275,Right,1,355561,0,8753732,0,9870912,331,2657,188,0155,294,2028
5,7424373626709,Right,1,32972,0,8752528,0,9555295,331,2664,188,0138,294,2025
5,75589227676392,Right,1,317442,0,8751867,0,9407253,331,2657,188,0155,294,2028
5,76981401443481,Right,1,286531,0,8750541,0,903193,331,2845,187,9698,294,1964
5,78370571136475,Right,1,26394,0,8749967,0,8759369,331,2836,187,9696,294,1959
5,79765176773071,Right,1,246733,0,8748944,0,8553972,331,2836,187,9696,294,1959
5,81185483932495,Right,1,218625,0,8747429,0,8218762,331,3274,187,9827,294,207
5,82580327987671,Right,1,205689,0,8746353,0,8065817,331,3305,187,9858,294,2077
5,83945560455322,Right,1,175223,0,874524,0,7705343,331,3274,187,9827,294,207
5,85323286056519,Right,1,151665,0,8744539,0,7428184,331,3274,187,9827,294,207
5,86683320999146,Right,1,136616,0,8744279,0,7252637,331,3286,187,9819,294,207
5,88090181350708,Right,1,106618,0,8743894,0,6902761,331,3281,187,982,294,2065
5,89478778839111,Right,1,095803,0,8743556,0,6779124,331,3489,187,9881,294,213
5,90867233276367,Right,1,063874,0,8742633,0,6414105,331,3723,187,994,294,2195
5,9225902557373,Right,1,037874,0,874276,0,6117923,331,3723,187,994,294,2195
5,93634748458862,Right,1,023532,0,874324,0,5955119,331,3446,188,0093,294,2036
5,95054197311401,Right,0,9916888,0,8743699,0,559333,331,3287,188,0181,294,1944
5,96457719802856,Right,0,981085,0,8743823,0,5474523,331,3254,188,0327,294,1624
5,97820663452148,Right,0,949868,0,8743528,0,5121489,331,3231,188,0395,294,1329
5,99205303192139,Right,0,9224571,0,874264,0,4814703,331,322,188,1001,294,1252
6,00592756271362,Right,0,9086329,0,8742075,0,4661054,331,3223,188,1079,294,127
6,01984310150146,Right,0,8762643,0,8740813,0,4299484,331,3433,188,14,294,1523
6,03390407562256,Right,0,8523163,0,8740357,0,4034619,331,3376,188,1363,294,1526
6,04766654968262,Right,0,8347409,0,8739772,0,3839474,331,3376,188,1363,294,1526
6,06162643432617,Right,0,8057988,0,8738946,0,3519503,331,3376,188,1363,294,1526
6,07565450668335,Right,0,7924455,0,8737957,0,3370954,331,3376,188,1363,294,1526
6,08925247192383,Right,0,7610888,0,8736504,0,3026236,331,3376,188,1363,294,1526
6,10333156585693,Right,0,7355375,0,8735826,0,2747344,331,3865,188,1334,294,1224
6,11720752716064,Right,0,7186712,0,8735319,0,2564312,331,3862,188,1336,294,1241
6,131019115448,Right,0,6882385,0,8734356,0,2241167,331,3855,188,133,294,1237
6,14515972137451,Right,0,6782398,0,8733828,0,2160013,331,3867,188,1355,294,1218
6,15863084793091,Right,0,649178,0,8733094,0,1873837,331,3855,188,133,294,1237
6,17298412322998,Right,0,6338472,0,8733058,0,173773,331,3849,188,1334,294,1201
6,18676471710205,Right,0,6378098,0,873325,0,1773245,331,382,188,1333,294,1205
6,20072555541992,Right,0,6337243,0,8733612,0,1738604,331,3796,188,1371,294,1166
6,21472549438477,Right,0,633702,0,8733783,0,1738527,331,3736,188,1512,294,0919
6,22827386856079,Right,0,6335131,0,8733395,0,1738169,331,3615,188,1771,294,0527
6,2421236038208,Right,0,6393965,0,8733286,0,1793213,331,3604,188,1715,294,0565
6,25601243972778,Right,0,6429592,0,8733525,0,1826319,331,3529,188,2121,294,0341
6,26978206634521,Right,0,6705219,0,8733498,0,2078935,331,348,188,239,294,0194
6,28398418426514,Right,0,6961078,0,8733463,0,2326681,331,348,188,239,294,0194
6,29781627655029,Right,0,7153333,0,8733084,0,2512842,331,348,188,239,294,0194
6,31158876419067,Right,0,7450567,0,8732551,0,2810383,331,348,188,239,294,0194
6,32567119598389,Right,0,7590895,0,873259,0,2956114,331,3388,188,2823,294,0042
6,3396463394165,Right,0,792959,0,8732473,0,3303047,331,3282,188,3217,293,9913
6,35329961776733,Right,0,8176703,0,8732583,0,3554921,331,3075,188,3654,293,9773
6,36756134033203,Right,0,8367456,0,873264,0,3750234,331,3075,188,3654,293,9773
6,38138914108276,Right,0,8667049,0,8733236,0,4055691,331,3024,188,4189,293,9135
6,39501428604126,Right,0,8786058,0,8732817,0,4174758,331,3024,188,4189,293,9135
6,40888738632202,Right,0,9123129,0,8732509,0,4517164,331,3024,188,4189,293,9135
6,42268657684326,Right,0,9386933,0,8731994,0,4793167,331,3028,188,4235,293,9167
6,43693113327026,Right,0,9559736,0,8731782,0,4973472,331,3124,188,4595,293,9224
6,45078182220459,Right,0,9866037,0,8731756,0,5304753,331,3205,188,4898,293,9245
6,46437835693359,Right,0,9953315,0,873176,0,5421633,331,3168,188,4774,293,9263
6,47840690612793,Right,1,027543,0,8732003,0,5790312,331,3264,188,547,293,933
6,49257183074951,Right,1,051509,0,8732404,0,6119901,331,3086,188,6058,293,9611
6,50618553161621,Right,1,060789,0,8733134,0,6304064,331,2888,188,6399,293,9666
6,52023077011108,Right,1,086252,0,8735191,0,6716784,331,2493,188,7287,293,9365
6,53375482559204,Right,1,090831,0,8735083,0,6827782,331,2568,188,711,293,9512
6,54761552810669,Right,1,109768,0,8737369,0,727115,331,2237,188,7837,293,9174
6,56185483932495,Right,1,125352,0,8739335,0,7677318,331,1907,188,8988,293,8971
6,57557439804077,Right,1,126039,0,8739822,0,7866746,331,1807,188,9372,293,9007
6,58957576751709,Right,1,130359,0,8743047,0,8350142,331,1165,189,1697,293,9004
6,60356760025024,Right,1,128154,0,8744574,0,8713757,331,1183,189,3738,293,8721
6,61730670928955,Right,1,126278,0,8744791,0,8960993,331,1822,189,5744,293,8637
6,63120555877686,Right,1,122515,0,8744574,0,9400545,331,2523,189,7574,293,9402
6,64511871337891,Right,1,119802,0,8746042,0,9577241,331,2233,189,9598,293,9534
6,6589035987854,Right,1,114032,0,874914,1,005064,331,1632,190,4494,293,9423
6,673011302948,Right,1,107313,0,8753562,1,043967,331,1416,191,1987,293,7904
6,68659639358521,Right,1,10293,0,8756886,1,065919,331,1888,191,7637,293,6103
6,70056438446045,Right,1,095538,0,8763241,1,112704,331,1557,192,4846,293,4774
6,7146897315979,Right,1,092581,0,8766201,1,129774,331,1064,192,7711,293,432
6,72828722000122,Right,1,085477,0,8776847,1,176504,330,9247,193,5797,293,333
6,74230289459229,Right,1,080292,0,8788606,1,21836,330,731,194,4505,293,2405
6,75642728805542,Right,1,077348,0,879732,1,241811,330,6274,194,9607,293,164
6,77027750015259,Right,1,074618,0,8860392,1,290031,330,4067,196,1404,292,9863
6,78384733200073,Right,1,079404,0,9013298,1,302704,330,23,196,4722,292,9155
6,79776763916016,Right,1,081588,0,9068522,1,352305,329,6094,197,8363,292,8928
6,81176280975342,Right,1,08928,0,9136137,1,394723,329,136,199,3778,292,682
6,82603168487549,Right,1,09376,0,9161272,1,416564,328,6847,200,5503,292,3155
6,8392858505249,Right,1,101973,0,9204608,1,460975,327,946,202,8621,291,4895
6,85344552993774,Right,1,109406,0,9249258,1,499687,327,2929,204,974,290,6711
6,8672776222229,Right,1,114706,0,9277681,1,524796,326,8579,206,3719,290,1912
6,88098573684692,Right,1,124378,0,9329418,1,569011,326,065,209,0276,289,3256
6,89525079727173,Right,1,130178,0,934707,1,588395,325,781,210,0091,289,0014
6,90911293029785,Right,1,138282,0,9423723,1,63889,324,5911,214,1246,287,4236
6,92270708084106,Right,1,143695,0,9474787,1,681357,323,9144,217,4576,285,5968
6,93708658218384,Right,1,149352,0,950415,1,709112,323,6075,219,3288,284,6209
6,9505786895752,Right,1,149553,0,9567894,1,761253,323,0479,223,4269,282,3418
6,9644341468811,Right,1,150995,0,9578411,1,779661,322,8873,224,5193,281,8088
6,97851371765137,Right,1,149476,0,9637576,1,838423,322,3651,228,8944,279,6389
6,99210834503174,Right,1,149909,0,9676391,1,887355,321,9363,232,7456,277,9609
7,00626611709595,Right,1,148142,0,9699137,1,917368,321,3627,235,0231,277,3656
7,02024173736572,Right,1,145205,0,9739257,1,979098,320,0741,238,9271,276,8832
7,03393459320068,Right,1,140546,0,9757444,1,996451,319,6692,239,8714,276,8093
7,04786729812622,Right,1,12949,0,980036,2,057131,318,4556,243,2602,276,234
7,06193733215332,Right,1,119178,0,983012,2,110301,317,5469,246,1877,275,9403
7,07548713684082,Right,1,113139,0,9852015,2,133136,317,2702,247,7236,275,4228
7,0897479057312,Right,1,094402,0,9867899,2,193316,316,6461,250,6111,275,6281
7,10357475280762,Right,1,079309,0,9890217,2,22095,316,3413,253,1805,275,1555
7,11731910705566,Right,1,067236,0,9898734,2,239461,316,5608,255,0281,274,6386
7,13179683685303,Right,1,054865,0,9908763,2,257221,316,9219,257,9601,273,3866
7,14503335952759,Right,1,053861,0,9908671,2,259426,317,1238,258,9368,272,9129
7,15907144546509,Right,1,044614,0,991309,2,271029,317,8062,261,396,271,5375
7,17283582687378,Right,1,03897,0,9914511,2,279354,318,3346,263,6774,270,3328
7,18656826019287,Right,1,035562,0,9909393,2,283956,318,9546,264,8983,269,2959
7,20054817199707,Right,1,028511,0,9900498,2,292913,320,2221,267,1639,267,1137
7,21434879302979,Right,1,026777,0,9891012,2,295199,320,5666,267,7387,266,4735
7,22846841812134,Right,1,01414,0,9881833,2,298221,321,5567,269,5302,264,6238
7,24231004714966,Right,0,9986627,0,9861384,2,292575,322,1897,270,6834,263,6747
7,25613451004028,Right,0,9895283,0,9850592,2,288458,322,5551,271,3353,263,3497
7,27015590667725,Right,0,9639596,0,9812919,2,273776,323,9259,272,4723,263,116
7,28422164916992,Right,0,9541302,0,9791105,2,266228,324,7188,272,5829,263,3793
7,29770421981812,Right,0,9262899,0,9743789,2,249645,326,6357,273,6698,263,5214
7,31206846237183,Right,0,8982988,0,9681036,2,229911,328,623,274,895,264,1961
7,32558345794678,Right,0,8869411,0,9660133,2,22157,329,349,275,5131,264,2069
7,33939170837402,Right,0,855783,0,9602622,2,200174,331,0347,277,0399,264,1794
7,35356473922729,Right,0,8329763,0,9552265,2,182357,332,0428,277,7122,264,0081
7,36703586578369,Right,0,8179834,0,9522328,2,171179,332,6349,278,1153,264,0122
7,38140058517456,Right,0,7878728,0,9459357,2,149199,333,5117,278,9742,263,9414
7,39507341384888,Right,0,775845,0,9424198,2,141611,334,2327,279,5822,264,0331
7,40885019302368,Right,0,7412441,0,9334041,2,120171,336,3261,281,2084,264,1288
7,42287921905518,Right,0,7129009,0,9236991,2,102874,339,1872,282,2991,263,9854
7,43671798706055,Right,0,6963707,0,9177422,2,091751,341,1293,282,481,263,8572
7,45044660568237,Right,0,6652961,0,9057985,2,070111,344,7384,282,1798,263,1916
7,46451997756958,Right,0,6559167,0,9024653,2,061742,345,7516,281,887,262,5599
7,4781608581543,Right,0,6292154,0,892027,2,041211,348,7267,280,7026,260,6221
7,49261522293091,Right,0,6124966,0,8827197,2,023605,351,7943,279,2651,264,4034
7,50608730316162,Right,0,6155187,0,8839011,2,025393,352,097,278,4294,263,9601
7,51987886428833,Right,0,6092206,0,876411,2,0103,354,608,275,6759,273,9713
7,53407001495361,Right,0,6077822,0,8761447,2,001641,356,573,275,3162,282,4902
7,54783964157104,Right,0,6027561,0,8759477,1,997609,352,1761,276,3572,279,1202
7,56186676025391,Right,0,6023527,0,8674966,1,978428,349,5436,273,7413,289,634
7,57575845718384,Right,0,6018392,0,8681087,1,972309,349,4153,271,321,289,7391
7,58946943283081,Right,0,603332,0,8686084,1,951843,349,0362,266,735,290,5552
7,60337829589844,Right,0,6097998,0,8692241,1,930948,349,796,260,6938,290,7653
7,61724472045898,Right,0,61484,0,8686554,1,916983,350,0551,256,4818,291,9301
7,63155317306519,Right,0,6218426,0,8695247,1,893828,350,3978,251,2774,291,8042
7,64502573013306,Right,0,6265684,0,8674966,1,881775,349,7941,248,323,293,7344
7,65897846221924,Right,0,6376045,0,8701345,1,852123,349,7467,244,9492,292,1211
7,6727237701416,Right,0,6490515,0,8615199,1,831191,349,9701,240,1056,301,8399
7,68679285049438,Right,0,6565472,0,8600745,1,816502,348,5538,239,3428,303,3439
7,70075082778931,Right,0,6749204,0,8731312,1,789523,349,8189,236,7571,293,2316
7,71455812454224,Right,0,6824423,0,8603405,1,782282,347,51,235,0209,301,634
7,72838258743286,Right,0,7070116,0,867182,1,758498,350,3076,229,1378,301,8664
7,74241828918457,Right,0,7211891,0,8585401,1,739018,350,6588,228,3002,307,7595
7,75611448287964,Right,0,7349873,0,8599356,1,732871,351,9547,222,3527,307,8351
7,77015590667725,Right,0,7611303,0,870043,1,714889,353,5651,218,086,300,6466
7,78380441665649,Right,0,7671731,0,8614444,1,712597,352,1972,216,0058,304,5854
7,79823732376099,Right,0,7879527,0,8661956,1,699226,352,0866,209,7002,301,3547
7,81194877624512,Right,0,8014271,0,8554561,1,694292,351,4915,206,4408,309,9023
7,82551145553589,Right,0,8072451,0,8617423,1,689147,351,7447,204,5134,304,7461
7,83959245681763,Right,0,8203297,0,8620766,1,685982,351,871,201,096,304,1144
7,85362148284912,Right,0,8267215,0,8589483,1,679518,351,8446,203,1737,306,7163
7,86717844009399,Right,0,8313482,0,8564368,1,67941,350,4855,202,1428,307,8313
7,88142490386963,Right,0,8418895,0,8564847,1,676809,351,714,198,6068,308,3206
7,89505004882813,Right,0,8451381,0,8521779,1,675371,352,445,197,7172,312,3966
7,90906000137329,Right,0,8581297,0,8516259,1,668183,352,5103,198,2094,312,5449
7,92302799224854,Right,0,8693916,0,8410063,1,669279,351,0037,195,0083,319,025
7,93665361404419,Right,0,8763733,0,8387591,1,670104,352,1004,192,6733,321,6946
7,95062589645386,Right,0,892967,0,8412079,1,670793,352,962,189,8141,321,0352
7,96497106552124,Right,0,9023483,0,8395018,1,675123,351,3201,190,9204,320,6113
7,97837018966675,Right,0,9261422,0,8394378,1,688709,350,214,188,1494,321,3527
7,99237203598022,Right,0,953788,0,8403082,1,708622,348,4424,186,7126,320,6686
8,00629711151123,Right,0,9768674,0,8404517,1,72803,349,176,186,4921,318,3727
8,02010726928711,Right,1,023436,0,8496228,1,769509,359,2927,180,5066,297,4487
8,03436660766602,Right,1,034721,0,8320421,1,776433,359,754,179,7359,297,0877
8,04797649383545,Right,1,074607,0,8280377,1,815222,0,7462726,177,3334,296,9557
8,06175994873047,Right,1,109222,0,8246993,1,849622,1,176934,175,4615,297,6639
8,07579231262207,Right,1,124488,0,8227412,1,867528,1,149213,174,9128,299,3027
8,0895414352417,Right,1,161332,0,8187832,1,908965,1,345022,173,0462,301,1744
8,10360622406006,Right,1,187336,0,8172318,1,941196,1,142655,171,9948,303,2013
8,1175537109375,Right,1,205178,0,8159544,1,964898,1,026761,171,3165,304,3957
8,13142013549805,Right,1,233392,0,8138342,2,004257,0,8723394,170,1463,305,9863
8,14525318145752,Right,1,247072,0,8137046,2,019044,0,8899318,169,6193,306,2061
8,15944290161133,Right,1,281715,0,8106645,2,063023,1,309615,168,1219,306,655
8,17298603057861,Right,1,306687,0,8084457,2,092358,2,141344,167,2788,306,086
8,1870174407959,Right,1,324475,0,8069782,2,111897,2,35842,166,9622,306,1608
8,20075225830078,Right,1,356293,0,8052471,2,146792,2,443301,166,3805,306,5741
8,21482753753662,Right,1,371105,0,8050118,2,157701,2,462327,166,2402,306,6816
8,22865104675293,Right,1,407045,0,8036944,2,191746,2,590145,166,0355,306,8756
8,24254608154297,Right,1,435235,0,8047363,2,215858,2,515196,166,9185,306,0739
8,25637149810791,Right,1,452722,0,8044636,2,229251,2,434362,167,0981,305,8836
8,2706937789917,Right,1,489271,0,8034265,2,257985,2,064753,167,7604,305,4687
8,28405570983887,Right,1,497037,0,801909,2,264241,1,953189,168,1156,305,3487
8,29804611206055,Right,1,536208,0,7964752,2,291612,1,799756,168,6107,305,0404
8,31190013885498,Right,1,56974,0,7877342,2,314362,1,657082,169,0558,304,6669
8,32593250274658,Right,1,588156,0,7844133,2,322751,1,535372,169,3296,304,5303
8,33970260620117,Right,1,628328,0,7810795,2,343978,1,355028,169,8134,304,3389
8,35352611541748,Right,1,659506,0,780663,2,357579,1,172345,170,1354,304,1432
8,36775016784668,Right,1,68405,0,7805726,2,365121,1,02475,170,3705,303,922
8,38162994384766,Right,1,719201,0,7803817,2,375929,0,9039558,170,8053,303,5648
8,39530372619629,Right,1,729412,0,7801286,2,37456,0,896028,171,0453,303,3228
8,40946483612061,Right,1,764383,0,7799389,2,378069,0,7336906,171,5752,302,7692
8,4232120513916,Right,1,786759,0,7792705,2,376533,0,6919948,172,0791,302,5356
8,43680953979492,Right,1,800177,0,778829,2,372359,0,6947435,172,474,302,4695
8,45089530944824,Right,1,828891,0,7782322,2,366059,0,6875083,173,2042,302,2357
8,46463775634766,Right,1,840197,0,77785,2,363389,0,6823776,173,4728,302,1844
8,47901058197021,Right,1,874394,0,7773961,2,35576,0,6296406,174,1291,301,9306
8,49266242980957,Right,1,901716,0,7765654,2,348555,0,6794533,175,0424,302,1174
8,5063304901123,Right,1,919439,0,7764071,2,344839,0,6949402,175,4936,302,1391
8,52048110961914,Right,1,957723,0,7760284,2,33501,0,7548512,176,4701,302,1468
8,53425884246826,Right,1,969569,0,7757939,2,332169,0,7410375,176,6695,302,1171
8,54796695709229,Right,2,009737,0,7755085,2,320404,0,6624773,177,3629,302,1783
8,56230735778809,Right,2,046678,0,7755527,2,309427,0,4156839,177,827,302,3447
8,57588291168213,Right,2,063574,0,7758357,2,303925,0,2906307,178,0137,302,2842
8,589919090271,Right,2,106805,0,7767202,2,289088,0,06952158,178,4456,301,8105
8,6038293838501,Right,2,137433,0,776961,2,278227,0,06683075,178,7157,301,2453
8,61767673492432,Right,2,161262,0,7775091,2,269409,359,9544,178,7388,300,7498
8,63169765472412,Right,2,199461,0,7779764,2,255182,359,739,178,9358,300,2765
8,64560127258301,Right,2,217251,0,7783822,2,248379,359,5427,178,9396,300,0502
8,65918350219727,Right,2,259038,0,7794586,2,232299,359,2202,179,093,299,5301
8,6731653213501,Right,2,293231,0,7798571,2,21848,359,0773,179,2342,299,0717
8,68732070922852,Right,2,316651,0,7799814,2,207371,358,9739,179,3656,298,8599
8,70105075836182,Right,2,356016,0,7803081,2,189335,358,8044,179,5811,298,557
8,71523857116699,Right,2,372897,0,7799853,2,180604,358,7904,179,6946,298,5519
8,72883415222168,Right,2,413647,0,7800388,2,16009,358,7017,179,983,298,4099
8,74281692504883,Right,2,447294,0,7796109,2,141937,358,6495,180,3842,298,6273
8,75679683685303,Right,2,467399,0,7796399,2,130372,358,6172,180,6508,298,6522
8,77034091949463,Right,2,505487,0,7799523,2,10832,358,435,181,1959,298,582
8,78463840484619,Right,2,520132,0,7800654,2,099496,358,3788,181,4321,298,4633
8,79837131500244,Right,2,55941,0,7804266,2,076088,358,2287,181,9431,298,2279
8,81230354309082,Right,2,592405,0,7811702,2,055071,358,188,182,6469,297,7089
8,826171875,Right,2,60927,0,7815134,2,043648,358,1306,183,0297,297,4064
8,84007358551025,Right,2,647868,0,782717,2,018099,357,8631,183,7641,296,9959
8,85391807556152,Right,2,658684,0,7829399,2,010909,357,743,183,9656,296,9012
8,86787700653076,Right,2,697362,0,7845563,1,983611,357,3725,184,6856,296,5041
8,88162422180176,Right,2,729628,0,785908,1,959567,357,1009,185,3458,295,9942
8,89568614959717,Right,2,744885,0,7864901,1,947391,356,9486,185,6698,295,7359
8,90985870361328,Right,2,782396,0,7882945,1,91726,356,6219,186,3792,295,1706
8,92338943481445,Right,2,807717,0,7895142,1,896052,356,4008,186,8826,294,7249
8,93734931945801,Right,2,826257,0,7902062,1,878903,356,308,187,261,294,4845
8,9514102935791,Right,2,857775,0,7916778,1,84962,356,2101,187,915,294,1425
8,96511840820313,Right,2,8692,0,792074,1,837512,356,1321,188,1745,294,0543
8,97900676727295,Right,2,902603,0,7939561,1,803605,355,9218,188,7439,293,9107
8,99291038513184,Right,2,928533,0,795424,1,776341,355,7292,189,1427,293,931
9,00667285919189,Right,2,94365,0,7962179,1,759872,355,626,189,4492,293,7853
9,02087879180908,Right,2,97506,0,7982972,1,724828,355,355,189,9153,294,0911
9,03451728820801,Right,2,984876,0,7999555,1,713462,355,1379,190,0224,294,4453
9,04844379425049,Right,3,015956,0,801501,1,676412,354,8958,190,6163,294,3023
9,06259346008301,Right,3,042662,0,8051066,1,644538,354,3373,190,8464,294,9548
9,0762414932251,Right,3,056125,0,807624,1,627913,353,9379,190,9804,295,2943
9,09016704559326,Right,3,086832,0,8131409,1,589459,353,0179,191,2748,295,8998
9,10402393341064,Right,3,095394,0,814599,1,578429,352,7911,191,4182,296,0057
9,11789226531982,Right,3,124531,0,8204835,1,538829,351,7891,191,9591,296,3586
9,13226509094238,Right,3,148304,0,825396,1,501923,351,0681,192,542,296,6128
9,14593505859375,Right,3,152767,0,8283044,1,481531,350,5449,192,9461,296,8883
9,15967655181885,Right,3,169464,0,8350973,1,435341,349,0444,193,6965,297,8936
9,17366313934326,Right,3,179268,0,8401707,1,399539,347,9352,194,0514,298,7213
9,18734550476074,Right,3,185142,0,8439633,1,374737,347,0645,194,239,299,5277
9,20138645172119,Right,3,194514,0,8507783,1,331282,345,5463,194,5272,300,8944
9,21526432037354,Right,3,193191,0,8538016,1,313509,344,9927,194,5657,301,2851
9,22886753082275,Right,3,195029,0,8613632,1,267275,343,6451,194,7166,302,1133
9,24284553527832,Right,3,191888,0,8683756,1,227917,342,5605,194,9119,302,5721
9,25666427612305,Right,3,185842,0,8725289,1,20523,341,7592,195,0379,302,8678
9,27054309844971,Right,3,176578,0,8821503,1,158353,339,8605,195,4479,303,4504
9,2847146987915,Right,3,171768,0,8848032,1,141501,339,348,195,4693,303,7342
9,29837417602539,Right,3,160753,0,8939881,1,093489,337,5683,195,3758,304,8444
9,31236553192139,Right,3,151433,0,9017511,1,051158,336,2348,195,0748,306,08
9,32621192932129,Right,3,146524,0,9134679,1,028928,335,6323,194,8757,306,6018
9,33987522125244,Right,3,137472,0,9296758,0,9795704,334,4169,194,2844,307,6372
9,35385608673096,Right,3,1326,0,9402948,0,9421963,333,6274,193,7815,308,3699
9,36779022216797,Right,3,132815,0,9457613,0,9132638,333,2352,193,2758,308,713
9,38169193267822,Right,3,132859,0,9540237,0,8675016,332,7866,192,4371,309,0505
9,39574337005615,Right,3,136053,0,9564891,0,8449703,332,5138,191,9859,309,44
9,40971279144287,Right,3,142723,0,9615823,0,7918664,331,5666,190,8907,311,2097
9,42341423034668,Right,3,150584,0,9638104,0,7537203,330,8205,189,8281,313,1671
9,43712043762207,Right,3,160085,0,9678022,0,7273896,330,3448,188,7565,314,7994
9,45155811309814,Right,3,175223,0,9707721,0,6783108,329,6222,187,0766,317,0162
9,46480369567871,Right,3,179777,0,9712523,0,6626348,329,3142,186,6361,317,66
9,47885131835938,Right,3,200707,0,9704014,0,6087862,329,2573,184,4964,318,5624
9,49271297454834,Right,3,216506,0,968539,0,5665549,328,9077,183,1771,319,3094
9,50656509399414,Right,3,22612,0,9728253,0,5417963,328,8344,182,3544,319,779
9,52032947540283,Right,3,246266,0,9742023,0,4918833,328,7892,180,6167,321,0811
9,53448295593262,Right,3,253179,0,9755288,0,5059352,328,8781,180,1156,321,4044
9,54829406738281,Right,3,273236,0,9768957,0,4801779,329,3489,178,7611,322,5928
9,56208324432373,Right,3,288546,0,9778357,0,4726183,329,9831,177,5009,323,7837
9,57623863220215,Right,3,29039,0,9779449,0,4686675,330,3928,176,6826,324,5704
9,58999443054199,Right,3,300993,0,9765153,0,4600804,331,4923,175,0036,326,4352
9,60384654998779,Right,3,305045,0,9762785,0,457139,331,9875,174,5415,326,9696
9,61781692504883,Right,3,314824,0,9713045,0,447797,333,8188,173,0385,329,2238
9,63188934326172,Right,3,324474,0,9692342,0,4397509,334,9482,171,472,331,3836
9,645751953125,Right,3,328737,0,9689509,0,4359483,335,3712,170,6422,332,0451
9,65946960449219,Right,3,336977,0,9672242,0,4266351,336,683,169,4236,332,5357
9,67332172393799,Right,3,342334,0,9661396,0,4185136,337,8545,169,0459,332,3946
9,68746376037598,Right,3,345177,0,9649625,0,412573,338,6951,168,9979,332,1841
9,70144748687744,Right,3,348404,0,9610146,0,401713,340,1648,169,1566,332,4779
9,71505737304688,Right,3,350589,0,9595072,0,3975024,340,7849,168,9289,332,9703
9,7290210723877,Right,3,353401,0,9512575,0,3848851,343,1504,168,9384,334,8239
9,74300670623779,Right,3,355303,0,9446831,0,3742527,345,2406,169,1803,336,6318
9,75665092468262,Right,3,355147,0,940843,0,3677369,345,8911,169,2668,338,3083
9,77066135406494,Right,3,357477,0,9354854,0,3557689,346,9402,169,1214,340,4461
9,78452110290527,Right,3,357857,0,935762,0,3513131,346,6337,169,2263,341,1735
9,79849815368652,Right,3,356668,0,9340585,0,3370389,346,4086,170,3125,341,606
9,81232452392578,Right,3,35477,0,9320889,0,3255417,347,104,172,0066,340,0401
9,8261251449585,Right,3,353934,0,9288568,0,3196135,348,357,172,7022,338,956
9,84012317657471,Right,3,352556,0,9197584,0,3058247,351,0253,173,886,338,1022
9,85416984558105,Right,3,352467,0,9162878,0,3016556,351,8134,173,9425,338,4992
9,86785984039307,Right,3,353204,0,9055561,0,2900482,353,3755,173,5144,340,9325
9,881911277771,Right,3,355978,0,8996568,0,2801251,353,6043,172,8007,343,53
9,89573097229004,Right,3,357133,0,897858,0,275143,353,8727,172,8653,344,0378
9,90961360931396,Right,3,359341,0,893738,0,2652249,353,9759,173,3943,344,1001
9,92350292205811,Right,3,360601,0,8900377,0,258269,354,5287,173,9397,343,6917
9,93727970123291,Right,3,361946,0,8862509,0,2547588,355,5507,174,1585,343,1017
9,95127010345459,Right,3,364117,0,8795624,0,2476428,357,2478,174,4396,342,6748
9,96520233154297,Right,3,365095,0,87617,0,2452606,357,9419,174,372,342,8538
9,97894763946533,Right,3,367835,0,8684465,0,2391405,359,5364,174,2422,343,3597
9,99296569824219,Right,3,370023,0,8655017,0,2363186,359,8562,174,8397,342,0792
10,0068836212158,Right,3,36991,0,864548,0,23613,359,3619,174,9635,340,3943
10,0207366943359,Right,3,369963,0,8631985,0,2356849,358,7716,174,9129,339,6974
10,0347213745117,Right,3,368842,0,8654149,0,2368311,358,4148,175,4047,338,8808
10,0486278533936,Right,3,36999,0,8646655,0,23267,358,6589,175,666,338,9268
10,0622987747192,Right,3,370336,0,8651702,0,2280415,357,4426,176,113,338,3724
10,076283454895,Right,3,368884,0,8704779,0,2243956,355,7136,176,7222,337,3971
10,0900087356567,Right,3,365741,0,8777009,0,2170455,353,9022,178,4795,338,7678
10,1040983200073,Right,3,366019,0,8857715,0,2215981,352,3997,179,0125,337,3742
10,1181163787842,Right,3,366226,0,8965381,0,2253334,350,3337,179,4706,335,8111
10,1458215713501,Right,3,368645,0,9038747,0,2345324,349,1193,178,325,336,4154
10,1596822738647,Right,3,371394,0,9153458,0,2400351,346,2908,177,9783,336,617
10,1734466552734,Right,3,374562,0,9226471,0,2481548,343,5504,177,3739,338,3554
10,1873044967651,Right,3,377174,0,9276162,0,253399,342,6667,176,5893,339,404
10,2032432556152,Right,3,383507,0,9380409,0,2665151,339,9348,174,2234,342,0275
10,2142753601074,Right,3,386085,0,9419345,0,2704089,338,9295,173,1039,342,267
10,2284536361694,Right,3,392383,0,9529362,0,2840273,335,4535,169,3263,344,0069
10,2423038482666,Right,3,3971,0,9607673,0,2947496,333,2655,166,4408,345,2969
10,2562456130981,Right,3,399797,0,9644376,0,3006567,332,2688,164,9156,346,605
10,2700595855713,Right,3,40488,0,9719339,0,3134586,330,4104,162,7959,348,2275
10,2838573455811,Right,3,405842,0,9735142,0,3175353,330,0771,162,1961,348,6788
10,2979507446289,Right,3,410069,0,9775751,0,3311761,330,5747,160,7245,350,0108
10,3118753433228,Right,3,413347,0,9819826,0,343038,330,3071,158,1006,352,1998
10,3256549835205,Right,3,414462,0,9831224,0,3476726,330,9491,157,2373,353,6815
10,3395471572876,Right,3,418039,0,9869691,0,3601272,330,2445,153,5553,357,2894
10,3539047241211,Right,3,420069,0,9863748,0,3685657,332,0015,152,2539,356,9058
10,3673734664917,Right,3,42122,0,9869009,0,3736,333,0159,151,702,357,4047
10,381516456604,Right,3,422368,0,9875026,0,3813559,335,2457,151,4832,359,4513
10,3950166702271,Right,3,422431,0,9882255,0,3839257,336,9749,151,8357,359,4157
10,4090642929077,Right,3,42161,0,9900416,0,3918962,338,4735,150,9455,359,0276
10,4229431152344,Right,3,423137,0,9928623,0,3983944,338,7998,150,2443,359,0883
10,4366855621338,Right,3,423898,0,9934926,0,4023752,338,5649,149,1189,359,3689
10,45094871521,Right,3,425724,0,9961228,0,4094479,338,6657,147,8015,358,9443
10,465012550354,Right,3,425834,0,9969949,0,4104604,338,4799,147,7853,358,1773
10,4784822463989,Right,3,426899,0,9999318,0,4151065,337,9273,147,7476,356,9539
10,4923868179321,Right,3,428401,1,002187,0,4197394,337,3749,147,4675,356,114
10,506160736084,Right,3,429237,1,002966,0,422317,337,5664,147,2332,355,6945
10,5201139450073,Right,3,431697,1,005444,0,4263647,336,9583,147,2001,354,5589
10,5340719223022,Right,3,432131,1,005331,0,4264511,336,4832,147,222,354,3195
10,5478038787842,Right,3,43458,1,006297,0,4284848,335,3391,147,0403,354,2529
10,5619440078735,Right,3,437157,1,004057,0,4280609,334,2822,146,8588,354,6449
10,575982093811,Right,3,438473,1,002747,0,4278562,333,7091,146,9812,354,418
10,5899877548218,Right,3,441528,0,9985496,0,4260352,332,4546,147,5858,354,458
10,6035509109497,Right,3,44363,0,9931222,0,4254542,332,5336,147,2191,355,5361
10,6175270080566,Right,3,445499,0,9884669,0,4258528,333,0887,145,9957,356,9383
10,6312694549561,Right,3,449544,0,98076,0,4260443,333,7736,143,6767,359,4849
10,6453056335449,Right,3,451249,0,9775112,0,4254576,334,1011,142,9903,0,2507953
10,6590719223022,Right,3,453565,0,9686859,0,4235992,334,7098,142,5415,0,756826
10,6729726791382,Right,3,454453,0,9615487,0,4208269,334,9547,142,8339,0,1822353
10,6870985031128,Right,3,453823,0,954811,0,418485,335,9978,143,0935,359,1504
10,7007789611816,Right,3,453974,0,9458905,0,416849,337,497,143,0121,358,4944
10,7147789001465,Right,3,453291,0,9423404,0,4152155,338,6715,143,5099,356,9136
10,7286939620972,Right,3,451918,0,9325525,0,4130553,341,0427,144,0168,353,8299
10,7424392700195,Right,3,450127,0,9252649,0,4115121,342,936,144,2913,350,7151
10,7565364837646,Right,3,449467,0,9226829,0,4113083,343,5646,144,0873,348,6804
10,7704057693481,Right,3,449162,0,921425,0,4130989,344,3635,144,3103,342,4778
10,7844610214233,Right,3,44837,0,9206496,0,4126309,344,8048,144,8069,338,7121
10,7983856201172,Right,3,449815,0,9245003,0,4167558,345,8876,145,5032,327,9266
10,8119974136353,Right,3,451036,0,9286766,0,4201402,345,9037,145,4132,318,7708
10,8260612487793,Right,3,451427,0,9304456,0,4210325,345,7166,145,4835,314,3397
10,8397884368896,Right,3,452425,0,938033,0,4237522,345,6786,145,7677,305,2414
10,8536367416382,Right,3,452798,0,9400995,0,4225455,345,4687,147,3959,298,0358
10,867582321167,Right,3,453518,0,9396304,0,4223399,345,3152,148,1572,294,7653
0,Drawing start,0,0,0,0,0,0
0,SquareDrawing start,0,0,0,0,0,0
10,8815298080444,Right,3,455282,0,9378216,0,4216728,345,8463,148,6844,291,0998
10,895471572876,Right,3,456487,0,934453,0,4209266,346,4839,148,8224,290,9946
10,9095220565796,Right,3,459082,0,9286145,0,4186205,348,325,149,3655,290,9451
10,9233732223511,Right,3,460268,0,9242758,0,4175166,349,9216,149,6097,290,9655
10,9369812011719,Right,3,460747,0,9233611,0,4175308,350,1793,149,5085,290,2736
10,9509706497192,Right,3,461805,0,9220237,0,4169322,350,5485,149,9646,288,5501
10,964695930481,Right,3,461735,0,9214876,0,4167229,351,0571,150,0955,286,8088
10,9788522720337,Right,3,460549,0,9214917,0,4146552,353,5177,150,2573,279,5181
10,9926452636719,Right,3,460216,0,9188139,0,4140948,353,934,150,4583,278,4339
11,0065202713013,Right,3,45873,0,9199612,0,4129386,353,9635,150,6783,277,3153
11,0204029083252,Right,3,455907,0,9220266,0,4111243,354,0374,151,0165,275,1383
11,0343914031982,Right,3,454772,0,9227349,0,4104276,353,7996,151,3521,274,866
11,0482044219971,Right,3,452491,0,9246397,0,4092012,353,368,151,8225,273,8471
11,0621814727783,Right,3,451919,0,9246718,0,4092549,353,1104,151,9209,273,4879
11,0760564804077,Right,3,452046,0,9246412,0,4091469,353,2651,151,9653,273,7511
11,0898313522339,Right,3,451804,0,9248126,0,4089733,353,4061,151,9591,273,5557
11,104024887085,Right,3,451077,0,9254975,0,4084142,353,4703,152,0285,272,8727
11,1177024841309,Right,3,450353,0,9271165,0,4091213,352,6893,151,8114,272,0316
11,1317920684814,Right,3,449149,0,9286563,0,4095335,351,8788,151,8661,271,1938
11,1454877853394,Right,3,44868,0,9284037,0,4092461,351,9224,152,007,270,9651
11,1592016220093,Right,3,446909,0,9298782,0,4091679,351,3508,152,1875,270,0045
11,1733160018921,Right,3,445607,0,931316,0,4092678,350,6241,151,5615,267,9763
11,1871166229248,Right,3,444591,0,9341196,0,4088072,349,1169,151,4649,264,2301
11,2009811401367,Right,3,444134,0,9376714,0,4097421,347,9505,151,2595,258,3382
11,2148971557617,Right,3,444042,0,9397582,0,4098815,347,4016,151,8991,254,5569
11,2288675308228,Right,3,445215,0,9450914,0,4135614,345,9936,152,758,246,6396
11,2426195144653,Right,3,446566,0,9491305,0,4166993,344,5233,152,5623,246,1222
11,2566566467285,Right,3,44512,0,9529545,0,4170226,343,5027,153,5832,245,464
11,2702598571777,Right,3,442507,0,9579884,0,4181676,342,3212,153,6613,244,2001
11,2851905822754,Right,3,441843,0,9595318,0,4181281,341,9821,153,6387,243,9697
11,2983436584473,Right,3,438389,0,965218,0,4185308,341,4135,154,528,242,0481
11,3119583129883,Right,3,435808,0,9693089,0,4197105,340,501,155,7258,242,0147
11,3260622024536,Right,3,433573,0,9716881,0,4198809,340,0065,156,4863,243,0232
0,SquareDrawing end,0,0,0,0,0,0
11,3400678634644,Right,3,428953,0,9769049,0,4212962,338,8237,157,6532,244,86
11,3537158966064,Right,3,426864,0,9787031,0,4215457,338,4103,157,986,245,8514
11,3678131103516,Right,3,422168,0,9836326,0,4240978,336,7262,158,868,248,7015
11,3815088272095,Right,3,415632,0,9888512,0,4258905,334,6686,160,0404,252,4295
11,3954801559448,Right,3,410874,0,9911791,0,4255876,334,1856,160,7659,253,7184
11,409592628479,Right,3,402189,0,9946185,0,4252055,333,5991,162,1146,255,238
11,4235305786133,Right,3,393453,0,9964899,0,4242205,333,7466,163,2699,255,4079
11,4371690750122,Right,3,387245,0,9966856,0,4229748,334,0935,164,1526,255,4403
11,4512004852295,Right,3,377255,0,998751,0,4207199,334,5013,165,4843,255,5183
11,4648761749268,Right,3,372392,0,9980753,0,419543,334,9944,166,1751,255,6095
11,4787740707397,Right,3,36092,0,9987821,0,417005,335,2427,167,9392,256,8122
11,4925861358643,Right,3,346008,0,9979532,0,4140256,333,5984,171,6483,262,1132
11,5066242218018,Right,3,340244,0,9987157,0,4136101,332,7467,173,095,263,7717
11,520866394043,Right,3,327513,0,9989561,0,4126537,329,6005,176,6708,270,8775
11,5343017578125,Right,3,321404,1,000099,0,4127615,329,055,177,5712,272,5289
11,5482997894287,Right,3,306548,0,9979215,0,4094847,328,7282,179,9224,274,0837
11,5625219345093,Right,3,292197,0,9954356,0,4067073,329,9883,181,2348,273,0813
11,5759077072144,Right,3,286056,0,9937547,0,4054949,330,2404,181,8945,273,2691
11,5899705886841,Right,3,270258,0,9887075,0,4016908,331,3433,183,2547,272,9644
11,6036491394043,Right,3,258814,0,9847557,0,3993165,332,14,184,5589,273,2579
11,6176433563232,Right,3,248517,0,9814728,0,3968835,332,5989,186,4673,273,6018
11,6316213607788,Right,3,230727,0,9766973,0,3943732,332,9688,190,1623,274,5942
11,6454191207886,Right,3,222176,0,9746608,0,3940399,333,1649,192,2338,275,001
11,6594114303589,Right,3,200843,0,9678137,0,3926278,333,7715,196,584,276,5041
11,6734800338745,Right,3,187698,0,9631435,0,3938462,333,9735,198,3214,278,5163
0,CircleDrawing start,0,0,0,0,0,0
11,6871385574341,Right,3,179545,0,9599904,0,3938766,334,0858,198,9809,280,0624
11,7011852264404,Right,3,163621,0,9560668,0,392654,334,3004,201,2,281,8064
11,7151165008545,Right,3,158482,0,9535662,0,3943948,334,6756,201,4008,281,8713
11,728702545166,Right,3,140846,0,9493793,0,3981143,335,5289,202,8509,279,7084
11,7428913116455,Right,3,126842,0,9445013,0,4000005,336,0392,204,6785,279,4142
11,7566919326782,Right,3,118805,0,9413953,0,4017711,336,1519,206,0381,280,7788
11,7704725265503,Right,3,102849,0,9359982,0,4038768,336,2975,208,4014,282,8099
11,7845935821533,Right,3,097902,0,9347908,0,4058969,336,5851,209,362,283,6
11,7983283996582,Right,3,082275,0,928836,0,4092672,338,4501,211,0942,283,9224
11,8122463226318,Right,3,069527,0,924955,0,4135989,340,8328,211,8377,282,6729
11,8262491226196,Right,3,063301,0,9231699,0,4161216,342,0959,212,0479,280,8668
11,8399133682251,Right,3,050833,0,9207063,0,4212489,344,1458,212,3789,277,279
11,8539371490479,Right,3,044442,0,9222327,0,4243246,345,3171,213,8108,271,722
11,8677606582642,Right,3,040777,0,9261018,0,4277175,344,4195,215,0902,268,1129
11,8816614151001,Right,3,035708,0,92926,0,4316992,344,1462,216,8522,263,4727
11,8957099914551,Right,3,033058,0,9308603,0,4342673,343,8087,217,8992,261,021
11,909405708313,Right,3,024794,0,9346018,0,4413721,343,4435,220,4951,253,5294
11,9233980178833,Right,3,017278,0,9380576,0,4460045,344,6313,221,8059,248,0925
11,937385559082,Right,3,013809,0,9396179,0,4508258,343,7446,220,7114,245,0924
11,9510889053345,Right,3,00563,0,9414088,0,4556883,345,1522,219,9585,240,406
11,965124130249,Right,3,00152,0,9438934,0,4573816,346,4523,221,1343,237,7885
11,9793586730957,Right,2,992852,0,9452993,0,4617895,348,0063,223,3607,232,6932
11,9930057525635,Right,2,988083,0,9495041,0,4683875,347,1688,224,4257,227,8567
12,0069074630737,Right,2,982413,0,9492683,0,4723247,347,9944,225,5797,224,175
12,0207529067993,Right,2,976256,0,9522657,0,4813277,347,2164,227,041,217,4229
12,0345077514648,Right,2,975196,0,9528096,0,4828982,347,2666,227,4752,216,0612
12,0484619140625,Right,2,970867,0,9528813,0,488045,347,3925,228,462,212,1692
12,0622634887695,Right,2,970696,0,9531298,0,491012,348,3,229,7351,216,4538
12,0763111114502,Right,2,972753,0,9523348,0,4913647,348,1401,231,1473,230,1871
12,090181350708,Right,2,965574,0,9560067,0,5002569,345,9475,235,6159,235,3534
12,1041622161865,Right,2,968529,0,9497551,0,4975546,341,1313,227,3896,266,6948
12,1179637908936,Right,2,957204,0,9635964,0,5090874,340,4129,226,2826,271,754
12,1318998336792,Right,2,954204,0,9690139,0,5125746,340,2726,226,4737,270,8889
12,1458721160889,Right,2,953559,0,9704972,0,5130038,340,2807,226,5956,270,5813
12,1596326828003,Right,2,951757,0,9742141,0,5145069,340,1801,227,1021,270,3262
12,1733484268188,Right,2,951007,0,9768081,0,5149843,340,5415,227,8369,269,8489
12,1874809265137,Right,2,951203,0,9784014,0,5152895,340,4808,228,1677,269,7287
12,2012128829956,Right,2,952609,0,9805251,0,5151817,339,9867,227,727,269,7752
12,2154531478882,Right,2,950508,0,9804782,0,5136725,339,7682,226,9651,270,0566
12,2291584014893,Right,2,949115,0,9815028,0,5118488,339,3503,225,6416,270,2917
12,2428598403931,Right,2,945969,0,9808241,0,5083898,339,5782,224,704,270,6878
0,CircleDrawing end,0,0,0,0,0,0
12,2569150924683,Right,2,944071,0,9809424,0,5059041,339,5973,224,5433,270,6131
12,2708530426025,Right,2,94064,0,9811919,0,5008,339,5473,223,8904,270,5343
12,2845554351807,Right,2,939542,0,9808537,0,4987942,339,408,223,7331,270,6342
12,2986936569214,Right,2,93488,0,9806499,0,4941739,339,175,223,3666,270,8866
12,3124170303345,Right,2,930507,0,9799488,0,4901568,338,9348,223,2041,271,5309
12,3266439437866,Right,2,926803,0,9789621,0,4888846,339,0918,223,6345,271,7155
12,3403329849243,Right,2,920535,0,9778855,0,4859666,339,3549,223,9639,271,658
12,3540029525757,Right,2,919081,0,9776907,0,4851165,339,4238,224,0075,271,5459
12,367956161499,Right,2,905978,0,974423,0,4752228,340,3022,224,4015,271,4241
12,3819141387939,Right,2,893189,0,9715684,0,4686259,341,1915,224,9514,270,6854
12,3958473205566,Right,2,88577,0,9704708,0,4650867,341,4961,225,1888,270,0675
12,4098815917969,Right,2,870408,0,9682117,0,4574662,342,1217,225,4893,268,9481
12,4237842559814,Right,2,859226,0,9657115,0,4511242,342,6683,225,5402,268,5063
12,4375123977661,Right,2,851222,0,9639361,0,4463464,343,0356,225,4529,268,587
12,4516906738281,Right,2,837928,0,961159,0,4378386,343,5782,225,4293,269,2171
12,4651174545288,Right,2,832991,0,9603337,0,4378806,343,7949,225,3451,269,0218
12,4790830612183,Right,2,818794,0,9569858,0,4316675,344,2853,225,2276,269,4774
0,StarDrawing start,0,0,0,0,0,0
12,4930515289307,Right,2,807283,0,9569433,0,4301259,344,2165,225,2815,269,8783
12,5067825317383,Right,2,799785,0,9614832,0,4294458,344,2593,225,2254,270,3228
12,5208263397217,Right,2,783446,0,9656379,0,4283835,344,3467,225,6579,270,2766
12,5348320007324,Right,2,776648,0,9664905,0,4287049,344,3261,226,1038,270,1027
12,5486087799072,Right,2,758589,0,9693953,0,4277806,344,5524,226,8025,269,9277
12,5626850128174,Right,2,743267,0,970195,0,4266797,344,8071,227,7118,270,1682
12,5767831802368,Right,2,73305,0,9698187,0,4263148,344,9635,228,2458,270,6859
12,5901317596436,Right,2,714494,0,9692834,0,425853,345,1696,229,2343,271,5134
12,6041774749756,Right,2,707315,0,9689167,0,4261691,345,1942,229,782,271,8821
12,617959022522,Right,2,686476,0,9672684,0,4254977,345,3417,231,1554,272,6223
12,6319103240967,Right,2,668503,0,9652911,0,4257775,345,619,231,8686,272,9056
12,645977973938,Right,2,658813,0,9639635,0,4242706,345,8061,231,999,273,01
12,65989112854,Right,2,636259,0,9606814,0,4240034,346,5462,232,8752,272,7791
12,673900604248,Right,2,620302,0,9579816,0,4245633,346,9234,233,2765,272,6939
12,6876373291016,Right,2,608805,0,9556704,0,4226525,347,4904,233,1048,272,3015
12,7012939453125,Right,2,590027,0,9516133,0,4235292,348,44,232,7871,272,1597
12,7153720855713,Right,2,583092,0,9501907,0,424001,348,8108,232,4231,272,4513
12,7291488647461,Right,2,56497,0,9474036,0,424915,348,8997,232,2973,273,3039
12,7432041168213,Right,2,549552,0,9455683,0,4256443,348,8873,232,4553,273,9664
12,7572317123413,Right,2,54258,0,9453557,0,4259619,348,2472,231,9995,275,0571
12,7711896896362,Right,2,526471,0,9444148,0,4265857,347,8273,231,5672,275,82
12,7847480773926,Right,2,521897,0,9444699,0,4270053,347,6587,231,4397,275,7233
12,7987756729126,Right,2,506322,0,9432719,0,4276064,347,5173,231,3539,275,393
12,8124866485596,Right,2,494474,0,9435276,0,4281619,347,5764,231,5726,274,9484
12,826473236084,Right,2,489711,0,9423323,0,4281754,347,5485,231,86,274,878
12,8403654098511,Right,2,480808,0,9402359,0,4296021,347,6759,232,3877,274,8441
12,8542375564575,Right,2,478947,0,9405108,0,4302004,347,8223,232,3703,274,8443
12,8682088851929,Right,2,472892,0,9388363,0,4318422,348,3409,232,5664,273,8378
0,StarDrawing end,0,0,0,0,0,0
12,8820743560791,Right,2,4692,0,938775,0,4333582,348,7128,232,4893,272,7255
12,8959550857544,Right,2,467627,0,9381779,0,433023,348,8092,232,4895,272,4779
12,9101095199585,Right,2,464593,0,9394059,0,4344022,348,7289,232,3779,272,0574
12,9236707687378,Right,2,464202,0,9403211,0,4343566,348,4266,232,3939,272,2705
12,9377012252808,Right,2,461572,0,9423833,0,4348366,347,8333,232,4755,272,6501
12,9516448974609,Right,2,458811,0,9451629,0,436781,347,2159,232,6838,272,7289
12,9655151367188,Right,2,457272,0,9458975,0,4372466,347,1465,232,7219,272,6248
12,9794187545776,Right,2,454559,0,9489748,0,4385304,346,8467,232,8299,272,0403
12,9931879043579,Right,2,451367,0,9513887,0,4393964,346,6573,233,0177,271,5278
13,0070829391479,Right,2,447966,0,9526743,0,4388276,346,5302,233,1438,271,3952
13,0210103988647,Right,2,442088,0,9550188,0,4381781,346,3472,233,2418,271,3326
13,0348596572876,Right,2,439591,0,955758,0,437873,346,2924,233,4017,271,2184
13,0488243103027,Right,2,431516,0,9575612,0,4364208,346,1885,233,8204,271,0944
13,0628023147583,Right,2,425072,0,9583794,0,4352349,345,9753,233,5533,271,7049
13,0764760971069,Right,2,420325,0,9598421,0,4349206,345,8658,233,503,271,4387
13,0906286239624,Right,2,410923,0,9601196,0,4330204,345,7957,233,6804,272,0127
13,1044330596924,Right,2,408182,0,9604884,0,4325917,345,8349,234,0379,271,5474
13,1182384490967,Right,2,394904,0,9608691,0,4313333,346,1775,234,6554,271,3404
13,132194519043,Right,2,385018,0,9604012,0,4308308,346,5887,235,0196,271,0467
13,1463584899902,Right,2,379136,0,9594781,0,430488,346,8326,235,1764,270,9609
13,1602725982666,Right,2,366942,0,9588932,0,4300031,347,0248,236,0512,270,5504
0,Drawing end,0,0,0,0,0,0
13,1738786697388,Right,2,364508,0,9584722,0,4299697,346,9308,235,9827,270,6741
13,187726020813,Right,2,352487,0,9571202,0,4293248,346,977,236,1067,271,0328
13,2019300460815,Right,2,342332,0,9555694,0,4284916,347,0547,236,097,271,0116
13,2155904769897,Right,2,338154,0,9551558,0,4283066,347,0957,236,1516,270,9337
13,2293872833252,Right,2,328316,0,9539055,0,4277667,347,1259,236,0929,270,742
13,2433376312256,Right,2,319985,0,9523762,0,4272003,347,1319,236,1817,271,0409
13,2572059631348,Right,2,313012,0,9509979,0,4269017,347,1809,236,4208,271,1202
13,27112865448,Right,2,301011,0,9482851,0,4265427,347,2469,236,7422,271,3455
13,2850112915039,Right,2,296926,0,9476156,0,4266829,347,2574,236,9555,271,3457
13,2989873886108,Right,2,284442,0,9450679,0,4274834,347,3546,237,5569,271,2309
13,3129177093506,Right,2,275217,0,9429871,0,4279932,347,5045,237,9412,271,201
13,3267526626587,Right,2,269539,0,9411227,0,4283634,347,7359,238,1542,271,3786
13,3404769897461,Right,2,258549,0,9383365,0,4295176,347,9685,238,7705,271,5381
13,3544950485229,Right,2,254679,0,9375535,0,4299113,348,0624,239,0071,271,4862
13,368447303772,Right,2,242439,0,9347484,0,4314537,348,3736,239,9464,271,1406
13,3824186325073,Right,2,233285,0,9322625,0,4326645,349,038,240,4178,271,0422
13,3962640762329,Right,2,228748,0,9313459,0,4333794,349,3547,240,4989,270,7971
13,4101295471191,Right,2,218926,0,9293399,0,4344709,349,6623,240,4657,270,416
13,4244861602783,Right,2,216059,0,9288604,0,4349004,349,6075,240,3241,270,3831
13,4378814697266,Right,2,208122,0,9293838,0,4364519,350,9333,240,5185,268,8297
13,4515571594238,Right,2,202674,0,931523,0,4379489,353,1093,241,1477,266,1976
13,4657917022705,Right,2,201163,0,9336755,0,4377031,354,0551,241,0913,265,1976
13,4794673919678,Right,2,19561,0,9359708,0,4396721,357,4616,241,3677,262,127
13,4933128356934,Right,2,191338,0,9374577,0,4408287,359,3144,241,2995,259,5882
13,5073289871216,Right,2,190828,0,9384372,0,4411496,0,3677877,241,1174,258,5262
13,5210695266724,Right,2,187503,0,9400063,0,4431062,2,318184,242,6771,255,6946
13,5355472564697,Right,2,187661,0,9399214,0,4427257,1,890294,243,3914,255,98
13,5490503311157,Right,2,188201,0,9400023,0,4423881,2,503113,243,4678,255,9846
13,562726020813,Right,2,188628,0,9399347,0,4424802,2,232676,243,469,256,0485
13,5767402648926,Right,2,189368,0,9400923,0,4434912,1,50759,243,4572,255,6635
13,5907430648804,Right,2,190624,0,9401319,0,4450284,0,4091028,243,3997,255,2198
13,6045799255371,Right,2,190608,0,9400618,0,4454896,0,3843257,243,4071,255,1719
13,6185989379883,Right,2,190099,0,9408037,0,4468327,0,1742384,243,447,254,1875
13,6326150894165,Right,2,191229,0,9416165,0,4487449,359,41,242,0057,252,8569
13,6461582183838,Right,2,190817,0,9421467,0,4492733,359,6317,241,5761,252,0514
13,6602869033813,Right,2,18939,0,943229,0,4532386,359,361,241,2653,250,0548
13,673921585083,Right,2,186759,0,9438698,0,4536369,359,0775,244,8123,248,9989
13,688136100769,Right,2,186129,0,9447184,0,4561969,358,7657,244,8731,247,3292
13,7017755508423,Right,2,18377,0,9458848,0,4590974,357,9308,248,6937,244,8205
13,7156286239624,Right,2,184816,0,9457082,0,4595612,357,2357,248,6216,244,7895
13,7296476364136,Right,2,183581,0,9466356,0,4627495,357,1713,249,5592,242,7161
13,7433977127075,Right,2,183917,0,9470618,0,4643497,356,7195,249,5349,241,8799
13,7574758529663,Right,2,183437,0,9475465,0,46565,356,7472,249,5201,240,9823
13,7714214324951,Right,2,185246,0,9485964,0,4677276,356,1109,247,0835,239,2216
13,7852716445923,Right,2,184476,0,9488763,0,4679918,356,4756,247,0927,238,9642
13,7990865707397,Right,2,186208,0,949413,0,4680598,355,7058,246,9827,239,0685
13,8130264282227,Right,2,18762,0,9488652,0,4676829,354,9256,246,7308,239,6216
13,8267850875854,Right,2,189516,0,9479966,0,4669201,353,2231,245,0441,241,4863
13,8411283493042,Right,2,190231,0,9418705,0,4644144,347,6958,245,1174,253,9792
13,8546857833862,Right,2,188392,0,9440817,0,4686489,344,9544,242,7861,269,3653
13,8685693740845,Right,2,191379,0,9559547,0,4749586,344,2034,242,2469,268,6393
13,8824453353882,Right,2,195261,0,9611601,0,4824028,343,5163,241,8355,268,2291
13,896222114563,Right,2,198765,0,9646537,0,4956847,342,9799,241,6442,268,0475
13,9101886749268,Right,2,20579,0,9721114,0,5149549,341,8395,241,15,267,7555
13,9241247177124,Right,2,209712,0,9746484,0,5318488,341,5264,241,235,267,111
13,9379100799561,Right,2,222266,0,982406,0,5695083,340,3044,240,9065,266,869
13,9519243240356,Right,2,234838,0,9894885,0,6092529,339,4083,240,3274,266,3625
13,9658861160278,Right,2,244128,0,9932678,0,6305176,338,8957,239,9086,265,9477
13,9798364639282,Right,2,263958,1,002029,0,6799016,337,4166,239,148,265,4192
13,9936628341675,Right,2,279318,1,009118,0,7161775,336,166,238,9667,264,8035
14,0074253082275,Right,2,2904,1,014069,0,7427789,335,4034,238,9093,264,2234
14,0214042663574,Right,2,310269,1,022136,0,7889943,333,8001,238,3985,263,9625
14,0353879928589,Right,2,318545,1,025821,0,8085366,333,1916,238,0161,263,906
14,0490922927856,Right,2,339719,1,033834,0,8580052,331,8534,237,3843,263,9542
14,0630979537964,Right,2,356591,1,040402,0,8979597,330,7425,237,0497,263,7118
14,0773658752441,Right,2,368439,1,044792,0,9254444,329,9897,236,8173,263,6233
14,0909976959229,Right,2,387273,1,051254,0,9704717,328,8839,236,6869,263,3616
14,1048526763916,Right,2,394225,1,053393,0,9878989,328,616,236,4512,263,3715
14,1185750961304,Right,2,414235,1,059453,1,036744,327,566,236,1435,263,048
14,1325550079346,Right,2,430511,1,063662,1,077167,326,6102,235,7266,263,2034
14,1465721130371,Right,2,440125,1,06595,1,100045,326,0802,235,2736,263,6961
14,160177230835,Right,2,458567,1,069561,1,145508,325,1641,234,435,264,3657
14,1742563247681,Right,2,464533,1,071396,1,16095,324,9003,234,2177,264,7087
14,1881828308105,Right,2,482748,1,074651,1,208458,324,1723,233,7024,265,382
14,2021055221558,Right,2,496463,1,075521,1,248132,323,9677,233,2771,265,8662
14,2159595489502,Right,2,503986,1,077135,1,268581,323,7065,233,1281,265,9676
14,2299404144287,Right,2,520277,1,078071,1,316007,323,4187,232,8054,266,3011
14,2436180114746,Right,2,531847,1,079316,1,349643,323,2026,232,4553,266,4167
14,2576322555542,Right,2,540137,1,079461,1,375486,323,2479,232,3707,266,3306
14,2712993621826,Right,2,553742,1,07979,1,416174,323,1801,231,8356,266,3792
14,2854309082031,Right,2,559258,1,076795,1,434575,323,3335,231,3199,266,5756
14,2991991043091,Right,2,574049,1,072563,1,479355,323,2906,230,155,267,7295
14,3132200241089,Right,2,584179,1,065752,1,515306,323,3741,229,63,268,6904
14,3270874023438,Right,2,590958,1,059137,1,538328,323,4105,229,6627,269,2934
14,3408946990967,Right,2,603233,1,0504,1,581046,323,564,229,3595,269,8397
14,3548097610474,Right,2,607522,1,052815,1,597045,323,6279,229,2788,269,9337
14,3687896728516,Right,2,620069,1,047407,1,642997,323,8708,229,2989,270,0127
14,382532119751,Right,2,631028,1,046706,1,679615,323,9752,229,3152,270,0063
14,396577835083,Right,2,640758,1,045659,1,700309,324,0669,229,4152,269,9175
14,4105958938599,Right,2,661659,1,043971,1,740988,324,2099,229,5748,269,6075
14,4245109558105,Right,2,669651,1,043865,1,754312,324,2318,229,6331,269,4808
14,4384260177612,Right,2,696761,1,041219,1,79284,324,6704,229,957,268,7276
14,4519033432007,Right,2,720018,1,037023,1,821594,325,2918,230,145,268,1943
14,4660158157349,Right,2,733528,1,035708,1,838271,325,4727,229,9667,267,9864
14,4798917770386,Right,2,76529,1,032739,1,87163,325,8965,229,5574,267,781
14,4937438964844,Right,2,785431,1,030609,1,889323,326,2862,229,6472,267,7469
14,5076522827148,Right,2,789258,1,028882,1,892469,326,6465,229,6733,267,9086
14,52197265625,Right,2,803051,1,026308,1,904327,327,0491,229,7888,268,283
14,5356407165527,Right,2,80803,1,025449,1,908446,327,0934,229,8399,268,5751
14,5494289398193,Right,2,811556,1,02339,1,91062,327,4229,230,0296,268,7188
14,5630874633789,Right,2,812735,1,022157,1,910591,327,5547,229,8315,268,6367
14,5771322250366,Right,2,813395,1,021765,1,910472,327,4232,229,6144,268,4505
14,5911769866943,Right,2,814073,1,021282,1,910194,327,3081,229,3527,268,4406
14,6048984527588,Right,2,814275,1,02118,1,910096,327,2804,229,3472,268,3159
14,6187858581543,Right,2,81482,1,020494,1,909965,327,3175,229,2542,268,012
14,6329545974731,Right,2,815055,1,019898,1,909656,327,3438,229,2991,267,7649
14,6466398239136,Right,2,815634,1,019269,1,909494,327,3267,229,0164,267,7375
14,6605672836304,Right,2,816157,1,01826,1,909079,327,4966,228,3238,267,7295
14,6743497848511,Right,2,815789,1,018361,1,908577,327,6238,228,8558,267,4634
14,6883716583252,Right,2,815798,1,018473,1,90827,327,7701,229,2644,267,0484
14,7023725509644,Right,2,816231,1,017571,1,907681,327,7515,229,3174,267,4442
14,7159929275513,Right,2,816484,1,017411,1,907516,327,5822,229,2354,267,8309
14,7300786972046,Right,2,817077,1,016436,1,906887,327,6401,228,56,268,6998
14,7441301345825,Right,2,816956,1,016295,1,90637,327,7339,228,5061,268,7487
14,7579221725464,Right,2,817266,1,015586,1,905707,327,797,228,2251,269,0074
14,7719793319702,Right,2,817021,1,015623,1,905653,327,8392,228,3154,269,0007
14,7855587005615,Right,2,81696,1,015771,1,905722,327,9021,228,605,268,7984
14,7994785308838,Right,2,816755,1,016207,1,905989,327,9992,229,4139,267,7886
14,8134174346924,Right,2,817382,1,015864,1,906149,327,8374,229,1375,267,3256
14,8271064758301,Right,2,817632,1,015616,1,906004,327,7887,228,7361,267,455
14,841215133667,Right,2,817665,1,015003,1,905277,327,8531,228,3839,268,2865
14,8551568984985,Right,2,81777,1,015216,1,905485,327,8636,228,2499,268,5643
14,8689842224121,Right,2,818003,1,015378,1,905631,327,869,228,2067,268,6869
14,8829097747803,Right,2,818116,1,015493,1,905828,327,8639,228,1828,268,641
14,8968229293823,Right,2,818004,1,015377,1,905923,327,8753,228,1575,268,7048
14,9107160568237,Right,2,817799,1,01544,1,906213,327,8593,228,1825,268,6488
14,9245710372925,Right,2,817693,1,015597,1,906317,327,8555,228,3177,268,4369
14,9383659362793,Right,2,817514,1,016128,1,906523,327,7928,228,9132,267,6954
14,9523544311523,Right,2,817566,1,016468,1,906801,327,8017,229,3941,266,8171
14,9663982391357,Right,2,817569,1,015972,1,906597,327,8378,229,4073,266,9329
14,9800987243652,Right,2,817347,1,015837,1,906906,327,8452,229,3785,267,1041
14,9940414428711,Right,2,817276,1,015691,1,906876,327,8636,229,2998,267,3093
15,0082349777222,Right,2,817162,1,015162,1,906809,327,9979,229,1117,268,041
15,0218086242676,Right,2,817692,1,01504,1,907392,327,9778,228,5024,268,7338
15,035795211792,Right,2,817577,1,015277,1,907575,327,9695,228,4351,268,7759
15,0495195388794,Right,2,817617,1,015049,1,907783,327,9625,228,1515,268,9917
15,0635118484497,Right,2,817324,1,015339,1,907962,327,921,228,2566,268,6182
15,0775299072266,Right,2,817174,1,015102,1,907929,327,921,228,2566,268,6182
15,0912275314331,Right,2,816941,1,014934,1,90831,327,9983,228,3485,268,5518
15,1052770614624,Right,2,817023,1,014931,1,908632,327,99,228,4307,268,4537
15,1191139221191,Right,2,816918,1,015033,1,909216,327,9996,228,5589,268,0596
15,1328258514404,Right,2,816734,1,014731,1,909381,328,0194,228,6264,267,9047
15,1468544006348,Right,2,816561,1,014639,1,908323,328,0466,228,6173,267,9415
15,1607933044434,Right,2,815742,1,014549,1,9027,328,102,228,6385,267,7827
15,174524307251,Right,2,815637,1,014427,1,9,328,0964,228,6926,267,8766
15,1886568069458,Right,2,814909,1,014481,1,88746,328,0816,228,6765,267,9547
15,2024526596069,Right,2,814187,1,014289,1,872764,328,072,228,6059,268,0813
15,2165088653564,Right,2,813588,1,014267,1,859971,328,0659,228,599,268,0908
15,2302370071411,Right,2,81274,1,014119,1,838045,328,0476,228,601,267,9859
15,2439832687378,Right,2,812611,1,014022,1,827823,328,0546,228,598,268,0647
15,2580051422119,Right,2,812331,1,013896,1,798474,327,9901,228,4359,267,9052
15,2718963623047,Right,2,812273,1,013838,1,77128,328,0406,228,4689,267,6819
15,2857055664063,Right,2,812546,1,013786,1,75614,328,0603,228,5772,267,6317
15,2999258041382,Right,2,813747,1,013657,1,719003,328,0257,228,3511,267,8924
15,3134956359863,Right,2,814945,1,013773,1,691685,328,021,228,1418,268,2164
15,3274459838867,Right,2,815886,1,013885,1,670761,328,0149,228,1934,268,4292
15,3414239883423,Right,2,817487,1,014169,1,635467,328,0301,228,16,268,5323
15,3551921844482,Right,2,818309,1,014346,1,621109,328,0278,228,0321,268,5038
15,3692264556885,Right,2,820395,1,014725,1,579973,327,9591,227,8412,268,5632
15,3830537796021,Right,2,822335,1,015112,1,547637,327,9084,227,5278,268,7697
15,3968334197998,Right,2,823498,1,015512,1,52696,327,8695,227,4365,268,6942
15,4110288619995,Right,2,826202,1,016695,1,485704,327,8246,227,6284,268,5906
15,4246377944946,Right,2,827102,1,016864,1,471631,327,7485,227,6772,268,5883
15,4387798309326,Right,2,829972,1,017529,1,426255,327,7706,227,8888,268,5918
15,4527721405029,Right,2,832953,1,018319,1,390366,327,6876,227,7797,268,9384
15,4664039611816,Right,2,834413,1,018638,1,370471,327,5796,227,4936,269,0802
15,480339050293,Right,2,837686,1,019175,1,326819,327,4255,226,9517,269,4642
15,4942770004272,Right,2,838495,1,019619,1,313088,327,3515,226,8633,269,3661
15,5081377029419,Right,2,841677,1,029615,1,26832,327,2279,226,6426,269,3438
15,5221452713013,Right,2,843317,1,039797,1,229819,327,159,226,8198,269,0983
15,5357980728149,Right,2,844037,1,040673,1,211621,327,1002,226,8804,269,1039
15,5497665405273,Right,2,845681,1,046297,1,166307,327,0165,227,0493,268,5247
15,5637159347534,Right,2,846476,1,04614,1,133074,326,9091,226,974,268,3555
15,5775175094604,Right,2,846695,1,045916,1,10904,326,9246,226,7707,268,4702
15,5914831161499,Right,2,846399,1,045653,1,068467,326,9557,226,6155,268,8041
15,6053857803345,Right,2,837379,1,045506,1,050059,327,0448,226,4106,269,1807
15,6192712783813,Right,2,828329,1,045251,1,004005,327,031,226,4871,269,7271
15,6331815719604,Right,2,817945,1,045253,0,9688356,327,0289,226,183,269,8998
15,6473731994629,Right,2,804284,1,045089,0,9460846,327,021,226,0566,270,0715
15,660834312439,Right,2,783018,1,04504,0,9097356,327,0198,226,0201,270,1284
15,6747436523438,Right,2,773357,1,044891,0,8958477,327,0197,226,0128,270,1346
15,6889171600342,Right,2,743815,1,044635,0,856968,327,0323,225,9476,270,2069
15,7025108337402,Right,2,719306,1,044375,0,8289395,327,0562,225,8619,270,2812
15,7164993286133,Right,2,702484,1,044412,0,813641,327,0579,225,8775,270,0406
15,730541229248,Right,2,669631,1,044317,0,7809526,327,0591,225,8809,269,5562
15,744345664978,Right,2,658927,1,044087,0,771176,327,1154,225,6838,269,6101
15,7582206726074,Right,2,623723,1,044055,0,7387896,327,1199,225,366,269,6035
15,7721099853516,Right,2,592894,1,044051,0,7115326,327,2908,225,3581,269,8876
15,7860269546509,Right,2,576448,1,044091,0,6980346,327,3173,225,604,270,1409
15,7997741699219,Right,2,541506,1,044174,0,6697364,327,5725,225,8164,270,5737
15,8138065338135,Right,2,512815,1,044036,0,6493635,328,5307,226,3292,270,6497
15,8278474807739,Right,2,496029,1,043271,0,6398582,329,6336,227,219,270,3271
15,8415060043335,Right,2,47795,1,041025,0,6294395,331,3676,228,8276,270,9724
15,8556308746338,Right,2,47149,1,040176,0,626179,332,01,230,0228,271,7886
15,8695001602173,Right,2,464139,1,037679,0,6237562,333,4267,231,739,273,8075
15,8831224441528,Right,2,461397,1,037504,0,6242429,334,0713,233,1042,275,4074
15,8973894119263,Right,2,461869,1,039097,0,6273282,333,5429,233,1349,275,0457
15,9111089706421,Right,2,461469,1,041555,0,6289302,333,42,234,2848,273,4148
15,9249677658081,Right,2,46604,1,042857,0,631101,332,5098,231,5555,272,3177
15,9388065338135,Right,2,468112,1,045988,0,6337436,331,4028,230,3064,270,6678
15,9525136947632,Right,2,469508,1,045909,0,6338136,331,1193,229,5204,270,8965
15,9668598175049,Right,2,469728,1,045322,0,6332996,331,1699,229,3862,271,3558
15,9806184768677,Right,2,470317,1,04465,0,6334138,331,0952,229,2203,272,1673
15,9942827224731,Right,2,470504,1,044857,0,6343429,331,0059,229,2207,272,2745
16,0083084106445,Right,2,471263,1,045252,0,6372252,330,5349,229,3718,272,8184
16,0221576690674,Right,2,471808,1,045311,0,6403618,330,0679,229,618,273,0129
16,0360298156738,Right,2,471668,1,045153,0,6412587,330,0526,229,7172,272,8211
16,0501384735107,Right,2,471189,1,044475,0,6434146,330,029,229,9957,272,4152
16,0637340545654,Right,2,471103,1,043964,0,6441107,330,0219,230,0415,272,3762
16,0778846740723,Right,2,470562,1,042771,0,6467502,329,9607,230,2244,272,252
16,0917930603027,Right,2,470047,1,041356,0,6495011,329,8858,230,447,272,1641
16,1054725646973,Right,2,469747,1,040817,0,6503216,329,9234,230,525,272,1056
16,1195945739746,Right,2,469497,1,040136,0,6512993,329,9535,230,6115,272,0432
16,1338214874268,Right,2,46788,1,036936,0,6552714,330,1969,230,9198,271,9073
16,1471481323242,Right,2,466517,1,036256,0,6592684,330,2531,230,9936,271,8251
16,1612129211426,Right,2,460085,1,030436,0,6800508,330,5168,231,8768,271,1955
16,1750087738037,Right,2,458402,1,029207,0,6879697,330,5897,232,0151,271,0703
16,1889476776123,Right,2,450324,1,025296,0,71859,330,8507,232,448,270,6678
16,2028732299805,Right,2,44199,1,021077,0,7516819,331,0771,232,6931,270,4854
16,2165584564209,Right,2,433451,1,018223,0,7761468,331,2406,232,7444,270,4256
16,2305469512939,Right,2,419864,1,012516,0,8227918,331,608,232,855,270,3108
16,2444267272949,Right,2,413144,1,010114,0,8377193,331,7971,232,9255,270,283
16,2583293914795,Right,2,397395,1,004118,0,8871589,332,2529,233,1004,270,1843
16,2723579406738,Right,2,384279,0,9990175,0,9288092,332,6132,233,1438,270,1056
16,2861423492432,Right,2,377207,0,9952955,0,950213,332,8963,233,157,269,9479
16,3000583648682,Right,2,361038,0,9881456,0,999634,333,3976,233,5141,269,6539
16,313928604126,Right,2,357456,0,9862383,1,013902,333,5199,233,6102,269,5993
16,3275718688965,Right,2,34253,0,9789979,1,062303,334,0364,234,1175,269,4109
16,3416576385498,Right,2,330017,0,972137,1,107683,334,6031,234,5271,269,246
16,3557186126709,Right,2,324449,0,9684988,1,128523,334,9854,234,7058,269,1944
16,3692989349365,Right,2,312714,0,9607211,1,176957,335,7383,235,0248,269,1305
16,3835773468018,Right,2,306503,0,9545244,1,217129,336,3717,235,2377,269,089
16,3972759246826,Right,2,30424,0,9498075,1,242919,337,0072,235,3052,269,0145
16,4110622406006,Right,2,299539,0,9424551,1,28952,337,8601,235,5057,268,8556
16,4250335693359,Right,2,300121,0,9392676,1,308143,338,2517,235,4719,268,8633
16,4388179779053,Right,2,298454,0,9315411,1,357625,339,2903,235,4727,268,7015
16,4529113769531,Right,2,298383,0,9253867,1,398762,340,0986,235,4944,268,3878
16,4667339324951,Right,2,298739,0,9197614,1,422789,340,6035,235,3483,268,295
16,4805545806885,Right,2,29976,0,9095938,1,471001,341,396,235,3569,268,0343
16,4944877624512,Right,2,300255,0,9035631,1,487763,341,6945,235,4206,267,8882
16,5084056854248,Right,2,305261,0,8886188,1,538441,342,5489,235,7965,267,301
16,5222110748291,Right,2,313489,0,8764063,1,579866,343,2831,236,2943,266,6735
16,5361824035645,Right,2,318667,0,8759575,1,602296,343,6968,236,5485,266,3643
16,5498447418213,Right,2,331803,0,8682296,1,6497,344,5944,237,087,265,6879
16,5639305114746,Right,2,343829,0,8641676,1,685029,345,296,237,4375,265,1444
16,5780620574951,Right,2,353517,0,8619384,1,713223,345,6481,237,8824,264,5432
16,5915470123291,Right,2,367527,0,8583446,1,753097,346,1688,238,3188,263,9231
16,6055793762207,Right,2,374843,0,8565483,1,772766,346,4096,238,4513,263,7029
16,6197643280029,Right,2,393023,0,8530278,1,820658,346,9411,238,7876,263,2094
16,6333122253418,Right,2,40595,0,8505287,1,853997,347,2501,239,0214,262,9692
16,6474304199219,Right,2,416647,0,8491451,1,878782,347,4082,239,0778,263,0018
16,6611404418945,Right,2,433986,0,8465504,1,918781,347,7491,239,2267,262,9946
16,6751232147217,Right,2,441431,0,8458927,1,935577,347,8065,239,2886,263,0806
16,6889343261719,Right,2,462838,0,8438228,1,978491,348,069,239,424,263,0765
16,7026309967041,Right,2,484631,0,8423021,2,009947,348,2786,239,379,262,9694
16,7167224884033,Right,2,498927,0,8419042,2,029249,348,3677,239,2041,262,8471
16,7305374145508,Right,2,53232,0,8407544,2,058302,348,5201,239,0257,262,6759
16,7443008422852,Right,2,537909,0,8405247,2,051659,348,5146,238,973,262,6796
16,7582206726074,Right,2,554063,0,8402573,2,063169,348,5069,238,9064,262,7645
16,7720642089844,Right,2,562602,0,840917,2,06507,348,3754,238,9346,262,923
16,7860774993896,Right,2,560827,0,8411638,2,064418,348,3289,238,9698,262,9835
16,8000984191895,Right,2,562602,0,8413115,2,064836,348,2905,239,0367,263,0348
16,8138198852539,Right,2,562529,0,8412038,2,064833,348,3103,239,058,263,0186
16,8279571533203,Right,2,562153,0,8405715,2,064548,348,4193,239,1488,262,9685
16,8418045043945,Right,2,562112,0,8402718,2,064357,348,4661,239,1774,262,9572
16,8556137084961,Right,2,562213,0,8401088,2,064196,348,499,239,1755,262,9779
16,8695774078369,Right,2,562398,0,8397268,2,063779,348,5777,239,1719,263,0347
16,8833694458008,Right,2,562716,0,8392176,2,063081,348,6892,239,1281,263,1534
16,8971786499023,Right,2,563044,0,8389448,2,062525,348,7538,239,0459,263,2419
16,9109535217285,Right,2,563833,0,8386599,2,061495,348,7919,238,8623,263,4074
16,9250297546387,Right,2,564517,0,8387197,2,060809,348,7579,238,7219,263,5204
16,9389553070068,Right,2,565756,0,8386745,2,059824,348,7075,238,517,263,6821
16,9527759552002,Right,2,567168,0,83878,2,058661,348,6624,238,2622,263,8786
16,9666843414307,Right,2,567737,0,8387985,2,058154,348,6376,238,1483,263,9744
16,9804363250732,Right,2,568848,0,8387226,2,057255,348,6086,237,9466,264,1347
16,9943466186523,Right,2,569271,0,8386902,2,056886,348,5932,237,8724,264,2293
17,0082912445068,Right,2,570568,0,8385308,2,055981,348,5505,237,7133,264,4662
17,0220069885254,Right,2,571456,0,8384141,2,055456,348,535,237,6347,264,6031
17,0362300872803,Right,2,571793,0,8383541,2,055256,348,5355,237,5933,264,6432
17,0501308441162,Right,2,572294,0,8381038,2,054904,348,5358,237,5683,264,6673
17,0641841888428,Right,2,572391,0,838022,2,054836,348,5492,237,5425,264,6718
17,0777206420898,Right,2,572509,0,8379134,2,054735,348,5677,237,5069,264,6782
17,0917091369629,Right,2,572504,0,8379148,2,054734,348,5677,237,5069,264,6782
17,1054821014404,Right,2,572715,0,8376819,2,054533,348,6041,237,4639,264,6668
17,1194839477539,Right,2,565887,0,8359467,2,045686,348,8255,237,2402,264,6482
17,1330089569092,Right,2,558666,0,8354146,2,038094,348,8816,237,1982,264,6386
17,1471214294434,Right,2,546027,0,8348677,2,023658,348,9374,237,1705,264,6165
17,1611232757568,Right,2,529512,0,8342314,2,004902,349,0034,237,1452,264,6042
17,1748790740967,Right,2,522147,0,8338392,1,993099,349,0436,237,1352,264,5833
17,1889114379883,Right,2,501677,0,8326778,1,965697,349,1699,237,0837,264,5468
17,2025756835938,Right,2,485669,0,8314001,1,939549,349,3243,237,0393,264,5208
17,2166690826416,Right,2,475944,0,8305822,1,922565,349,4231,236,9892,264,5259
17,2303905487061,Right,2,457133,0,8303458,1,890791,349,4505,236,9788,264,5251
17,2441787719727,Right,2,451589,0,8298459,1,878571,349,5052,236,9469,264,5358
17,2581787109375,Right,2,431655,0,8269227,1,840516,349,8203,236,8341,264,4717
17,2721481323242,Right,2,414932,0,8256324,1,807846,349,9559,236,8079,264,4211
17,286018371582,Right,2,405856,0,8248291,1,790755,350,0569,236,7728,264,3987
17,3002662658691,Right,2,385395,0,8231256,1,750598,350,2841,236,6962,264,3548
17,3137035369873,Right,2,379802,0,8226714,1,740853,350,3347,236,6551,264,3651
17,3276710510254,Right,2,355567,0,8210021,1,699718,350,5521,236,4506,264,4324
17,341609954834,Right,2,333275,0,8203997,1,664606,350,6362,236,3568,264,4615
17,3553791046143,Right,2,323278,0,8201413,1,649541,350,6637,236,2967,264,498
17,3693771362305,Right,2,295874,0,8194715,1,609815,350,6868,236,1431,264,5827
17,3835525512695,Right,2,273755,0,8191661,1,580195,350,6707,236,062,264,6355
17,3970108032227,Right,2,259378,0,8189957,1,563194,350,6653,236,0171,264,6769
17,4110145568848,Right,2,230429,0,8190469,1,529714,350,6629,235,9981,264,6944
17,4248657226563,Right,2,218698,0,8191869,1,518679,350,6365,236,0489,264,6769
17,4387016296387,Right,2,186136,0,8192128,1,485955,350,6142,236,1435,264,6359
17,4527721405029,Right,2,158166,0,8186216,1,460261,350,6587,236,2521,264,5959
17,4664001464844,Right,2,141971,0,8182119,1,447635,350,7115,236,3933,264,5788
17,4804782867432,Right,2,106406,0,8173718,1,421608,350,8565,236,869,264,5747
17,4945201873779,Right,2,093534,0,8172377,1,414971,350,9048,237,227,264,6624
17,508171081543,Right,2,058618,0,8171874,1,395231,350,9402,237,6888,264,7756
17,5221843719482,Right,2,027897,0,8180183,1,386012,350,8386,238,3627,264,9404
17,5362014770508,Right,2,011821,0,818818,1,382577,350,7155,238,7766,265,0627
17,5498046875,Right,1,974539,0,82051,1,382773,350,4404,239,6072,265,3242
17,5638961791992,Right,1,942565,0,8216408,1,388151,350,2454,240,1445,265,4854
17,5775718688965,Right,1,917806,0,8226082,1,395748,350,1155,240,5741,265,5806
17,5914897918701,Right,1,877341,0,8240281,1,406405,349,9343,241,1773,265,7281
17,6054801940918,Right,1,858391,0,8247386,1,413882,349,8798,241,394,265,7262
17,6191253662109,Right,1,813639,0,8261846,1,429273,349,8082,241,9289,265,7137
17,6332092285156,Right,1,777074,0,8270162,1,442751,349,8725,242,2896,265,733
17,6471042633057,Right,1,753618,0,827416,1,452526,349,95,242,5302,265,8608
17,6606864929199,Right,1,711654,0,8282869,1,470436,350,0172,242,9666,266,2798
17,6747188568115,Right,1,695441,0,8287757,1,477699,350,0027,243,1562,266,5691
17,6884326934814,Right,1,651217,0,8301983,1,498039,349,8843,243,7532,267,2395
17,7024078369141,Right,1,613588,0,8322078,1,516495,349,5726,244,334,267,835
17,7164058685303,Right,1,592568,0,8338028,1,526868,349,2676,244,6877,268,1118
17,7299327850342,Right,1,549818,0,8366451,1,547932,348,7973,245,4203,268,7107
17,7438411712646,Right,1,517883,0,839274,1,563545,348,3977,246,014,269,2685
17,7576465606689,Right,1,493708,0,8410479,1,574882,348,124,246,4161,269,7297
17,7713680267334,Right,1,454951,0,8443512,1,592939,347,6856,246,9595,270,5136
17,7852478027344,Right,1,438168,0,8460893,1,600402,347,4547,247,1144,270,8683
17,7990131378174,Right,1,395367,0,8621911,1,619356,346,8444,247,5547,271,6584
17,813009262085,Right,1,360502,0,8784886,1,634135,346,1495,248,0961,272,5348
17,8269882202148,Right,1,339047,0,8794292,1,64318,345,6693,248,5348,273,3369
17,8406314849854,Right,1,301333,0,8885217,1,659542,344,6461,249,4544,274,91
17,8544063568115,Right,1,288258,0,8914538,1,665027,344,1768,249,8543,275,5049
17,8682460784912,Right,1,254231,0,8991519,1,677811,343,0138,250,9143,276,7019
17,8823299407959,Right,1,231392,0,9062122,1,684745,342,1147,251,7386,277,4734
17,89621925354,Right,1,220899,0,9104332,1,686239,341,6063,252,1305,277,5362
17,9099578857422,Right,1,197424,0,9200026,1,690813,340,4903,252,89,277,6553
17,9237422943115,Right,1,180361,0,9274189,1,692665,339,6637,253,4466,277,5509
17,9378204345703,Right,1,166379,0,9335092,1,692103,338,9557,253,7848,277,3307
17,9517517089844,Right,1,145263,0,9423642,1,692031,337,9521,254,3116,277,2343
17,9655437469482,Right,1,134535,0,9465685,1,688938,337,4867,254,5261,277,2537
17,979434967041,Right,1,107893,0,956677,1,681288,336,1663,255,1464,277,7024
17,993522644043,Right,1,086806,0,9640122,1,67332,335,1998,255,5473,278,0431
18,0073795318604,Right,1,071477,0,9689079,1,665391,334,5677,255,7716,278,1618
18,0209217071533,Right,1,045669,0,9837326,1,650671,333,5153,255,8781,278,2599
18,0349102020264,Right,1,034538,1,028424,1,643092,333,3566,255,7099,278,2125
18,0489501953125,Right,1,003762,1,047072,1,622106,333,0165,255,3344,278,2215
18,0627021789551,Right,0,9802681,1,057874,1,602126,333,6408,254,4896,278,6274
18,0766429901123,Right,0,9712194,1,055312,1,591289,334,2781,253,6803,279,9445
18,0905685424805,Right,0,9485788,1,055228,1,566781,335,4056,251,7632,283,5324
18,1043720245361,Right,0,9505376,1,055279,1,567675,335,5079,251,3669,284,5448
18,11842918396,Right,0,9392309,1,05347,1,553123,335,9624,249,7105,288,4836
18,1324234008789,Right,0,9330304,1,053786,1,547536,336,1496,248,9167,289,7459
18,1460266113281,Right,0,9297138,1,054922,1,546165,336,2023,248,9596,289,5247
18,1602516174316,Right,0,9199158,1,054846,1,543829,336,252,250,0746,288,3977
18,1737728118896,Right,0,917741,1,054128,1,543133,336,3629,250,4241,288,4401
18,1877765655518,Right,0,9068351,1,051404,1,540264,337,0641,252,0278,289,3402
18,2017211914063,Right,0,8974879,1,045396,1,537296,337,951,253,5846,292,4851
18,2154808044434,Right,0,8942999,1,042235,1,535655,338,5143,253,9415,294,842
18,2296714782715,Right,0,8846847,1,029393,1,530612,340,9739,254,4875,301,4784
18,2430477142334,Right,0,8780686,1,023501,1,526562,343,5536,254,6564,305,8484
18,2571411132813,Right,0,8722188,1,012977,1,522867,346,3215,254,7462,309,7954
18,2710819244385,Right,0,8651069,1,000679,1,519467,349,5762,255,0921,315,2676
18,2846412658691,Right,0,863813,1,000871,1,518999,349,827,255,152,316,0342
18,2986755371094,Right,0,8616061,1,000008,1,522614,349,2905,255,5914,314,9943
18,3127632141113,Right,0,8596572,1,003274,1,52719,347,9659,256,7422,312,2938
18,3263854980469,Right,0,8597149,1,002918,1,529269,347,7032,257,243,311,9992
18,3403491973877,Right,0,8587127,1,003284,1,532892,346,5528,258,0412,311,2702
18,3541564941406,Right,0,8585582,1,002039,1,533274,346,5645,258,0953,311,581
18,3680515289307,Right,0,8566198,0,9978979,1,533958,346,5654,258,0283,312,6795
18,3820991516113,Right,0,853888,0,9913007,1,53275,347,4684,257,4715,314,0736
18,3956928253174,Right,0,8520331,0,987418,1,531736,348,3095,257,1544,314,7141
18,4095993041992,Right,0,8478971,0,9754239,1,528657,350,7724,256,0235,316,1901
18,4237747192383,Right,0,8439025,0,9664137,1,525571,352,6627,255,1003,317,1702
18,437328338623,Right,0,8407093,0,9602633,1,52358,353,6634,254,6393,317,7271
18,451208114624,Right,0,8352497,0,9512122,1,520192,354,7427,253,8891,318,1719
18,4651336669922,Right,0,8324894,0,9484296,1,518957,354,9285,253,7289,318,1052
18,478889465332,Right,0,8251888,0,9407979,1,516939,355,0049,253,8192,317,7804
18,4929447174072,Right,0,8188956,0,9324065,1,517139,355,4049,254,6411,318,8991
18,5066184997559,Right,0,8160992,0,927689,1,516958,355,7776,254,8175,319,7625
18,5206127166748,Right,0,8102622,0,9183069,1,517636,356,2174,255,4977,322,5205
18,5345077514648,Right,0,8090756,0,9172744,1,517772,356,1642,255,7325,323,3767
18,5482425689697,Right,0,8055342,0,9121113,1,518313,356,1888,255,8705,324,4049
18,5624694824219,Right,0,8033496,0,9089937,1,517638,356,5014,255,6535,324,3385
18,5763721466064,Right,0,8025367,0,9075732,1,516947,356,6365,255,3008,323,9067
18,5898284912109,Right,0,8018659,0,9066624,1,514471,356,7896,254,2233,322,236
18,6039199829102,Right,0,7999187,0,9043595,1,513045,357,0897,253,5997,321,1259
18,6175765991211,Right,0,7960796,0,9028178,1,509197,357,4623,253,1074,320,1302
18,6316375732422,Right,0,7905493,0,8979357,1,505148,358,1335,252,6329,319,4962
18,6455135345459,Right,0,7875924,0,8965123,1,503192,357,6071,252,5475,319,2212
18,6592693328857,Right,0,7818918,0,88956,1,499651,356,2162,252,4369,318,9843
18,6734638214111,Right,0,7784826,0,8802565,1,499253,0,4078511,252,6022,323,6088
18,6872501373291,Right,0,7783874,0,8796084,1,500169,1,014816,253,0317,325,0627
18,7015495300293,Right,0,7783001,0,8796394,1,501241,1,121939,253,7076,326,0015
18,7150859832764,Right,0,7799541,0,8805019,1,501212,1,519176,253,429,325,3613
18,7288722991943,Right,0,7802858,0,8778701,1,50178,2,049085,253,2375,325,4877
18,7426776885986,Right,0,7870632,0,882068,1,50271,3,373456,252,7395,323,7368
18,7567558288574,Right,0,7910183,0,8820509,1,503465,3,925055,252,104,324,0988
18,7703628540039,Right,0,7978677,0,8818939,1,504488,5,326508,250,6833,325,8717
18,78444480896,Right,0,8021579,0,883139,1,504534,7,391393,249,6093,327,4746
18,7984008789063,Right,0,8089132,0,8818122,1,505684,10,57081,247,714,329,5721
18,8123188018799,Right,0,8156362,0,8820512,1,506264,14,39144,247,524,333,0599
18,8261451721191,Right,0,8189829,0,8825307,1,506483,15,74392,247,9368,334,6909
18,840051651001,Right,0,8287455,0,8823225,1,508784,17,74911,248,2842,337,5637
18,8537578582764,Right,0,8316165,0,8827569,1,508695,18,31431,248,216,338,1367
18,8678646087646,Right,0,8448822,0,8802577,1,512751,22,88271,247,0743,340,5868
18,8816242218018,Right,0,853881,0,8811439,1,515744,26,66481,246,0868,341,8309
18,895414352417,Right,0,8570289,0,8844775,1,516625,27,79618,245,3755,342,1237
18,9097156524658,Right,0,8602806,0,9032995,1,516777,26,16081,243,91,342,6294
18,9232807159424,Right,0,8568549,0,9273991,1,515224,19,79521,243,8778,340,1091
18,9372596740723,Right,0,8514146,0,955748,1,514354,11,90158,244,6326,337,4873
18,9512023925781,Right,0,8437119,1,018705,1,514643,355,2654,248,0293,327,6915
18,9648342132568,Right,0,8437737,1,041613,1,517597,349,2021,249,9843,322,8719
18,9788265228271,Right,0,8467374,1,120128,1,536082,331,9983,260,8681,304,3011
18,9927139282227,Right,0,8635986,1,1775,1,567356,319,6327,277,5859,279,771
19,0067710876465,Right,0,8720821,1,199022,1,581856,316,8066,287,665,265,0126
19,0205593109131,Right,0,9105468,1,225938,1,612651,308,4503,301,2703,251,0457
19,0347118377686,Right,0,9149225,1,228365,1,610847,305,1191,304,3827,250,7614
19,0483245849609,Right,0,9392174,1,21831,1,592667,298,7435,278,4584,279,3369
19,062479019165,Right,0,9443085,1,221084,1,58581,301,8917,263,548,291,7184
19,0758285522461,Right,0,9403379,1,214551,1,578038,307,6447,257,3198,294,0077
19,0898609161377,Right,0,9446092,1,21516,1,570786,312,8239,250,7055,294,3045
19,1036510467529,Right,0,9425807,1,20868,1,560016,317,5004,245,5731,295,4381
19,1176853179932,Right,0,9427497,1,205686,1,554914,318,6866,243,6523,297,3418
19,1317977905273,Right,0,9409803,1,200375,1,547933,319,7473,242,7056,302,2217
19,1457252502441,Right,0,9365079,1,193807,1,54421,319,9648,243,811,307,5396
19,1595497131348,Right,0,9320502,1,18468,1,538143,320,5203,244,4292,315,6809
19,1734104156494,Right,0,9278034,1,175333,1,533911,322,0047,245,7261,320,5298
19,1870079040527,Right,0,9260467,1,168377,1,531325,323,3848,245,996,321,4926
19,2011394500732,Right,0,9242918,1,157428,1,527206,325,9584,245,5971,321,5419
19,2148151397705,Right,0,9240843,1,154186,1,525607,326,8697,245,1764,321,2094
19,2288284301758,Right,0,9257296,1,142286,1,522282,329,0474,243,7718,318,9619
19,2428913116455,Right,0,9264337,1,132257,1,518626,330,9143,242,3331,318,1619
19,2565231323242,Right,0,9273709,1,126427,1,516318,331,5624,241,6355,318,0355
19,2705860137939,Right,0,930604,1,113694,1,511196,333,3983,239,9574,318,2268
19,284200668335,Right,0,9311063,1,108146,1,509028,334,2264,239,3902,318,6926
19,2982578277588,Right,0,9334568,1,093414,1,504324,336,48,238,0948,319,7097
19,3123378753662,Right,0,9360334,1,081725,1,500226,337,9889,237,0793,321,2676
19,3260116577148,Right,0,937759,1,075936,1,497712,338,4947,236,5423,322,1194
19,3400287628174,Right,0,9422008,1,062366,1,492405,340,0487,235,2379,323,2513
19,3538341522217,Right,0,9429619,1,059124,1,490487,340,5968,234,8428,323,3917
19,3677635192871,Right,0,9490268,1,045166,1,485422,342,7585,233,1856,323,6723
19,381929397583,Right,0,9547455,1,034353,1,480803,344,4164,231,4465,323,7457
19,3953590393066,Right,0,956869,1,030675,1,478978,344,9403,230,9367,323,5463
19,4093627929688,Right,0,9636534,1,02014,1,475172,346,4034,229,4887,322,8455
19,4234600067139,Right,0,9680043,1,014629,1,472588,347,0218,228,876,321,2747
19,4371948242188,Right,0,9706514,1,010768,1,471163,347,4603,228,6829,320,2465
19,4511814117432,Right,0,9750462,1,006334,1,469291,347,6974,229,0021,317,8922
19,4653015136719,Right,0,9769785,1,003243,1,468654,347,7077,229,0784,317,2444
19,4788589477539,Right,0,9828482,0,9961657,1,466177,348,251,228,8183,316,1787
19,4928150177002,Right,0,9878114,0,9894013,1,463687,349,0743,228,3257,315,7284
19,5068683624268,Right,0,9911861,0,9849952,1,461979,349,711,227,8565,315,6224
19,5204219818115,Right,0,9977193,0,9767897,1,458623,350,8135,226,8882,315,4557
19,5343704223633,Right,0,9994503,0,9740828,1,457126,351,1305,226,5434,315,4064
19,5481014251709,Right,1,006949,0,966363,1,453399,351,8334,225,2675,315,8734
19,56227684021,Right,1,011998,0,9609848,1,450369,352,6157,224,4968,315,6924
19,5761470794678,Right,1,014137,0,9592409,1,449915,352,6225,224,3226,315,7333
19,5899391174316,Right,1,01958,0,953725,1,448128,353,0439,223,6854,315,532
19,6040782928467,Right,1,022495,0,9497384,1,44713,353,9811,223,1827,314,7584
19,6177501678467,Right,1,022088,0,9483124,1,44795,353,7486,223,8301,314,9968
19,6314525604248,Right,1,024845,0,944461,1,447721,353,9356,223,8547,314,9983
19,6455173492432,Right,1,025108,0,943503,1,448236,353,916,223,8599,315,1785
19,659200668335,Right,1,025975,0,9407541,1,44926,354,1237,223,9942,315,1534
19,6731872558594,Right,1,026488,0,9384144,1,450329,354,3701,224,1144,315,1054
19,6872634887695,Right,1,026335,0,937208,1,451319,354,5018,224,1031,315,1699
19,7011337280273,Right,1,025608,0,9351905,1,453052,354,783,224,2364,315,2328
19,7148780822754,Right,1,025431,0,934371,1,453693,354,9079,224,2849,315,2695
19,7288703918457,Right,1,02303,0,9330308,1,456589,355,2406,224,546,315,4507
19,7425594329834,Right,1,021044,0,9321502,1,459011,355,4286,224,9218,315,4906
19,7566242218018,Right,1,019043,0,9321823,1,461017,355,4553,225,2923,315,4607
19,7704563140869,Right,1,015559,0,9318482,1,464354,355,412,225,9649,315,5013
19,7842979431152,Right,1,0146,0,9320393,1,4656,355,308,226,1628,315,5222
19,7982616424561,Right,1,011108,0,9323679,1,468922,355,0721,226,8017,315,5551
19,8121929168701,Right,1,008388,0,9330449,1,472406,355,0099,227,4374,315,345
19,8263034820557,Right,1,007192,0,9334208,1,474303,354,9757,227,6879,315,1858
19,8399829864502,Right,1,004921,0,9340293,1,477751,354,8676,228,0809,315,1061
19,8538055419922,Right,1,003654,0,934388,1,479812,354,709,228,3195,315,1909
19,8677711486816,Right,1,002748,0,9348509,1,481249,354,5958,228,4861,315,2273
19,8816108703613,Right,1,00164,0,9358528,1,483515,354,5761,228,784,314,9685
19,8953342437744,Right,1,001558,0,9363146,1,484664,354,5567,228,8786,314,8749
19,9095363616943,Right,1,001208,0,9377515,1,487318,354,404,229,0591,314,6775
19,9232501983643,Right,1,001576,0,9391617,1,488525,354,1055,229,0702,314,5064
19,9371662139893,Right,1,001782,0,9400168,1,489146,353,8901,229,0954,314,3768
19,9511203765869,Right,1,002333,0,9415243,1,49016,353,4937,229,1051,314,2289
19,9649219512939,Right,1,003072,0,9423875,1,490284,353,239,229,0575,314,1187
19,9788227081299,Right,1,005195,0,9450978,1,490947,352,5138,228,9349,313,6412
19,992748260498,Right,1,006593,0,946802,1,4916,352,0036,228,9367,313,2182
20,0065460205078,Right,1,007529,0,9475833,1,491615,351,7278,228,9316,312,9013
20,0206699371338,Right,1,009597,0,949064,1,491613,351,2221,228,8448,312,28
20,0346126556396,Right,1,010787,0,9490247,1,49124,351,0845,228,6944,312,0252
20,0482273101807,Right,1,013817,0,9496711,1,490675,350,7118,228,3048,311,4647
20,0623226165771,Right,1,016903,0,9490848,1,489843,350,6454,227,8135,310,9672
20,0759677886963,Right,1,018157,0,9488677,1,489464,350,5072,227,6213,310,7312
20,0899448394775,Right,1,020638,0,9518412,1,485363,350,2119,227,1038,310,0967
20,1037769317627,Right,1,021764,0,9610258,1,468683,349,979,226,823,309,5303
20,1175651550293,Right,1,02426,0,9669604,1,445649,349,7866,226,7006,309,0923
20,1318378448486,Right,1,028124,0,9693161,1,413923,349,5525,226,5481,308,447
20,1457328796387,Right,1,032252,0,9675508,1,391348,349,5868,226,5417,308,0031
20,159309387207,Right,1,039236,0,9630918,1,346588,349,6847,226,6381,307,1661
20,1732902526855,Right,1,047022,0,9565362,1,308363,349,749,226,627,306,7932
20,1871109008789,Right,1,05264,0,9494755,1,282491,349,7672,226,5238,306,9148
20,201078414917,Right,1,063217,0,9369451,1,235761,350,0684,226,3587,306,742
20,2149982452393,Right,1,06746,0,929453,1,217577,350,0995,226,35,306,7826
20,2290821075439,Right,1,079936,0,9107403,1,16585,350,2448,226,2333,306,7568
20,2427654266357,Right,1,089502,0,8936913,1,126746,350,4279,226,0697,306,6805
20,2566413879395,Right,1,095392,0,8811029,1,102446,350,5334,226,0278,306,6109
20,2707653045654,Right,1,10529,0,8559926,1,053592,350,7437,225,9682,306,4985
20,2844352722168,Right,1,106942,0,845888,1,038248,350,7875,226,0601,306,6686
20,2981300354004,Right,1,112782,0,8205824,0,9911245,350,7423,226,2503,307,1398
20,312219619751,Right,1,11804,0,8147681,0,9475075,350,7174,226,2888,307,6452
20,3261013031006,Right,1,116745,0,814441,0,9256675,350,5348,226,251,307,765
20,339864730835,Right,1,114586,0,8146234,0,8775439,350,2033,226,1324,307,7643
20,3538761138916,Right,1,111697,0,8140873,0,8403421,349,7858,225,8588,307,2079
20,3679656982422,Right,1,105469,0,8139988,0,8119301,349,6834,225,5783,306,4064
20,3816585540771,Right,1,094338,0,8139307,0,7715192,349,6797,225,2653,305,3891
20,3957118988037,Right,1,087747,0,8136534,0,7518554,349,7253,225,1107,305,0063
20,4093608856201,Right,1,071032,0,8131607,0,7079409,349,7136,224,7914,304,6324
20,4233283996582,Right,1,05587,0,8124788,0,6736476,349,6655,224,676,304,8504
20,437313079834,Right,1,044505,0,8118558,0,6504388,349,6825,224,6502,305,0653
20,4513320922852,Right,1,024071,0,8118689,0,6115248,349,7537,224,8459,305,6471
20,4651565551758,Right,1,015878,0,8118592,0,596076,349,8165,224,8638,305,7893
20,4790649414063,Right,0,9927582,0,8108495,0,5533985,350,007,224,819,306,0297
20,4926795959473,Right,0,9743408,0,8101634,0,5208382,350,0981,224,7771,306,1039
20,5069713592529,Right,0,9580419,0,8097422,0,5010126,350,1564,224,7544,306,102
20,5204753875732,Right,0,9294008,0,8086817,0,4676407,350,3202,224,6788,306,0601
20,5344734191895,Right,0,9179152,0,8081842,0,4557922,350,3928,224,646,306,0509
20,5487365722656,Right,0,8802992,0,8068736,0,4228429,350,5652,224,5486,306,0901
20,5621490478516,Right,0,8496802,0,8058656,0,4001291,350,6905,224,4694,306,1232
20,5762805938721,Right,0,8306613,0,8051057,0,3867953,350,8319,224,4386,306,0705
20,5903186798096,Right,0,7897093,0,80327,0,3612207,351,161,224,3621,305,9198
20,603853225708,Right,0,7782745,0,8027924,0,3555803,351,1431,224,4222,305,9725
20,6178207397461,Right,0,7352496,0,8024201,0,3311746,351,1192,224,4345,306,0369
20,632007598877,Right,0,6962744,0,8011679,0,3106172,351,1636,224,6646,306,1783
20,6455764770508,Right,0,6789284,0,8001637,0,3025432,351,2971,224,8747,306,2248
20,6595668792725,Right,0,6334301,0,7987966,0,2804565,351,4349,225,2141,306,3207
20,6732940673828,Right,0,6009141,0,7984604,0,2645915,351,4979,225,2752,306,3887
20,6875267028809,Right,0,5756136,0,7985437,0,254058,351,506,225,3317,306,276
20,7013607025146,Right,0,5356486,0,7982915,0,2369684,351,6225,225,3918,306,064
20,7151107788086,Right,0,519261,0,7982158,0,2302329,351,6273,225,427,305,9999
20,7290744781494,Right,0,4735839,0,7983196,0,2121055,351,6097,225,4945,305,8641
20,7431659698486,Right,0,4370266,0,7982734,0,1989326,351,623,225,5699,305,7603
20,7569160461426,Right,0,4147841,0,798214,0,1908186,351,628,225,5887,305,7523
20,7709293365479,Right,0,3717934,0,7982108,0,1748388,351,623,225,5699,305,7603
20,7844505310059,Right,0,3582905,0,7982109,0,1697973,351,623,225,5699,305,7603
20,7986621856689,Right,0,3097185,0,7981125,0,154124,351,6582,225,6502,305,7008
20,8127956390381,Right,0,2716991,0,7980484,0,1417541,351,6609,225,6641,305,6958
20,8262405395508,Right,0,252184,0,7980664,0,1355224,351,6479,225,6846,305,6739
20,8405590057373,Right,0,2054411,0,7980821,0,1202573,351,6322,225,7018,305,6405
20,8540782928467,Right,0,1935073,0,7981039,0,1160651,351,6275,225,7006,305,6338
20,8680839538574,Right,0,1464012,0,7983086,0,1002231,351,5608,225,7071,305,5391
20,8819408416748,Right,0,1076941,0,7985932,0,08663496,351,4712,225,7039,305,3533
20,8957195281982,Right,0,08924001,0,7985626,0,07985047,351,4501,225,6994,305,3052
20,9097862243652,Right,0,04343534,0,7986455,0,0619323,351,3975,225,6754,305,2225
20,9236488342285,Right,0,01119953,0,7985927,0,04752445,351,3966,225,6751,305,2213
20,9374332427979,Right,-0,01199865,0,7985892,0,03697327,351,3353,225,65,305,2086
20,9517765045166,Right,-0,05251157,0,7985567,0,01841038,351,2682,225,6237,305,1807
20,9651870727539,Right,-0,0672107,0,798527,0,01136324,351,2607,225,616,305,1594
20,9791889190674,Right,-0,1118375,0,7984059,-0,009886563,351,2457,225,579,305,1155
20,9930648803711,Right,-0,1454095,0,7983083,-0,02607945,351,2285,225,5452,305,1007
21,0068111419678,Right,-0,1661162,0,7982695,-0,03665334,351,2015,225,5086,305,1102
21,021032333374,Right,-0,207478,0,7983348,-0,05756614,351,1338,225,4422,305,0956
21,034725189209,Right,-0,2210772,0,7983877,-0,06495798,351,1082,225,423,305,0732
21,0484580993652,Right,-0,2630441,0,7985231,-0,0873895,351,0434,225,3649,305,0301
21,062671661377,Right,-0,2979728,0,7988493,-0,1076602,350,8978,225,2401,305,0164
21,0763397216797,Right,-0,3158807,0,7991336,-0,1187233,350,7981,225,1746,305,0054
21,0903663635254,Right,-0,3555934,0,8003484,-0,1442792,350,4577,224,9453,304,8988
21,104190826416,Right,-0,3673239,0,8003883,-0,1523618,350,4583,224,9205,304,8907
21,1180191040039,Right,-0,4052688,0,8016328,-0,1802665,350,1831,224,5806,304,8907
21,1320304870605,Right,-0,4369587,0,8030143,-0,2061615,349,8075,224,1689,305,0282
21,1458625793457,Right,-0,4511575,0,8038087,-0,2201235,349,5898,223,9526,305,094
21,1596412658691,Right,-0,4855946,0,8054077,-0,2518916,349,2192,223,5193,305,1651
21,1736259460449,Right,-0,5109422,0,8066913,-0,2773752,348,9823,223,1999,305,1228
21,1879253387451,Right,-0,5303304,0,8077395,-0,2982035,348,8196,222,9637,305,0097
21,2017116546631,Right,-0,5579551,0,8096324,-0,3293397,348,2023,222,6633,305,1798
21,2155227661133,Right,-0,5703384,0,8103433,-0,3443797,348,0947,222,4622,305,2132
21,2292728424072,Right,-0,6001165,0,8118162,-0,3814335,347,9295,221,8907,305,2214
21,2432823181152,Right,-0,6233634,0,8135328,-0,4116564,347,39,221,733,305,2706
21,2571334838867,Right,-0,6380146,0,8142123,-0,4320931,347,2771,221,3467,305,4146
21,2708129882813,Right,-0,664175,0,8154848,-0,4691967,347,074,220,7733,305,6941
21,2848052978516,Right,-0,6739288,0,8158797,-0,4842247,347,0806,220,554,305,7813
21,2988452911377,Right,-0,7010679,0,8168009,-0,5263461,347,1211,219,936,306,086
21,3126487731934,Right,-0,7217795,0,8175142,-0,5603274,347,0866,219,3551,306,5496
21,3265285491943,Right,-0,7341498,0,8180903,-0,5803049,347,037,219,0881,306,7033
21,3404541015625,Right,-0,7590898,0,8198365,-0,6215976,346,5896,218,6756,307,025
21,3543949127197,Right,-0,7672555,0,8203249,-0,6354567,346,5315,218,5506,307,0142
21,3683090209961,Right,-0,7922063,0,8219413,-0,6786059,346,2512,218,1801,307,0742
21,3820514678955,Right,-0,8122034,0,8230225,-0,7150571,346,0718,217,7714,307,1265
21,3960628509521,Right,-0,8225416,0,823285,-0,7348536,346,1101,217,5318,307,1821
21,4103507995605,Right,-0,8456745,0,823742,-0,7800638,346,2016,216,9363,307,4182
21,4239158630371,Right,-0,8508062,0,8240222,-0,791967,346,1825,216,7746,307,4897
21,43776512146,Right,-0,8723086,0,8251459,-0,8372566,345,8172,216,2195,307,8237
21,4517002105713,Right,-0,8900821,0,8270253,-0,8771913,345,2768,215,783,308,0221
21,4656620025635,Right,-0,8976375,0,8268186,-0,8965968,345,763,215,2241,307,91
21,4796981811523,Right,-0,91729,0,8285824,-0,943275,345,2983,215,101,307,7746
21,4933071136475,Right,-0,930161,0,8298035,-0,9771089,345,1796,214,8305,308,0437
21,5072078704834,Right,-0,9386263,0,830393,-1,001751,345,074,214,4839,308,149
21,5212078094482,Right,-0,9533434,0,8319413,-1,045305,344,8752,213,9772,308,364
21,5349807739258,Right,-0,9588455,0,8324808,-1,062087,344,8203,213,7566,308,4407
21,5490417480469,Right,-0,9736636,0,8343011,-1,110717,344,5949,213,0523,308,6867
21,562837600708,Right,-0,9846383,0,8498352,-1,148352,344,4171,212,5606,308,9206
21,5767574310303,Right,-0,9910703,0,8564477,-1,172098,344,4631,212,0973,308,9699
21,5906467437744,Right,-1,00307,0,8638857,-1,218066,344,1094,211,4896,309,3198
21,6044063568115,Right,-1,007015,0,864306,-1,233233,343,9987,211,2922,309,4575
21,6183815002441,Right,-1,01908,0,8671442,-1,282166,343,6351,210,5394,309,7798
21,632661819458,Right,-1,02828,0,8696381,-1,32394,343,2926,209,8012,309,9468
21,6461200714111,Right,-1,032537,0,8711472,-1,344401,343,1704,209,4088,310,067
21,6600761413574,Right,-1,042143,0,8735593,-1,394463,342,9251,208,4609,310,4017
21,6740169525146,Right,-1,044635,0,874437,-1,409481,342,853,208,1327,310,6077
21,6877384185791,Right,-1,052978,0,8771834,-1,458368,342,5244,207,2059,311,0658
21,7017803192139,Right,-1,059738,0,8797693,-1,50342,342,4646,206,12,311,2814
21,7156410217285,Right,-1,062527,0,8815472,-1,524062,342,1175,205,8232,311,6269
21,729434967041,Right,-1,067776,0,8854129,-1,574372,341,4955,204,9086,312,2569
21,7433261871338,Right,-1,068551,0,8885765,-1,614016,341,1152,203,8778,312,7349
21,757209777832,Right,-1,068654,0,8911184,-1,641146,340,7728,203,0964,312,9302
21,7711868286133,Right,-1,066701,0,8958207,-1,689529,340,1415,201,7376,313,2464
21,7854309082031,Right,-1,062842,0,8982691,-1,711508,339,8653,201,1183,313,2157
21,7988567352295,Right,-1,052282,0,9040108,-1,761376,339,2734,199,7693,313,2219
21,812931060791,Right,-1,041668,0,9081109,-1,805414,339,1264,198,5602,313,2837
21,8267269134521,Right,-1,035188,0,9108551,-1,831143,338,7433,198,1901,313,6326
21,8405475616455,Right,-1,020984,0,9159905,-1,881448,338,3161,197,0288,314,0358
21,854606628418,Right,-1,016424,0,9175417,-1,900164,338,2326,196,5307,314,2712
21,8683910369873,Right,-1,001109,0,9216943,-1,950275,338,0876,194,9395,314,8843
21,8826599121094,Right,-0,9901567,0,9249127,-1,982867,338,1691,193,7025,315,1548
21,8964214324951,Right,-0,9852759,0,9259872,-1,995245,338,217,192,988,315,4522
21,9099063873291,Right,-0,9757918,0,927391,-2,010547,338,6397,191,4115,316,2892
21,9240703582764,Right,-0,97006,0,9280337,-2,017515,339,1807,190,3846,317,0209
21,9379692077637,Right,-0,9654728,0,9279469,-2,022285,339,6876,189,6421,317,5845
21,9516754150391,Right,-0,9583618,0,9247025,-2,029853,341,3619,188,5303,319,1134
21,9656887054443,Right,-0,9549556,0,9230115,-2,033172,342,356,188,0438,319,7827
21,9797916412354,Right,-0,9461967,0,9177254,-2,040212,344,7137,186,7542,321,3258
21,9933376312256,Right,-0,9389062,0,9127694,-2,044825,346,2757,185,5822,322,992
22,0075435638428,Right,-0,9334537,0,908739,-2,046828,347,473,184,8361,323,4266
22,0213432312012,Right,-0,9255955,0,9043446,-2,052024,349,3114,183,7278,324,469
22,0351238250732,Right,-0,9240818,0,899208,-2,053849,351,4874,183,8564,324,5393
22,049186706543,Right,-0,9210192,0,8837094,-2,056767,357,2887,184,0693,324,9729
22,0629119873047,Right,-0,9189961,0,8713692,-2,057944,1,437809,183,826,326,9359
22,0771884918213,Right,-0,9180608,0,8631926,-2,057662,2,712609,183,4333,329,6858
22,0908832550049,Right,-0,9161685,0,8571962,-2,053389,3,591918,182,994,333,179
22,1045761108398,Right,-0,9152457,0,8599791,-2,051974,2,963754,182,6516,333,5508
22,1189308166504,Right,-0,9133431,0,8624216,-2,049267,1,933914,182,1937,332,7886
22,1325569152832,Right,-0,9157028,0,8681101,-2,046073,2,184242,182,6677,326,5907
22,1464328765869,Right,-0,9163423,0,8660648,-2,045602,1,189038,182,8544,326,7605
22,1604690551758,Right,-0,9176238,0,8636072,-2,043182,359,1682,182,8038,326,609
22,1740455627441,Right,-0,9182135,0,8627331,-2,042082,359,3802,183,0065,326,9728
22,1880550384521,Right,-0,9205871,0,8599253,-2,040075,359,1767,183,0572,328,4086
22,2021522521973,Right,-0,9227116,0,8584869,-2,037049,2,300106,183,5295,327,9813
22,2157878875732,Right,-0,9263623,0,8577017,-2,03745,2,432941,184,2356,327,9285
0,Plate grabbed,0,0,0,0,0,0
22,2298603057861,Right,-0,9331738,0,8567104,-2,035698,1,971403,185,8306,328,2246
22,2435417175293,Right,-0,9371066,0,8568236,-2,033827,0,8759184,186,2513,326,9842
22,2574710845947,Right,-0,941123,0,8582712,-2,03316,357,9931,187,356,325,4536
22,271369934082,Right,-0,9487123,0,8592213,-2,030774,352,665,190,4164,324,654
22,2851505279541,Right,-0,9508371,0,8595231,-2,028727,350,5003,191,8796,325,1439
22,2992076873779,Right,-0,9547926,0,8630274,-2,025546,347,2483,193,5773,323,2068
22,3130588531494,Right,-0,9570876,0,8660155,-2,021946,345,6718,192,9996,321,8575
22,3270263671875,Right,-0,9595592,0,8695675,-2,019765,344,6788,192,9921,320,863
22,34104347229,Right,-0,9642507,0,8746412,-2,016064,344,1568,193,5519,320,0252
22,3547039031982,Right,-0,9659104,0,8777423,-2,014095,343,3351,193,8746,319,6482
22,3685836791992,Right,-0,970291,0,8858562,-2,010249,343,1266,195,0133,317,7755
22,3825721740723,Right,-0,9734371,0,8875719,-2,006043,346,3411,194,5968,319,7417
22,3962860107422,Right,-0,975131,0,8907302,-2,005144,346,8893,195,1,321,6361
22,4104290008545,Right,-0,97616,0,8972143,-2,002412,346,2073,195,8404,319,1497
22,4241733551025,Right,-0,9767301,0,8981909,-2,001529,344,858,195,4988,317,3276
22,4380054473877,Right,-0,9766345,0,9022825,-1,99715,344,7058,195,1441,314,7606
22,4520683288574,Right,-0,9768149,0,9010452,-1,993835,347,1854,192,8688,318,9647
22,4658641815186,Right,-0,9767296,0,9045303,-1,992564,348,3487,192,3563,319,7331
22,4797382354736,Right,-0,9764686,0,9056321,-1,987356,351,3018,192,0562,320,2141
22,4935741424561,Right,-0,9764344,0,9078875,-1,983718,352,8398,191,823,320,1621
22,5072002410889,Right,-0,9755371,0,9088911,-1,982282,353,0102,191,4036,320,1911
22,5212535858154,Right,-0,9740555,0,9108648,-1,980927,352,499,190,5648,320,3237
22,535213470459,Right,-0,9731581,0,9119875,-1,981303,351,3543,190,4207,319,7473
22,5489025115967,Right,-0,9716376,0,9129174,-1,980605,348,7593,190,3532,318,1927
22,5632705688477,Right,-0,9706492,0,9114466,-1,9781,349,303,189,6496,318,3312
22,5770034790039,Right,-0,9704221,0,9097894,-1,97785,350,8661,189,7503,319,1696
22,5906181335449,Right,-0,9692674,0,9083352,-1,976566,352,6378,190,0793,320,8817
22,604564666748,Right,-0,9684223,0,9095227,-1,976287,352,4759,190,0858,321,2042
22,6183433532715,Right,-0,9669531,0,9106023,-1,975608,351,7885,189,9604,321,4453
22,6322975158691,Right,-0,9653534,0,9118706,-1,973883,352,1663,188,866,321,2381
22,6462459564209,Right,-0,9647535,0,9131054,-1,97358,352,0343,188,1735,320,8271
22,6600475311279,Right,-0,9633443,0,9158146,-1,97268,350,9361,186,8585,319,6703
22,6741676330566,Right,-0,9634835,0,9161137,-1,972714,350,4981,186,5834,319,269
22,6880588531494,Right,-0,9628822,0,9181739,-1,971473,349,932,186,23,318,8867
22,7016944885254,Right,-0,9628695,0,9187595,-1,970294,350,1771,186,4632,319,2126
22,7157459259033,Right,-0,9630784,0,9188842,-1,970788,350,5148,187,1442,319,5563
22,7295722961426,Right,-0,9631726,0,919802,-1,971897,350,405,188,7979,320,283
22,7434253692627,Right,-0,9622542,0,9217608,-1,971714,348,2315,189,62,320,113
22,7574062347412,Right,-0,9617268,0,921622,-1,970782,347,9729,189,1988,319,8625
22,7712345123291,Right,-0,9610108,0,9210952,-1,968878,349,6515,188,0104,319,8248
22,7852191925049,Right,-0,9609983,0,9213362,-1,968759,350,3288,187,5745,319,9515
22,7992477416992,Right,-0,9603241,0,9222525,-1,96739,350,6009,186,7188,319,8849
22,8127899169922,Right,-0,961038,0,9224556,-1,968467,349,3688,187,3431,319,6922
22,8267555236816,Right,-0,961813,0,9220387,-1,969643,349,0077,188,5216,319,5112
22,8407897949219,Right,-0,9629455,0,9216254,-1,971425,347,3699,190,4612,319,8515
22,8544940948486,Right,-0,9625667,0,9215177,-1,970767,346,8512,190,6061,320,1716
22,8684730529785,Right,-0,9625087,0,920738,-1,970055,346,9619,190,5697,321,119
22,882345199585,Right,-0,9618266,0,9209648,-1,968027,347,6317,189,02,321,2735
22,8964061737061,Right,-0,9618994,0,9206901,-1,967808,347,9499,188,1344,321,166
22,9101390838623,Right,-0,9620392,0,919497,-1,968227,348,8723,187,1512,321,0015
22,9238758087158,Right,-0,9623951,0,9189656,-1,96925,349,2864,187,2316,321,042
22,9378967285156,Right,-0,9628314,0,9178827,-1,970977,349,8138,188,0735,320,879
22,9518566131592,Right,-0,9634969,0,9158622,-1,972554,349,2312,189,229,320,6404
22,9655799865723,Right,-0,9637113,0,9145952,-1,972407,349,1367,189,5045,320,865
22,9797515869141,Right,-0,9647239,0,9116783,-1,971911,350,2918,189,6996,321,8842
22,99365234375,Right,-0,9645649,0,9118052,-1,970938,351,319,189,0201,322,0683
23,0075016021729,Right,-0,9648206,0,912302,-1,970972,351,1965,188,9309,321,8171
23,0214195251465,Right,-0,9650534,0,9128135,-1,970625,350,4468,188,6918,321,2148
23,0351085662842,Right,-0,965261,0,912945,-1,970775,349,9373,188,6955,320,7915
23,0491485595703,Right,-0,9655565,0,9133976,-1,970216,349,1717,188,323,320,067
23,0630302429199,Right,-0,9659755,0,9138532,-1,96826,348,7949,187,156,319,2032
0,Milk grabbed,0,0,0,0,0,0
23,0768508911133,Right,-0,9668261,0,9137288,-1,966637,348,825,186,1989,318,6502
23,0908737182617,Right,-0,9693943,0,9133579,-1,964814,349,2392,185,2236,318,3613
23,1049137115479,Right,-0,9721469,0,9134185,-1,965207,349,5976,185,7312,318,3891
23,1184921264648,Right,-0,9772574,0,9133192,-1,967038,350,1101,188,5179,319,0107
23,1326141357422,Right,-0,9811043,0,9140128,-1,967821,349,7527,191,1541,319,7106
23,1466197967529,Right,-0,9826261,0,9146692,-1,967833,348,7562,192,1389,319,7641
23,1605949401855,Right,-0,9856688,0,9143841,-1,967318,348,6693,192,9122,319,9712
23,1741676330566,Right,-0,9862943,0,9141349,-1,966657,349,2824,192,8558,320,1808
23,1880016326904,Right,-0,9883236,0,9137327,-1,965554,350,8183,192,7372,320,6645
23,2020606994629,Right,-0,9892348,0,9145038,-1,965478,351,2994,192,627,320,3152
23,2160778045654,Right,-0,9892186,0,9148247,-1,965648,351,109,192,4514,319,8838
23,2296371459961,Right,-0,9891267,0,9152711,-1,965606,350,5663,192,1099,318,9866
23,2437362670898,Right,-0,9889717,0,9153705,-1,965519,350,1563,191,9157,318,1708
23,2575244903564,Right,-0,9883858,0,9156736,-1,964983,349,3781,191,4269,317,6712
23,2713375091553,Right,-0,987098,0,9154999,-1,963589,348,4557,190,6523,317,0928
23,2853450775146,Right,-0,987037,0,9148642,-1,963045,348,3869,190,9396,317,0453
23,299144744873,Right,-0,9869627,0,9141308,-1,962083,348,8782,191,0524,317,4312
23,3130722045898,Right,-0,9873754,0,913684,-1,962094,350,0105,192,0274,318,1094
23,327205657959,Right,-0,9873552,0,9141037,-1,961598,350,2478,192,6103,318,1334
23,3408050537109,Right,-0,9878545,0,9149113,-1,960435,349,1451,193,7784,317,5424
23,3548545837402,Right,-0,9878318,0,9147619,-1,959865,348,3503,194,0328,317,247
23,3687114715576,Right,-0,9913469,0,9142582,-1,958057,347,6071,193,9515,317,2533
23,3824405670166,Right,-1,000794,0,9139605,-1,95854,347,9884,194,6916,316,8257
23,3964691162109,Right,-1,014251,0,9133565,-1,96166,348,4401,194,7423,316,8472
23,4103622436523,Right,-1,050819,0,9123474,-1,971475,349,5173,194,3781,316,9856
23,4242000579834,Right,-1,066742,0,9118982,-1,976079,350,3083,194,4972,317,0161
23,4382343292236,Right,-1,115675,0,9109473,-1,99087,351,3127,194,7755,316,4823
23,451997756958,Right,-1,157401,0,9099001,-1,993461,351,1954,195,1465,316,3103
23,4658145904541,Right,-1,178175,0,9092187,-1,99314,351,2276,195,3248,316,5125
23,4798583984375,Right,-1,229869,0,9081606,-1,99371,351,6414,196,8003,316,7034
23,4936714172363,Right,-1,266702,0,9079453,-1,992359,351,4633,198,3473,316,7819
23,5075130462646,Right,-1,293728,0,9082857,-1,991285,351,0166,198,9222,316,1725
23,5215911865234,Right,-1,34043,0,908718,-1,992198,350,0568,199,1637,314,8795
23,5351943969727,Right,-1,359307,0,9087968,-1,991829,349,3094,199,4433,314,1909
23,5494079589844,Right,-1,411623,0,9093433,-1,995066,348,2282,200,158,312,7675
23,563138961792,Right,-1,448795,0,9081668,-1,995514,349,1208,200,7064,312,927
23,576904296875,Right,-1,473767,0,9086279,-1,994601,349,2185,201,4059,313,0304
23,5909881591797,Right,-1,521659,0,9095549,-1,99256,349,0097,203,3051,312,8861
23,6047744750977,Right,-1,538336,0,9089826,-1,988836,348,2184,204,158,312,5126
23,6187438964844,Right,-1,589051,0,9100898,-1,979447,347,207,205,4847,311,4892
23,6326141357422,Right,-1,627992,0,9076712,-1,968922,347,5961,205,6256,311,0109
23,6463871002197,Right,-1,645295,0,9065847,-1,955302,345,7466,200,6085,309,4684
23,6604976654053,Right,-1,694947,0,9019628,-1,938878,342,4701,199,1126,305,1197
23,6742362976074,Right,-1,695143,0,8961154,-1,933292,341,7719,196,0753,307,5289
23,6879806518555,Right,-1,696091,0,8918311,-1,90152,343,7906,178,1589,312,0058
23,7019710540771,Right,-1,707077,0,8853538,-1,857908,346,312,152,3296,319,1076
23,7156848907471,Right,-1,749809,0,8909821,-1,817663,348,2936,120,9351,316,9705
23,7297992706299,Right,-1,829349,0,8862606,-1,791095,336,6985,70,37626,323,1209
23,7433261871338,Right,-1,862036,0,8868971,-1,793554,333,1144,75,97394,320,9262
23,7572441101074,Right,-1,88954,0,8817984,-1,783923,331,5367,80,52521,322,6638
23,7712478637695,Right,-1,91922,0,8818924,-1,76455,331,6215,119,4622,315,1847
23,7851600646973,Right,-1,941365,0,873149,-1,755903,345,6873,158,0208,312,9256
23,7989311218262,Right,-1,989073,0,8782173,-1,711555,350,0158,195,8566,311,9787
23,8129386901855,Right,-2,014327,0,8767141,-1,65878,347,9011,216,8501,309,0456
23,8266792297363,Right,-2,021984,0,876982,-1,626164,350,0835,218,7646,304,6241
23,8406276702881,Right,-2,053407,0,8750492,-1,576338,346,4158,228,7486,300,9387
23,8546104431152,Right,-2,056245,0,8693457,-1,555734,347,11,228,4134,305,1369
23,8684501647949,Right,-2,077785,0,8678846,-1,501474,349,7403,228,3967,309,8384
23,882604598999,Right,-2,093648,0,8671758,-1,454656,353,4007,228,6001,312,8582
23,8964157104492,Right,-2,101003,0,8685474,-1,42943,354,0826,228,6537,314,6119
23,910249710083,Right,-2,114079,0,8652896,-1,373513,356,9906,228,3791,320,287
23,9240951538086,Right,-2,115062,0,8681306,-1,357046,359,2166,227,4515,322,2235
23,9381103515625,Right,-2,122481,0,8799537,-1,305207,350,8335,227,1964,314,6505
23,9517993927002,Right,-2,126758,0,874171,-1,256146,346,8482,228,7755,313,5995
23,965763092041,Right,-2,12551,0,8735766,-1,231426,347,6672,229,3668,313,9871
23,9796962738037,Right,-2,123082,0,8731756,-1,173839,349,3222,229,5621,314,5005
23,9936618804932,Right,-2,118045,0,8776775,-1,129081,349,4512,231,1753,312,8231
24,0074615478516,Right,-2,112671,0,8783203,-1,098433,348,601,231,7505,312,1001
24,0212135314941,Right,-2,103579,0,8799918,-1,048013,347,188,233,4499,310,9803
24,0352687835693,Right,-2,098319,0,8803892,-1,026102,346,241,234,5054,310,5498
24,0491504669189,Right,-2,084019,0,882307,-0,9713388,344,587,236,9586,309,6401
24,0628871917725,Right,-2,069997,0,8821616,-0,9285394,344,9763,238,274,310,0071
24,0769233703613,Right,-2,058934,0,8820039,-0,9010978,345,8165,238,907,310,8438
24,0908126831055,Right,-2,037789,0,8821284,-0,8506345,347,1719,239,2176,311,5217
24,10475730896,Right,-2,030031,0,8823847,-0,8325071,347,7304,239,4527,311,8079
24,1186237335205,Right,-2,007883,0,8826446,-0,7809605,348,7293,240,8675,312,3675
24,132381439209,Right,-1,989252,0,8845817,-0,7392963,348,1884,242,9137,311,7483
24,1464500427246,Right,-1,977517,0,8851112,-0,7148367,347,6035,244,0296,311,3345
24,1603546142578,Right,-1,953101,0,8857283,-0,664829,347,4265,245,4719,311,0905
24,1740493774414,Right,-1,945531,0,886057,-0,6497277,347,0024,245,8736,310,8865
24,1880168914795,Right,-1,918689,0,8865739,-0,5975778,346,3197,246,8903,310,3943
24,2022895812988,Right,-1,895002,0,8863378,-0,5527765,346,6163,248,0641,310,5467
24,2157821655273,Right,-1,885044,0,8862004,-0,5326766,347,2202,249,0296,310,8575
24,2299137115479,Right,-1,858707,0,8862096,-0,4817022,348,5481,252,0227,311,4735
24,2434120178223,Right,-1,839079,0,8877048,-0,4467915,347,1739,254,7637,310,6405
24,2578048706055,Right,-1,820621,0,8871127,-0,4181998,347,0569,255,1148,310,4201
24,2713432312012,Right,-1,795811,0,8870476,-0,3760051,348,043,255,7064,309,979
24,2850284576416,Right,-1,786215,0,8867379,-0,3577682,348,4189,256,6456,309,8892
24,2990875244141,Right,-1,757333,0,8866768,-0,3079593,348,3622,258,827,309,934
24,3131904602051,Right,-1,733885,0,8864036,-0,2687073,348,201,260,5955,310,642
24,3267402648926,Right,-1,719766,0,8857728,-0,245225,348,7809,261,5731,311,5008
24,3407974243164,Right,-1,6899,0,8854719,-0,1976384,350,4234,263,7372,312,8092
24,3548049926758,Right,-1,67874,0,8862216,-0,1805132,350,2097,264,5015,313,2845
24,3684673309326,Right,-1,648889,0,8874526,-0,133081,349,6273,266,2703,313,159
24,3824100494385,Right,-1,622806,0,8884392,-0,09367096,349,1253,267,3921,312,83
24,3961582183838,Right,-1,608489,0,8892977,-0,07302117,348,797,267,8108,312,4338
24,4104423522949,Right,-1,575193,0,8903508,-0,02517593,349,0059,268,4402,311,8093
24,4242076873779,Right,-1,56615,0,8903728,-0,01111251,349,2477,268,928,311,8674
24,437894821167,Right,-1,534375,0,8906081,0,03603047,350,1499,270,8805,312,513
24,451868057251,Right,-1,506676,0,8912131,0,07826531,350,5826,272,7968,313,1594
24,4658546447754,Right,-1,493712,0,8917114,0,09885734,350,2753,273,8875,313,4207
24,4795627593994,Right,-1,464721,0,8931829,0,1467099,349,6053,275,3668,313,3405
24,4936122894287,Right,-1,44316,0,8944863,0,1842105,348,5444,275,1575,312,8268
24,5073108673096,Right,-1,429903,0,8952289,0,2107996,348,4725,275,262,312,6735
24,5214004516602,Right,-1,406333,0,8963355,0,2584234,349,0974,275,7478,312,7932
24,5355892181396,Right,-1,398054,0,896632,0,2809879,349,7412,276,0341,313,0687
24,5489253997803,Right,-1,377537,0,8980463,0,3312259,350,0775,277,2742,313,3179
24,5630016326904,Right,-1,361847,0,8993314,0,374723,349,4358,278,8966,313,417
24,5768947601318,Right,-1,3522,0,8999532,0,4008992,348,9407,280,0183,313,6102
24,5906181335449,Right,-1,333677,0,9009431,0,4505401,348,4831,281,3725,313,8618
24,6046085357666,Right,-1,326986,0,9010149,0,4681103,348,6312,281,677,314,0746
24,6183319091797,Right,-1,308445,0,9015053,0,5178741,349,208,282,256,314,6122
24,6323280334473,Right,-1,293269,0,902938,0,5604306,349,1981,282,2596,314,4802
24,6463451385498,Right,-1,285744,0,9039441,0,5841545,348,474,282,6748,313,9745
24,6603679656982,Right,-1,268476,0,9056065,0,6340711,347,0005,283,1726,312,985
24,6741027832031,Right,-1,263824,0,9052141,0,6485571,346,7881,283,294,312,9781
24,6879501342773,Right,-1,24717,0,9063947,0,6996326,346,3465,283,8821,313,3201
24,7019557952881,Right,-1,233051,0,9073198,0,7445464,346,9276,284,7434,314,0908
24,7156639099121,Right,-1,226826,0,9076161,0,7653172,347,7876,284,7635,314,6222
24,7296581268311,Right,-1,213779,0,9083422,0,8186226,350,1341,284,6465,315,9525
24,7433757781982,Right,-1,208373,0,9099956,0,8571543,351,4421,284,9736,316,5198
24,7577133178711,Right,-1,206516,0,9117423,0,8844067,351,2676,285,1495,316,4482
24,771203994751,Right,-1,20715,0,9146565,0,9205396,350,2209,286,1316,315,6378
24,7850933074951,Right,-1,209308,0,9154757,0,9317925,348,9528,286,4998,315,0318
24,7990627288818,Right,-1,211898,0,9179339,0,9679204,347,4251,287,0286,314,2545
24,8128280639648,Right,-1,21774,0,9195954,0,9871227,346,6924,288,1656,314,3154
24,8268985748291,Right,-1,222565,0,9203715,0,9987475,346,5253,289,0591,314,8394
24,8407592773438,Right,-1,231113,0,9225977,1,01829,345,9113,290,2969,316,1989
24,8545875549316,Right,-1,233299,0,9238728,1,022627,345,7212,290,5536,316,7103
24,8686866760254,Right,-1,240288,0,9257037,1,039002,346,7212,291,1759,318,418
24,882396697998,Right,-1,244876,0,9286355,1,048965,348,0068,291,3147,319,6959
24,8964138031006,Right,-1,248058,0,9316279,1,053147,347,5501,291,5216,319,4685
24,9105987548828,Right,-1,254033,0,9361508,1,061537,345,9984,291,4888,318,3734
24,9240684509277,Right,-1,254488,0,9364245,1,062565,345,7098,290,9931,318,1938
24,9381637573242,Right,-1,258361,0,9393582,1,067679,345,7598,289,2941,318,0272
24,9521160125732,Right,-1,261868,0,9414849,1,071998,346,2669,288,539,318,0252
24,9657669067383,Right,-1,263323,0,9432498,1,07373,345,6134,288,6632,317,7552
24,9797611236572,Right,-1,267149,0,9463601,1,0779,343,9658,289,3658,317,3728
24,9933261871338,Right,-1,269417,0,9484453,1,080479,342,8508,291,1939,316,2563
25,0070915222168,Right,-1,27079,0,9479718,1,082073,342,7825,292,3195,316,2582
25,0209636688232,Right,-1,27117,0,948647,1,084863,343,331,293,5414,317,1627
25,0345230102539,Right,-1,269821,0,9490785,1,084942,343,735,293,693,317,6724
25,0485954284668,Right,-1,26958,0,9488475,1,087069,344,9979,294,2144,318,777
25,0628185272217,Right,-1,26943,0,9487929,1,087772,346,3011,293,5537,320,915
25,0762119293213,Right,-1,269881,0,9508988,1,088257,345,6656,293,3459,320,7177
25,090368270874,Right,-1,270381,0,952654,1,089969,344,1853,293,7132,320,1673
25,1042709350586,Right,-1,270034,0,9528137,1,090181,343,7744,293,7253,320,0913
25,1180515289307,Right,-1,269232,0,9546056,1,091343,343,2131,293,6926,320,0339
25,132080078125,Right,-1,267431,0,9565727,1,092229,342,7474,293,3101,319,7456
25,1457710266113,Right,-1,266788,0,9575118,1,093037,342,3296,293,4911,319,271
25,1598281860352,Right,-1,266349,0,9593155,1,09539,341,1473,294,4758,318,899
25,1737575531006,Right,-1,265663,0,9595308,1,096639,341,4179,295,0014,320,1439
25,1874446868896,Right,-1,264896,0,9606391,1,097531,341,7907,295,4017,320,7077
25,201681137085,Right,-1,263041,0,9616272,1,098374,342,9102,295,3942,320,6579
25,2152996063232,Right,-1,262215,0,9623886,1,098929,343,4126,294,8918,320,6251
25,2291946411133,Right,-1,260231,0,9653665,1,101441,343,5627,294,0068,320,2476
25,242977142334,Right,-1,259193,0,967851,1,104939,342,8964,294,2469,319,5438
25,256856918335,Right,-1,25819,0,9694669,1,1087,342,4291,295,4445,319,0777
25,2708778381348,Right,-1,255654,0,9712617,1,113764,342,4527,296,6775,319,2503
25,285026550293,Right,-1,253262,0,9722757,1,116202,343,1494,297,0322,319,9607
25,2984828948975,Right,-1,249113,0,9757002,1,121911,344,1315,297,608,320,6952
25,3128471374512,Right,-1,246265,0,9798238,1,127001,343,6094,298,8202,320,5981
25,3263778686523,Right,-1,244813,0,9820846,1,129703,342,815,299,5432,320,3119
25,3400268554688,Right,-1,242352,0,9865259,1,135307,340,9152,300,9322,319,3316
25,3540630340576,Right,-1,240741,0,9867569,1,13669,340,4347,301,3593,319,1548
25,3678379058838,Right,-1,236066,0,9893236,1,141817,340,2067,301,6188,319,7387
25,3821086883545,Right,-1,231807,0,9923247,1,146592,340,7487,302,9555,320,2702
25,3957958221436,Right,-1,228842,0,9937445,1,148116,340,7619,303,1875,320,5739
25,4096565246582,Right,-1,222745,0,9965919,1,153129,341,5359,303,7527,321,1551
25,4237480163574,Right,-1,217845,0,9986871,1,156289,342,3823,303,7299,321,7172
25,4376106262207,Right,-1,214338,1,000193,1,15862,342,8878,303,5026,322,1156
25,4512367248535,Right,-1,20935,1,003314,1,162907,341,8176,303,1294,322,1383
25,4653739929199,Right,-1,207568,1,003965,1,165445,340,8936,303,3817,321,9057
25,4793319702148,Right,-1,203345,1,005884,1,171992,338,6346,305,0081,321,2546
25,4930458068848,Right,-1,198955,1,003902,1,176424,339,2717,306,4879,322,0368
25,5070152282715,Right,-1,195547,1,001519,1,178573,341,0862,306,6014,323,3867
25,5207443237305,Right,-1,190112,0,9984676,1,183207,344,9405,306,9604,325,6482
25,5346813201904,Right,-1,189101,0,9972695,1,184487,346,4221,307,2013,326,4582
25,5485935211182,Right,-1,183761,0,9908938,1,188111,350,2279,306,6785,328,9483
25,5623264312744,Right,-1,180434,0,985929,1,191039,354,1101,305,8407,331,2116
25,5762882232666,Right,-1,179366,0,983332,1,19286,355,9894,305,2853,332,3696
25,590404510498,Right,-1,177402,0,9773744,1,197979,357,6459,305,0785,333,5792
25,6039752960205,Right,-1,177826,0,9771079,1,200253,355,3804,304,4009,334,6677
25,618350982666,Right,-1,177236,0,9726927,1,209193,353,5406,306,4952,334,8064
25,6321125030518,Right,-1,175704,0,9672773,1,216883,352,6461,309,5766,335,1828
25,6458740234375,Right,-1,174546,0,9640903,1,21963,352,7057,311,0362,335,4588
25,6596145629883,Right,-1,171872,0,9537882,1,226572,354,2226,312,9198,336,4659
25,673318862915,Right,-1,169619,0,9449341,1,230095,357,9739,313,6304,337,6616
25,6875667572021,Right,-1,16904,0,9370714,1,232295,0,5422466,313,3327,338,4486
25,7016105651855,Right,-1,168082,0,9275052,1,236663,3,86107,312,8986,339,8226
25,7152061462402,Right,-1,16974,0,9257784,1,239738,3,906037,313,4493,339,5321
25,7292594909668,Right,-1,171413,0,9191684,1,246336,2,186544,314,554,338,6099
25,7429370880127,Right,-1,17178,0,9146529,1,24971,0,4375761,314,9106,337,3789
25,7569274902344,Right,-1,17171,0,9109167,1,251545,0,01144142,315,1408,336,9752
25,7707405090332,Right,-1,170918,0,9040316,1,254051,0,08925182,314,6392,337,3679
25,7844867706299,Right,-1,170852,0,901911,1,256077,0,8101122,315,5087,337,613
25,7984657287598,Right,-1,169234,0,8953521,1,259846,1,936345,316,5481,338,7213
0,Serving start,0,0,0,0,0,0
25,8125381469727,Right,-1,16718,0,890242,1,262296,4,537117,317,6153,339,9052
25,8261852264404,Right,-1,166014,0,8880237,1,263086,6,715261,318,3805,340,4232
25,8402919769287,Right,-1,164535,0,8833421,1,265105,9,901913,319,6648,341,1392
25,8542995452881,Right,-1,164496,0,8830889,1,265063,10,35416,319,6459,341,1009
25,8680782318115,Right,-1,163437,0,8795587,1,267385,9,820288,320,2163,341,5751
25,8819885253906,Right,-1,16348,0,8783006,1,268229,7,989908,320,5681,342,4716
25,8956871032715,Right,-1,163449,0,8782758,1,2677,7,611534,320,5871,342,7781
0,Plate dropped,0,0,0,0,0,0
25,9096755981445,Right,-1,162926,0,8794169,1,267484,7,293149,320,0101,342,7566
25,9236755371094,Right,-1,163343,0,8839737,1,266713,7,018532,319,9585,337,8372
25,9374237060547,Right,-1,162369,0,8841202,1,266611,6,418103,319,3443,336,0138
25,9513988494873,Right,-1,160874,0,8861682,1,266204,4,962838,318,8659,334,0605
25,9654350280762,Right,-1,160585,0,8883762,1,265062,3,477421,318,3123,334,0436
25,9791316986084,Right,-1,159205,0,890469,1,26329,1,345258,316,6353,334,846
25,9929714202881,Right,-1,158742,0,8936012,1,262977,0,3603486,317,2697,333,7186
26,0067195892334,Right,-1,156061,0,8965018,1,262442,357,9656,317,5635,331,8815
26,0207118988037,Right,-1,152776,0,8985255,1,261709,355,617,317,7173,330,4332
26,0346946716309,Right,-1,149549,0,8994781,1,259257,356,48,316,5125,332,0818
26,0485172271729,Right,-1,144171,0,9023103,1,257011,1,412562,315,2011,334,946
26,062536239624,Right,-1,14293,0,9073224,1,257065,5,407179,315,8336,336,0958
26,0764484405518,Right,-1,143154,0,9112304,1,258989,5,528312,318,6148,335,905
26,0905380249023,Right,-1,140092,0,9178495,1,258513,2,17285,319,4006,334,8788
26,1041202545166,Right,-1,138294,0,9207073,1,25719,0,2840892,318,9375,333,6011
26,1178417205811,Right,-1,133885,0,9262074,1,257322,358,8196,318,7141,332,3135
26,1319885253906,Right,-1,129311,0,9308888,1,257921,357,7737,319,2884,332,3088
26,145881652832,Right,-1,126339,0,9332258,1,258583,357,1996,319,8387,332,5974
26,1595153808594,Right,-1,120642,0,9386042,1,259232,355,9921,320,6658,333,0341
26,1734886169434,Right,-1,11521,0,9424254,1,25918,355,1527,321,4504,333,4706
26,1878604888916,Right,-1,112072,0,9452538,1,259035,354,5656,321,755,333,5905
26,201379776001,Right,-1,106399,0,9489684,1,257942,353,8244,322,0338,334,0484
26,2152557373047,Right,-1,103853,0,9506674,1,256876,353,5245,321,9709,334,1572
26,2289943695068,Right,-1,097661,0,9551153,1,255248,352,7161,322,0059,334,1944
26,2429275512695,Right,-1,091938,0,958701,1,252882,352,1484,321,7555,333,8652
26,2569351196289,Right,-1,08843,0,9610993,1,251341,351,7474,321,4612,333,6075
26,2707633972168,Right,-1,082192,0,9658639,1,248637,350,9298,321,0336,333,1194
26,284704208374,Right,-1,079006,0,9677553,1,24682,350,6088,320,5638,332,3893
26,2988452911377,Right,-1,07098,0,9733273,1,243321,349,5874,319,9524,331,3235
26,3127899169922,Right,-1,063883,0,9777906,1,241012,348,395,319,6024,330,6505
26,3263359069824,Right,-1,059451,0,9810188,1,239816,347,547,319,6956,330,0253
26,3400688171387,Right,-1,050071,0,987497,1,237456,345,9019,320,1231,328,6895
26,3540935516357,Right,-1,046676,0,9888037,1,236621,345,3276,320,4108,328,227
26,3681240081787,Right,-1,036902,0,9935506,1,234182,344,2535,321,2995,325,9354
26,3818225860596,Right,-1,028018,0,9888123,1,233552,344,5433,322,4677,327,8653
26,3958263397217,Right,-1,025138,0,9892971,1,230451,343,9251,321,7763,329,1743
26,4098453521729,Right,-1,017471,0,989716,1,226717,342,5399,321,4844,330,7967
26,4235382080078,Right,-1,011906,0,9902474,1,222868,342,5627,321,181,329,6855
26,4375972747803,Right,-1,007817,0,9909601,1,220465,342,288,320,8729,328,5037
26,4513492584229,Right,-1,000923,0,9924653,1,216638,341,5773,320,4987,326,9934
26,4654712677002,Right,-0,9985319,0,9917169,1,214526,341,339,319,8882,325,5164
26,4792461395264,Right,-0,9910696,0,9928517,1,209487,340,9041,319,4597,324,0474
26,4929103851318,Right,-0,9855565,0,9915267,1,207199,340,5944,319,1291,323,0079
26,5072860717773,Right,-0,9825778,0,9895636,1,205118,340,5832,318,7003,322,764
26,5209560394287,Right,-0,9770445,0,9876322,1,20126,340,3477,318,0282,322,2671
26,5346126556396,Right,-0,9755889,0,9865017,1,199975,340,3321,317,7307,322,0866
26,5488872528076,Right,-0,9706981,0,9834669,1,195232,340,4278,316,8718,321,2175
26,562686920166,Right,-0,9681277,0,9799359,1,192351,340,8794,316,0525,320,2749
26,5763149261475,Right,-0,9668474,0,9779654,1,190936,341,0237,315,564,319,8971
26,5903949737549,Right,-0,9650487,0,973751,1,187501,341,2235,314,2735,319,5153
26,604076385498,Right,-0,9648176,0,9727555,1,186991,341,331,313,9222,319,0612
26,6180286407471,Right,-0,9620119,0,9701546,1,18338,341,4531,312,8307,318,0429
26,6320686340332,Right,-0,9604717,0,9674872,1,181741,341,5652,311,9893,317,0656
26,6458435058594,Right,-0,9599696,0,9662486,1,181561,341,5844,311,6244,316,7442
26,6597499847412,Right,-0,9576575,0,9640095,1,179986,341,5709,310,8351,315,9244
26,6736831665039,Right,-0,9567283,0,9627123,1,181085,341,5721,310,7389,315,1355
26,6876525878906,Right,-0,9559611,0,9617539,1,181882,341,5511,310,7933,314,8798
26,701452255249,Right,-0,9544821,0,9599891,1,182341,341,4175,310,6973,314,565
26,715503692627,Right,-0,9540504,0,9595174,1,183135,341,2535,310,847,314,6397
26,7292747497559,Right,-0,9526989,0,9587532,1,185177,340,9791,311,3799,314,3892
26,7432651519775,Right,-0,9516444,0,9587761,1,187869,340,6772,312,3669,314,1189
26,7570552825928,Right,-0,9508197,0,958266,1,188654,340,547,312,5951,313,9403
26,7708911895752,Right,-0,9495007,0,9578099,1,190488,340,2458,313,2154,313,7314
26,7849445343018,Right,-0,9493257,0,9579194,1,191335,340,1179,313,4895,313,6608
26,7985706329346,Right,-0,9483472,0,9575675,1,192815,339,973,313,8541,313,261
26,8125858306885,Right,-0,9478102,0,9569456,1,193786,340,0218,313,9946,312,8127
26,8265705108643,Right,-0,9473823,0,9564695,1,194308,339,988,314,0618,312,6366
26,8402805328369,Right,-0,9468476,0,9554673,1,19491,340,0108,313,9619,312,4367
26,8544692993164,Right,-0,9465377,0,9551019,1,195139,340,0027,313,9527,312,2975
26,8682746887207,Right,-0,9458919,0,9544333,1,195674,340,0049,313,8301,311,769
26,8820095062256,Right,-0,9452386,0,9538594,1,196295,339,857,313,8173,311,3229
26,895975112915,Right,-0,9449529,0,9537166,1,196658,339,7284,313,8368,311,0157
26,9096202850342,Right,-0,9441767,0,9533852,1,197617,339,5446,313,9641,310,3448
26,923755645752,Right,-0,9436635,0,9528418,1,198665,339,4198,314,2321,309,8308
26,9378280639648,Right,-0,9433305,0,95232,1,199377,339,3786,314,368,309,5925
26,951639175415,Right,-0,9430003,0,9509484,1,200637,339,5251,314,6377,309,4297
26,9657096862793,Right,-0,9429636,0,9499698,1,20107,339,6134,314,6669,309,4946
26,9793167114258,Right,-0,943126,0,948361,1,201774,339,804,314,5676,309,5731
26,9931182861328,Right,-0,943108,0,9468827,1,202926,340,0125,314,5758,309,2334
27,0071830749512,Right,-0,9430596,0,9460017,1,20366,340,1167,314,6349,309,0232
27,0208435058594,Right,-0,942964,0,94482,1,204643,340,2147,314,6302,308,7639
27,0348815917969,Right,-0,942904,0,9442827,1,205262,340,2679,314,6763,308,6021
27,0487728118896,Right,-0,9426457,0,943079,1,206811,340,3309,314,8087,308,2047
27,0625953674316,Right,-0,9422759,0,9420549,1,208372,340,3692,314,9712,307,7652
27,0766620635986,Right,-0,9419989,0,9413611,1,209408,340,4263,315,1177,307,5052
27,0903434753418,Right,-0,9414153,0,9401111,1,211264,340,5367,315,3424,307,098
27,1044158935547,Right,-0,9410583,0,9395837,1,212147,340,5853,315,5511,306,9955
27,1182956695557,Right,-0,9402461,0,9382555,1,214419,340,7256,316,0254,306,6905
27,1321258544922,Right,-0,939545,0,9367663,1,216237,340,8569,316,451,306,526
27,1461715698242,Right,-0,9391739,0,9359933,1,217016,340,9065,316,6232,306,4566
27,1600170135498,Right,-0,938424,0,9345646,1,218745,341,0222,316,9917,306,2876
27,1737308502197,Right,-0,9380824,0,9341952,1,219074,341,0485,317,1096,306,2133
27,1878147125244,Right,-0,937172,0,9331029,1,220637,341,1401,317,5102,305,9425
27,2016143798828,Right,-0,9364287,0,9321591,1,221491,341,1523,317,7722,305,8468
27,2155055999756,Right,-0,9361966,0,9316902,1,221703,341,1831,317,8171,305,7819
27,2294158935547,Right,-0,9360951,0,9309935,1,221965,341,273,317,756,305,6761
27,2435970306396,Right,-0,9363587,0,930617,1,221671,341,3372,317,5905,305,7223
27,2571334838867,Right,-0,9365351,0,9302928,1,221566,341,4082,317,4971,305,7897
27,2711715698242,Right,-0,9368488,0,9296461,1,221687,341,5601,317,3878,305,8411
27,285135269165,Right,-0,9369849,0,9295428,1,221735,341,5852,317,342,305,8503
0,Milk dropped,0,0,0,0,0,0
27,2988185882568,Right,-0,9374593,0,9290612,1,221995,341,6534,317,2437,305,8253
27,3127269744873,Right,-0,9379188,0,9285587,1,222476,341,7418,317,2455,305,7296
27,3265380859375,Right,-0,9383363,0,9282483,1,222699,341,7883,317,2432,305,7171
27,3405780792236,Right,-0,9391637,0,927836,1,22292,341,818,317,2516,305,7797
27,3543529510498,Right,-0,939323,0,9276648,1,222963,341,8463,317,2513,305,7881
27,3682994842529,Right,-0,9408532,0,9268887,1,222989,341,9403,317,2318,305,98
27,3822765350342,Right,-0,9422896,0,9265159,1,222524,342,0046,317,1233,306,0983
27,3961868286133,Right,-0,9432606,0,9262913,1,222021,342,0425,316,996,306,1721
27,4103355407715,Right,-0,9465144,0,9256287,1,219854,342,192,316,4926,306,3601
27,4240322113037,Right,-0,9485278,0,9255518,1,218056,342,2052,316,0663,306,476
27,437744140625,Right,-0,9514344,0,9253001,1,215044,342,2561,315,4025,306,666
27,4517250061035,Right,-0,9540708,0,9257416,1,211576,342,1423,314,5651,306,7634
27,4656391143799,Right,-0,9555855,0,9259357,1,20974,342,1822,314,0576,306,6703
27,4797744750977,Right,-0,9589379,0,9259371,1,205304,342,3373,312,9286,306,5717
27,493465423584,Right,-0,9619951,0,925473,1,2017,342,5081,311,8639,306,7563
27,5073471069336,Right,-0,9642416,0,9250363,1,198975,342,6219,311,0785,307,0219
27,5213165283203,Right,-0,967707,0,9244778,1,194706,342,7795,309,8921,307,3676
27,5350551605225,Right,-0,969286,0,9243536,1,193256,342,8857,309,3578,307,3918
27,5488452911377,Right,-0,9731551,0,923508,1,188672,343,2924,307,7867,307,3254
27,5628681182861,Right,-0,9769391,0,922473,1,186102,343,7135,306,398,307,1143
27,5767936706543,Right,-0,9789972,0,9219989,1,184639,343,8974,305,674,307,0535
27,5905475616455,Right,-0,9829675,0,920616,1,183564,344,3785,304,7556,306,8011
27,6046447753906,Right,-0,9844458,0,919355,1,185488,344,6871,305,2228,307,0926
27,6185302734375,Right,-0,9883876,0,9168161,1,186962,345,1782,305,4908,307,7854
27,6323661804199,Right,-0,9907036,0,9150377,1,189171,345,4651,306,4011,308,9428
27,6462249755859,Right,-0,9914407,0,9140222,1,191894,345,5459,307,4464,309,7406
27,660213470459,Right,-0,9936412,0,912295,1,194652,345,6904,308,4955,310,7834
27,6739921569824,Right,-0,9934237,0,9127162,1,194895,345,5526,308,8181,310,9571
27,6878967285156,Right,-0,9951364,0,9122115,1,196082,345,42,309,3965,311,4119
27,701940536499,Right,-0,9958056,0,9133232,1,195516,345,1512,309,5284,311,0365
27,7157669067383,Right,-0,9962032,0,9138161,1,194622,345,0443,309,3553,310,6466
27,7295684814453,Right,-0,9939997,0,914937,1,193193,344,9174,308,7898,309,9884
27,7436008453369,Right,-0,9996262,0,9150814,1,188706,344,7643,307,5457,309,3863
27,7573146820068,Right,-1,000921,0,9152915,1,186476,344,755,306,8733,309,112
27,7712554931641,Right,-1,003676,0,9156421,1,181214,344,7941,305,2211,308,6006
27,7852821350098,Right,-1,005464,0,9154068,1,178867,344,8639,304,4187,308,5478
27,7990703582764,Right,-1,009392,0,9152012,1,171095,344,893,302,191,308,8397
27,8129825592041,Right,-1,01272,0,9152561,1,166636,344,8664,300,8074,308,9885
27,8269557952881,Right,-1,014961,0,9153748,1,163497,344,8516,299,866,309,0717
27,8407897949219,Right,-1,019771,0,9154029,1,155529,344,8444,297,6233,309,3484
27,8547191619873,Right,-1,022988,0,9154617,1,15227,344,8779,296,5874,309,489
27,8686218261719,Right,-1,028141,0,9152768,1,143855,345,0255,294,3606,309,6509
27,8823413848877,Right,-1,034146,0,9145737,1,136765,345,2646,292,4973,309,9786
27,8963088989258,Right,-1,037842,0,9140469,1,132612,345,3443,291,4286,310,3867
27,9105930328369,Right,-1,045602,0,9128148,1,122663,345,4827,289,088,311,2848
27,9240417480469,Right,-1,048601,0,912943,1,120078,345,5181,288,39,311,3818
27,93798828125,Right,-1,052925,0,9118344,1,094825,345,737,285,8484,311,6348
27,9519329071045,Right,-1,053828,0,9106774,1,061789,346,0445,283,5978,311,6894
27,9658393859863,Right,-1,051275,0,9096279,1,033335,346,3274,282,3166,311,6894
27,9797306060791,Right,-1,04688,0,9069762,0,9784154,346,9272,279,316,311,8599
27,9933261871338,Right,-1,041529,0,9049781,0,9366338,347,3828,277,0267,312,0682
28,0074462890625,Right,-1,034688,0,9031193,0,9052968,347,7949,275,3465,312,1498
28,02121925354,Right,-1,021873,0,9002473,0,8555137,348,3661,272,648,312,3653
28,0352973937988,Right,-1,014668,0,8989146,0,8349127,348,6062,271,3803,312,5526
28,0490589141846,Right,-0,9944096,0,895754,0,7828452,349,129,268,169,312,808
28,0630073547363,Right,-0,9764,0,8936427,0,7439457,349,4645,265,7888,312,6911
28,0768623352051,Right,-0,9636663,0,8922238,0,7208123,349,7237,264,2902,312,2462
28,0907783508301,Right,-0,9385875,0,8898319,0,6758971,350,1668,261,3687,311,5221
28,1044826507568,Right,-0,9317257,0,8885061,0,6608884,350,3226,260,3458,310,9935
28,1187019348145,Right,-0,9018504,0,8854425,0,6134303,350,8468,257,2182,309,9314
28,1323680877686,Right,-0,879855,0,8816748,0,5784356,351,4772,255,0033,309,1948
28,1464710235596,Right,-0,8658848,0,878951,0,5591089,351,8434,253,9951,309,0186
28,1602191925049,Right,-0,8372771,0,8743244,0,5195223,352,5041,251,986,308,6688
28,174108505249,Right,-0,8288799,0,8724158,0,5083518,352,7297,251,5114,308,5854
28,1881084442139,Right,-0,7971075,0,8674803,0,4696443,353,3855,249,712,308,2678
28,2018871307373,Right,-0,7708749,0,8619813,0,4390257,354,0723,248,842,308,6134
28,2156677246094,Right,-0,7577225,0,858949,0,4252912,354,4833,248,495,309,2322
28,2296142578125,Right,-0,7225515,0,8541027,0,392958,355,2278,246,7866,309,4862
28,2436199188232,Right,-0,6969485,0,8490223,0,3682452,355,5986,245,8037,310,5888
28,2573509216309,Right,-0,678655,0,8456023,0,3469898,355,4802,245,4722,311,7856
28,2713737487793,Right,-0,6458684,0,8417432,0,3107162,355,7305,243,8572,312,0485
28,2852096557617,Right,-0,6333122,0,8402476,0,2935112,355,8353,242,7435,311,6127
28,2992668151855,Right,-0,5976682,0,8357452,0,2477257,356,1968,239,9255,310,7044
28,3130207061768,Right,-0,5732009,0,8320805,0,210937,356,5616,237,8795,309,7623
28,3267211914063,Right,-0,5587837,0,8293206,0,1875693,356,9181,236,9084,309,3604
28,3408241271973,Right,-0,5284166,0,8236087,0,1393853,357,8284,235,3208,309,3135
28,3550071716309,Right,-0,5179809,0,821617,0,1202465,358,0238,234,7125,309,645
28,3684864044189,Right,-0,4885458,0,8164947,0,07195401,358,5418,232,8891,310,5213
28,382532119751,Right,-0,4634492,0,8140448,0,02718127,358,4496,231,2135,311,8218
28,3963794708252,Right,-0,4520943,0,8133754,0,001677275,358,3408,230,4511,312,184
28,4101638793945,Right,-0,4272173,0,8116929,-0,05206817,357,8829,229,068,313,0194
28,4241180419922,Right,-0,4213451,0,8130401,-0,06967038,357,4758,228,9286,313,3873
28,4378776550293,Right,-0,3993698,0,8119276,-0,1251946,357,037,227,6199,314,0178
28,4518661499023,Right,-0,380743,0,8147262,-0,1753486,356,2576,226,7899,313,603
28,4659614562988,Right,-0,3731815,0,8146197,-0,2010683,356,1069,226,3441,313,5812
28,4796543121338,Right,-0,3548502,0,8159114,-0,257813,355,7827,225,2998,313,168
28,4938049316406,Right,-0,342276,0,8164912,-0,3014606,355,4229,224,6449,313,1025
28,5075702667236,Right,-0,3344311,0,8164373,-0,3332544,355,2185,224,0632,313,2047
28,5214748382568,Right,-0,3259949,0,8175202,-0,3724353,354,8712,223,4274,313,5898
28,5354461669922,Right,-0,3237342,0,818245,-0,3673014,354,7425,223,1091,313,5947
28,5491962432861,Right,-0,3219277,0,8195316,-0,3883538,354,3725,222,159,313,5285
28,5631237030029,Right,-0,3237076,0,820601,-0,3962667,354,1253,221,3131,313,2522
28,5770454406738,Right,-0,3258449,0,8207606,-0,4014851,354,0527,220,8686,313,2439
28,5912837982178,Right,-0,3297009,0,8208742,-0,4100893,354,1238,220,0501,313,2415
28,6049556732178,Right,-0,3319679,0,8207175,-0,4128011,354,1997,219,8836,313,3633
28,6188659667969,Right,-0,3401512,0,8200142,-0,4200666,354,3138,219,4488,314,1642
28,6325054168701,Right,-0,3519279,0,8200359,-0,4287998,354,2563,218,9612,314,7691
28,6465625762939,Right,-0,3646832,0,8202726,-0,4369189,354,0992,218,7105,315,1806
28,6602382659912,Right,-0,3881626,0,8211021,-0,4605319,353,6998,218,2152,315,7944
28,6742324829102,Right,-0,3919959,0,8217193,-0,4829143,353,6095,218,0729,315,6622
28,6883525848389,Right,-0,4184829,0,8229747,-0,5228083,353,3503,217,7062,315,3157
28,7019939422607,Right,-0,4408501,0,8231054,-0,5574689,353,6074,217,7087,315,0345
28,7161254882813,Right,-0,4540011,0,8232751,-0,5768663,353,5871,217,6091,315,1217
28,7298278808594,Right,-0,4843085,0,8240615,-0,6136494,353,356,217,5826,315,7105
28,7435855865479,Right,-0,5092999,0,8253981,-0,6388934,353,0913,217,6181,316,0746
28,7576637268066,Right,-0,5291142,0,8260923,-0,6593626,352,9557,217,5469,316,1982
28,7714157104492,Right,-0,5596454,0,8270416,-0,6912802,352,759,217,3835,316,4506
28,7854423522949,Right,-0,5753899,0,8283193,-0,701895,352,6187,217,6808,316,0385
28,7993659973145,Right,-0,6127837,0,8310818,-0,7324008,352,4861,217,6348,315,3741
28,8132305145264,Right,-0,6418728,0,8314697,-0,7546962,352,4575,217,5944,314,9629
28,8274269104004,Right,-0,6630952,0,8322535,-0,771013,352,4884,217,5507,314,5628
28,8409767150879,Right,-0,6969467,0,8327031,-0,796964,352,5635,217,4663,314,248
28,8547592163086,Right,-0,710232,0,8325248,-0,8070483,352,6093,217,4158,314,184
28,8688831329346,Right,-0,7491148,0,832168,-0,8370376,352,7082,217,3887,314,1517
28,8827610015869,Right,-0,7796772,0,8316078,-0,8606076,352,7718,217,4425,314,2249
28,8965034484863,Right,-0,797323,0,8314674,-0,8744418,352,7712,217,5417,314,2635
28,9105625152588,Right,-0,8352834,0,8313937,-0,9035056,352,7769,217,8499,314,3394
28,9241256713867,Right,-0,8462855,0,8313836,-0,9117206,352,7782,217,9772,314,394
28,9383029937744,Right,-0,888585,0,8312781,-0,9421279,352,7726,218,5787,314,6953
28,9522533416748,Right,-0,921264,0,8311512,-0,9668437,352,8327,218,7844,314,838
28,9657783508301,Right,-0,9360657,0,8311121,-0,9788642,352,9243,218,7512,314,7739
28,9797706604004,Right,-0,9744076,0,8380876,-1,009527,353,2581,218,6114,314,5933
28,9937610626221,Right,-1,002825,0,8519756,-1,032077,353,5633,218,5376,314,5254
29,0074100494385,Right,-1,022155,0,8512936,-1,048523,353,7604,218,5336,314,4619
29,0214347839355,Right,-1,056578,0,8543075,-1,077366,354,2485,218,594,314,5646
29,0352172851563,Right,-1,069126,0,8545312,-1,090043,354,2265,218,605,314,662
29,0493354797363,Right,-1,105084,0,8554184,-1,12525,354,0511,218,7186,315,0111
29,0632858276367,Right,-1,131139,0,857725,-1,153275,353,7134,219,0119,315,6863
29,0768585205078,Right,-1,145893,0,8579899,-1,17142,353,6333,219,0507,315,8261
29,0909156799316,Right,-1,170865,0,8605884,-1,211053,353,4703,219,0351,316,0136
29,1046981811523,Right,-1,176295,0,8604046,-1,226286,353,4977,218,9802,315,9211
29,1183128356934,Right,-1,196578,0,8627799,-1,269964,353,4724,218,8426,315,9426
29,1322364807129,Right,-1,209812,0,8649408,-1,309954,353,3488,218,7341,315,99
29,1459178924561,Right,-1,215201,0,8674185,-1,331182,353,1322,218,6577,316,0301
29,1598529815674,Right,-1,228327,0,8725982,-1,382074,352,6549,218,511,316,1603
29,1739540100098,Right,-1,236149,0,8760756,-1,420404,352,2308,218,375,316,3069
29,1873893737793,Right,-1,241202,0,878666,-1,447381,351,9633,218,2913,316,3588
29,2013397216797,Right,-1,250175,0,8830414,-1,495708,351,5543,218,1364,316,4521
29,2152252197266,Right,-1,252972,0,8857378,-1,517735,351,2845,217,8582,316,4405
29,2290897369385,Right,-1,261417,0,8908458,-1,57113,350,8113,217,4974,316,5096
29,2430629730225,Right,-1,265754,0,896307,-1,617057,350,2339,216,7348,316,5744
29,2569332122803,Right,-1,268114,0,8992433,-1,644978,349,8965,216,4213,316,5959
29,2706813812256,Right,-1,270494,0,905651,-1,69391,349,1382,215,6083,316,6233
29,2847518920898,Right,-1,269342,0,9084387,-1,70799,348,83,215,0179,316,6244
29,2983722686768,Right,-1,269309,0,9145854,-1,744253,348,2189,214,1262,316,6602
29,3123455047607,Right,-1,269868,0,9195463,-1,772399,347,7129,213,4594,316,7254
29,3262062072754,Right,-1,263747,0,923438,-1,772896,347,324,211,927,316,9873
29,3400173187256,Right,-1,256386,0,9306538,-1,791711,346,8592,209,4516,317,4335
29,3539447784424,Right,-1,254585,0,9327785,-1,796227,346,918,208,655,317,5379
29,3679084777832,Right,-1,248671,0,939682,-1,808222,346,7826,206,7579,318,01
29,3817920684814,Right,-1,245432,0,9461473,-1,818828,346,4152,205,6415,318,5326
29,3956851959229,Right,-1,245339,0,9500162,-1,824525,346,0573,205,5978,318,7443
29,409538269043,Right,-1,24389,0,9582896,-1,836776,345,2632,205,2867,319,188
29,4233150482178,Right,-1,243691,0,9644353,-1,846842,344,7035,205,3135,319,5497
29,437385559082,Right,-1,242731,0,9684335,-1,853707,344,4852,204,9873,319,6339
29,4511528015137,Right,-1,241373,0,9751624,-1,865974,344,3126,204,522,319,0665
29,4652671813965,Right,-1,240716,0,977657,-1,871052,344,3369,204,2762,318,815
29,4790458679199,Right,-1,239241,0,9822705,-1,885232,345,0662,203,709,317,304
29,4929294586182,Right,-1,238191,0,9856636,-1,896178,345,3421,203,2146,316,7654
29,5067405700684,Right,-1,238377,0,9838304,-1,904294,346,0803,203,0489,317,0675
29,5210876464844,Right,-1,238165,0,9826166,-1,919276,346,9112,202,788,318,3814
29,5348815917969,Right,-1,238872,0,9803243,-1,92556,347,5767,202,9244,319,2881
29,5484008789063,Right,-1,239728,0,977966,-1,940677,348,3533,203,244,320,8555
29,5621776580811,Right,-1,240181,0,9764108,-1,95349,349,0049,203,3701,321,4527
29,5762233734131,Right,-1,239983,0,9756625,-1,96009,349,0922,203,1888,321,4892
29,5900840759277,Right,-1,239723,0,9740259,-1,974658,349,4535,202,7325,321,2968
29,6039257049561,Right,-1,240483,0,9725537,-1,979023,349,7838,202,7813,320,9858
29,6178321838379,Right,-1,242889,0,9680147,-1,993315,351,0926,203,3069,320,4349
29,6317481994629,Right,-1,24498,0,9640009,-2,005479,352,1924,203,8447,320,4903
29,6455326080322,Right,-1,246283,0,95959,-2,01037,352,9256,203,999,321,2847
29,6594982147217,Right,-1,24793,0,9518535,-2,023041,354,2432,203,9224,323,0608
29,6732444763184,Right,-1,24894,0,9470903,-2,032279,354,8759,203,6449,324,6865
29,6872158050537,Right,-1,249846,0,9445719,-2,038805,355,2653,203,6353,325,3584
29,7013263702393,Right,-1,25176,0,9401512,-2,048945,355,3403,203,433,326,8553
29,7150611877441,Right,-1,252202,0,9394956,-2,052509,355,237,203,153,327,1909
29,7289619445801,Right,-1,254967,0,9370759,-2,060171,355,2575,202,7264,327,0288
29,7428588867188,Right,-1,258328,0,9350308,-2,065111,355,9425,203,0956,326,4293
29,7569313049316,Right,-1,261195,0,9338675,-2,065793,356,8644,203,8472,325,8713
29,7705860137939,Right,-1,264778,0,9333014,-2,067957,357,0996,204,6533,326,0922
29,7845230102539,Right,-1,263395,0,9365054,-2,065516,356,0605,204,3261,326,7761
29,7982578277588,Right,-1,263122,0,9388226,-2,067225,355,4169,204,0212,327,2948
29,8127059936523,Right,-1,261675,0,9421996,-2,067776,355,1678,203,5829,326,4954
29,8260059356689,Right,-1,260744,0,944241,-2,067756,355,2449,203,4532,325,5113
29,8401260375977,Right,-1,258903,0,9469694,-2,067486,355,6403,202,9556,323,4607
29,8540096282959,Right,-1,259153,0,9465846,-2,067691,355,7783,202,9126,323,1883
29,8677883148193,Right,-1,260283,0,9471578,-2,068979,355,898,203,1702,323,0097
29,8817367553711,Right,-1,263051,0,9461659,-2,069216,355,6186,204,0201,324,2537
29,8956813812256,Right,-1,265504,0,9465615,-2,071632,355,319,204,6835,325,1459
29,909366607666,Right,-1,269169,0,9461262,-2,074209,354,5794,205,4861,326,6109
29,9235458374023,Right,-1,270994,0,9450153,-2,076225,354,5958,205,6536,326,8267
29,9373111724854,Right,-1,272285,0,9432955,-2,077921,355,092,205,6832,326,5433
29,9512500762939,Right,-1,274895,0,9382579,-2,081594,356,5736,205,6388,325,6732
29,9652729034424,Right,-1,275951,0,9364094,-2,0832,357,0018,205,5823,325,5302
29,9790000915527,Right,-1,278748,0,9314596,-2,087387,357,9753,205,421,325,3606
29,9928894042969,Right,-1,282695,0,9272402,-2,091943,357,8727,205,3663,326,5157
30,0068340301514,Right,-1,285986,0,9252425,-2,094476,357,7997,205,7011,327,1177
30,0206050872803,Right,-1,293742,0,9214276,-2,099431,357,6142,206,7586,328,4392
30,0348701477051,Right,-1,296277,0,9205588,-2,100853,357,618,207,1939,328,7952
30,048791885376,Right,-1,305395,0,9171352,-2,105758,357,831,208,4111,329,1552
30,0623054504395,Right,-1,311226,0,9147024,-2,108973,358,1389,209,0802,328,8553
30,0763492584229,Right,-1,314013,0,9132954,-2,110927,358,2538,209,3833,328,9045
30,0901756286621,Right,-1,319687,0,9112996,-2,115191,358,5692,209,5604,327,9378
30,1040554046631,Right,-1,321117,0,9102582,-2,116331,358,6937,209,4878,327,5635
30,118200302124,Right,-1,325443,0,9079081,-2,120303,359,2271,209,4791,326,4738
30,1316566467285,Right,-1,329227,0,9058592,-2,123218,359,369,209,7226,325,9338
30,1457328796387,Right,-1,331411,0,9050739,-2,124604,359,2137,210,0267,325,934
30,1601467132568,Right,-1,33645,0,9032661,-2,127795,358,7048,210,8148,326,6277
30,1734352111816,Right,-1,337078,0,9029017,-2,128318,358,6539,210,8887,326,8438
30,1875858306885,Right,-1,34032,0,9000823,-2,131348,358,6464,211,105,327,7829
30,2012176513672,Right,-1,341314,0,8978321,-2,134029,359,2051,210,8325,327,7572
30,2150745391846,Right,-1,341993,0,8970674,-2,135362,359,44,210,7681,327,5363
30,2291717529297,Right,-1,343193,0,8945146,-2,138856,0,2309139,210,4285,326,5807
30,2427406311035,Right,-1,343956,0,8920985,-2,141727,0,8281081,210,1204,325,8573
30,2568950653076,Right,-1,344844,0,8901223,-2,143568,1,157585,210,0691,325,8326
30,2708644866943,Right,-1,346526,0,886947,-2,146927,1,331206,209,9983,326,3936
30,2844543457031,Right,-1,347356,0,8864911,-2,148212,1,147171,210,1001,326,7532
30,2985458374023,Right,-1,350121,0,8843759,-2,151847,0,6083004,210,4262,327,8253
30,3124713897705,Right,-1,351431,0,8827506,-2,154606,0,4175707,210,4772,328,4994
30,3261871337891,Right,-1,351545,0,881879,-2,156065,0,5168244,210,3049,328,5786
30,3401699066162,Right,-1,35186,0,8795043,-2,159562,0,9913156,209,9089,328,2224
30,3540287017822,Right,-1,351689,0,8788376,-2,160697,1,154811,209,6884,327,8423
30,3680801391602,Right,-1,351061,0,8769265,-2,164094,1,628936,209,0969,326,7711
30,3819408416748,Right,-1,351295,0,8747048,-2,167145,1,842333,208,6471,326,3853
30,3956470489502,Right,-1,351324,0,8738079,-2,168631,1,751283,208,4409,326,589
30,4096260070801,Right,-1,352383,0,8719879,-2,172147,1,580649,208,3417,326,8598
30,4238700866699,Right,-1,35293,0,8704765,-2,174659,1,658854,208,1595,326,8234
30,4372539520264,Right,-1,352763,0,8708718,-2,174022,1,638573,208,2048,326,8337
30,4513568878174,Right,-1,357001,0,8689782,-2,176164,1,23803,209,1663,327,9301
30,465518951416,Right,-1,357703,0,8662747,-2,178779,1,79223,209,1781,327,6813
30,4791507720947,Right,-1,358551,0,8643021,-2,181389,1,878057,209,2891,326,6815
30,4930076599121,Right,-1,359221,0,8639008,-2,182845,1,341872,209,3814,325,592
30,5067138671875,Right,-1,359766,0,8643437,-2,183276,0,779241,209,5208,325,4099
30,5209579467773,Right,-1,361189,0,8647224,-2,184557,0,3926715,209,5239,324,8371
0,Mustard grabbed,0,0,0,0,0,0
30,5346755981445,Right,-1,361517,0,865216,-2,183871,0,2382923,209,6024,324,5435
30,5485057830811,Right,-1,362111,0,8634461,-2,182002,0,716386,210,0759,324,9946
30,5624141693115,Right,-1,360871,0,8640206,-2,179405,0,7506874,210,2811,325,8902
30,5763854980469,Right,-1,3604,0,8656813,-2,178754,359,7746,210,3113,325,9272
30,5902481079102,Right,-1,361151,0,8675073,-2,177398,359,1142,211,0007,325,0991
30,6041011810303,Right,-1,362263,0,8689057,-2,175407,358,0298,211,2069,324,896
30,6178722381592,Right,-1,362416,0,8747068,-2,170856,357,2547,211,6782,323,3229
30,6319389343262,Right,-1,360904,0,8779588,-2,166758,356,9972,211,132,323,2923
30,6459159851074,Right,-1,35924,0,8798141,-2,163707,357,4513,210,1791,322,8873
30,6594562530518,Right,-1,356851,0,8833076,-2,157756,357,994,208,805,322,3674
30,6735248565674,Right,-1,35515,0,8860672,-2,152984,357,9473,207,7658,322,1664
30,6875114440918,Right,-1,354628,0,8879513,-2,149745,357,543,207,9131,322,0337
30,7013168334961,Right,-1,352628,0,8918026,-2,143149,356,8539,208,1445,321,5523
30,7152328491211,Right,-1,351423,0,8937855,-2,139956,355,9701,208,0689,321,2578
30,7290344238281,Right,-1,348712,0,8982543,-2,131994,354,9214,207,9224,321,302
30,7429161071777,Right,-1,346537,0,9021426,-2,125317,354,4082,207,4109,321,2919
30,756856918335,Right,-1,345547,0,9046546,-2,120723,354,081,207,3612,321,4304
30,7707576751709,Right,-1,343319,0,9101591,-2,11302,352,6304,206,9533,320,4803
30,7846488952637,Right,-1,342967,0,9114335,-2,109036,351,9404,206,8116,320,2505
30,7985572814941,Right,-1,341616,0,9163436,-2,098159,350,6475,206,9372,320,3756
30,8124504089355,Right,-1,340145,0,9206228,-2,089185,349,4496,206,887,320,4893
30,8262767791748,Right,-1,339561,0,9228455,-2,083627,349,0146,206,8104,320,4994
30,8403549194336,Right,-1,338842,0,9281911,-2,071323,348,2448,206,993,320,2011
30,8541316986084,Right,-1,338516,0,9298154,-2,067828,347,8931,207,021,320,0705
30,8682518005371,Right,-1,338293,0,9361926,-2,054509,347,1717,207,4239,319,4594
30,8817253112793,Right,-1,33796,0,9412506,-2,043186,346,5445,207,4656,318,7309
30,8956813812256,Right,-1,338396,0,9438127,-2,037138,346,0071,207,5635,318,2718
30,9097423553467,Right,-1,338985,0,9500738,-2,022865,344,6003,207,8327,317,1639
30,9234218597412,Right,-1,339947,0,953712,-2,011635,343,5105,208,4351,316,5537
30,9374122619629,Right,-1,340358,0,95644,-2,002968,342,7875,208,7656,316,4579
30,9513092041016,Right,-1,341406,0,9609371,-1,988245,341,6131,209,4525,315,9969
30,9650382995605,Right,-1,34199,0,962081,-1,982664,341,3713,209,7877,316,0413
30,9790897369385,Right,-1,343665,0,9657708,-1,967342,340,5417,210,8776,316,0048
30,9928092956543,Right,-1,344598,0,967928,-1,954897,340,179,211,4765,316,1657
31,0068054199219,Right,-1,345392,0,9696311,-1,946877,339,8213,211,96,315,9147
31,021017074585,Right,-1,34709,0,972224,-1,931333,338,9732,213,2848,315,1633
31,0345249176025,Right,-1,34725,0,9722795,-1,925564,338,505,213,7976,314,978
31,0484752655029,Right,-1,348167,0,9739079,-1,909818,337,7695,214,8369,314,7639
31,0623474121094,Right,-1,348881,0,9757315,-1,897055,337,5538,215,6131,315,0101
31,0761280059814,Right,-1,34851,0,9757806,-1,890373,337,4819,215,9035,314,4161
31,0903148651123,Right,-1,349093,0,9753417,-1,875889,337,3067,216,5754,313,2334
31,1044654846191,Right,-1,349669,0,9747635,-1,871432,337,1771,216,8929,313,0519
31,117826461792,Right,-1,35119,0,9744824,-1,858451,336,5945,217,7284,312,6679
31,132007598877,Right,-1,353213,0,9729069,-1,848077,336,1708,218,9043,312,9265
31,145679473877,Right,-1,3539,0,9723581,-1,843571,335,9793,219,3372,313,1856
31,1597137451172,Right,-1,356082,0,9713194,-1,833058,335,3993,220,47,313,1827
31,1735134124756,Right,-1,357067,0,9705516,-1,824338,335,4017,221,1623,313,4332
31,1872406005859,Right,-1,357935,0,9703522,-1,817804,335,446,221,5772,313,7381
31,2015686035156,Right,-1,360348,0,964309,-1,814297,337,0011,222,1228,315,3156
31,2152404785156,Right,-1,36022,0,9639308,-1,811648,337,5938,222,0094,316,0411
31,2290115356445,Right,-1,361265,0,9631655,-1,803996,338,1161,222,6755,316,5298
31,2431678771973,Right,-1,361475,0,9628464,-1,798348,338,4077,223,2236,316,2418
31,2569427490234,Right,-1,361332,0,96216,-1,795334,338,8816,223,4254,316,0611
31,2707366943359,Right,-1,361085,0,9609624,-1,789253,339,4717,223,4374,316,2556
31,2847061157227,Right,-1,360425,0,9611138,-1,78789,339,5432,223,3276,316,4041
31,2984943389893,Right,-1,359302,0,9615535,-1,782846,339,2666,223,4966,316,2622
31,3125381469727,Right,-1,358644,0,962011,-1,77835,338,8987,223,91,316,1489
31,3263893127441,Right,-1,358334,0,9620922,-1,775573,338,7437,224,1399,316,127
31,3404407501221,Right,-1,356989,0,9628163,-1,772539,338,5066,224,596,316,4854
31,3541698455811,Right,-1,356534,0,9633154,-1,771193,338,4433,224,9585,316,4171
31,3683300018311,Right,-1,355513,0,9636667,-1,768354,338,4104,225,2603,317,1832
31,381778717041,Right,-1,35448,0,9646462,-1,76573,338,3295,225,4209,317,4707
31,3958988189697,Right,-1,353641,0,9652903,-1,765747,338,1882,225,3855,317,307
31,4096126556396,Right,-1,351608,0,9661339,-1,764774,337,841,225,0436,316,9122
31,4235954284668,Right,-1,349818,0,9665143,-1,764674,337,6565,224,7935,317,0474
31,4375190734863,Right,-1,348378,0,9676443,-1,764752,336,9879,224,4834,316,4642
31,4513645172119,Right,-1,347431,0,9684854,-1,765309,336,4757,224,5325,315,7776
31,4653377532959,Right,-1,347522,0,9682577,-1,765657,336,398,224,671,315,6019
31,4793739318848,Right,-1,347207,0,9683315,-1,765863,336,3179,224,9653,315,5148
31,4931583404541,Right,-1,346743,0,968112,-1,766313,336,495,224,9508,315,9233
31,5069675445557,Right,-1,346143,0,9681371,-1,76623,336,7107,224,7896,316,1962
31,5209274291992,Right,-1,344389,0,9685294,-1,766156,336,8731,224,3233,316,58
31,5347290039063,Right,-1,344015,0,9687247,-1,766442,336,865,224,1417,316,6825
31,5488739013672,Right,-1,342594,0,9686307,-1,767118,337,1611,223,7186,316,9253
31,562650680542,Right,-1,342554,0,9682012,-1,768118,337,4423,223,6378,317,5675
31,5765037536621,Right,-1,342493,0,968227,-1,76881,337,4529,223,8298,317,9762
31,5904235839844,Right,-1,342231,0,968271,-1,769425,337,1816,224,0381,318,5032
31,6041011810303,Right,-1,341835,0,9681309,-1,769758,337,1526,223,9423,318,4707
31,6180839538574,Right,-1,341597,0,9672648,-1,771171,337,1792,223,5141,318,405
31,6320362091064,Right,-1,342572,0,9664925,-1,772601,337,0602,223,2425,318,2599
31,6458320617676,Right,-1,34305,0,9659694,-1,773275,337,4172,223,2111,318,1413
31,6597805023193,Right,-1,344183,0,964945,-1,774913,337,611,223,0074,317,8263
31,6736316680908,Right,-1,345687,0,9636513,-1,776449,337,724,222,9839,318,3147
31,6876640319824,Right,-1,346406,0,9634824,-1,77693,337,8407,223,2064,318,3742
31,7015953063965,Right,-1,34868,0,9618442,-1,778375,338,0905,223,6262,318,7123
31,7153186798096,Right,-1,349485,0,9610229,-1,779004,338,3056,223,7412,318,9293
31,7292728424072,Right,-1,35143,0,9589201,-1,780738,338,8235,223,8336,319,5551
31,7431621551514,Right,-1,352397,0,9579989,-1,781758,339,1444,223,8808,319,9713
31,7572364807129,Right,-1,352888,0,9577708,-1,782036,339,2345,224,0808,319,9507
31,7709922790527,Right,-1,353953,0,9570712,-1,782432,339,5016,224,3725,320,108
31,7848606109619,Right,-1,354158,0,9568499,-1,782841,339,4396,224,4377,320,2127
31,7991199493408,Right,-1,354677,0,9562998,-1,783512,339,2688,224,4342,320,0322
31,8128604888916,Right,-1,355078,0,9553748,-1,784505,339,1357,224,4051,319,6499
31,8263683319092,Right,-1,355282,0,9549348,-1,784764,339,1537,224,3899,319,684
31,8403224945068,Right,-1,35581,0,9534716,-1,785776,339,5532,224,3114,319,9753
31,8543739318848,Right,-1,355885,0,9533675,-1,785922,339,6745,224,1927,320,1601
31,8679447174072,Right,-1,356203,0,9524227,-1,786626,339,918,223,9834,320,4172
31,8820056915283,Right,-1,356266,0,9523115,-1,786906,339,9253,223,8531,320,4789
31,8958778381348,Right,-1,35639,0,952229,-1,786957,339,8993,223,9393,320,4595
31,9096965789795,Right,-1,35647,0,9520423,-1,786799,339,8118,224,1506,320,3851
31,9237403869629,Right,-1,356579,0,9515397,-1,78663,339,8722,224,3338,320,147
31,9376316070557,Right,-1,356697,0,95096,-1,786443,339,9818,224,3994,320,1297
31,9513454437256,Right,-1,356992,0,9504891,-1,786301,340,1989,224,5479,320,3369
31,9654350280762,Right,-1,357019,0,9504966,-1,786257,340,1452,224,628,320,3224
0,Ketchup grabbed,0,0,0,0,0,0
31,9791145324707,Right,-1,35717,0,9504454,-1,785872,339,9554,224,719,320,1398
31,9933032989502,Right,-1,357084,0,950238,-1,785494,339,9474,224,6407,320,1343
32,0071487426758,Right,-1,357131,0,9501146,-1,785227,340,0527,224,6137,320,1546
32,0209159851074,Right,-1,357311,0,9498611,-1,784485,340,2391,224,6888,320,1223
32,0351486206055,Right,-1,357406,0,9498509,-1,784139,340,2612,224,792,320,1031
32,048755645752,Right,-1,357865,0,9494044,-1,783237,340,5914,225,1016,320,4421
32,0625190734863,Right,-1,35818,0,9490644,-1,782419,341,0936,225,4231,321,1126
32,076717376709,Right,-1,358145,0,9491763,-1,782017,341,2504,225,5162,321,4569
32,0902900695801,Right,-1,35813,0,9495282,-1,781272,341,2337,225,6079,321,4373
32,1041374206543,Right,-1,358009,0,9497737,-1,781133,340,9775,225,6217,321,108
32,1182403564453,Right,-1,357674,0,950377,-1,780538,340,2542,225,5811,320,1996
32,1319618225098,Right,-1,357501,0,9502638,-1,779632,339,9077,225,554,319,6768
32,1459732055664,Right,-1,357527,0,9501914,-1,779252,339,795,225,6063,319,5727
32,1599311828613,Right,-1,357304,0,9504064,-1,778,339,4619,225,9041,319,4285
32,1738510131836,Right,-1,35673,0,9503508,-1,776699,339,4394,226,0903,319,803
32,1876258850098,Right,-1,356232,0,950951,-1,775712,339,5112,226,4288,319,5768
32,2014198303223,Right,-1,355008,0,9510146,-1,773826,339,6017,226,4057,319,566
32,2153472900391,Right,-1,354518,0,9512533,-1,773177,339,5319,226,3137,319,3821
32,2295570373535,Right,-1,353141,0,9512341,-1,771559,339,6447,225,6278,319,3058
32,2431297302246,Right,-1,352493,0,9512699,-1,770756,340,0097,225,2706,319,121
32,2572326660156,Right,-1,35128,0,9514953,-1,769207,340,1178,225,136,319,0493
32,271167755127,Right,-1,350454,0,9517138,-1,767528,340,2203,225,2911,319,0522
32,2846984863281,Right,-1,349741,0,9519355,-1,766312,340,1209,225,3299,319,1033
32,2987442016602,Right,-1,34867,0,9526533,-1,763716,339,8062,225,7271,318,9151
32,3127555847168,Right,-1,347972,0,9530967,-1,761347,339,4494,226,2962,318,7954
32,3263816833496,Right,-1,347368,0,953362,-1,75968,339,2787,226,5744,318,7918
32,3403816223145,Right,-1,34621,0,9542972,-1,756118,339,0175,227,1342,318,8166
32,3543472290039,Right,-1,34528,0,9550611,-1,753751,338,6696,227,364,318,5546
32,368236541748,Right,-1,344307,0,9565241,-1,749609,338,1292,228,0498,318,2519
32,3821792602539,Right,-1,343102,0,9576448,-1,746008,337,5138,228,4554,317,9229
32,3958854675293,Right,-1,34232,0,9581366,-1,743862,337,3724,228,4788,317,9058
32,4099502563477,Right,-1,341001,0,9594829,-1,739417,337,1643,228,5921,317,7002
32,4238204956055,Right,-1,340241,0,9601942,-1,736015,337,2464,228,7164,317,791
32,4376411437988,Right,-1,339646,0,9608867,-1,733378,337,2386,228,8436,317,8356
32,4516448974609,Right,-1,338614,0,9617886,-1,728899,337,3729,228,935,317,8157
32,4655952453613,Right,-1,338079,0,9622571,-1,726639,337,4628,228,9685,317,6686
32,4794235229492,Right,-1,336687,0,9633885,-1,721037,337,4286,229,0495,317,2828
32,4934577941895,Right,-1,335797,0,9642302,-1,71636,337,1981,229,5127,316,8262
32,5070419311523,Right,-1,335454,0,9646816,-1,71315,336,9177,230,0598,316,5553
32,5212936401367,Right,-1,334574,0,9651586,-1,706825,336,3557,231,0706,316,2051
32,5349311828613,Right,-1,334073,0,965196,-1,703942,336,0185,231,5041,316,1048
32,5486640930176,Right,-1,333837,0,9656796,-1,696347,335,501,232,6961,316,1333
32,5628471374512,Right,-1,335989,0,9658689,-1,687365,335,2685,233,9008,316,2466
32,576488494873,Right,-1,338554,0,9657506,-1,681597,335,3994,234,2443,316,5256
32,5904579162598,Right,-1,34658,0,9654228,-1,667347,335,7455,234,7385,317,1917
32,6043395996094,Right,-1,351756,0,9658182,-1,660743,335,6893,234,9672,316,7878
32,6180763244629,Right,-1,365609,0,9658282,-1,641102,334,7269,235,8332,315,5409
32,6320915222168,Right,-1,383604,0,9647769,-1,618106,334,1943,236,9195,314,7482
32,6459083557129,Right,-1,3922,0,9640356,-1,6061,334,2777,236,938,315,0102
32,659595489502,Right,-1,415364,0,9628724,-1,574751,334,1726,237,9982,315,0145
32,6735763549805,Right,-1,432605,0,9615863,-1,547824,334,3521,238,6564,315,3363
32,6874504089355,Right,-1,444704,0,9608314,-1,526635,334,5091,239,3589,315,3372
32,7014770507813,Right,-1,465613,0,959823,-1,49067,334,6079,240,6457,315,2307
32,7152557373047,Right,-1,473013,0,9592109,-1,474062,334,4689,241,2148,315,2597
32,7293434143066,Right,-1,49461,0,9576739,-1,428619,334,4121,242,9446,315,1939
32,7432289123535,Right,-1,508234,0,9564455,-1,391544,334,2065,244,5237,315,1482
32,7567749023438,Right,-1,51504,0,9553714,-1,367095,334,1413,245,4725,315,3254
32,7707633972168,Right,-1,528029,0,9536005,-1,31834,334,1937,246,7979,315,693
32,784797668457,Right,-1,530753,0,9532119,-1,299686,334,1889,247,4387,315,5706
32,798526763916,Right,-1,539529,0,9512617,-1,247571,334,3055,248,5095,316,1174
32,8124237060547,Right,-1,543761,0,9500011,-1,201372,334,6611,249,7232,316,9525
32,8263092041016,Right,-1,543868,0,9498688,-1,174082,334,5988,250,6637,317,0106
32,840461730957,Right,-1,543858,0,9485213,-1,113813,334,6877,252,4139,317,3471
32,8541984558105,Right,-1,54096,0,9480287,-1,094927,334,7195,252,9042,317,7571
32,8679962158203,Right,-1,53546,0,9466851,-1,033273,334,8843,254,2299,318,3892
32,8818359375,Right,-1,526223,0,9463703,-0,9792265,335,0643,255,3329,318,7997
32,8959350585938,Right,-1,51976,0,9463282,-0,9517349,335,001,256,1776,318,918
32,9096031188965,Right,-1,505216,0,9461237,-0,8902696,335,1426,258,0631,319,3493
32,9239654541016,Right,-1,489592,0,9463063,-0,8423029,335,1861,259,8455,319,6956
32,9374084472656,Right,-1,477862,0,9445739,-0,8105072,335,1063,260,9844,319,9971
32,9514579772949,Right,-1,456226,0,9409887,-0,7545174,335,0988,262,9847,320,6907
32,9655418395996,Right,-1,44511,0,9372309,-0,7301817,334,8768,264,0914,320,694
32,9793472290039,Right,-1,417859,0,9285692,-0,670242,334,8929,266,2983,321,3958
32,9929351806641,Right,-1,394974,0,922523,-0,6259602,335,1739,267,8286,321,9734
33,007022857666,Right,-1,378834,0,9252035,-0,5958167,335,1053,268,7192,321,9525
33,0206413269043,Right,-1,35011,0,9242819,-0,5429112,335,0174,270,0311,322,1337
33,0348129272461,Right,-1,338263,0,9247967,-0,5218579,335,1844,270,6618,322,2556
33,048526763916,Right,-1,306954,0,9263254,-0,4659531,335,4666,272,475,322,4207
33,0622634887695,Right,-1,279276,0,927527,-0,4196132,335,6559,273,8455,322,6714
33,0763549804688,Right,-1,263858,0,9286736,-0,3925856,335,6574,274,7539,322,6871
33,090274810791,Right,-1,23089,0,9311383,-0,3365948,335,3789,276,9933,322,5216
33,1039352416992,Right,-1,221426,0,9321251,-0,3207107,335,0957,277,8663,322,4316
33,1181221008301,Right,-1,186295,0,9353024,-0,2617079,334,6493,280,505,322,5691
33,1318168640137,Right,-1,157528,0,9377233,-0,2140769,334,4637,282,4104,322,6665
33,1457366943359,Right,-1,14431,0,9391335,-0,1899889,334,5,283,3658,322,579
33,1597137451172,Right,-1,113189,0,9421951,-0,1316624,334,8686,285,7569,322,5971
33,1735572814941,Right,-1,09129,0,9449092,-0,0883494,335,2409,287,4496,322,7306
33,1875648498535,Right,-1,07676,0,94771,-0,05503494,335,2901,288,7908,322,5797
33,2016372680664,Right,-1,0546,0,9523909,-0,0004585385,334,5546,291,2802,321,74
33,215087890625,Right,-1,047975,0,9542702,0,02133107,333,8535,292,2802,321,3167
33,2294044494629,Right,-1,026458,0,960009,0,08615679,332,3686,295,0274,320,3258
33,2428741455078,Right,-1,015756,0,963495,0,130784,331,6029,297,0681,319,4526
33,256160736084,Right,-1,011741,0,9650383,0,154952,331,4449,298,029,318,9937
33,2700119018555,Right,-1,004111,0,9678136,0,2093054,331,6068,299,8779,318,2129
33,2836608886719,Right,-1,004658,0,967549,0,2210928,332,3159,300,2554,318,3346
33,2977409362793,Right,-1,002826,0,9680532,0,2731383,333,7242,302,0137,317,5296
33,3117179870605,Right,-1,004007,0,96903,0,3151192,334,392,303,5447,317,0673
33,3254623413086,Right,-1,00579,0,9700647,0,3316818,334,2803,304,0235,316,6415
33,3399772644043,Right,-1,010523,0,9726448,0,3795201,334,1162,305,731,315,5231
33,3531913757324,Right,-1,011475,0,9730374,0,3877802,334,1874,306,2864,315,3746
33,3671569824219,Right,-1,017696,0,9746901,0,4331849,334,468,307,6869,314,7652
33,3811264038086,Right,-1,023981,0,9759381,0,4727039,334,2697,309,0531,313,7305
33,3947944641113,Right,-1,026451,0,975638,0,4869584,334,1343,309,4911,313,5627
33,408763885498,Right,-1,034268,0,9751281,0,5305919,334,3416,310,8294,313,1557
33,4229850769043,Right,-1,040129,0,9741572,0,5653803,334,7126,311,9258,312,9859
33,4364433288574,Right,-1,043558,0,9741575,0,5837345,334,7491,312,495,312,8021
33,4505348205566,Right,-1,050801,0,9742303,0,6239189,334,8212,313,3835,312,6212
33,4645462036133,Right,-1,053431,0,9747222,0,6364653,334,8524,313,5989,312,4523
33,4781074523926,Right,-1,06128,0,9756507,0,6746107,335,2652,314,1257,311,618
33,4920387268066,Right,-1,068456,0,9760801,0,7083868,335,5414,314,2041,310,5952
33,5058174133301,Right,-1,072445,0,976049,0,7246611,335,8872,314,1282,310,1742
33,5198593139648,Right,-1,082109,0,9761923,0,7642746,336,6821,314,1009,308,7098
33,5338325500488,Right,-1,088728,0,9762338,0,7931051,337,0679,314,3079,307,7895
33,5475578308105,Right,-1,093364,0,976799,0,8137355,337,3675,314,3494,307,4298
33,5617637634277,Right,-1,101268,0,9778163,0,8479354,337,6147,314,4586,306,9847
33,5754089355469,Right,-1,104475,0,9785329,0,8615534,337,667,314,4265,307,0334
33,589168548584,Right,-1,11319,0,979919,0,8980327,337,877,314,6227,306,9777
33,6032180786133,Right,-1,119618,0,9809493,0,9262764,338,1296,315,391,307,2317
33,6169242858887,Right,-1,123374,0,9820729,0,9430494,338,1349,316,0411,307,5112
33,6310348510742,Right,-1,129493,0,9835327,0,9757941,338,2554,316,7961,307,7477
33,6448822021484,Right,-1,130849,0,9845588,0,987409,338,1075,317,3044,307,9227
33,6593627929688,Right,-1,136318,0,9870762,1,023352,337,8183,318,4315,308,686
33,6728363037109,Right,-1,139412,0,9890777,1,046609,337,392,318,516,309,4948
33,6866683959961,Right,-1,140851,0,9907644,1,061619,337,2649,318,6205,309,5249
33,7003364562988,Right,-1,144123,0,9940449,1,091076,336,9713,318,6067,309,4411
33,7144432067871,Right,-1,145185,0,9952658,1,100339,337,008,318,3927,309,2853
33,7280426025391,Right,-1,148219,0,9983415,1,128678,337,1529,317,8705,309,1089
33,742115020752,Right,-1,151307,1,000755,1,152975,337,6126,317,3542,309,2854
33,756031036377,Right,-1,153575,1,001113,1,162901,338,0197,316,9488,309,5064
33,7697601318359,Right,-1,157876,1,00193,1,185454,338,6257,316,2561,309,8462
33,7838859558105,Right,-1,159971,1,005961,1,203901,339,3499,315,9939,310,2008
33,7977867126465,Right,-1,161419,1,009776,1,216494,339,0222,316,3,309,496
33,8114814758301,Right,-1,163783,1,013402,1,231813,338,4515,316,5903,308,1602
33,8254814147949,Right,-1,164719,1,014769,1,236824,338,2857,316,5375,307,3146
33,8393516540527,Right,-1,167657,1,018535,1,248132,338,0317,316,4542,305,7267
33,8531761169434,Right,-1,171105,1,02018,1,253711,338,1846,316,3826,304,777
33,8672142028809,Right,-1,174025,1,02076,1,256576,338,472,316,4596,304,5287
33,8809394836426,Right,-1,178451,1,022207,1,261904,338,8696,316,6208,304,3267
33,8951644897461,Right,-1,181017,1,022561,1,26426,339,0654,316,6681,304,4678
33,9090347290039,Right,-1,186799,1,024048,1,269523,339,5667,316,4034,304,8646
33,9226531982422,Right,-1,191633,1,026498,1,273847,339,5551,316,0825,304,8568
33,9366455078125,Right,-1,194389,1,027958,1,276331,339,6702,315,8795,304,6829
33,9508972167969,Right,-1,20083,1,030117,1,281535,339,9205,315,5405,304,4633
33,9643058776855,Right,-1,202788,1,030429,1,283129,340,2618,315,3126,304,8064
33,9783248901367,Right,-1,209671,1,031654,1,288632,340,8063,315,3224,305,3376
33,9921951293945,Right,-1,214839,1,031011,1,292078,340,9906,315,7461,306,234
34,0061187744141,Right,-1,218846,1,032005,1,295052,341,0034,316,0943,306,5349
34,0200233459473,Right,-1,225884,1,033404,1,300003,340,4474,316,8014,306,403
34,0337524414063,Right,-1,227659,1,033492,1,300345,339,9317,316,8289,306,1737
34,0478324890137,Right,-1,234621,1,034996,1,304858,339,3425,317,2542,305,875
34,0617637634277,Right,-1,240663,1,035624,1,308032,338,7083,317,693,306,0586
34,0754814147949,Right,-1,243116,1,035704,1,309556,338,963,317,6547,306,2843
34,089527130127,Right,-1,250314,1,034299,1,31392,338,9112,317,6359,307,6433
34,1034851074219,Right,-1,255553,1,033637,1,317551,339,0544,317,5719,309,0051
34,1172485351563,Right,-1,259552,1,032628,1,320887,339,0849,317,9661,310,004
34,1313323974609,Right,-1,26634,1,030716,1,325775,339,1494,318,4331,311,2877
34,1449851989746,Right,-1,268921,1,030517,1,327419,339,1266,318,5655,311,588
34,1589965820313,Right,-1,277112,1,028125,1,333457,339,5016,318,6356,312,1792
34,1728820800781,Right,-1,284176,1,026585,1,338784,339,9596,318,6748,312,441
34,186595916748,Right,-1,289568,1,025316,1,342717,340,3297,318,6409,312,2739
34,2006301879883,Right,-1,300362,1,023201,1,350561,340,8079,318,5738,311,6539
34,2148551940918,Right,-1,304892,1,022037,1,354077,340,7475,318,5682,311,2204
34,2285423278809,Right,-1,3176,1,018863,1,363667,341,2112,318,2889,311,0001
34,2424392700195,Right,-1,329517,1,016739,1,373086,341,5984,318,0406,311,0745
34,2560844421387,Right,-1,335747,1,015983,1,378595,341,6016,318,0515,310,9789
34,2704849243164,Right,-1,350892,1,013443,1,392032,341,6253,318,2985,311,0869
34,2840614318848,Right,-1,355547,1,012506,1,395844,341,9166,318,2994,311,4695
34,2977867126465,Right,-1,371412,1,009804,1,40934,342,3549,318,5294,312,0971
34,3118095397949,Right,-1,385835,1,007486,1,421014,342,7483,318,6026,312,6375
34,325855255127,Right,-1,393405,1,006077,1,427091,342,8579,318,4896,313,1472
34,3394508361816,Right,-1,409824,1,002637,1,440794,343,7902,318,2679,313,9488
34,3536949157715,Right,-1,423386,1,00034,1,45207,344,694,318,1729,314,393
34,3671569824219,Right,-1,432124,0,9987426,1,459228,345,1673,318,1031,314,2144
34,3811836242676,Right,-1,448251,0,9958105,1,472935,345,6141,318,1932,313,8167
34,3951454162598,Right,-1,454742,0,9946323,1,478597,345,6296,318,3047,313,5489
34,4087944030762,Right,-1,470662,0,9903979,1,489475,345,9223,318,2406,313,6718
34,4229621887207,Right,-1,484254,0,9865887,1,4924,346,7641,318,058,314,5102
34,4373054504395,Right,-1,493473,0,9837154,1,493716,347,5499,318,0174,314,9953
34,4507064819336,Right,-1,507944,0,9786552,1,495833,348,8133,318,0742,315,8776
34,4646682739258,Right,-1,513711,0,9771101,1,496625,349,6684,318,1866,316,9218
34,4784202575684,Right,-1,528328,0,9742689,1,498728,350,5784,318,6039,317,6381
34,4923324584961,Right,-1,540371,0,972327,1,500348,350,6999,318,8616,317,7655
34,5063209533691,Right,-1,546257,0,9711445,1,501072,350,7249,318,9429,317,6224
34,5199928283691,Right,-1,556306,0,9674636,1,502473,350,97,319,0239,317,3685
34,5342292785645,Right,-1,557543,0,9659322,1,50286,351,2721,318,9138,317,5456
34,5479316711426,Right,-1,562551,0,9622239,1,504109,352,3418,319,0464,317,7531
34,5619125366211,Right,-1,562265,0,9597297,1,50529,353,0499,319,1132,318,2566
34,5760116577148,Right,-1,561452,0,9588462,1,505191,353,2541,319,0185,318,5885
34,589542388916,Right,-1,560031,0,9557259,1,505946,353,7548,319,2335,319,2266
34,6036682128906,Right,-1,558872,0,9531946,1,506276,354,2899,319,523,319,6012
34,6174964904785,Right,-1,557753,0,950796,1,506627,354,8445,319,7691,319,8662
34,6312522888184,Right,-1,555517,0,9469265,1,507689,355,816,320,2249,320,4511
34,6453514099121,Right,-1,554704,0,9459825,1,508757,356,0372,320,5619,320,9642
34,6590995788574,Right,-1,55227,0,9439986,1,511783,355,9094,321,4438,322,3633
34,6729927062988,Right,-1,550318,0,9426497,1,514002,355,7813,322,2628,322,958
34,686897277832,Right,-1,548718,0,9411406,1,515495,355,9683,322,8508,323,1718
34,7007102966309,Right,-1,544911,0,9369096,1,518878,356,8326,323,9791,324,0374
34,7147102355957,Right,-1,543903,0,9358135,1,519127,357,1047,324,0834,324,7847
34,7287139892578,Right,-1,540888,0,9319385,1,521201,357,8407,324,579,326,165
34,7423973083496,Right,-1,538399,0,9289924,1,522198,358,7972,324,8897,326,9593
34,7565116882324,Right,-1,536945,0,927259,1,522941,359,1906,325,2271,327,4604
34,770393371582,Right,-1,533646,0,9229058,1,523386,0,2428831,325,6841,328,6995
34,7843475341797,Right,-1,533157,0,9230771,1,522705,0,256728,325,823,328,6576
34,7981948852539,Right,-1,53089,0,9218573,1,521962,359,8012,325,7112,329,3734
0,Mustard dropped,0,0,0,0,0,0
34,8117752075195,Right,-1,52946,0,9236031,1,520192,1,313298,325,1569,327,998
34,8259620666504,Right,-1,528161,0,9256082,1,520264,1,130202,325,0579,328,1634
34,8398971557617,Right,-1,525924,0,9312026,1,51896,0,6180553,324,9263,326,2857
34,8536643981934,Right,-1,523602,0,9338696,1,517175,359,7574,324,8107,325,9037
34,8675994873047,Right,-1,521934,0,9353015,1,515275,359,7682,324,5113,325,7215
34,8814888000488,Right,-1,518805,0,9359769,1,512902,0,7543334,324,5768,325,563
34,8953056335449,Right,-1,517065,0,9383748,1,511686,359,5291,324,7113,326,2843
34,9094543457031,Right,-1,513163,0,9431382,1,508434,357,6388,325,0238,327,8404
34,9230194091797,Right,-1,509963,0,9487913,1,504511,356,3581,325,4041,328,288
34,9370193481445,Right,-1,507472,0,9533684,1,501427,355,0948,325,6694,328,5146
34,9509887695313,Right,-1,503255,0,961734,1,494594,353,108,325,8772,328,3482
34,9646377563477,Right,-1,501807,0,9646459,1,491177,352,4453,325,8234,328,2167
34,9787406921387,Right,-1,498852,0,9736126,1,480093,350,6266,325,1822,327,7017
34,9926795959473,Right,-1,497488,0,9807454,1,469543,349,2228,324,1045,326,89
35,0067481994629,Right,-1,497322,0,9852675,1,461667,348,4242,323,1078,326,106
35,0203742980957,Right,-1,496578,0,9929733,1,447563,347,0823,321,4572,324,9352
35,034107208252,Right,-1,496653,0,9946731,1,443586,346,7142,320,8641,324,6053
35,0481147766113,Right,-1,496785,1,002128,1,426831,345,3372,318,5255,323,491
35,0622024536133,Right,-1,49925,1,007727,1,409713,344,0936,315,589,321,8738
35,075813293457,Right,-1,499884,1,009892,1,402934,343,6414,314,5226,321,323
35,0898704528809,Right,-1,50211,1,013809,1,382169,342,8215,310,8428,320,2817
35,1042900085449,Right,-1,505364,1,015099,1,366555,342,5648,307,4859,319,4888
35,1175422668457,Right,-1,506617,1,01706,1,355735,342,3029,305,5277,318,4644
35,1315689086914,Right,-1,508419,1,019324,1,337611,342,1377,302,1521,316,6173
35,1452903747559,Right,-1,510707,1,018106,1,330413,342,3792,300,4515,315,9355
35,1592483520508,Right,-1,513212,1,016688,1,309029,342,7567,295,9878,315,0221
35,1733360290527,Right,-1,51685,1,013283,1,294457,343,5624,292,5005,314,6841
35,1869583129883,Right,-1,518473,1,011782,1,285755,343,9311,290,7155,314,3653
35,2010650634766,Right,-1,520791,1,005592,1,270465,345,9817,287,3401,313,7003
35,2150268554688,Right,-1,523326,1,002576,1,267473,346,6286,286,9247,313,8552
35,2286224365234,Right,-1,525558,0,9964187,1,257879,347,8726,286,0484,314,2386
35,2429313659668,Right,-1,528386,0,9916638,1,25264,348,2439,286,6389,314,2472
35,2565574645996,Right,-1,529357,0,9879615,1,251295,348,0389,286,6077,316,1153
35,2704277038574,Right,-1,531662,0,9831845,1,244757,347,7269,285,9842,317,1117
35,284351348877,Right,-1,532869,0,9811957,1,242666,348,2428,285,441,318,8877
35,2981033325195,Right,-1,536125,0,977127,1,239936,348,0675,285,8812,319,6382
35,3123626708984,Right,-1,538293,0,9748515,1,235796,348,2247,285,6691,319,9129
35,326057434082,Right,-1,539304,0,9728896,1,235617,348,5851,285,7733,319,8312
35,3398208618164,Right,-1,541485,0,9694091,1,232281,349,0373,285,5125,319,2148
35,3538627624512,Right,-1,542439,0,9673473,1,23061,349,1716,285,0846,318,6066
35,3678245544434,Right,-1,542455,0,9665934,1,228999,349,3536,284,3083,317,8082
35,3817329406738,Right,-1,542905,0,9665325,1,228136,348,8287,284,011,317,2436
35,3955078125,Right,-1,54316,0,9670017,1,227576,348,4902,283,9916,317,0383
0,Ketchup dropped,0,0,0,0,0,0
0,Ketchup grabbed,0,0,0,0,0,0
35,409351348877,Right,-1,54219,0,9700066,1,229712,347,7606,284,6854,315,5077
35,4233818054199,Right,-1,542029,0,9690257,1,231266,347,7424,285,0889,316,4138
35,4372444152832,Right,-1,541448,0,9694663,1,234943,348,0886,285,563,316,8932
35,4510116577148,Right,-1,541161,0,9697705,1,236907,347,9941,286,3328,317,5249
35,4650459289551,Right,-1,540422,0,9697496,1,238734,348,0895,287,0425,317,6993
35,4789237976074,Right,-1,538625,0,9729379,1,244542,347,6689,288,3351,317,7195
35,4926452636719,Right,-1,536861,0,9764198,1,249161,347,1031,289,3531,316,8576
35,5067100524902,Right,-1,535971,0,9782138,1,251507,346,5469,289,8137,316,9449
35,5206604003906,Right,-1,533341,0,9830756,1,258625,345,6272,291,2844,316,1828
35,5345840454102,Right,-1,53154,0,9847019,1,261346,345,1422,291,7682,316,5097
35,5485038757324,Right,-1,528187,0,9885308,1,268743,344,5364,293,0263,316,3478
35,5621719360352,Right,-1,525062,0,9914488,1,274641,344,1542,293,9914,316,2592
35,576301574707,Right,-1,522896,0,9932936,1,278302,344,0164,294,5223,316,1223
35,5900764465332,Right,-1,519199,0,9976779,1,28617,343,1312,296,1061,315,3343
35,6037521362305,Right,-1,517149,0,998331,1,288169,343,0626,296,4189,315,0689
35,6178283691406,Right,-1,511881,1,001981,1,296486,342,9959,297,4366,314,6917
35,6317291259766,Right,-1,506478,1,005423,1,304145,342,9344,298,4261,314,3091
35,6455764770508,Right,-1,504302,1,006966,1,307185,342,8034,298,855,314,1928
35,6597099304199,Right,-1,498062,1,011797,1,316393,342,3092,300,2903,313,768
35,6733589172363,Right,-1,492297,1,01569,1,323479,341,6784,301,6461,313,6173
35,6877403259277,Right,-1,488177,1,018684,1,328743,341,2198,302,6609,313,4583
35,7012367248535,Right,-1,48044,1,0236,1,337949,340,3105,304,5292,313,5881
35,7149085998535,Right,-1,475978,1,026004,1,342204,339,7498,305,6518,313,8798
35,7291374206543,Right,-1,466611,1,031931,1,353824,338,6253,308,1288,314,2549
35,742919921875,Right,-1,457758,1,036833,1,363083,337,4888,310,6498,314,5894
35,7565536499023,Right,-1,452046,1,039755,1,368668,336,7846,312,1663,314,8786
35,7707710266113,Right,-1,43942,1,045548,1,380799,335,368,315,5091,315,5142
35,7843742370605,Right,-1,436014,1,047086,1,383404,334,9471,316,4008,315,4734
35,798397064209,Right,-1,423894,1,051167,1,395741,334,0128,319,5681,316,0314
35,8123588562012,Right,-1,413442,1,053428,1,405172,333,5411,322,4196,316,4432
35,826114654541,Right,-1,408095,1,054107,1,409889,333,3949,323,8358,316,7143
35,8401947021484,Right,-1,396462,1,055306,1,420556,333,3046,326,611,317,2426
35,8543434143066,Right,-1,39283,1,056283,1,422882,333,1455,327,4832,317,2773
35,8681449890137,Right,-1,381825,1,058019,1,433348,333,0142,330,0636,317,3799
35,8819122314453,Right,-1,375376,1,051081,1,437136,335,5952,330,4366,317,5399
35,8955726623535,Right,-1,372112,1,050187,1,440019,336,0674,330,8614,317,7285
35,9097595214844,Right,-1,365462,1,045998,1,445264,337,4384,331,3074,317,9296
35,9234580993652,Right,-1,360856,1,043906,1,448937,337,9221,332,1876,317,5375
35,9372482299805,Right,-1,357347,1,041768,1,452,338,2865,333,0234,317,5813
35,9513053894043,Right,-1,351406,1,037471,1,457454,338,6222,335,013,318,3712
35,9652900695801,Right,-1,348512,1,036026,1,46007,338,5946,335,8827,318,8581
35,9791603088379,Right,-1,341578,1,031358,1,466931,338,2334,338,6237,320,6913
35,9929847717285,Right,-1,336917,1,026537,1,470231,337,8182,340,7045,322,9516
36,0067253112793,Right,-1,333874,1,024441,1,472122,337,8781,341,5424,323,8337
36,0207138061523,Right,-1,330138,1,018151,1,474435,338,5687,342,2237,325,3337
36,0346450805664,Right,-1,329475,1,016524,1,474259,338,989,342,2581,325,3972
36,0483589172363,Right,-1,326605,1,010248,1,47714,339,9221,342,528,325,8658
36,0624237060547,Right,-1,325247,1,004859,1,478884,340,7369,342,4882,326,1628
36,0763282775879,Right,-1,324616,1,001631,1,480012,341,3849,342,5086,326,1632
36,090389251709,Right,-1,322567,0,9951943,1,482533,342,3292,342,7437,326,5561
36,1042137145996,Right,-1,321777,0,9939259,1,483293,342,4938,342,9109,326,771
36,1180572509766,Right,-1,319327,0,9889413,1,485715,343,0142,343,3466,327,3119
36,1320648193359,Right,-1,317476,0,9860816,1,48809,343,1069,343,9063,327,3239
36,145866394043,Right,-1,316557,0,9854354,1,48921,342,8632,344,2474,327,2626
36,1597290039063,Right,-1,313896,0,9836619,1,492039,342,3973,345,104,327,0413
36,1736221313477,Right,-1,311973,0,9830914,1,493945,341,7532,346,0085,326,6509
36,1875419616699,Right,-1,310396,0,9817445,1,49546,341,6165,346,4983,326,7284
36,2015991210938,Right,-1,307967,0,9798719,1,497742,341,4862,347,2228,326,7974
36,2153968811035,Right,-1,307082,0,9789732,1,498331,341,7198,347,3697,326,8227
36,2290382385254,Right,-1,305042,0,9766022,1,500621,342,1478,347,7642,326,733
36,2429542541504,Right,-1,30364,0,9751664,1,501766,342,2491,348,1548,326,5947
36,2569007873535,Right,-1,302711,0,9744195,1,50254,342,2089,348,4196,326,5605
36,2711143493652,Right,-1,301347,0,9741324,1,503406,341,7355,348,9215,326,3135
36,2847709655762,Right,-1,300643,0,9736072,1,503692,341,7114,349,1071,326,2979
36,2985916137695,Right,-1,298948,0,9731358,1,504642,341,4883,349,5784,326,1446
36,3126029968262,Right,-1,297469,0,9722139,1,505243,341,4672,349,8604,326,4165
36,3262901306152,Right,-1,29701,0,9719388,1,505378,341,4461,349,9768,326,5194
36,3403549194336,Right,-1,296036,0,9712897,1,505767,341,4021,350,1527,326,7063
36,354434967041,Right,-1,29585,0,9713459,1,505785,341,3416,350,2337,326,8022
36,3680877685547,Right,-1,294848,0,971354,1,506432,341,0681,350,5421,326,9794
36,3818359375,Right,-1,293991,0,971589,1,507012,340,6852,350,9955,326,8266
36,3958549499512,Right,-1,293698,0,9717768,1,50718,340,4559,351,232,326,7415
36,4097900390625,Right,-1,293423,0,9721867,1,507558,340,1594,351,6289,326,4005
36,4236450195313,Right,-1,293379,0,9715992,1,507503,340,4412,351,7171,326,322
36,4375610351563,Right,-1,2928,0,9716033,1,507975,340,1449,351,992,326,6028
36,4513893127441,Right,-1,29206,0,9715647,1,508257,339,8603,352,4287,326,8064
0,Ketchup dropped,0,0,0,0,0,0
36,46533203125,Right,-1,292294,0,9698476,1,508693,340,5111,352,4421,327,3374
36,4792594909668,Right,-1,291855,0,9690349,1,508308,340,5444,352,5159,328,4538
36,4931144714355,Right,-1,291628,0,9694617,1,507182,341,0285,352,3313,328,0605
36,5070838928223,Right,-1,291231,0,9710302,1,505804,340,247,352,467,328,5539
36,5211181640625,Right,-1,290773,0,9730197,1,504018,339,5963,352,4304,328,1994
36,534782409668,Right,-1,291459,0,9727704,1,503939,340,2104,352,1777,327,5224
36,5489082336426,Right,-1,290474,0,9749746,1,500115,340,6552,351,8325,326,218
36,5625534057617,Right,-1,289437,0,978108,1,497808,339,1356,351,9354,326,6799
36,5764503479004,Right,-1,289244,0,9803572,1,495237,338,4415,351,7527,326,4308
36,5907897949219,Right,-1,288666,0,9833766,1,49192,338,021,351,5799,326,2577
36,6042175292969,Right,-1,288543,0,9845129,1,490378,337,9034,351,4767,326,0802
36,618236541748,Right,-1,288147,0,9879727,1,486466,337,2679,351,2198,325,967
36,6322784423828,Right,-1,287286,0,9912913,1,483269,336,45,351,2769,326,1431
36,6464195251465,Right,-1,286418,0,9942144,1,481308,335,7065,351,5847,326,2288
36,6598472595215,Right,-1,285236,0,9990826,1,477784,334,5081,351,8835,326,1983
36,6737098693848,Right,-1,284395,1,003646,1,474117,333,4471,352,159,325,9172
36,6874313354492,Right,-1,283941,1,006318,1,471809,332,8794,352,2385,325,7897
36,7015953063965,Right,-1,283187,1,010924,1,467662,331,8073,352,3863,325,6165
36,715259552002,Right,-1,283012,1,013119,1,465322,331,3034,352,481,325,4029
36,7292976379395,Right,-1,282825,1,018916,1,45988,329,8946,352,4873,325,3738
36,7434616088867,Right,-1,283599,1,02352,1,454332,328,799,352,204,324,8575
36,7570915222168,Right,-1,283418,1,026134,1,451832,328,2946,352,2566,324,5375
36,7710037231445,Right,-1,285043,1,031528,1,444462,326,9037,351,6308,324,0891
36,7850532531738,Right,-1,286583,1,033521,1,440704,326,4566,351,1703,323,5703
36,7987632751465,Right,-1,289381,1,039041,1,432045,325,2027,350,3101,322,5802
36,8127670288086,Right,-1,291818,1,043139,1,425085,324,206,349,579,321,7033
36,8264427185059,Right,-1,295039,1,045246,1,419589,323,5982,348,5729,321,205
36,8404006958008,Right,-1,299292,1,050129,1,410156,322,3384,347,2174,320,3809
36,854362487793,Right,-1,30182,1,051224,1,406946,321,9041,346,4447,320,0005
36,8684158325195,Right,-1,310713,1,055306,1,393615,320,4607,343,4697,319,2366
36,882152557373,Right,-1,318304,1,057775,1,383883,319,3578,340,8226,318,8303
36,8961448669434,Right,-1,323112,1,058462,1,378513,318,946,339,1912,318,7355
36,9099502563477,Right,-1,334056,1,059713,1,365024,318,1937,335,4692,318,515
36,923942565918,Right,-1,344717,1,058691,1,355164,317,8091,332,0125,318,6473
36,9376411437988,Right,-1,349302,1,060361,1,349025,317,2063,330,4122,318,5185
36,9515609741211,Right,-1,356262,1,056465,1,320609,317,2066,325,0707,318,8273
36,9655685424805,Right,-1,357314,1,05238,1,306494,318,23,322,694,318,9508
36,9796028137207,Right,-1,357396,1,038202,1,266397,320,9965,317,2202,322,9391
36,993522644043,Right,-1,351269,1,033466,1,233281,321,7459,312,6247,324,7126
37,0072898864746,Right,-1,346091,1,028113,1,208148,322,1945,309,2061,326,093
37,0209541320801,Right,-1,33541,1,019282,1,163651,323,2455,303,2385,327,5888
37,0352592468262,Right,-1,329412,1,015307,1,146394,323,7839,301,0198,327,8657
37,0489120483398,Right,-1,312874,1,002819,1,097292,325,6916,295,4654,328,445
37,0625839233398,Right,-1,29841,0,9914408,1,061205,327,7232,291,2849,329,084
37,0766563415527,Right,-1,291307,0,9829618,1,033922,329,2664,288,804,329,7182
37,0906105041504,Right,-1,270648,0,9679073,0,9872065,332,0307,284,1237,330,683
37,1043434143066,Right,-1,266844,0,9620635,0,9726951,333,1749,282,8282,331,1243
37,1185722351074,Right,-1,241466,0,9441939,0,9229357,336,4772,278,8072,332,135
37,132007598877,Right,-1,224681,0,9298379,0,8848292,339,6201,276,2469,332,2066
37,1460952758789,Right,-1,215539,0,9231431,0,8635967,340,5048,275,3886,332,6511
37,1603240966797,Right,-1,191496,0,9099337,0,8145564,342,2974,272,8152,332,9952
37,1737365722656,Right,-1,198565,0,9076153,0,7956215,342,1936,272,5661,333,0729
37,1878929138184,Right,-1,181266,0,8953565,0,7388616,343,5485,270,0352,333,417
37,2019348144531,Right,-1,174325,0,8864859,0,6874322,343,986,268,4619,334,1609
37,2155494689941,Right,-1,173818,0,8824764,0,6639503,344,3167,267,7126,334,4033
37,2294654846191,Right,-1,164661,0,8711119,0,6036495,345,5034,265,4849,334,8464
37,2432060241699,Right,-1,158622,0,8619612,0,5588866,346,6965,263,556,334,9929
37,2571983337402,Right,-1,155668,0,8588053,0,528161,346,4149,262,9977,335,3771
37,2713584899902,Right,-1,147005,0,8554753,0,4735115,346,2076,261,6526,334,559
37,2850036621094,Right,-1,146554,0,8516545,0,4523658,346,6292,260,8597,334,5149
37,2991790771484,Right,-1,140276,0,8438357,0,3895926,347,7989,258,9389,333,7036
37,3129768371582,Right,-1,136847,0,8367842,0,3429392,348,6411,257,4189,333,3792
37,3265380859375,Right,-1,136312,0,8337222,0,3152916,349,1563,256,8381,333,1718
37,3405723571777,Right,-1,131289,0,8309752,0,2581247,349,736,255,9649,332,1477
37,3544731140137,Right,-1,13406,0,8297235,0,2384748,349,7163,255,5764,332,1348
37,3683090209961,Right,-1,132535,0,8255913,0,1774214,350,0709,254,0295,331,8088
37,382194519043,Right,-1,136006,0,8243856,0,1254593,349,956,252,7715,331,4008
37,3960494995117,Right,-1,138916,0,8229077,0,09848219,350,0538,252,113,331,2575
37,4102439880371,Right,-1,145671,0,8205839,0,03561485,350,1149,250,3765,330,9629
37,4240112304688,Right,-1,153496,0,8206252,0,01907098,350,0348,249,733,330,7422
37,4377784729004,Right,-1,164561,0,8192207,-0,04187363,350,1158,247,8225,330,0316
37,4518508911133,Right,-1,178288,0,8405516,-0,09511185,350,587,246,2778,329,3376
37,4656524658203,Right,-1,185233,0,8427886,-0,1188534,350,8699,245,6349,329,1652
37,4795532226563,Right,-1,200125,0,8517011,-0,178234,351,3918,243,9949,328,6178
37,4935836791992,Right,-1,214988,0,8509572,-0,2211711,351,6859,242,7912,328,2841
37,5074157714844,Right,-1,229059,0,8481154,-0,2496548,351,9373,241,9903,328,0633
37,5214233398438,Right,-1,256879,0,8432856,-0,2937785,352,1599,240,9759,328,1399
37,535213470459,Right,-1,270285,0,8386244,-0,3120174,352,3084,240,3488,327,924
37,5489463806152,Right,-1,30435,0,8293792,-0,3566342,352,0806,239,3158,328,3844
37,5630340576172,Right,-1,335015,0,8193763,-0,3902066,351,8862,238,6981,328,5537
37,5770111083984,Right,-1,354696,0,8130135,-0,4108649,351,7823,238,232,328,676
37,5908393859863,Right,-1,38995,0,8104126,-0,4476444,351,5297,237,2623,329,0744
37,604736328125,Right,-1,404161,0,8103198,-0,4609372,351,5315,236,8515,329,1324
37,6184844970703,Right,-1,44148,0,8106132,-0,4983508,351,6158,235,9001,328,9477
37,6326370239258,Right,-1,475784,0,810925,-0,5281409,351,7002,235,2617,328,5648
37,6465148925781,Right,-1,495753,0,81114,-0,5426922,351,6868,234,9307,328,4582
37,6603775024414,Right,-1,536562,0,8119096,-0,5732208,351,5683,234,1715,328,2529
37,6743316650391,Right,-1,550688,0,8119702,-0,5827693,351,5238,233,8955,328,2444
37,6880493164063,Right,-1,592505,0,8128754,-0,6111041,351,3343,233,079,328,1998
37,7018814086914,Right,-1,629611,0,8137713,-0,6344272,351,1146,232,3262,328,2373
37,7161102294922,Right,-1,650036,0,8144122,-0,6456663,351,0611,231,9545,328,0423
37,7297973632813,Right,-1,692838,0,8158783,-0,670666,351,0789,231,2937,327,1602
37,7437171936035,Right,-1,726031,0,8161494,-0,6888986,351,2163,230,7531,326,4606
37,7575836181641,Right,-1,750373,0,8164375,-0,7021421,351,4159,230,3312,325,8973
37,7713165283203,Right,-1,790285,0,8165081,-0,723264,351,7118,229,7549,325,3085
37,7853012084961,Right,-1,808635,0,8165215,-0,7320732,351,7273,229,6854,325,2784
37,7992706298828,Right,-1,85464,0,8167579,-0,7555267,351,6809,229,3058,325,258
37,813045501709,Right,-1,889412,0,8172377,-0,7729553,351,3536,229,0788,326,059
37,8269958496094,Right,-1,912106,0,8180135,-0,7847779,351,179,228,8434,326,4829
37,840763092041,Right,-1,953763,0,818895,-0,8063639,351,0952,228,3327,326,5973
37,8548126220703,Right,-1,970035,0,8191283,-0,8145189,351,2094,228,0743,326,464
37,8686752319336,Right,-2,014646,0,8196021,-0,8372093,351,6313,227,3586,325,9327
37,882453918457,Right,-2,051939,0,8194305,-0,8559016,352,0633,226,9244,325,4914
37,8967247009277,Right,-2,075589,0,8189706,-0,8673931,352,3199,226,8254,325,5038
37,9103088378906,Right,-2,119335,0,8172693,-0,8891944,352,7531,226,8596,326,3181
37,9241333007813,Right,-2,133723,0,8168637,-0,8960401,352,9419,226,9481,326,9799
37,9384078979492,Right,-2,181967,0,815167,-0,9201125,353,2491,226,9544,328,7526
37,9520149230957,Right,-2,219179,0,8158976,-0,9397682,352,9826,226,7911,330,0828
37,9660491943359,Right,-2,239384,0,8327588,-0,9505928,352,8864,226,6507,330,499
37,9798889160156,Right,-2,283235,0,8542849,-0,9751093,352,5299,226,2328,331,0147
37,9934539794922,Right,-2,314447,0,8632773,-0,9931527,352,1475,225,9597,330,1382
38,0076026916504,Right,-2,339799,0,8643013,-1,007742,351,9684,225,9368,329,1926
38,0214729309082,Right,-2,379107,0,8659121,-1,031374,352,1328,225,6864,327,9021
38,0352516174316,Right,-2,395826,0,8633868,-1,041676,352,1671,225,5789,327,7732
38,0493240356445,Right,-2,440599,0,8584708,-1,069986,352,251,225,17,327,5459
38,063159942627,Right,-2,473586,0,8516687,-1,092191,352,1191,224,937,328,0485
38,0771255493164,Right,-2,495574,0,8488418,-1,108081,351,9383,224,8114,328,3826
38,091007232666,Right,-2,534455,0,8489289,-1,136624,351,7053,224,5614,328,4991
38,104736328125,Right,-2,548392,0,8480783,-1,147372,351,6363,224,4848,328,327
38,1187591552734,Right,-2,589817,0,8472525,-1,180899,351,4663,224,2635,327,843
38,1326751708984,Right,-2,621421,0,8434424,-1,209254,351,2512,224,1068,327,5649
38,1465377807617,Right,-2,639498,0,8598425,-1,2263,351,0077,224,0547,327,6055
38,1604995727539,Right,-2,675663,0,8677808,-1,26276,350,5594,223,9639,327,5482
38,1745986938477,Right,-2,687628,0,8648466,-1,276413,350,4559,223,9529,327,4945
38,1882247924805,Right,-2,721976,0,8713436,-1,314427,350,1291,223,8282,327,3795
38,202091217041,Right,-2,749764,0,8738024,-1,349377,349,8065,223,4637,327,1613
38,2158851623535,Right,-2,762256,0,8748268,-1,367972,349,5085,223,2489,327,0202
38,2297706604004,Right,-2,792899,0,8787407,-1,410734,348,9016,222,7976,326,7136
38,2436904907227,Right,-2,813541,0,8818308,-1,443677,348,3509,222,423,326,2564
38,2575569152832,Right,-2,82711,0,8840314,-1,469433,347,8573,222,2759,326,0327
38,2715110778809,Right,-2,84719,0,8885468,-1,512219,346,9552,221,925,325,6735
38,2856101989746,Right,-2,85578,0,8900377,-1,532304,346,7457,221,6624,325,5026
38,2992286682129,Right,-2,875793,0,8940684,-1,579627,346,2656,221,0718,325,1584
38,3131828308105,Right,-2,890527,0,8970236,-1,618278,346,1015,220,4193,324,6133
38,3271255493164,Right,-2,900523,0,8989327,-1,644018,346,0392,220,0145,324,2066
38,3408660888672,Right,-2,91795,0,9027205,-1,68989,345,7536,219,3791,323,6976
38,355037689209,Right,-2,925506,0,9040582,-1,709013,345,5235,219,1202,323,6125
38,3690452575684,Right,-2,944183,0,9089596,-1,759579,344,7596,218,5105,323,4558
38,3825302124023,Right,-2,957697,0,9128683,-1,798079,344,1326,217,9043,323,2546
38,396671295166,Right,-2,966381,0,9151431,-1,823014,343,7681,217,4017,323,066
38,4102821350098,Right,-2,981773,0,9200883,-1,869291,343,2156,216,1745,322,2904
38,4243392944336,Right,-2,989162,0,9211296,-1,885258,343,0273,215,9308,322,1134
38,4381904602051,Right,-3,002646,0,9261574,-1,926953,342,6192,214,859,320,9077
38,4519500732422,Right,-3,009231,0,9290828,-1,95544,342,39,213,6272,319,8085
38,4661254882813,Right,-3,000419,0,9296829,-1,954503,342,2695,212,6501,319,5638
38,4797630310059,Right,-2,995091,0,9325621,-1,968965,342,0135,211,1147,318,7228
38,493824005127,Right,-2,985388,0,9325582,-1,975622,342,2036,209,1318,318,1811
38,5077629089355,Right,-2,979528,0,9333851,-1,980393,342,1968,208,0716,317,8346
38,5213623046875,Right,-2,970468,0,9330338,-1,987108,342,596,206,4897,317,5376
38,5354690551758,Right,-2,967762,0,9311989,-1,99011,343,2167,206,0731,317,561
38,5492782592773,Right,-2,959694,0,9279797,-1,995933,343,8877,205,1459,317,9527
38,5631217956543,Right,-2,953106,0,9251041,-1,999586,343,9951,204,2703,318,8682
38,5771598815918,Right,-2,948429,0,9243311,-2,001319,343,7215,203,583,319,3587
38,5908813476563,Right,-2,939729,0,9224902,-2,004042,343,5509,202,4319,319,7995
38,6050109863281,Right,-2,936707,0,9218979,-2,00517,343,3486,202,1717,319,4822
38,6189842224121,Right,-2,927515,0,9201806,-2,008951,342,473,201,6388,319,3712
38,6325263977051,Right,-2,920863,0,9186411,-2,006356,342,3724,200,6194,318,1772
38,6467933654785,Right,-2,918175,0,9179738,-2,006496,342,1987,200,2936,318,202
0,Teapot grabbed,0,0,0,0,0,0
38,6605606079102,Right,-2,91401,0,9203117,-2,004233,342,1235,199,9088,318,5431
38,6746597290039,Right,-2,915346,0,9220862,-2,003124,341,787,200,7098,317,148
38,6882972717285,Right,-2,913676,0,9235161,-2,000928,341,6534,201,4179,316,0156
38,7019386291504,Right,-2,9133,0,9243678,-1,997807,340,6831,201,8247,312,8803
38,7159271240234,Right,-2,913961,0,9225067,-1,996445,340,7124,201,6242,312,3071
38,7301292419434,Right,-2,916841,0,921174,-1,994884,341,3878,201,8544,312,9063
38,7436294555664,Right,-2,916841,0,922009,-1,993595,341,4661,201,2664,313,392
38,7576866149902,Right,-2,917571,0,9230709,-1,992081,341,4296,202,0861,314,4831
38,771656036377,Right,-2,918354,0,9268509,-1,988336,340,8763,202,762,314,8919
38,7853012084961,Right,-2,920135,0,9287539,-1,986914,340,4376,203,915,315,2253
38,799373626709,Right,-2,922391,0,9316734,-1,982845,339,9456,205,1249,314,8462
38,8132934570313,Right,-2,924124,0,9343762,-1,979186,339,3817,204,8765,313,889
38,8271484375,Right,-2,925782,0,9352872,-1,976817,339,6194,204,2117,313,843
38,8410797119141,Right,-2,927859,0,9372586,-1,973121,340,3625,203,2068,313,7843
38,8548698425293,Right,-2,929826,0,9379687,-1,97174,340,6786,203,0202,314,2168
38,8687553405762,Right,-2,933475,0,9407387,-1,968267,340,1106,203,9192,314,163
38,8826751708984,Right,-2,93608,0,9428387,-1,964864,339,1904,205,2267,313,4517
38,8964424133301,Right,-2,937094,0,9437916,-1,962883,338,7373,205,8226,313,0458
38,9104423522949,Right,-2,939696,0,9462848,-1,959214,337,8817,206,9016,312,2383
38,92431640625,Right,-2,939953,0,9463528,-1,957494,337,8651,206,8583,312,2613
38,9381065368652,Right,-2,942514,0,948113,-1,953402,337,7437,207,3961,312,1128
38,9521789550781,Right,-2,944593,0,9493754,-1,949681,337,7093,207,9816,312,1054
38,9659271240234,Right,-2,945609,0,9499596,-1,948038,337,6719,208,3877,312,2737
38,9799766540527,Right,-2,947296,0,9517753,-1,94413,337,5832,208,9476,312,2581
38,9937629699707,Right,-2,947514,0,9520708,-1,943211,337,6438,208,8707,311,9686
39,0075492858887,Right,-2,948908,0,9534647,-1,939963,337,6272,208,7766,311,7641
39,0217399597168,Right,-2,949977,0,9550906,-1,93671,337,2883,208,765,311,5854
39,0355453491211,Right,-2,95004,0,9555759,-1,935346,337,0081,208,7242,311,4749
39,0495376586914,Right,-2,950968,0,9568397,-1,931915,336,7918,208,7973,311,3103
39,0633583068848,Right,-2,951813,0,9573882,-1,929719,336,8306,209,1221,311,1525
39,0769691467285,Right,-2,952076,0,9573818,-1,928451,336,9563,209,3911,311,1248
39,0911445617676,Right,-2,952831,0,9582975,-1,925597,336,8589,209,8834,311,0964
39,104850769043,Right,-2,952627,0,9587283,-1,924286,336,7422,209,9145,311,089
39,1187629699707,Right,-2,95296,0,9600681,-1,921075,336,5438,210,1588,311,0341
39,1326370239258,Right,-2,953138,0,9613705,-1,918579,336,493,210,2972,310,8188
39,1465377807617,Right,-2,953339,0,9617075,-1,917404,336,7409,210,3579,310,8757
39,1602363586426,Right,-2,953541,0,9625598,-1,915015,337,0732,210,5126,310,7885
39,1744613647461,Right,-2,95353,0,9628143,-1,914347,337,1808,210,5673,310,7921
39,1881332397461,Right,-2,953533,0,963625,-1,912337,337,272,210,7152,310,6217
39,2020835876465,Right,-2,953322,0,9644176,-1,910777,337,0567,210,9117,310,4044
39,216194152832,Right,-2,953051,0,9647763,-1,910133,336,8558,211,0476,310,2521
39,2297096252441,Right,-2,952561,0,9658359,-1,908244,336,5247,211,3092,309,9822
39,2437438964844,Right,-2,951935,0,966374,-1,907013,336,4603,211,3285,310,0652
39,257740020752,Right,-2,964177,0,966724,-1,906642,336,4738,211,1992,310,2083
39,2713737487793,Right,-2,970875,0,9672756,-1,90604,336,4377,211,0964,310,157
39,285758972168,Right,-2,960179,0,9676315,-1,905089,336,4039,211,0358,310,1577
39,2993087768555,Right,-2,956227,0,9682294,-1,90404,336,4205,210,9395,310,1333
39,313175201416,Right,-2,94767,0,9687536,-1,902501,336,1313,210,8639,310,0196
39,3271255493164,Right,-2,941946,0,9688582,-1,902126,335,9458,210,9384,309,9151
39,3408699035645,Right,-2,929149,0,9687631,-1,901445,335,8309,211,0508,309,9664
39,3549423217773,Right,-2,921709,0,9689334,-1,901359,335,9122,211,2428,309,7496
39,3687744140625,Right,-2,904781,0,969444,-1,900116,335,8059,211,5377,309,6561
39,3825225830078,Right,-2,888974,0,9700376,-1,898328,335,738,211,7448,310,0215
39,3966789245605,Right,-2,878652,0,971024,-1,896947,335,4668,211,546,309,5979
39,4106178283691,Right,-2,862288,0,9731163,-1,900763,335,5235,212,1737,309,2518
39,424186706543,Right,-2,85709,0,9732598,-1,896943,335,5101,212,3466,309,1333
39,438304901123,Right,-2,850759,0,9753643,-1,899243,335,5552,212,6869,308,7488
39,4519386291504,Right,-2,848519,0,9768223,-1,898482,335,5988,212,7312,308,4005
39,465934753418,Right,-2,847954,0,977825,-1,898242,335,4644,212,5852,308,133
39,4798965454102,Right,-2,847147,0,979448,-1,897722,335,272,212,3661,307,7823
39,4937057495117,Right,-2,846301,0,9801433,-1,898016,335,0096,212,2347,307,8373
39,5077857971191,Right,-2,846125,0,9801643,-1,898365,334,7993,212,3138,307,8983
39,5216064453125,Right,-2,845843,0,9804543,-1,89838,334,5614,212,4322,307,9434
39,535270690918,Right,-2,845821,0,9803496,-1,898406,334,5136,212,4598,307,9422
39,5492706298828,Right,-2,845855,0,980166,-1,898564,334,4777,212,5783,307,957
39,5631446838379,Right,-2,84563,0,9801754,-1,898365,334,2836,212,6223,307,8492
39,5769844055176,Right,-2,845645,0,9802037,-1,89831,334,1822,212,6696,307,7616
39,5910301208496,Right,-2,845539,0,9801221,-1,898379,334,1537,212,7295,307,7852
39,6049346923828,Right,-2,845279,0,9800911,-1,898313,334,2037,212,6363,307,8878
39,6187591552734,Right,-2,844332,0,9799836,-1,897689,334,4199,212,2972,308,1269
39,6327323913574,Right,-2,843895,0,9798958,-1,897005,334,5186,211,9633,308,3352
39,646484375,Right,-2,843856,0,979771,-1,896979,334,6415,211,8919,308,4424
39,6604652404785,Right,-2,84362,0,9792847,-1,896271,334,9416,211,6563,308,8085
39,6741561889648,Right,-2,843697,0,9793433,-1,896286,335,0835,211,6741,308,9418
39,6881217956543,Right,-2,84408,0,979142,-1,895794,335,1417,211,899,309,0524
39,702018737793,Right,-2,844426,0,9792165,-1,894827,334,9426,212,0863,308,878
39,7159614562988,Right,-2,844698,0,9791051,-1,89421,334,8031,212,1283,308,7754
39,7300682067871,Right,-2,845938,0,9787607,-1,89253,334,6649,212,2998,308,7448
39,743824005127,Right,-2,846096,0,9787117,-1,892364,334,6775,212,349,308,7625
39,7575492858887,Right,-2,847364,0,9782811,-1,89125,334,795,212,4352,308,913
39,7715034484863,Right,-2,848658,0,9778017,-1,890423,335,0953,212,4626,309,1531
39,7853469848633,Right,-2,849428,0,9776508,-1,889971,335,2212,212,5237,309,2451
39,7992820739746,Right,-2,851632,0,9773178,-1,888589,335,2822,212,881,309,2667
39,8132705688477,Right,-2,852497,0,9773901,-1,887986,335,1373,213,1336,309,1116
39,8270568847656,Right,-2,85351,0,9774643,-1,887134,334,9637,213,3942,308,9289
39,8410415649414,Right,-2,855376,0,9775591,-1,88574,334,6061,213,9325,308,4847
39,8549270629883,Right,-2,855423,0,9774657,-1,885488,334,4245,214,0213,308,3102
39,8686256408691,Right,-2,856816,0,977497,-1,884436,334,0472,214,3885,307,8035
39,8828964233398,Right,-2,858087,0,9770374,-1,883297,333,864,214,5596,307,4378
39,8966445922852,Right,-2,858704,0,9767294,-1,882753,333,9072,214,6516,307,3442
39,9104232788086,Right,-2,860218,0,9760501,-1,881869,334,3074,214,8069,307,4528
39,9243469238281,Right,-2,860525,0,9758416,-1,881919,334,5806,214,8001,307,6371
39,9383735656738,Right,-2,861522,0,9749861,-1,881672,335,1838,214,7629,308,1325
39,9522399902344,Right,-2,862169,0,974312,-1,881381,335,7446,214,603,308,5999
39,9660682678223,Right,-2,862271,0,974289,-1,881393,335,9565,214,4831,308,8356
39,9797286987305,Right,-2,863165,0,9735237,-1,880592,336,217,214,466,308,8665
39,9936866760254,Right,-2,863905,0,9730375,-1,87972,336,0839,214,6601,308,5184
40,0077362060547,Right,-2,864339,0,9728105,-1,879298,335,873,214,8284,308,1875
40,0214691162109,Right,-2,865516,0,9718688,-1,878414,335,5656,215,2743,307,5959
40,0356063842773,Right,-2,866209,0,9709679,-1,877938,335,4802,215,5322,307,3005
40,049201965332,Right,-2,867594,0,9694567,-1,877124,335,4322,215,9762,306,8423
40,063304901123,Right,-2,868474,0,9680673,-1,876473,335,344,216,1734,306,4212
40,077091217041,Right,-2,869474,0,9668956,-1,876285,335,4076,216,3439,306,0959
40,0909309387207,Right,-2,871175,0,9650173,-1,876869,335,7774,216,6001,305,8551
40,1049308776855,Right,-2,871456,0,9645869,-1,87734,336,0131,216,6988,305,9845
40,1188545227051,Right,-2,872565,0,9631316,-1,878581,336,6154,216,7642,306,3026
40,1324577331543,Right,-2,873425,0,9623815,-1,879428,337,1126,216,8804,306,446
40,1465148925781,Right,-2,873837,0,962186,-1,879842,337,3925,216,8937,306,5517
40,1605644226074,Right,-2,874289,0,9619606,-1,880443,337,797,216,9468,306,7492
40,1742515563965,Right,-2,874078,0,9621562,-1,88048,337,8545,216,8471,306,9239
40,1878890991211,Right,-2,874133,0,9621422,-1,880647,337,9485,216,7861,306,9973
40,2018051147461,Right,-2,873699,0,9626467,-1,880526,337,6646,216,7443,306,927
40,2157974243164,Right,-2,87358,0,9628341,-1,880235,337,4638,216,8117,306,7275
40,2298164367676,Right,-2,873283,0,9631757,-1,879483,337,0068,217,0411,306,2415
40,2434921264648,Right,-2,873209,0,9630843,-1,87891,336,6911,217,2775,305,7721
40,2575569152832,Right,-2,873009,0,9631307,-1,878367,336,3637,217,4389,305,4116
40,2716827392578,Right,-2,872848,0,96314,-1,877809,335,9617,217,7021,304,9478
40,28515625,Right,-2,87266,0,9629065,-1,877506,335,9422,217,8047,304,8788
40,2991027832031,Right,-2,872128,0,9627119,-1,876813,336,256,217,7758,305,0286
40,3127212524414,Right,-2,871357,0,9628459,-1,875527,336,6064,217,5522,305,2581
40,3267288208008,Right,-2,871292,0,9628828,-1,875388,336,7956,217,3977,305,4573
40,340503692627,Right,-2,8711,0,9628114,-1,874636,337,1527,217,2223,305,8211
40,3541984558105,Right,-2,871124,0,9629128,-1,874526,337,4208,217,1582,306,0895
40,3682670593262,Right,-2,87141,0,9629348,-1,873637,337,7454,217,3837,306,6109
40,3822021484375,Right,-2,871315,0,9636329,-1,872486,337,7485,217,5301,306,6867
40,396125793457,Right,-2,871316,0,9640302,-1,871833,337,5353,217,4951,306,4261
40,4100036621094,Right,-2,87148,0,9646332,-1,870184,337,2915,217,5096,306,062
40,4238357543945,Right,-2,871641,0,964648,-1,869726,337,106,217,5213,305,8842
40,4375419616699,Right,-2,872245,0,9653525,-1,867968,336,936,217,5254,305,6887
40,4514007568359,Right,-2,873146,0,9660527,-1,866654,336,9807,217,7177,305,6701
40,4652366638184,Right,-2,873635,0,9665012,-1,865938,337,0751,217,8712,305,7307
40,4792404174805,Right,-2,87487,0,9677415,-1,864251,337,0629,218,2119,305,7562
40,4931564331055,Right,-2,875739,0,9688178,-1,862813,336,9183,218,5012,305,6974
40,5068054199219,Right,-2,87565,0,9687607,-1,86288,336,8737,218,5372,305,6807
40,5208702087402,Right,-2,876788,0,9701983,-1,861499,336,788,218,7882,305,5042
40,5345764160156,Right,-2,876918,0,9704942,-1,861102,336,6451,218,912,305,3487
40,5486030578613,Right,-2,877285,0,9713463,-1,860249,336,4688,219,0615,305,0837
40,5625915527344,Right,-2,877613,0,9722003,-1,859167,336,1893,219,137,304,8147
40,5762481689453,Right,-2,877827,0,9724265,-1,858751,336,061,219,2494,304,6583
40,5903816223145,Right,-2,878279,0,9730102,-1,858074,335,9525,219,4204,304,5476
40,6044235229492,Right,-2,878494,0,9732839,-1,857715,335,9327,219,4908,304,5276
40,6180877685547,Right,-2,8789,0,9737347,-1,857105,335,9286,219,5771,304,5562
40,6320762634277,Right,-2,879041,0,973786,-1,856876,335,9778,219,4974,304,6858
40,645809173584,Right,-2,879128,0,9737885,-1,856919,336,1409,219,3854,304,8735
40,6596527099609,Right,-2,879392,0,9733192,-1,856988,336,6868,219,2098,305,4828
40,673454284668,Right,-2,879477,0,9736491,-1,857078,336,9954,219,1171,305,8381
40,6875457763672,Right,-2,879556,0,9740025,-1,857017,336,9709,219,1208,305,766
40,7013854980469,Right,-2,879767,0,9742124,-1,856726,336,7501,219,2697,305,4803
40,7153205871582,Right,-2,879748,0,9742345,-1,856347,336,5276,219,3226,305,19
40,7291145324707,Right,-2,879838,0,9743181,-1,855716,336,1295,219,5189,304,7925
40,7430572509766,Right,-2,879848,0,9740832,-1,855121,335,8578,219,673,304,521
40,7568817138672,Right,-2,879868,0,9737673,-1,854753,335,8443,219,703,304,4572
40,7708625793457,Right,-2,880091,0,9731662,-1,854295,336,008,219,667,304,5203
40,784610748291,Right,-2,880161,0,973047,-1,854231,336,1048,219,6244,304,6022
40,7986335754395,Right,-2,8805,0,9723524,-1,85364,336,3888,219,5241,304,7788
40,8126335144043,Right,-2,880727,0,9720267,-1,852869,336,4191,219,5634,304,6892
40,8262023925781,Right,-2,881053,0,9717346,-1,852023,336,3496,219,6931,304,4666
40,8401336669922,Right,-2,881699,0,9712805,-1,850426,336,0478,220,0356,303,9626
40,8539810180664,Right,-2,881864,0,9709764,-1,850119,335,9356,220,165,303,8318
40,8682975769043,Right,-2,88278,0,970564,-1,84887,335,6539,220,5403,303,4214
40,8819389343262,Right,-2,883597,0,9698171,-1,847528,335,6532,220,6939,303,2069
40,8955078125,Right,-2,88383,0,9695108,-1,847025,335,7169,220,6336,303,2119
40,9093437194824,Right,-2,884506,0,9690048,-1,846221,336,0373,220,5021,303,3458
40,9234237670898,Right,-2,885677,0,9686093,-1,845103,336,4203,220,487,303,4547
40,9370803833008,Right,-2,886499,0,9683195,-1,844403,336,6301,220,5532,303,4937
40,9513740539551,Right,-2,888321,0,9676999,-1,84257,336,8722,220,7012,303,4321
40,9653930664063,Right,-2,888759,0,9676839,-1,841898,336,8217,220,7774,303,3427
40,978702545166,Right,-2,890423,0,967347,-1,839663,336,643,221,1183,302,8755
40,9928741455078,Right,-2,891693,0,966722,-1,838171,336,5581,221,455,302,502
41,0064926147461,Right,-2,892208,0,9663483,-1,837723,336,6276,221,5739,302,4576
41,0205154418945,Right,-2,89375,0,965487,-1,836761,336,9336,221,6724,302,5149
41,0346488952637,Right,-2,894318,0,9651734,-1,836366,337,0699,221,6835,302,5656
41,0484199523926,Right,-2,895912,0,9641914,-1,835639,337,5887,221,7316,302,857
41,0621376037598,Right,-2,896351,0,9640048,-1,835289,337,8226,221,7505,303,0461
41,0761184692383,Right,-2,897034,0,9637085,-1,83463,337,9496,221,7536,303,0691
41,0898895263672,Right,-2,897984,0,9631604,-1,833652,337,9426,221,7951,302,9647
41,1040267944336,Right,-2,89854,0,9628299,-1,833296,337,8356,221,8169,302,8391
41,1177635192871,Right,-2,898609,0,9628756,-1,833263,337,7369,221,9015,302,7241
41,1315307617188,Right,-2,899025,0,9628772,-1,832582,337,6352,221,9923,302,3727
41,1455039978027,Right,-2,899229,0,9627802,-1,832241,337,4907,222,0964,302,1223
41,1593818664551,Right,-2,900295,0,9627525,-1,831036,337,3134,222,3609,301,5292
41,17333984375,Right,-2,900566,0,9624546,-1,830535,336,9874,222,593,301,1725
41,1871643066406,Right,-2,900767,0,9621832,-1,830325,336,907,222,6944,301,0642
41,2011528015137,Right,-2,9016,0,961487,-1,830083,337,1163,222,7643,301,0802
41,2151908874512,Right,-2,9016,0,9614143,-1,830255,337,3083,222,6413,301,2751
41,2289962768555,Right,-2,902414,0,9607364,-1,830014,337,785,222,4848,301,4337
41,2425918579102,Right,-2,902741,0,9604609,-1,829953,338,1127,222,312,301,5978
41,256649017334,Right,-2,902884,0,9602724,-1,829963,338,3469,222,1955,301,7645
41,270637512207,Right,-2,90309,0,959846,-1,830073,338,7068,222,0648,302,1333
41,2843818664551,Right,-2,90315,0,9598801,-1,830105,338,8397,222,0751,302,2636
41,2983474731445,Right,-2,903235,0,9596731,-1,829791,338,8384,222,2139,302,1512
41,3121032714844,Right,-2,903138,0,9595291,-1,829058,338,5609,222,3578,301,6436
41,3262939453125,Right,-2,903049,0,9593676,-1,828597,338,2928,222,4167,301,2934
41,3400993347168,Right,-2,902853,0,9589879,-1,827493,337,8535,222,6482,300,6141
41,3537864685059,Right,-2,902877,0,9586308,-1,827305,337,7056,222,8102,300,4081
41,3679580688477,Right,-2,902874,0,9580102,-1,826594,337,6536,223,0365,300,1502
41,3815765380859,Right,-2,902878,0,9571282,-1,826009,337,9493,223,0909,300,2913
41,3954162597656,Right,-2,902773,0,9569087,-1,825743,338,1358,222,973,300,4457
41,4093551635742,Right,-2,902598,0,9564142,-1,825011,338,4343,222,8033,300,5955
41,4232025146484,Right,-2,902503,0,9559243,-1,823643,338,5011,222,7643,300,3438
41,4372215270996,Right,-2,902502,0,9558399,-1,823249,338,3867,222,7861,300,1668
41,4511756896973,Right,-2,902734,0,9553141,-1,822269,338,2246,223,0013,299,7714
41,464900970459,Right,-2,902866,0,9549948,-1,821869,338,1471,223,1836,299,6206
41,4789924621582,Right,-2,903299,0,9544173,-1,820789,338,0423,223,4859,299,4013
41,4927711486816,Right,-2,903489,0,9536436,-1,820043,338,2288,223,5305,299,4824
41,5065841674805,Right,-2,903671,0,9532286,-1,819723,338,4602,223,4691,299,6092
41,5207099914551,Right,-2,90402,0,9524249,-1,819051,338,7639,223,2867,299,7534
41,534294128418,Right,-2,9043,0,9522655,-1,818815,338,8137,223,2738,299,7237
41,5482978820801,Right,-2,90489,0,9514279,-1,818359,339,1367,223,1203,299,7645
41,5627098083496,Right,-2,90554,0,950703,-1,817797,339,3576,223,0179,299,7247
41,576244354248,Right,-2,905666,0,9505051,-1,8175,339,3792,223,0586,299,6389
41,5901412963867,Right,-2,90613,0,9500273,-1,816806,339,3986,223,1928,299,4563
41,6038665771484,Right,-2,906413,0,9497997,-1,816649,339,425,223,3551,299,3648
41,6176567077637,Right,-2,907472,0,9492671,-1,815967,339,3873,223,7959,299,1109
41,6317596435547,Right,-2,907866,0,9488009,-1,815676,339,3754,223,9686,299,1379
41,645378112793,Right,-2,908079,0,9485576,-1,815487,339,4545,223,9297,299,2326
41,6592979431152,Right,-2,908502,0,9478434,-1,815131,339,8359,223,9174,299,6087
41,6733207702637,Right,-2,909971,0,9476616,-1,804389,340,3628,223,85,300,2243
41,6870613098145,Right,-2,911029,0,9479048,-1,788231,340,4636,223,6252,300,3025
41,7012100219727,Right,-2,911926,0,9481035,-1,757369,340,3836,223,4562,300,0483
41,7150650024414,Right,-2,909719,0,9481242,-1,736079,340,2427,223,4353,299,7571
41,7287445068359,Right,-2,907534,0,9484987,-1,692001,339,8195,223,4948,299,2252
41,7428741455078,Right,-2,903098,0,9486058,-1,652179,339,3754,223,7071,298,7473
41,7568244934082,Right,-2,898464,0,9485996,-1,632768,339,2329,223,7934,298,5536
41,7706489562988,Right,-2,891522,0,9485863,-1,598421,339,1989,223,7345,298,4944
41,7845649719238,Right,-2,894461,0,9485761,-1,610817,339,2545,223,7415,298,5406
41,7984657287598,Right,-2,891065,0,9485431,-1,59806,339,5734,223,4787,298,9646
41,8123626708984,Right,-2,890852,0,9489303,-1,597933,339,7173,223,3774,299,1205
41,8262023925781,Right,-2,89083,0,9491216,-1,597892,339,6517,223,424,299,0644
41,8398971557617,Right,-2,882817,0,9495022,-1,564043,339,451,223,6423,298,9293
41,8538703918457,Right,-2,874776,0,9495453,-1,529696,339,2776,223,8129,298,7909
41,8678817749023,Right,-2,868794,0,9496065,-1,502298,339,1581,223,841,298,7407
41,8816719055176,Right,-2,85951,0,9496584,-1,460927,339,0043,223,6917,298,7529
41,8956565856934,Right,-2,855125,0,949692,-1,441248,339,025,223,5012,298,8445
41,9093322753906,Right,-2,844895,0,9496041,-1,395293,339,2227,223,2428,299,0134
41,923454284668,Right,-2,837347,0,948975,-1,358541,339,5579,223,2405,299,1692
41,9373359680176,Right,-2,833103,0,949793,-1,333472,339,6781,223,2151,299,2258
41,9511871337891,Right,-2,825108,0,9495843,-1,290274,339,9063,223,0556,299,3587
41,9649848937988,Right,-2,822038,0,9496111,-1,273163,339,9437,223,0249,299,351
41,9790954589844,Right,-2,813342,0,9495328,-1,224395,340,0909,222,9194,299,4974
41,9926528930664,Right,-2,806787,0,9495923,-1,187186,340,1145,223,0665,299,4891
42,0067749023438,Right,-2,802808,0,9496493,-1,162541,340,0181,223,1984,299,378
42,0206489562988,Right,-2,795538,0,9496429,-1,116704,339,7378,223,4592,299,0388
42,0344161987305,Right,-2,793053,0,949474,-1,101482,339,6317,223,5044,298,9301
42,0483703613281,Right,-2,785452,0,9476106,-1,052484,339,2353,223,7984,298,3563
42,0622062683105,Right,-2,778891,0,9436986,-1,012485,338,855,224,1553,297,8721
42,076301574707,Right,-2,77523,0,9390411,-0,9901431,338,7801,224,3358,297,7358
42,0901412963867,Right,-2,767477,0,9296867,-0,9434029,338,88,224,3981,297,8182
42,103702545166,Right,-2,765323,0,9283702,-0,9311152,338,9721,224,278,297,8854
42,117847442627,Right,-2,757313,0,9242839,-0,881893,339,4593,223,9662,298,3231
42,131664276123,Right,-2,750326,0,9227365,-0,840752,339,8542,223,6908,298,7156
42,1457748413086,Right,-2,746833,0,9227,-0,8203814,340,0974,223,5181,298,9636
42,1594886779785,Right,-2,738947,0,922288,-0,7738289,340,4015,223,2336,299,2
42,173168182373,Right,-2,733862,0,9223754,-0,738387,340,495,223,181,299,2113
42,1872482299805,Right,-2,730232,0,9222763,-0,7126746,340,434,223,324,299,0918
42,2011871337891,Right,-2,727915,0,9222347,-0,6966524,340,2015,223,6311,298,8118
42,2149696350098,Right,-2,728337,0,9220359,-0,6996791,340,0649,223,7274,298,6675
42,2292861938477,Right,-2,72777,0,921514,-0,696101,340,0678,223,7983,298,6247
42,2427825927734,Right,-2,727743,0,9212645,-0,6960958,340,1769,223,7043,298,7358
42,2567901611328,Right,-2,727762,0,9211228,-0,6960558,340,234,223,6049,298,7639
42,2706069946289,Right,-2,72787,0,9208012,-0,6960052,340,2384,223,5749,298,6537
42,2847595214844,Right,-2,727986,0,9206055,-0,6960319,340,2564,223,6406,298,6088
42,2983207702637,Right,-2,728107,0,9203904,-0,6960092,340,2017,223,7349,298,4962
42,3123245239258,Right,-2,72818,0,9200617,-0,6959149,340,1931,223,8796,298,4507
42,3259620666504,Right,-2,72816,0,9197702,-0,6959072,340,2302,223,9117,298,5015
42,3400268554688,Right,-2,728133,0,9190071,-0,6961467,340,4898,223,9149,298,7606
42,3538360595703,Right,-2,728028,0,919048,-0,6961278,340,5302,223,8269,298,8301
42,3678741455078,Right,-2,72783,0,9188851,-0,6959934,340,3587,223,8744,298,669
42,3817443847656,Right,-2,727518,0,9187345,-0,6956383,339,976,223,8948,298,2846
42,3955230712891,Right,-2,727457,0,9183316,-0,6957175,339,9147,223,9604,298,1747
42,4094848632813,Right,-2,727321,0,9176008,-0,6960108,340,0649,223,9543,298,2452
42,4235534667969,Right,-2,727093,0,9169096,-0,6963749,340,4486,223,7848,298,6561
42,4371337890625,Right,-2,726987,0,9165357,-0,6966583,340,7543,223,6182,298,9941
42,4510803222656,Right,-2,726941,0,9158537,-0,6972561,341,3595,223,3839,299,622
42,4652671813965,Right,-2,726977,0,9159349,-0,6974344,341,5605,223,3075,299,8809
42,4790191650391,Right,-2,726899,0,9157613,-0,6975538,341,7332,223,2735,300,0899
42,4928894042969,Right,-2,726688,0,9158961,-0,697381,341,5242,223,1378,299,9328
42,5066337585449,Right,-2,726632,0,9159178,-0,6973422,341,3755,223,1921,299,6837
42,520580291748,Right,-2,726523,0,9158326,-0,6973146,341,0487,223,2935,299,3035
42,5345115661621,Right,-2,726525,0,9157187,-0,6972458,340,9191,223,4214,299,121
42,5484504699707,Right,-2,726534,0,9157627,-0,6972125,340,768,223,5459,298,9003
42,5623435974121,Right,-2,726424,0,9156922,-0,6969143,340,5243,223,7177,298,6058
42,5762329101563,Right,-2,726335,0,9155782,-0,6967458,340,4016,223,795,298,4836
42,5901260375977,Right,-2,726215,0,9153458,-0,6967028,340,3561,223,8566,298,4478
42,6040229797363,Right,-2,726204,0,9151775,-0,6969706,340,5407,223,7479,298,6771
42,6177520751953,Right,-2,726221,0,9149139,-0,6973073,340,8712,223,5489,298,9862
42,6319694519043,Right,-2,726269,0,9148755,-0,6975102,341,0504,223,3398,299,0762
42,645751953125,Right,-2,726302,0,9147587,-0,6976245,341,1072,223,31,299,055
42,6594161987305,Right,-2,72623,0,9145696,-0,6978384,341,2304,223,1862,299,1039
42,6736068725586,Right,-2,726201,0,9145068,-0,6978343,341,1627,223,2217,298,9854
42,6874771118164,Right,-2,726179,0,9145034,-0,6977734,341,0888,223,3314,298,858
42,7013931274414,Right,-2,72613,0,9143455,-0,697962,341,0426,223,5007,298,7827
42,7151489257813,Right,-2,726031,0,9142458,-0,698141,341,1202,223,4875,298,8771
42,7288856506348,Right,-2,72586,0,9141784,-0,6984465,341,1776,223,4794,298,9872
42,7430191040039,Right,-2,725642,0,9142058,-0,6986996,341,2119,223,4192,299,0664
42,7568855285645,Right,-2,72893,0,9142564,-0,7048338,341,1993,223,3651,299,0855
42,7705574035645,Right,-2,732032,0,9144183,-0,710813,341,1113,223,299,299,0156
42,7846260070801,Right,-2,735662,0,9144297,-0,7168754,341,0826,223,2947,298,969
42,7986526489258,Right,-2,742092,0,9146143,-0,7284383,341,031,223,2738,298,8635
42,8123588562012,Right,-2,748093,0,9147016,-0,7388107,341,0729,223,2869,298,8863
42,8263053894043,Right,-2,751502,0,9148301,-0,7446227,341,0585,223,2976,298,8557
42,8401374816895,Right,-2,758437,0,9150212,-0,7564231,341,0503,223,2979,298,8183
42,8541107177734,Right,-2,75766,0,91501,-0,7560017,341,0925,223,2663,298,8483
42,8680419921875,Right,-2,762419,0,9149533,-0,7645702,341,3107,223,1064,299,012
42,8817901611328,Right,-2,762913,0,9148797,-0,7653331,341,6124,222,9373,299,2917
42,895824432373,Right,-2,76301,0,914975,-0,765318,341,6971,222,9411,299,4375
42,9103240966797,Right,-2,76316,0,915238,-0,7645705,341,5753,223,1244,299,3441
42,9235572814941,Right,-2,763124,0,9153419,-0,7641083,341,3874,223,2045,299,1341
42,9374961853027,Right,-2,76344,0,91564,-0,7627993,340,9035,223,5316,298,6821
42,9511833190918,Right,-2,763715,0,9155943,-0,7614652,340,505,223,7806,298,2159
42,9652824401855,Right,-2,761221,0,9153657,-0,7647066,340,3727,223,8904,298,0397
42,9792251586914,Right,-2,755691,0,9150018,-0,7706584,340,4189,223,986,297,9931
42,9929275512695,Right,-2,746608,0,9147807,-0,7821687,340,6655,224,0696,298,1641
43,0071983337402,Right,-2,740179,0,9146505,-0,7902546,340,8892,224,1481,298,445
43,0210571289063,Right,-2,725507,0,9146892,-0,8096554,341,067,224,4435,298,7775
43,0345611572266,Right,-2,720097,0,9148152,-0,8254211,341,0588,224,4795,298,8952
43,0487213134766,Right,-2,701961,0,9147194,-0,8576295,341,0714,224,8492,299,0299
43,0623359680176,Right,-2,690474,0,9145198,-0,8916914,341,2633,224,7627,299,2944
43,0766258239746,Right,-2,684681,0,9146106,-0,9139119,341,4511,224,7102,299,4904
43,0903396606445,Right,-2,672237,0,9144413,-0,9564564,341,7654,224,6452,299,7495
43,1040229797363,Right,-2,669277,0,9146343,-0,9696062,341,8375,224,7469,299,8001
43,1180572509766,Right,-2,657971,0,9150246,-1,015631,341,7084,225,1001,299,4902
43,1321105957031,Right,-2,649403,0,9152803,-1,054114,341,2615,225,7112,298,8802
43,1459808349609,Right,-2,644857,0,9152071,-1,073912,340,9759,225,9099,298,5793
43,1598472595215,Right,-2,63479,0,9151719,-1,1197,340,7012,226,1229,298,2394
43,1735458374023,Right,-2,62783,0,9149575,-1,152871,340,6704,226,2377,298,0486
43,1875114440918,Right,-2,622419,0,9200639,-1,17845,340,747,226,3017,298,0164
43,2015495300293,Right,-2,613755,0,9262496,-1,220599,340,9893,226,3262,298,1681
43,2151260375977,Right,-2,610285,0,9278957,-1,237168,341,1065,226,3222,298,336
43,2291946411133,Right,-2,600302,0,9330236,-1,285393,341,2247,226,51,298,5449
43,2433586120605,Right,-2,592527,0,9344552,-1,322323,341,2277,226,5325,298,6936
43,2569274902344,Right,-2,587885,0,9350657,-1,344744,341,243,226,5239,298,835
43,2708435058594,Right,-2,578377,0,9358413,-1,388602,340,9643,226,4656,298,5546
43,2846069335938,Right,-2,575393,0,9356521,-1,40401,340,8976,226,4312,298,4699
43,2985916137695,Right,-2,56678,0,9340246,-1,451875,340,872,226,3045,298,406
43,3126220703125,Right,-2,56226,0,9338866,-1,491391,341,0773,226,3418,298,5547
43,3262786865234,Right,-2,560123,0,9320558,-1,512258,341,1833,226,3649,298,7032
43,3403625488281,Right,-2,555259,0,9281949,-1,559839,341,4386,226,3506,299,0563
43,354564666748,Right,-2,554085,0,9245567,-1,576167,341,5796,226,2173,299,2234
43,3681373596191,Right,-2,550099,0,9163481,-1,622139,341,7495,226,1392,299,4339
43,3819961547852,Right,-2,547551,0,9150208,-1,662581,341,6502,225,9091,299,3264
43,3959274291992,Right,-2,549807,0,9154363,-1,683213,341,5156,225,9514,299,172
43,4096374511719,Right,-2,550744,0,9157297,-1,729364,341,2229,226,178,298,8692
43,4236259460449,Right,-2,557528,0,9158022,-1,764477,341,123,226,5095,298,7542
43,4373626708984,Right,-2,56608,0,9188156,-1,786634,339,5836,227,6859,296,3261
43,4512634277344,Right,-2,578618,0,9187689,-1,822582,338,0015,229,551,293,9324
43,4655265808105,Right,-2,586688,0,9128563,-1,815229,342,3633,226,2312,300,0713
43,4790992736816,Right,-2,605149,0,9155599,-1,827951,342,4921,225,6234,300,5181
43,4931755065918,Right,-2,622283,0,9157224,-1,82758,342,6034,225,5296,300,4953
43,507080078125,Right,-2,634348,0,9159289,-1,828749,342,4707,225,3441,300,3517
43,5208930969238,Right,-2,654679,0,9160659,-1,827748,342,2204,225,1209,300,0601
43,5347595214844,Right,-2,66355,0,924987,-1,828262,342,0794,225,0389,299,9045
43,548583984375,Right,-2,68638,0,9309413,-1,827252,341,8688,224,8137,299,6701
43,5628280639648,Right,-2,706358,0,9370446,-1,826873,341,7523,224,7479,299,5035
43,576717376709,Right,-2,718061,0,9380705,-1,82672,341,7587,224,7139,299,4869
43,5905838012695,Right,-2,741438,0,9405248,-1,82627,341,8218,224,8457,299,5045
43,6043395996094,Right,-2,749093,0,9397964,-1,826027,341,89,224,8893,299,5773
43,618278503418,Right,-2,773995,0,9401335,-1,8257,341,9872,225,3184,299,6448
43,6320419311523,Right,-2,794693,0,9398285,-1,825087,342,0622,225,7576,299,6558
43,6459426879883,Right,-2,805314,0,9396921,-1,824858,342,092,225,9591,299,6657
43,6599349975586,Right,-2,829004,0,9394439,-1,824499,342,1499,226,2561,299,674
43,6735992431641,Right,-2,841984,0,9392334,-1,82394,342,1487,226,2283,299,6201
43,6876602172852,Right,-2,852338,0,939079,-1,823598,342,1368,226,0942,299,5906
43,7014122009277,Right,-2,864676,0,9388009,-1,823316,342,1799,225,9451,299,5899
43,7153511047363,Right,-2,865148,0,9386599,-1,823204,342,2148,225,9467,299,599
43,7293128967285,Right,-2,873806,0,9382866,-1,822695,342,2657,225,9569,299,603
43,7430801391602,Right,-2,874112,0,9380695,-1,82222,342,2292,225,9618,299,5435
43,7570724487305,Right,-2,874059,0,9379824,-1,821709,342,1145,225,9301,299,4029
43,7710227966309,Right,-2,874062,0,9378333,-1,820934,341,852,225,8936,299,0914
43,7847099304199,Right,-2,874215,0,9375107,-1,820642,341,7927,225,933,299,007
43,7989234924316,Right,-2,874689,0,9368439,-1,819894,341,8264,226,1831,299,0133
43,8126678466797,Right,-2,874728,0,9362568,-1,819318,342,1044,226,2177,299,3146
43,8269577026367,Right,-2,874923,0,9359418,-1,819092,342,3491,226,2003,299,6103
43,8405723571777,Right,-2,87521,0,9355317,-1,819051,342,7612,226,3163,300,0649
43,8542060852051,Right,-2,875342,0,9355801,-1,818918,342,8979,226,396,300,2134
43,8683280944824,Right,-2,875516,0,9355946,-1,818593,342,8967,226,536,300,2157
43,8821601867676,Right,-2,876256,0,9351282,-1,817303,342,7242,226,6372,300,0135
43,8960113525391,Right,-2,876465,0,934916,-1,816757,342,6019,226,6712,299,8773
43,9100646972656,Right,-2,876916,0,9345186,-1,816014,342,55,226,7252,299,8026
43,9243354797363,Right,-2,877201,0,9343277,-1,81578,342,6116,226,7427,299,8727
43,9376106262207,Right,-2,877463,0,9339999,-1,815729,342,8654,226,6325,300,1603
43,9515800476074,Right,-2,877872,0,9337626,-1,816012,343,2437,226,649,300,5836
43,9653396606445,Right,-2,877944,0,9338737,-1,816214,343,4045,226,7268,300,7617
43,9794120788574,Right,-2,878008,0,9340535,-1,816432,343,4212,226,9458,300,7845
43,9932136535645,Right,-2,877776,0,934302,-1,8161,343,1284,227,0091,300,4658
44,0071792602539,Right,-2,877505,0,9342709,-1,81584,342,9482,226,909,300,2884
44,0211181640625,Right,-2,877172,0,9341503,-1,815781,342,8573,226,7638,300,2287
44,0349998474121,Right,-2,877086,0,9340658,-1,816033,342,9293,226,7528,300,3157
44,0488128662109,Right,-2,876907,0,9339241,-1,816413,343,0799,226,7523,300,4948
44,0628890991211,Right,-2,876683,0,9338889,-1,817056,343,2117,226,8621,300,6693
44,0764846801758,Right,-2,876461,0,9339447,-1,817307,343,1957,226,8987,300,6755
44,0904350280762,Right,-2,875851,0,934023,-1,817537,343,0647,226,834,300,5766
44,1044120788574,Right,-2,875616,0,9339606,-1,817455,342,9625,226,7,300,4893
44,118221282959,Right,-2,87499,0,9337927,-1,817574,342,9001,226,4595,300,4543
44,1322631835938,Right,-2,87476,0,9335352,-1,81794,343,0062,226,3967,300,5643
44,1464500427246,Right,-2,874474,0,9333581,-1,818301,343,1148,226,3846,300,6833
44,1598091125488,Right,-2,873924,0,9329417,-1,81885,343,2213,226,2666,300,8137
44,1739120483398,Right,-2,873688,0,932569,-1,819432,343,2833,226,2731,300,8687
44,187572479248,Right,-2,873632,0,9323683,-1,819731,343,2816,226,3211,300,8482
44,2016143798828,Right,-2,873426,0,9320263,-1,820072,343,2418,226,3682,300,7782
44,215633392334,Right,-2,873247,0,9318016,-1,820115,343,2083,226,305,300,7479
44,2295036315918,Right,-2,87304,0,9312838,-1,820501,343,3086,226,2481,300,8522
44,2436103820801,Right,-2,872962,0,9307505,-1,821089,343,5423,226,2128,301,0693
44,2571868896484,Right,-2,872937,0,9306049,-1,821341,343,7142,226,1743,301,2397
44,2707901000977,Right,-2,872969,0,9304795,-1,821681,343,9106,226,0998,301,4444
44,2851753234863,Right,-2,872972,0,9305348,-1,821799,343,9102,226,1174,301,435
44,298999786377,Right,-2,872675,0,9299307,-1,822688,343,8846,226,1782,301,358
44,3126449584961,Right,-2,872349,0,9296416,-1,822906,343,7626,226,171,301,222
44,3265686035156,Right,-2,872186,0,9294138,-1,823043,343,7145,226,1861,301,1928
44,3407669067383,Right,-2,871883,0,9291301,-1,823315,343,6724,226,2661,301,1625
44,354320526123,Right,-2,87185,0,9290993,-1,823468,343,6716,226,3396,301,1656
44,3681106567383,Right,-2,871719,0,9291179,-1,823648,343,5321,226,5216,301,015
44,3818778991699,Right,-2,871295,0,9289634,-1,823854,343,3277,226,4647,300,99
44,3956527709961,Right,-2,871132,0,9288452,-1,823867,343,312,226,3235,301,0074
44,4093780517578,Right,-2,870815,0,9285559,-1,824133,343,4962,226,0438,301,1371
44,4233093261719,Right,-2,870756,0,9281666,-1,824745,343,8032,225,9292,301,3199
44,4373092651367,Right,-2,870652,0,9278135,-1,825168,344,0615,225,8887,301,5574
44,4510955810547,Right,-2,870516,0,9272705,-1,825866,344,5316,225,7101,302,0669
44,465160369873,Right,-2,870716,0,9274855,-1,826288,344,6576,225,9117,302,1974
44,4789619445801,Right,-2,87088,0,9276433,-1,827093,344,4244,226,5455,301,9446
44,4927749633789,Right,-2,870369,0,9280955,-1,826794,343,7758,226,9707,301,0178
44,506721496582,Right,-2,870183,0,927601,-1,826943,343,5785,227,0877,300,7963
44,5207786560059,Right,-2,869884,0,927582,-1,826962,343,1607,227,3254,300,4223
44,5343208312988,Right,-2,869825,0,9274899,-1,826809,342,9784,227,4077,300,2488
44,548397064209,Right,-2,869722,0,9276243,-1,826638,342,5838,227,6654,299,8925
44,5620079040527,Right,-2,869605,0,9274827,-1,826648,342,3351,227,8635,299,7527
44,5760078430176,Right,-2,869517,0,927278,-1,826823,342,3756,227,832,299,8957
44,589973449707,Right,-2,869362,0,9269711,-1,827178,342,6552,227,7082,300,296
44,6036758422852,Right,-2,869262,0,9271396,-1,827136,342,735,227,5195,300,3997
44,617790222168,Right,-2,869272,0,9269918,-1,827339,342,987,227,2781,300,5917
44,6314506530762,Right,-2,869452,0,9270707,-1,827383,343,0539,227,2356,300,531
44,6455497741699,Right,-2,869542,0,9270532,-1,827424,343,064,227,3539,300,4585
44,6594314575195,Right,-2,869584,0,9271545,-1,827375,342,938,227,4466,300,206
44,6732063293457,Right,-2,869726,0,9270644,-1,827416,342,7756,227,7645,299,9644
44,6871528625488,Right,-2,869744,0,9269639,-1,827453,342,7176,227,9732,299,9149
44,7010726928711,Right,-2,869598,0,9267098,-1,827594,342,7474,228,0992,300,0795
44,7147560119629,Right,-2,869412,0,9266388,-1,827634,342,8329,227,9296,300,2632
44,7287063598633,Right,-2,86929,0,9260853,-1,828103,343,2104,227,6885,300,7529
44,7427215576172,Right,-2,86919,0,9257325,-1,828541,343,5688,227,4466,301,1755
44,7566375732422,Right,-2,869215,0,9256079,-1,828735,343,7629,227,3619,301,4054
44,7704658508301,Right,-2,869162,0,9253412,-1,828952,344,0026,227,255,301,723
44,7843132019043,Right,-2,869173,0,9254621,-1,828987,344,037,227,23,301,7767
44,7981796264648,Right,-2,869084,0,9252838,-1,82902,343,9356,227,3094,301,7
44,8121719360352,Right,-2,868935,0,9252359,-1,82894,343,7134,227,3933,301,4507
44,8258628845215,Right,-2,868828,0,9251565,-1,828869,343,5841,227,4164,301,2898
44,8398780822754,Right,-2,868729,0,9251342,-1,828741,343,3492,227,4846,300,9354
44,8539237976074,Right,-2,868865,0,9249008,-1,828686,343,2602,227,69,300,7176
44,8676109313965,Right,-2,868926,0,9247244,-1,828684,343,2699,227,82,300,6878
44,8816070556641,Right,-2,869052,0,9244013,-1,828723,343,3734,227,9075,300,8031
44,8956031799316,Right,-2,86902,0,9243335,-1,82868,343,4106,227,8765,300,8744
44,909309387207,Right,-2,869153,0,9240158,-1,828726,343,5104,227,8732,300,9834
44,9232749938965,Right,-2,869184,0,9238915,-1,828808,343,5882,227,8311,301,0645
44,9370498657227,Right,-2,869172,0,9238501,-1,82883,343,6345,227,8114,301,0913
44,9510269165039,Right,-2,869004,0,9237553,-1,828761,343,666,227,7428,301,0516
0,Mug grabbed,0,0,0,0,0,0
44,9650382995605,Right,-2,86904,0,9236048,-1,828838,343,7197,227,7442,301,0369
44,9788398742676,Right,-2,869068,0,9232544,-1,829049,343,9085,227,6779,301,0916
44,9927825927734,Right,-2,869158,0,9229867,-1,829203,344,038,227,7483,301,1933
45,0067405700684,Right,-2,869088,0,9228054,-1,829181,344,0257,227,8239,301,2241
45,020393371582,Right,-2,868971,0,9227281,-1,829036,343,8749,227,9636,301,1739
45,0343551635742,Right,-2,868864,0,9226603,-1,829024,343,8212,227,9449,301,1736
45,0481185913086,Right,-2,868682,0,922384,-1,828887,343,7193,227,9803,301,1979
45,062068939209,Right,-2,868571,0,9223512,-1,828782,343,6348,227,9555,301,1909
45,0759925842285,Right,-2,86854,0,922183,-1,828794,343,6927,227,9192,301,2448
45,0898399353027,Right,-2,868579,0,921703,-1,828964,344,0483,227,7837,301,5452
45,1039352416992,Right,-2,868708,0,9216281,-1,829165,344,3552,227,6962,301,7935
45,1177062988281,Right,-2,86866,0,9219398,-1,829107,344,2896,227,6913,301,6933
45,1314544677734,Right,-2,868606,0,9221997,-1,828487,343,8569,227,8283,301,1688
45,1455612182617,Right,-2,868715,0,9221047,-1,828162,343,5869,228,0777,300,8299
45,1592979431152,Right,-2,868862,0,922212,-1,827616,343,1269,228,4836,300,3101
45,1731796264648,Right,-2,868789,0,921895,-1,827398,342,9842,228,6412,300,2234
45,1871223449707,Right,-2,868851,0,9216058,-1,827134,343,0998,228,5675,300,3374
45,2011985778809,Right,-2,869078,0,9212492,-1,826732,343,4342,228,4266,300,6321
45,2150535583496,Right,-2,869122,0,9213405,-1,826797,343,5981,228,2956,300,7832
45,2287673950195,Right,-2,869572,0,9212375,-1,826149,343,8828,228,2158,300,8288
45,2426223754883,Right,-2,869905,0,9211515,-1,825574,344,0566,228,2644,300,827
45,2566108703613,Right,-2,870175,0,920968,-1,824984,344,2601,228,3257,300,9658
45,2704467773438,Right,-2,87083,0,9207824,-1,823746,344,6324,228,4401,301,357
45,2841949462891,Right,-2,87095,0,9209788,-1,823218,344,6765,228,5135,301,427
45,2983589172363,Right,-2,871666,0,9210639,-1,821466,344,6701,228,8326,301,3755
45,3120384216309,Right,-2,872122,0,9212671,-1,819356,344,3708,229,0708,300,9422
45,3261260986328,Right,-2,872496,0,921453,-1,818032,344,092,229,3122,300,5916
45,339916229248,Right,-2,873272,0,9221495,-1,814951,343,3966,229,9959,299,704
45,3536720275879,Right,-2,873658,0,9221252,-1,81323,343,089,230,4045,299,3225
45,3677024841309,Right,-2,87394,0,9220247,-1,811773,343,1221,230,6183,299,3778
45,3816452026367,Right,-2,875764,0,92202,-1,80629,343,4052,230,782,299,679
45,3953628540039,Right,-2,880506,0,9221662,-1,792146,343,5327,230,9058,299,8115
45,4097175598145,Right,-2,887873,0,9224226,-1,76857,343,7192,231,1002,299,9684
45,4231948852539,Right,-2,893389,0,923004,-1,733792,343,5,231,4297,299,58
45,4374618530273,Right,-2,894795,0,9234769,-1,704171,343,2453,231,8819,299,0534
45,4513702392578,Right,-2,896201,0,9239559,-1,657919,342,8198,232,7177,298,2447
45,4648170471191,Right,-2,892775,0,9237528,-1,641117,342,6602,233,0021,298,0207
45,4789581298828,Right,-2,886722,0,9236568,-1,58841,342,5269,233,6602,297,846
45,4928245544434,Right,-2,876577,0,9235473,-1,549215,342,6343,233,8489,297,9438
45,5066299438477,Right,-2,868909,0,923674,-1,526112,342,7311,233,8798,297,9721
45,5205726623535,Right,-2,853481,0,9236633,-1,47952,342,9247,234,1763,297,9816
45,5344696044922,Right,-2,846017,0,9235549,-1,464846,343,0731,234,3703,298,0712
45,5483131408691,Right,-2,826047,0,9232735,-1,418134,343,283,234,6899,298,1631
45,5624809265137,Right,-2,806519,0,9228064,-1,378986,343,3862,235,1597,298,2527
45,5759391784668,Right,-2,795838,0,9233524,-1,361104,343,3289,235,4154,298,2234
45,590217590332,Right,-2,76925,0,9233407,-1,315317,343,0898,236,0828,298,0122
45,603931427002,Right,-2,760757,0,9230577,-1,304439,343,1497,236,2212,298,1241
45,6176681518555,Right,-2,731878,0,9226761,-1,262454,343,2816,236,7337,298,295
45,6316604614258,Right,-2,70341,0,922446,-1,227067,343,4329,237,0585,298,4507
45,6457595825195,Right,-2,688493,0,9223956,-1,211311,343,4981,237,3065,298,5128
45,6594390869141,Right,-2,654886,0,9224482,-1,174982,343,6294,237,9147,298,7771
45,673583984375,Right,-2,62609,0,9227681,-1,14779,343,4384,238,5268,298,8441
45,6871109008789,Right,-2,606798,0,9212223,-1,131252,343,2383,238,9818,298,9286
45,7012672424316,Right,-2,569472,0,9179029,-1,100536,342,9092,239,8157,298,9636
45,7150917053223,Right,-2,553817,0,9144999,-1,090754,342,8367,240,0681,299,0399
45,7287940979004,Right,-2,512724,0,90645,-1,062706,342,7908,240,6518,299,2297
45,7428894042969,Right,-2,477261,0,899803,-1,042542,343,0086,241,2175,299,5063
45,7569046020508,Right,-2,454634,0,9035968,-1,031785,343,0241,241,6837,299,7965
45,7707595825195,Right,-2,41205,0,9184732,-1,012306,342,8489,242,5999,300,0602
45,7845993041992,Right,-2,396319,0,9220673,-1,006825,342,7957,242,9192,300,163
45,7982368469238,Right,-2,351575,0,9373717,-0,9909002,342,4514,243,9409,300,1147
45,812183380127,Right,-2,311854,0,9450847,-0,9787179,342,4217,244,8215,300,3379
45,8261909484863,Right,-2,290457,0,9451448,-0,9735947,342,3564,245,361,300,4715
45,8398094177246,Right,-2,245223,0,9487996,-0,9632661,342,3349,246,5333,300,595
45,8539161682129,Right,-2,210117,0,948461,-0,9593022,342,0603,247,5462,300,4465
45,8678894042969,Right,-2,183557,0,9463618,-0,9577617,341,821,248,5103,300,2239
45,8816719055176,Right,-2,143546,0,9424918,-0,9565496,341,3965,250,1916,300,0365
45,8958740234375,Right,-2,123179,0,9380082,-0,9584384,341,2192,250,9694,300,0487
45,9096603393555,Right,-2,078649,0,9295432,-0,9618303,340,9681,252,489,300,1771
45,9232635498047,Right,-2,04601,0,9204777,-0,9665127,340,9297,253,3285,300,4049
45,9375419616699,Right,-2,021463,0,9229704,-0,9719401,340,9143,253,936,300,5459
45,9509201049805,Right,-1,984444,0,9235464,-0,9797077,340,7959,255,2206,300,6825
45,965030670166,Right,-1,968292,0,9252058,-0,9851403,340,7423,255,829,300,7369
45,9789276123047,Right,-1,927831,0,9296353,-0,9969268,340,2635,257,7227,300,3822
45,9927711486816,Right,-1,895231,0,9337735,-1,007351,339,5598,259,5781,299,754
46,0066871643066,Right,-1,875436,0,9365484,-1,014034,338,8776,260,756,299,2391
46,0207023620605,Right,-1,837006,0,9409704,-1,028756,337,8596,262,7803,298,574
46,0344314575195,Right,-1,824306,0,9419688,-1,033849,337,5044,263,5542,298,5104
46,0482711791992,Right,-1,785665,0,9624392,-1,051509,336,8979,265,4433,298,3949
46,0620536804199,Right,-1,753268,0,9735416,-1,067397,336,6667,267,1578,298,4507
46,0760040283203,Right,-1,736336,0,9721978,-1,076051,336,5424,268,0638,298,4927
46,0900764465332,Right,-1,696236,0,9788337,-1,094665,336,1827,270,0064,298,5648
46,1039237976074,Right,-1,680001,0,9793907,-1,093516,335,9663,270,453,298,5407
46,1177368164063,Right,-1,635854,0,9831073,-1,105382,335,3202,272,3252,298,167
46,1319885253906,Right,-1,592038,0,9854686,-1,111691,334,773,273,9547,297,7841
46,1457138061523,Right,-1,570198,0,9865592,-1,107974,334,5678,274,7372,297,573
46,1593856811523,Right,-1,520382,0,9890285,-1,10687,334,3225,276,4238,297,3182
46,1731834411621,Right,-1,4801,0,9903594,-1,099763,334,4054,277,6363,297,5973
46,1870269775391,Right,-1,45299,0,9914085,-1,093095,334,4652,278,4333,297,8363
46,2011108398438,Right,-1,403149,0,9936452,-1,082506,334,3482,280,1086,297,9759
46,2149543762207,Right,-1,383585,0,9947143,-1,074962,334,1947,280,8091,297,9274
46,2287864685059,Right,-1,330327,0,9974766,-1,05814,333,5972,282,9362,297,3907
46,2428894042969,Right,-1,286979,0,9994215,-1,038176,332,9625,284,8433,296,8487
46,2565155029297,Right,-1,26298,1,000491,-1,02575,332,6399,285,9075,296,5953
46,2707366943359,Right,-1,210989,1,002524,-1,00059,332,1909,287,8151,296,403
46,2842445373535,Right,-1,196302,1,003131,-0,9912226,332,0814,288,1359,296,5568
46,2982139587402,Right,-1,143036,1,005457,-0,9632416,331,9707,289,6635,296,6292
46,3122711181641,Right,-1,099512,1,007496,-0,9376235,332,1,291,0018,296,8189
46,3260192871094,Right,-1,078079,1,008595,-0,923588,332,1861,291,7268,296,959
46,3399391174316,Right,-1,027653,1,01139,-0,8911533,332,0931,293,3765,296,9936
46,3540687561035,Right,-0,9921653,1,01334,-0,8645152,331,8805,294,6844,296,8812
46,3676567077637,Right,-0,9673303,1,014945,-0,8432321,331,5791,295,6533,296,6183
46,3815803527832,Right,-0,9264367,1,017207,-0,8084303,331,0546,297,3164,296,0584
46,3955688476563,Right,-0,9106077,1,017828,-0,7894745,330,9182,298,1889,295,9481
46,4094085693359,Right,-0,8688234,1,017462,-0,7471569,330,7416,299,9843,296,157
46,4234046936035,Right,-0,8370801,1,014731,-0,7143055,330,7907,300,9995,296,7893
46,437068939209,Right,-0,8166965,1,011077,-0,6925559,330,8319,301,5964,297,3043
46,451000213623,Right,-0,7782481,1,004189,-0,6522565,330,689,303,0952,297,8039
46,4649543762207,Right,-0,7633084,1,002605,-0,6368225,330,5959,303,5742,297,9773
46,4787178039551,Right,-0,7226261,1,001502,-0,5941584,330,2897,305,2185,297,8944
46,4927825927734,Right,-0,6899008,1,00188,-0,5582738,330,1738,306,4054,297,5311
46,506664276123,Right,-0,6722167,1,002392,-0,5361743,330,1812,306,9991,297,3353
46,5205078125,Right,-0,6369057,1,003028,-0,4926898,330,4554,308,1954,297,0453
46,5345993041992,Right,-0,6272414,1,002658,-0,4758735,330,8428,308,5396,297,0731
46,5483322143555,Right,-0,5952784,1,002271,-0,4296343,331,6066,309,2838,297,393
46,5622978210449,Right,-0,5700589,1,001341,-0,3892945,332,5323,309,7038,297,9238
46,5761795043945,Right,-0,5588869,1,001109,-0,3666144,332,9297,310,0699,298,1582
46,5898628234863,Right,-0,5325861,1,000878,-0,3176466,333,2213,311,2885,297,9928
46,6038398742676,Right,-0,5173018,1,001014,-0,2795568,333,0057,312,6291,297,4031
46,6178207397461,Right,-0,507183,1,000954,-0,24946,332,8405,313,5428,296,9809
46,6314964294434,Right,-0,4929308,1,000656,-0,203036,332,8571,314,8257,296,7505
46,6455535888672,Right,-0,4877513,1,000195,-0,1813475,332,9435,315,2235,296,7672
46,65966796875,Right,-0,4736486,0,9997597,-0,1263711,333,4558,316,4077,296,7776
46,6734313964844,Right,-0,46554,0,9994437,-0,08739197,333,9491,316,8947,296,983
46,6873397827148,Right,-0,4615961,0,9994728,-0,0590564,334,2083,317,2448,296,8447
46,7011184692383,Right,-0,4542835,0,9995046,-0,01074767,334,3839,318,1273,296,3535
46,7150650024414,Right,-0,4549903,0,9994707,0,008668542,334,3855,318,6872,295,9717
46,7290458679199,Right,-0,451685,0,9994707,0,06211913,334,3295,320,0874,295,14
46,7427062988281,Right,-0,4523473,0,9990589,0,1020675,334,157,321,1275,294,6475
46,756721496582,Right,-0,4547986,0,998248,0,1272255,334,2581,321,5154,294,7263
46,7706756591797,Right,-0,4602032,0,9970372,0,1760925,334,6459,322,0003,295,2757
46,7844505310059,Right,-0,4665368,0,9968926,0,1910506,334,8899,322,1431,295,5559
46,7987213134766,Right,-0,4802445,0,996256,0,2428574,335,3452,322,589,296,2455
46,8122253417969,Right,-0,4957489,0,9963443,0,2793355,335,5142,323,1096,296,4753
46,8262596130371,Right,-0,5083535,0,9968128,0,2986108,335,2722,323,5358,296,4174
46,840145111084,Right,-0,5338959,0,9970857,0,3400732,334,8,324,6602,296,2499
46,8539047241211,Right,-0,5419148,0,9969979,0,3510385,334,6572,325,1466,296,2933
46,867862701416,Right,-0,5704466,0,9968811,0,393209,334,463,326,4093,296,6681
46,8821678161621,Right,-0,5959202,0,9972203,0,4294847,334,5788,327,1753,297,4913
46,8955574035645,Right,-0,606866,0,9979686,0,443859,334,6987,327,2655,298,0526
46,9095001220703,Right,-0,6362491,1,000236,0,4848548,334,7957,327,7102,298,6591
46,9232978820801,Right,-0,6578727,1,002458,0,5145071,334,6997,328,027,298,6719
46,9372863769531,Right,-0,6734458,1,004452,0,5356811,334,4879,328,3333,298,5619
46,9511413574219,Right,-0,6997126,1,007108,0,5725102,334,2581,329,0486,298,6511
46,9649238586426,Right,-0,7098944,1,008229,0,5868277,334,1784,329,4881,298,9678
46,9790534973145,Right,-0,7392758,1,011118,0,6297019,334,0833,330,5146,299,961
46,9928970336914,Right,-0,7607464,1,014016,0,6624441,334,0228,331,5151,300,8065
47,0067329406738,Right,-0,773514,1,016291,0,6831177,333,8806,332,2455,301,132
47,0206336975098,Right,-0,797971,1,020396,0,723931,333,3665,333,8634,301,2641
47,0347518920898,Right,-0,8059758,1,022171,0,7387999,333,032,334,48,301,1754
47,0482902526855,Right,-0,8287092,1,026414,0,7801936,332,4265,336,1153,300,9718
47,0625305175781,Right,-0,8445439,1,029823,0,8189788,332,2078,337,2109,300,7498
47,0759544372559,Right,-0,84584,1,031385,0,8401649,332,2251,337,6172,300,5707
47,0901069641113,Right,-0,8511951,1,035024,0,8927848,332,3263,338,6454,300,327
47,1039962768555,Right,-0,8430594,1,035749,0,9082192,332,543,338,9654,300,3434
47,1176948547363,Right,-0,8339206,1,038599,0,9611304,332,9905,339,8992,300,6724
47,1317825317383,Right,-0,8178999,1,041475,1,008493,333,2506,340,9779,301,0797
47,1455421447754,Right,-0,8079171,1,043404,1,028286,333,0721,341,5083,301,1689
47,1594276428223,Right,-0,7840407,1,048223,1,079888,332,5569,342,9784,300,8969
47,1734580993652,Right,-0,7606367,1,051238,1,117032,332,0183,344,5595,300,5472
47,1871528625488,Right,-0,7463195,1,052813,1,141899,331,7854,345,4846,300,4139
47,2015228271484,Right,-0,7186716,1,055014,1,187683,331,6971,346,923,300,3273
47,2153205871582,Right,-0,7074031,1,055816,1,205058,331,7578,347,504,300,2005
47,2288551330566,Right,-0,6785451,1,05825,1,251799,331,7633,348,9442,299,9211
47,2430038452148,Right,-0,6539352,1,058698,1,288344,332,1266,349,3745,299,8588
47,2568664550781,Right,-0,6391873,1,058868,1,310404,332,366,349,3223,300,0731
47,2706527709961,Right,-0,6118699,1,059765,1,351631,332,8851,349,7491,300,2937
47,2847709655762,Right,-0,6060799,1,060199,1,360308,333,2217,349,6389,300,3062
47,298755645752,Right,-0,5822884,1,062042,1,394557,333,4908,349,984,299,6317
47,3125228881836,Right,-0,5687343,1,063255,1,410425,333,4704,350,4805,297,9653
47,3264198303223,Right,-0,5638971,1,062988,1,404191,333,2534,350,7487,297,3518
47,3400840759277,Right,-0,5512206,1,063002,1,408245,332,9077,351,5346,296,2877
47,3541793823242,Right,-0,5503979,1,062296,1,407407,332,8067,351,6978,296,1915
47,3679351806641,Right,-0,5433981,1,060058,1,405147,332,9354,351,611,296,3024
47,3820266723633,Right,-0,5380756,1,05873,1,403749,333,4781,351,3235,296,5448
47,3959579467773,Right,-0,5372748,1,057784,1,402359,333,8296,350,9122,296,6942
47,4096183776855,Right,-0,5346781,1,055851,1,399051,334,6164,349,6471,297,0566
47,4237403869629,Right,-0,5316538,1,055039,1,397498,335,1924,348,762,297,1744
47,4376106262207,Right,-0,5323009,1,053977,1,394176,335,3789,347,8185,296,829
47,451301574707,Right,-0,5303552,1,052389,1,390801,335,7885,346,6981,296,6843
47,4654731750488,Right,-0,5314397,1,051446,1,388642,336,0506,345,9564,296,7015
47,4795074462891,Right,-0,5332127,1,048988,1,382048,336,4871,343,7368,297,1964
47,4930038452148,Right,-0,533628,1,047837,1,377721,336,6955,342,3918,297,2141
47,5069885253906,Right,-0,5350688,1,046777,1,373643,336,7457,341,2388,296,9544
47,5209693908691,Right,-0,5361447,1,045056,1,366834,336,6663,339,4599,296,5437
47,5348205566406,Right,-0,5367791,1,044166,1,364925,336,5103,338,9922,296,3868
47,5486679077148,Right,-0,5384666,1,042094,1,357391,336,2807,337,2562,296,498
47,5626029968262,Right,-0,5394164,1,040342,1,352502,336,2721,336,2296,296,6169
47,5764770507813,Right,-0,539559,1,039156,1,350037,336,3867,335,8856,296,6349
47,5904731750488,Right,-0,5393889,1,037004,1,344393,336,3899,335,345,297,2904
47,604175567627,Right,-0,5392839,1,036587,1,343169,336,4037,335,0811,297,5263
47,6182060241699,Right,-0,5381067,1,034907,1,3385,336,1663,334,7056,298,3762
47,6320762634277,Right,-0,536489,1,034376,1,335198,335,9773,334,4934,298,937
47,646125793457,Right,-0,5354534,1,034165,1,333759,335,9945,334,3344,299,1438
47,6600227355957,Right,-0,5337058,1,033036,1,329696,336,0618,333,8303,299,5239
47,6736946105957,Right,-0,5331109,1,033076,1,329025,336,18,333,6535,299,6416
47,6876373291016,Right,-0,5309869,1,032464,1,325361,336,2018,333,1696,299,7566
47,7015419006348,Right,-0,5290871,1,031866,1,322124,335,9477,332,8026,299,7261
47,7157287597656,Right,-0,5279967,1,031141,1,320672,335,7938,332,6318,299,7543
47,7293281555176,Right,-0,5257045,1,029709,1,316629,335,4414,332,1939,299,8248
47,7431335449219,Right,-0,5242233,1,028801,1,313548,335,121,331,8735,299,743
47,7571792602539,Right,-0,5226701,1,027547,1,311784,335,164,331,7794,299,9792
47,771183013916,Right,-0,5185025,1,026474,1,308779,334,8172,332,2425,300,9027
47,7847366333008,Right,-0,5173339,1,026281,1,307359,334,8306,332,3354,301,0013
47,7988700866699,Right,-0,5149653,1,024148,1,303905,334,9795,331,8557,301,5325
47,8126602172852,Right,-0,5139523,1,022094,1,301823,335,23,331,2447,301,8076
47,8264389038086,Right,-0,5134996,1,020895,1,300735,335,3287,330,8997,301,9167
47,8406715393066,Right,-0,513102,1,01794,1,298805,335,5699,330,1721,302,0288
47,8545608520508,Right,-0,5137104,1,016442,1,299332,336,0026,329,843,302,0325
47,8683090209961,Right,-0,5135995,1,012693,1,298096,336,5631,329,0815,302,0294
47,8822288513184,Right,-0,5140472,1,008192,1,299513,336,8295,329,3141,303,8818
47,8960151672363,Right,-0,5140976,1,006888,1,29925,336,9982,329,2206,304,5258
47,9099006652832,Right,-0,5155407,1,002429,1,299816,339,0715,328,4636,304,3566
0,Teapot dropped,0,0,0,0,0,0
47,9239616394043,Right,-0,5154039,1,000704,1,300783,339,7047,328,4973,304,8032
47,9377403259277,Right,-0,5136263,1,00136,1,299404,339,3801,327,7652,305,2122
47,9516639709473,Right,-0,5126868,1,001166,1,299277,339,4726,327,2938,305,4357
47,965705871582,Right,-0,5121089,1,000175,1,300027,339,7432,327,4302,305,2801
47,979564666748,Right,-0,5102674,0,9984207,1,30125,339,9818,327,6193,304,7231
47,9934043884277,Right,-0,5084378,0,9973203,1,300958,339,3531,327,4514,304,4303
48,0071716308594,Right,-0,5073154,0,9955208,1,301775,339,6222,327,5151,304,2954
48,0210151672363,Right,-0,5064517,0,9944042,1,301941,339,6052,327,4902,304,4142
48,0350952148438,Right,-0,5047435,0,9932747,1,302498,339,4927,327,5258,304,3901
48,0489692687988,Right,-0,4998211,0,9916903,1,304074,339,1903,328,0256,303,4425
48,062915802002,Right,-0,4968365,0,990977,1,304703,338,7862,328,3609,303,0572
48,0768394470215,Right,-0,4940179,0,9911472,1,305247,338,3652,328,7776,302,4062
48,090648651123,Right,-0,4894214,0,9908304,1,305971,337,7018,329,3662,301,5671
48,104564666748,Right,-0,487325,0,9909283,1,305692,337,2226,329,5159,301,2469
48,118522644043,Right,-0,4823054,0,9914148,1,304624,336,1315,329,4738,300,4647
48,1321601867676,Right,-0,4786282,0,9915732,1,30357,335,5171,329,0138,299,3955
48,1462097167969,Right,-0,4766587,0,9915448,1,303008,335,239,328,7212,298,6202
48,16015625,Right,-0,4724547,0,9913964,1,300607,334,6156,327,6213,297,3028
48,1740913391113,Right,-0,4719262,0,9908409,1,300031,334,3506,327,022,297,0945
48,1879615783691,Right,-0,4679899,0,9906458,1,297799,333,6496,326,1336,296,1893
48,2018699645996,Right,-0,4653354,0,9899231,1,296421,333,0784,325,34,295,5107
48,215633392334,Right,-0,4641248,0,9894716,1,295859,332,7724,325,0097,295,2428
48,229606628418,Right,-0,4612655,0,9888593,1,293735,331,9295,323,9707,294,8476
48,243335723877,Right,-0,459789,0,9882028,1,292577,331,3043,323,1573,294,7687
48,2572860717773,Right,-0,4589011,0,9875938,1,291929,331,0769,322,5919,294,5691
48,2710380554199,Right,-0,4573729,0,9860041,1,291556,331,0712,321,8084,293,9611
48,2850303649902,Right,-0,4565351,0,9855102,1,29126,330,8636,321,5139,293,7374
48,2991790771484,Right,-0,4547885,0,9833565,1,29155,331,0515,320,8427,293,0826
48,3128967285156,Right,-0,4544683,0,9809233,1,294627,331,6978,321,0332,292,5457
48,3268966674805,Right,-0,4536981,0,9799511,1,295956,331,9399,321,2704,292,0899
48,3407096862793,Right,-0,4517431,0,978345,1,296613,332,0175,321,1061,291,3917
48,3544807434082,Right,-0,4517525,0,9774008,1,298452,332,3267,321,5314,291,0869
48,3685111999512,Right,-0,4513302,0,9751151,1,302972,332,9159,322,8888,290,7447
48,3821754455566,Right,-0,4504913,0,9738811,1,305037,332,8532,323,7538,290,9266
48,3963890075684,Right,-0,4500824,0,9735641,1,306052,332,7315,324,2118,291,0038
48,4102745056152,Right,-0,4496652,0,9725564,1,308222,332,6822,324,9945,290,9347
48,4238815307617,Right,-0,449397,0,9721344,1,308475,332,7336,325,0902,290,8333
48,4378929138184,Right,-0,4493751,0,9710162,1,309931,332,8621,325,4647,290,5705
48,4519119262695,Right,-0,4493162,0,9703194,1,310325,332,8758,325,4698,290,2375
48,4657096862793,Right,-0,4493986,0,9701141,1,310509,332,8352,325,4173,289,9843
48,4795227050781,Right,-0,4489549,0,9698477,1,310715,332,805,325,4211,289,613
48,4933662414551,Right,-0,4490837,0,9695562,1,310459,332,6048,325,096,288,9617
48,5073890686035,Right,-0,4493726,0,9693498,1,3104,332,6361,324,9121,288,6553
48,5213661193848,Right,-0,4496827,0,9685264,1,310611,332,7438,324,6717,288,383
48,534984588623,Right,-0,4499985,0,9680635,1,310788,332,7628,324,5526,288,4474
48,5490112304688,Right,-0,4503634,0,9675971,1,311162,332,8173,324,4511,288,5702
48,5628662109375,Right,-0,4506426,0,9673027,1,311862,332,8565,324,5198,288,5537
48,5766334533691,Right,-0,4507568,0,9670976,1,312391,332,9014,324,5816,288,4258
48,590705871582,Right,-0,451095,0,966685,1,313553,332,9659,324,7306,288,1347
48,6045608520508,Right,-0,4513759,0,9664111,1,313967,332,988,324,7956,288,108
48,6182708740234,Right,-0,4522736,0,9658662,1,315162,333,0744,324,9166,288,1422
48,6324157714844,Right,-0,4529606,0,9654095,1,31586,333,1833,324,9053,288,1664
48,6460952758789,Right,-0,453795,0,9648464,1,316501,333,3157,324,8821,288,1892
48,6600570678711,Right,-0,455746,0,9635735,1,317775,333,6337,324,8514,288,3291
48,6740875244141,Right,-0,4563779,0,963304,1,317961,333,7,324,8171,288,429
0,Mug dropped,0,0,0,0,0,0
48,6876525878906,Right,-0,4589523,0,9624024,1,318661,333,8913,324,6934,288,7889
48,7018394470215,Right,-0,4602196,0,9623889,1,318724,333,8912,324,638,288,9221
48,7156295776367,Right,-0,4607521,0,9625497,1,318602,333,8514,324,5732,288,9602
48,7295227050781,Right,-0,4620667,0,9628207,1,318263,333,7668,324,4001,289,008
48,7435989379883,Right,-0,4648738,0,9634207,1,31772,333,6919,324,0451,288,9011
48,7572326660156,Right,-0,4653358,0,9636189,1,317513,333,6675,323,9731,288,8638
48,77099609375,Right,-0,4692633,0,9647774,1,316232,333,5091,323,3535,288,6562
48,785041809082,Right,-0,4709741,0,9652741,1,31569,333,4366,323,0691,288,6073
48,7988243103027,Right,-0,4739192,0,966369,1,313719,333,2834,322,381,288,7104
48,8128852844238,Right,-0,4766352,0,9671003,1,312068,333,207,321,7568,288,8892
48,8267250061035,Right,-0,4786659,0,9677436,1,3107,333,1465,321,2789,289,0869
48,8405418395996,Right,-0,4824287,0,9691955,1,307955,333,0212,320,3445,289,2607
48,8544921875,Right,-0,4842794,0,9700813,1,30687,332,9194,319,9001,289,2587
48,868293762207,Right,-0,4890703,0,9725506,1,302917,332,6046,318,6388,289,1782
48,8821830749512,Right,-0,4946165,0,975154,1,299088,332,3017,317,5041,288,9791
48,8961296081543,Right,-0,4975333,0,9761314,1,297117,332,1779,316,8756,289,0623
48,9099006652832,Right,-0,5042415,0,9784167,1,291452,331,8794,315,2496,289,4522
48,9239120483398,Right,-0,5107484,0,9802153,1,286258,331,6148,313,6872,290,212
48,937858581543,Right,-0,5155325,0,9813729,1,281838,331,4228,312,3717,290,9568
48,9515762329102,Right,-0,5236463,0,9831742,1,274164,331,1678,310,0148,292,3564
48,9658012390137,Right,-0,5276678,0,9842969,1,270765,331,0705,308,9004,292,8246
48,9794540405273,Right,-0,5365512,0,9859526,1,261286,330,9979,306,0638,294,0034
48,9934730529785,Right,-0,5443226,0,9878041,1,253907,330,8409,303,7731,294,8109
49,0073280334473,Right,-0,5493709,0,9889785,1,248889,330,7365,302,4319,295,2643
49,0210380554199,Right,-0,557972,0,9904704,1,239617,330,6016,300,012,296,2986
49,0350646972656,Right,-0,5621121,0,9912257,1,236176,330,5432,299,1151,296,8723
49,0489921569824,Right,-0,5712334,0,9920644,1,22601,330,4483,296,8729,298,5079
49,062671661377,Right,-0,5789309,0,9928239,1,218134,330,4113,295,1429,300,1784
49,0769729614258,Right,-0,5835918,0,99343,1,21283,330,2495,294,0182,301,2521
49,0908355712891,Right,-0,5918953,0,99474,1,202529,330,0017,291,91,302,6584
49,1044120788574,Right,-0,5952556,0,9957668,1,199523,329,9645,291,1955,302,7757
49,1185035705566,Right,-0,6039166,0,9971133,1,188385,329,7315,289,0516,303,278
49,1322364807129,Right,-0,6117671,0,996744,1,179279,329,9494,287,0821,303,807
49,1461753845215,Right,-0,6162741,0,9960112,1,174351,330,1004,285,9696,304,483
49,1601638793945,Right,-0,6252052,0,9931623,1,162993,330,4869,283,6251,306,7192
49,1738624572754,Right,-0,6282855,0,9928362,1,159775,330,7149,282,994,307,4828
49,1880645751953,Right,-0,6371602,0,9891328,1,148016,331,3613,280,8505,309,79
49,2019233703613,Right,-0,6452609,0,985954,1,139704,332,0489,280,1302,309,6041
49,2156982421875,Right,-0,6492491,0,9853387,1,135632,331,6522,279,7352,309,714
49,2297515869141,Right,-0,6564841,0,9795501,1,131007,330,7484,280,7972,307,6146
49,2433700561523,Right,-0,6609751,0,9726872,1,129031,331,007,281,7373,303,9693
49,2573699951172,Right,-0,6640819,0,9667109,1,127423,332,7484,281,2261,302,709
49,2712898254395,Right,-0,6678479,0,9596155,1,125483,334,3142,280,4028,303,1945
49,2850074768066,Right,-0,6709012,0,9506909,1,126075,338,8059,278,3084,314,2545
0,Teapot grabbed,0,0,0,0,0,0
49,2994270324707,Right,-0,6706325,0,9550352,1,127628,340,055,278,7302,317,5057
49,3130912780762,Right,-0,6700596,0,9578035,1,132038,339,4992,280,2603,316,2074
49,3267669677734,Right,-0,6690052,0,9594029,1,137064,339,1653,281,957,314,4721
49,3405952453613,Right,-0,6683228,0,9608635,1,143214,338,2059,284,5057,311,9541
49,3544769287109,Right,-0,6665988,0,9595885,1,147964,338,2017,286,0022,311,6277
49,3683891296387,Right,-0,6642993,0,960205,1,158595,338,1573,289,3128,311,6152
49,3822822570801,Right,-0,6590644,0,9636209,1,167394,337,6581,291,4612,312,7992
49,3961296081543,Right,-0,6579483,0,9646022,1,169436,337,4924,292,44,312,5344
49,4101142883301,Right,-0,6499299,0,9713472,1,181201,337,1811,294,4307,311,7845
49,4240531921387,Right,-0,6461506,0,9750379,1,185586,335,86,296,6396,310,3022
49,4380531311035,Right,-0,6364892,0,9821226,1,197322,333,72,301,0484,308,8983
49,4516830444336,Right,-0,6255358,0,9876487,1,206489,332,1777,304,2055,308,195
49,465648651123,Right,-0,6193618,0,9900725,1,210155,331,7323,305,1024,308,0065
49,4794425964355,Right,-0,6076505,0,9954445,1,220025,331,9213,306,393,308,2143
49,4934005737305,Right,-0,5969972,0,9998369,1,227419,331,9352,308,0197,308,1215
49,5073204040527,Right,-0,5910336,1,002801,1,232796,331,5201,309,9471,307,3914
49,5214195251465,Right,-0,579559,1,006476,1,241365,330,5559,313,5669,305,5528
49,5349426269531,Right,-0,5750179,1,007272,1,243807,330,1347,314,9029,304,7945
49,5487327575684,Right,-0,5633808,1,010012,1,252395,329,7911,317,7395,303,0747
49,5626564025879,Right,-0,5550609,1,010219,1,258455,330,0128,319,5568,301,9706
49,5766296386719,Right,-0,5512511,1,009167,1,261881,330,4344,320,2848,301,5842
49,5903739929199,Right,-0,5438804,1,007919,1,268894,330,9627,321,832,300,9267
49,6041984558105,Right,-0,5430422,1,006107,1,269885,331,1078,322,1928,300,8806
49,6184310913086,Right,-0,539965,1,002038,1,2752,332,0435,323,1064,301,1708
49,6317367553711,Right,-0,5371668,0,9989825,1,278923,332,7124,324,0261,301,5225
49,645637512207,Right,-0,538566,0,9958641,1,278892,333,5674,323,4463,302,6675
49,6593551635742,Right,-0,5376104,0,9910728,1,281865,334,8271,323,4039,303,7898
49,6733856201172,Right,-0,5378794,0,9878054,1,283276,336,0427,322,8473,304,5889
49,6873168945313,Right,-0,5382401,0,9855319,1,284048,336,6542,322,5895,304,9095
49,7009506225586,Right,-0,5392403,0,9819934,1,284396,337,2992,322,1129,305,1266
49,7150192260742,Right,-0,5394386,0,9811671,1,284742,337,2673,322,1731,304,8431
49,7290840148926,Right,-0,5400029,0,9782224,1,285331,337,7025,322,131,304,511
49,7428894042969,Right,-0,5394341,0,9760211,1,286831,338,0566,322,3683,304,4859
49,7565536499023,Right,-0,5389966,0,9751768,1,287336,338,0688,322,6392,304,6291
49,7703475952148,Right,-0,5370877,0,9741338,1,288681,337,8257,323,4271,304,5908
49,784309387207,Right,-0,5363089,0,9737199,1,288762,337,9622,323,6349,304,5656
49,798210144043,Right,-0,5334047,0,9734514,1,28978,338,241,324,3464,304,2962
49,8118705749512,Right,-0,5306144,0,9733401,1,290275,338,3382,324,8485,304,5096
49,8259468078613,Right,-0,5287559,0,9740489,1,289522,338,1378,324,8905,305,0644
49,8404541015625,Right,-0,5254471,0,9745106,1,289535,337,7245,325,1375,306,5207
0,Teapot dropped,0,0,0,0,0,0
49,8538436889648,Right,-0,524915,0,9745632,1,289153,337,956,325,0293,306,7665
49,8678436279297,Right,-0,5218049,0,9757238,1,287143,338,6053,323,9418,307,9413
49,8814125061035,Right,-0,5203027,0,9779363,1,286711,339,0611,323,4315,307,3259
49,8954582214355,Right,-0,516509,0,9804784,1,286463,338,2684,323,9944,306,7404
49,9093360900879,Right,-0,5121965,0,9833192,1,285359,337,8038,324,2841,305,9969
49,9231948852539,Right,-0,5089145,0,9857744,1,284196,336,8039,324,4617,306,2618
49,9370880126953,Right,-0,5068536,0,9871452,1,283588,336,4939,324,6264,306,3627
49,9510841369629,Right,-0,5030581,0,9900969,1,282899,335,9642,324,9767,306,1346
49,9648551940918,Right,-0,5014639,0,9910536,1,282982,335,8431,325,3104,305,7086
49,9787483215332,Right,-0,496694,0,9946791,1,283246,335,0674,326,3634,305,1051
49,9926338195801,Right,-0,4925423,0,9973194,1,283458,334,3425,327,3894,304,8205
50,0066680908203,Right,-0,4895806,0,9990167,1,284615,333,8532,328,5945,304,7156
50,020393371582,Right,-0,4844663,1,001994,1,28602,333,0245,330,2596,304,5668
50,0342712402344,Right,-0,4822586,1,002854,1,286011,332,7031,330,9146,304,6917
50,0482635498047,Right,-0,4766742,1,006084,1,287348,331,7641,332,5837,304,6265
50,0623245239258,Right,-0,4715692,1,009017,1,287665,331,0415,333,8737,304,1198
50,0762023925781,Right,-0,4689406,1,010668,1,287586,330,6315,334,4021,303,6711
50,0898971557617,Right,-0,4636393,1,014377,1,287418,329,6581,335,3891,302,7955
50,103946685791,Right,-0,4598809,1,016831,1,286844,328,8711,336,0357,302,2432
50,1176300048828,Right,-0,4570742,1,019632,1,285502,328,0631,336,2831,301,5197
50,131591796875,Right,-0,4526119,1,023756,1,283828,326,9333,336,8362,300,211
50,1453590393066,Right,-0,4506191,1,025115,1,283385,326,4762,337,2173,299,7692
50,159366607666,Right,-0,4455988,1,030194,1,281016,324,8719,337,9977,298,2477
50,17333984375,Right,-0,4417516,1,033817,1,279186,323,5587,338,6698,297,0294
50,1872177124023,Right,-0,439089,1,036543,1,278187,322,6666,339,2727,296,0165
50,2010726928711,Right,-0,4344119,1,041393,1,276454,321,1631,340,5208,293,9904
50,214958190918,Right,-0,4330139,1,042703,1,275971,320,7234,341,0278,292,9514
50,2286949157715,Right,-0,429565,1,046738,1,274895,319,6127,342,3616,290,6299
50,2426834106445,Right,-0,4282974,1,048153,1,274259,318,7755,343,0272,289,7226
50,2566833496094,Right,-0,4285001,1,048361,1,274008,318,3231,343,1871,289,8132
50,2704429626465,Right,-0,4271159,1,050205,1,273207,317,4109,343,8696,289,2333
50,2845458984375,Right,-0,4281886,1,049423,1,273239,317,4384,343,6591,289,6145
50,298454284668,Right,-0,4303743,1,04867,1,273149,317,5673,343,1196,290,117
50,3122291564941,Right,-0,4316285,1,048475,1,273199,317,6057,342,7975,290,2675
50,3261337280273,Right,-0,4331654,1,047393,1,273767,317,9445,342,2584,290,5749
50,3398933410645,Right,-0,4357363,1,045225,1,275605,318,9092,341,5619,291,0065
50,3540191650391,Right,-0,4370393,1,04393,1,277075,319,5015,341,3393,291,256
50,3682060241699,Right,-0,4388514,1,042375,1,279078,320,1023,341,0984,291,432
50,3815841674805,Right,-0,4420223,1,038937,1,28317,321,2361,341,0311,292,4688
50,395751953125,Right,-0,4435833,1,036488,1,285637,322,1712,341,043,293,3441
50,4094161987305,Right,-0,4462899,1,032079,1,290217,323,4417,341,234,295,2731
50,4233512878418,Right,-0,4482891,1,027478,1,294855,324,9818,341,5772,297,3696
50,4371871948242,Right,-0,4496669,1,024062,1,297974,326,0254,341,7446,298,4867
50,4509468078613,Right,-0,4519934,1,018157,1,302854,327,7275,341,8923,300,9308
50,4651412963867,Right,-0,452904,1,016046,1,304187,328,4358,341,5903,302,0059
50,4790077209473,Right,-0,4550163,1,010273,1,308714,330,0679,341,3369,303,851
50,4926719665527,Right,-0,4560687,1,006383,1,311305,331,5294,341,0436,304,5094
50,5069198608398,Right,-0,4570383,1,003024,1,312906,332,8266,340,6329,304,8709
50,5206146240234,Right,-0,4592339,0,9960847,1,316062,335,0423,340,0502,306,1326
50,5346641540527,Right,-0,460457,0,9938998,1,316687,335,8224,339,7999,306,5275
50,5484237670898,Right,-0,4631335,0,9885293,1,318564,336,7787,339,9858,305,0439
50,5621109008789,Right,-0,4650145,0,9839296,1,320174,336,6959,340,7191,302,1378
50,5761413574219,Right,-0,4661977,0,9787816,1,320398,337,2258,340,0668,303,3094
50,5900917053223,Right,-0,4682717,0,9744824,1,321748,337,5931,340,2297,301,8488
50,6037750244141,Right,-0,4691716,0,9712908,1,322483,338,1559,339,9077,302,6823
50,6182670593262,Right,-0,4721605,0,9676148,1,323077,338,5221,339,572,300,8578
50,6318054199219,Right,-0,4747182,0,9637701,1,324942,339,0651,339,6361,300,7141
50,6456108093262,Right,-0,4753852,0,9614636,1,325094,339,7948,338,7419,304,3922
50,6594734191895,Right,-0,4771259,0,9619349,1,326016,340,4774,338,1443,306,28
0,Teapot grabbed,0,0,0,0,0,0
50,6735610961914,Right,-0,4772142,0,965083,1,326124,340,1139,338,2716,305,1876
50,6873970031738,Right,-0,4777867,0,9649963,1,326482,341,0615,337,4634,307,2673
50,7012557983398,Right,-0,476462,0,9727464,1,324827,340,0867,337,5156,304,4879
50,7149963378906,Right,-0,476257,0,9734844,1,324809,339,5784,337,7912,302,2313
50,7291679382324,Right,-0,475195,0,9796841,1,322892,338,3087,337,8225,298,4222
50,7430267333984,Right,-0,4746492,0,9840643,1,321557,337,1803,337,943,293,7921
50,7568893432617,Right,-0,4746643,0,987852,1,320253,336,486,337,8369,290,2936
50,7708435058594,Right,-0,4754614,0,9945264,1,318214,335,3719,337,6871,285,0911
50,784423828125,Right,-0,4771912,0,9957454,1,317891,335,099,337,4118,282,6403
50,7985191345215,Right,-0,4787728,1,002513,1,315492,334,6921,336,3446,276,2921
50,8123970031738,Right,-0,4815781,1,004745,1,314629,334,7052,333,5947,271,1943
50,8264350891113,Right,-0,4826898,1,004051,1,31695,335,4412,332,1008,267,0169
50,8401184082031,Right,-0,4847556,1,002717,1,320668,336,5513,329,3927,262,0229
50,8541069030762,Right,-0,4865698,0,9998996,1,323966,337,3013,328,9333,260,9635
50,8678703308105,Right,-0,4872509,0,9976106,1,330534,339,0211,328,1302,257,8754
50,8817520141602,Right,-0,4897065,0,9905134,1,338197,341,4343,329,6618,257,4431
50,8961791992188,Right,-0,4909304,0,9880782,1,340599,342,1096,330,203,256,498
50,9095306396484,Right,-0,4904954,0,9842026,1,346322,343,7205,332,0059,254,4206
50,9236907958984,Right,-0,4910345,0,9820901,1,347506,344,5504,332,0093,251,2779
50,9374847412109,Right,-0,4923253,0,9803759,1,347136,344,9837,330,606,249,1679
50,9513893127441,Right,-0,4963586,0,9759816,1,345266,346,0578,326,9465,246,0455
50,9652557373047,Right,-0,498781,0,9739006,1,34426,346,4469,325,377,244,6403
50,9790420532227,Right,-0,5022696,0,97049,1,341383,347,3077,322,029,242,2717
50,9930572509766,Right,-0,5034655,0,9678538,1,340183,347,763,321,1594,241,1701
51,0068206787109,Right,-0,5026461,0,9663305,1,339976,348,1123,321,6351,240,7428
51,0205917358398,Right,-0,5016433,0,9642444,1,340148,348,6833,322,1698,239,5244
51,0346260070801,Right,-0,5001584,0,9636253,1,339878,348,9031,322,7579,239,2681
51,0483093261719,Right,-0,4990297,0,9613751,1,34042,349,4078,322,831,237,3672
51,0625305175781,Right,-0,4995731,0,9584869,1,340109,350,4333,322,4204,236,3701
51,0764579772949,Right,-0,5012127,0,9565233,1,339236,351,4106,321,117,236,831
51,0900726318359,Right,-0,5029141,0,9533077,1,336855,352,3229,319,343,236,7759
51,1041374206543,Right,-0,5025775,0,9523539,1,336888,352,8035,319,0516,237,0188
51,1180381774902,Right,-0,5029663,0,948932,1,336226,354,0056,318,3048,236,7837
51,1318893432617,Right,-0,5005389,0,9474507,1,335183,354,5497,319,1916,237,6729
51,1458168029785,Right,-0,4998094,0,9466339,1,334406,354,5441,319,1618,237,2245
51,1596717834473,Right,-0,4989432,0,9454824,1,331625,353,3568,319,0765,237,8065
51,1737747192383,Right,-0,4990598,0,9448153,1,329483,352,8341,318,7896,238,3896
51,1875228881836,Right,-0,4985539,0,9453877,1,328117,351,515,319,0275,239,3654
51,201774597168,Right,-0,4970805,0,9447314,1,327789,351,0714,319,173,238,6987
51,2152481079102,Right,-0,4969233,0,9446568,1,327063,350,6049,319,2888,239,0092
51,2292785644531,Right,-0,4963876,0,9439842,1,325317,349,9079,319,2198,239,3348
51,2429046630859,Right,-0,496161,0,9435113,1,324351,349,5223,319,2651,239,7188
51,2570381164551,Right,-0,4958478,0,9429299,1,323092,348,8204,319,1866,240,1859
51,2710914611816,Right,-0,4956897,0,9421322,1,321661,348,0822,319,0395,240,7799
51,2846794128418,Right,-0,4957942,0,941749,1,321246,347,8734,319,0293,241,1777
51,2986297607422,Right,-0,4957237,0,9408137,1,320095,347,2136,318,9869,241,9942
51,3124046325684,Right,-0,4945606,0,9406931,1,320176,346,8004,319,2879,241,7945
51,3264007568359,Right,-0,4937606,0,9410082,1,320668,346,6372,319,4568,241,3417
0,Teapot dropped,0,0,0,0,0,0
51,3403129577637,Right,-0,4938534,0,9401762,1,319687,346,2981,320,2263,243,024
51,354061126709,Right,-0,4943619,0,9408463,1,32012,346,4962,319,1301,241,5102
51,368293762207,Right,-0,4892527,0,9433951,1,323579,345,7749,320,534,238,9187
51,3821067810059,Right,-0,4867404,0,9424131,1,326606,346,8012,321,8414,238,8756
51,3959655761719,Right,-0,4853218,0,9433448,1,327383,346,4569,321,9836,236,7658
51,4098205566406,Right,-0,4786459,0,9441885,1,332152,346,6503,327,0556,235,442
51,4235572814941,Right,-0,4741067,0,9450987,1,333747,347,0566,331,6056,235,3972
51,4375877380371,Right,-0,4709626,0,9454988,1,334954,347,4752,334,3204,235,6961
51,4514083862305,Right,-0,4679277,0,9453458,1,334867,349,1959,334,2565,239,987
51,4651908874512,Right,-0,4647543,0,9439191,1,335541,351,7728,333,1509,245,9219
51,4792175292969,Right,-0,45598,0,9450361,1,337191,354,7547,333,1864,251,9956
51,4936180114746,Right,-0,4475836,0,9497081,1,338469,353,821,335,4376,253,1495
51,5070114135742,Right,-0,4426945,0,9525987,1,339833,352,8422,337,5426,253,7172
51,5209274291992,Right,-0,4340969,0,9577782,1,341334,351,022,341,4335,254,8493
51,5347442626953,Right,-0,4313593,0,9593408,1,341391,350,5004,342,4736,255,3249
51,5486831665039,Right,-0,4250448,0,963744,1,341452,348,9273,345,6589,257,0773
51,5626487731934,Right,-0,4197858,0,9674997,1,340836,347,867,347,8109,258,0275
51,5764007568359,Right,-0,4167874,0,9696801,1,340539,347,1622,348,9829,258,5016
51,5903854370117,Right,-0,4118806,0,974346,1,338946,345,4393,351,1047,259,5048
51,6044235229492,Right,-0,410512,0,9765427,1,337775,344,937,351,4787,259,5281
51,618091583252,Right,-0,4078434,0,9827735,1,333704,342,8474,352,5995,259,4303
51,6321105957031,Right,-0,4068462,0,9897804,1,328008,340,1884,352,8909,258,9708
51,6460418701172,Right,-0,4063535,0,9928468,1,325462,339,0038,353,0524,258,973
51,6598739624023,Right,-0,4105548,0,9998925,1,315048,335,7218,351,101,259,5416
51,6739082336426,Right,-0,412383,1,004383,1,310418,334,0563,350,3415,260,1187
51,6875495910645,Right,-0,4161291,1,006902,1,304817,332,7425,348,7486,261,3003
51,7017593383789,Right,-0,4218304,1,012008,1,295704,330,2309,346,0612,263,5549
51,7158889770508,Right,-0,4251284,1,01575,1,290332,328,4991,344,1446,264,6208
51,7292785644531,Right,-0,4297344,1,022207,1,277574,325,0255,340,565,266,0665
51,7433891296387,Right,-0,4326671,1,028055,1,269226,322,1056,338,0778,266,8683
51,7570838928223,Right,-0,4335397,1,032002,1,261878,319,8034,336,2963,267,606
51,7707901000977,Right,-0,4353769,1,039233,1,246312,314,7266,332,1341,269,8951
51,7851524353027,Right,-0,4373081,1,042761,1,239167,312,0898,329,4056,272,4269
51,7986221313477,Right,-0,4407189,1,046036,1,219826,307,2313,321,6243,280,1404
51,812686920166,Right,-0,4448336,1,047896,1,208453,305,6781,314,7179,286,9464
51,8266868591309,Right,-0,4473274,1,047237,1,202476,305,6145,310,7207,290,5357
51,8402519226074,Right,-0,451146,1,045328,1,188345,305,1165,301,8715,298,0081
51,8543891906738,Right,-0,4537737,1,045881,1,184153,305,4151,298,4404,300,6932
51,8686637878418,Right,-0,4577942,1,040693,1,167992,306,1097,288,6887,309,2711
51,882137298584,Right,-0,4624775,1,035584,1,155691,307,8408,281,5598,316,1069
51,8961372375488,Right,-0,465288,1,033988,1,149634,309,4463,278,2113,318,3682
51,9097747802734,Right,-0,4713588,1,025187,1,137523,313,4433,272,7222,322,2998
51,9240531921387,Right,-0,4766383,1,020252,1,129426,315,9662,269,5052,325,4222
51,9378089904785,Right,-0,4818546,1,015182,1,128069,318,0851,270,2617,327,3787
51,9516105651855,Right,-0,4866759,1,010646,1,122721,319,9724,269,0946,330,3261
51,9654388427734,Right,-0,4855993,1,009675,1,120722,320,3424,268,4423,330,4699
51,9793357849121,Right,-0,4882301,1,002921,1,11279,322,6427,265,6143,333,0614
51,9931831359863,Right,-0,4945367,1,003977,1,123335,323,6185,271,1612,328,3506
52,007194519043,Right,-0,4954423,1,001308,1,125145,324,0253,272,1985,327,542
0,Teapot grabbed,0,0,0,0,0,0
52,0210075378418,Right,-0,4984351,0,997947,1,124804,324,732,273,3832,324,0739
52,0350723266602,Right,-0,4999527,0,9939758,1,125173,325,7127,273,173,322,7241
52,0489959716797,Right,-0,503668,0,9903507,1,124287,326,6264,273,7362,318,1005
52,0625801086426,Right,-0,5068153,0,9864632,1,127139,327,1141,274,4752,314,6205
52,0764198303223,Right,-0,5077298,0,9812866,1,130334,328,4263,272,2214,319,5227
52,0902442932129,Right,-0,510654,0,9889623,1,140401,328,6809,274,167,319,634
52,1043357849121,Right,-0,5112022,0,9912,1,143523,328,4588,275,6009,318,4172
52,1181335449219,Right,-0,5150809,0,9989762,1,15751,326,6259,280,7652,315,4728
52,1316795349121,Right,-0,5175801,1,001194,1,167743,325,8498,283,733,314,2664
52,1457672119141,Right,-0,5175143,1,002265,1,169829,326,147,284,826,312,7097
52,1597709655762,Right,-0,5223981,1,0144,1,190382,321,7345,293,8572,309,0173
52,1736145019531,Right,-0,5200509,1,019462,1,203862,319,6357,300,6125,305,8212
52,1874351501465,Right,-0,5196483,1,021356,1,209597,318,2824,303,8775,304,4297
52,2016906738281,Right,-0,5197954,1,024658,1,219045,315,8485,309,2274,302,0913
52,2149963378906,Right,-0,5188351,1,026214,1,221564,314,6251,311,6712,301,0755
52,2290000915527,Right,-0,5166035,1,031682,1,229593,313,6427,316,6712,294,9466
52,2426605224609,Right,-0,5155663,1,034244,1,236297,313,6267,321,9026,287,4361
52,2566871643066,Right,-0,514393,1,034519,1,241058,314,5909,324,2407,283,0428
52,2707328796387,Right,-0,5120684,1,035744,1,255359,317,412,329,7133,275,5791
52,2844429016113,Right,-0,5112154,1,033303,1,26073,317,7433,333,1888,274,5656
52,2984657287598,Right,-0,5090209,1,031582,1,275519,318,8006,340,4462,272,2225
52,3124389648438,Right,-0,5096353,1,025771,1,281069,316,598,345,9801,276,9256
52,3261489868164,Right,-0,511289,1,023581,1,280454,314,7516,346,6678,281,1534
52,3401336669922,Right,-0,5156303,1,020625,1,282794,312,6605,347,0891,285,7739
52,3539085388184,Right,-0,5161914,1,021405,1,281994,312,475,346,5167,285,1617
52,3678283691406,Right,-0,5178129,1,020614,1,287387,313,3091,346,8893,280,8974
52,3818855285645,Right,-0,5186316,1,01854,1,295254,316,2624,347,0493,273,9018
52,3955955505371,Right,-0,5200167,1,015498,1,301259,318,5376,347,0561,269,9792
52,4095726013184,Right,-0,52287,1,007831,1,317713,324,4823,348,2261,264,1177
52,4235420227051,Right,-0,5260905,0,9991445,1,328304,328,4617,349,8125,262,1554
52,4372596740723,Right,-0,5273048,0,9948727,1,334833,330,8109,351,262,260,1611
52,4512367248535,Right,-0,5316336,0,9861343,1,34187,333,2085,351,9297,260,0307
52,4652404785156,Right,-0,5330252,0,9850588,1,341347,332,935,351,7782,259,7385
52,4789619445801,Right,-0,5380349,0,9820534,1,342742,332,7756,351,2724,258,3907
52,4930763244629,Right,-0,5423769,0,9800631,1,343096,332,4784,349,9934,256,8081
52,506706237793,Right,-0,5451081,0,979165,1,34069,331,8765,349,1865,255,7616
52,520637512207,Right,-0,5481718,0,9753729,1,342736,333,2206,348,8394,252,2064
52,5347938537598,Right,-0,5495152,0,9719471,1,342494,333,5893,348,1924,253,3738
52,5489616394043,Right,-0,5505561,0,9679729,1,34397,334,4909,347,76,252,7581
52,5623321533203,Right,-0,5516776,0,9658319,1,344478,334,7219,347,8093,252,0096
52,5763206481934,Right,-0,5510145,0,965836,1,342728,334,4488,347,815,251,2592
52,5900764465332,Right,-0,5490311,0,9642793,1,342779,335,1123,348,0992,248,7693
52,6043243408203,Right,-0,5489629,0,9627701,1,342868,335,6286,348,7781,247,3939
52,6177520751953,Right,-0,5469695,0,9595268,1,34405,336,6247,348,0419,246,0022
52,631721496582,Right,-0,545397,0,9566728,1,344681,337,2457,348,1516,244,3945
52,645679473877,Right,-0,5445624,0,9561116,1,344045,336,8959,348,6611,244,4707
52,6593894958496,Right,-0,5430762,0,9548181,1,343282,336,5711,349,3185,243,7908
52,6735229492188,Right,-0,541696,0,9555998,1,340704,335,4316,349,2725,243,0736
52,6873779296875,Right,-0,5414354,0,9558877,1,339352,334,9532,348,6398,242,9113
52,7013931274414,Right,-0,5410699,0,9546707,1,337753,334,6167,348,2465,242,6164
52,715087890625,Right,-0,5403025,0,9545113,1,337515,334,4353,347,973,242,7159
52,7289772033691,Right,-0,5382544,0,9535395,1,336897,334,2861,348,0161,242,1035
52,7428016662598,Right,-0,5364678,0,9526888,1,336856,334,2572,348,8547,242,2618
52,7568168640137,Right,-0,5359359,0,9522009,1,336632,334,1982,349,1188,242,5927
52,7705078125,Right,-0,5341713,0,9518747,1,335531,333,8788,349,1983,242,911
52,7848167419434,Right,-0,5331498,0,9519209,1,335587,333,8412,349,3026,242,8671
52,7984848022461,Right,-0,5300099,0,9514207,1,335875,333,8762,350,3502,242,5289
0,Teapot dropped,0,0,0,0,0,0
52,8123779296875,Right,-0,5272227,0,9510592,1,336839,334,3814,351,2664,241,3255
52,8262519836426,Right,-0,5251097,0,9513377,1,336684,334,0913,352,1032,240,5143
52,8401870727539,Right,-0,5224878,0,9511338,1,339678,334,8799,354,4711,239,8293
52,8538703918457,Right,-0,5209514,0,9515488,1,339505,334,7378,354,5826,238,8344
52,8679962158203,Right,-0,5189123,0,9513557,1,341392,335,8183,354,5762,237,05
52,8816375732422,Right,-0,5181523,0,9503284,1,343635,337,1563,355,0373,236,9367
52,8956413269043,Right,-0,5158053,0,9503141,1,345002,337,8076,355,8752,235,824
52,9095840454102,Right,-0,5125511,0,9496446,1,347852,339,459,356,955,234,2205
52,9235343933105,Right,-0,5102566,0,9488822,1,350169,340,7459,357,8124,233,4443
52,9374961853027,Right,-0,5077531,0,9486163,1,351758,341,68,358,4142,231,9243
52,9512367248535,Right,-0,5035915,0,9478016,1,354382,343,5252,359,8307,230,1198
52,965030670166,Right,-0,5008454,0,9474042,1,354891,344,9323,1,956126,229,5763
52,9791297912598,Right,-0,4959924,0,9462474,1,356318,346,7382,3,488783,227,4717
52,9929580688477,Right,-0,489056,0,9465429,1,356843,347,7354,5,080912,224,6709
53,0068206787109,Right,-0,484322,0,9468998,1,356916,348,2634,6,197502,222,6547
53,0207099914551,Right,-0,4779249,0,9475769,1,357116,348,9898,7,217535,219,8081
53,034725189209,Right,-0,4754306,0,9475332,1,357044,349,1903,8,226722,219,0462
53,0487365722656,Right,-0,4687673,0,9481279,1,356869,349,6942,10,84235,217,0986
53,0624008178711,Right,-0,462718,0,9494167,1,355475,349,4778,14,25898,215,9297
53,0760955810547,Right,-0,4603321,0,9502752,1,354493,348,4442,14,55697,217,6461
53,0901718139648,Right,-0,4522442,0,9526895,1,352635,345,4571,14,85128,221,6934
53,1040344238281,Right,-0,4476122,0,9547045,1,351459,343,5125,14,42458,223,4173
53,1177978515625,Right,-0,4399789,0,9564661,1,348632,339,864,15,13081,227,7724
53,1319961547852,Right,-0,4332204,0,9592085,1,345903,333,273,13,48462,234,008
53,1459808349609,Right,-0,427447,0,9625444,1,346194,331,3086,13,72767,234,159
53,1594390869141,Right,-0,4241247,0,9683002,1,341023,329,9502,14,05597,233,5789
53,1734046936035,Right,-0,4225177,0,9727874,1,336919,328,8704,14,01898,232,983
53,1872215270996,Right,-0,4222554,0,9757798,1,3335,328,217,13,81213,232,8333
53,2012252807617,Right,-0,4228827,0,9812958,1,326669,326,8839,13,43203,233,0612
53,2151870727539,Right,-0,4249892,0,9845128,1,322266,325,7417,13,00546,233,8018
53,2293243408203,Right,-0,4311291,0,9930002,1,308229,321,9733,11,71094,235,9493
53,2428779602051,Right,-0,4372458,1,001421,1,296515,318,435,9,874263,238,2906
53,2569122314453,Right,-0,4404969,1,006486,1,289865,316,4759,8,880497,239,7236
53,2706069946289,Right,-0,4551907,1,015799,1,269616,310,8823,4,539844,245,9012
53,2846145629883,Right,-0,4593814,1,021561,1,263344,308,7579,2,225163,248,6983
53,2983665466309,Right,-0,4753846,1,028532,1,243023,303,9444,354,4108,258,0272
53,3124961853027,Right,-0,4904592,1,035264,1,226855,300,626,345,3953,269,9199
53,3262557983398,Right,-0,4969271,1,038579,1,219328,299,2622,340,9225,275,8947
53,3400497436523,Right,-0,5174269,1,038831,1,200947,296,7415,328,1893,294,7871
53,3541069030762,Right,-0,5206575,1,043485,1,194977,296,4105,324,322,300,0341
53,3680877685547,Right,-0,5381833,1,042107,1,178923,296,547,311,206,317,5313
53,3815879821777,Right,-0,5564026,1,036215,1,172568,297,524,303,2563,330,9541
53,3957557678223,Right,-0,5625208,1,035979,1,167604,298,4745,300,3989,335,404
53,4094696044922,Right,-0,5781093,1,029499,1,162701,301,2403,296,0842,342,528
53,4234008789063,Right,-0,5890428,1,026463,1,160947,303,3477,295,166,344,7774
53,4373397827148,Right,-0,5959407,1,024279,1,159588,304,3747,294,549,346,4178
53,450984954834,Right,-0,6059997,1,019991,1,15626,306,0172,293,1481,347,4239
53,4652786254883,Right,-0,6097281,1,018053,1,155088,306,4987,292,2268,347,1115
53,479133605957,Right,-0,6201121,1,013026,1,149068,307,5785,288,9412,350,3762
53,4926986694336,Right,-0,6293679,1,009204,1,14382,308,0245,285,396,354,8379
53,5067481994629,Right,-0,6354538,1,005804,1,139707,308,6256,282,8548,358,1815
53,5208053588867,Right,-0,6476552,0,9967474,1,132303,310,6188,278,6131,3,333972
53,5345344543457,Right,-0,6528287,0,994004,1,130424,311,9331,278,0495,3,845348
53,5485305786133,Right,-0,665923,0,9822497,1,127128,315,3741,276,706,5,632927
53,562198638916,Right,-0,6770902,0,9722657,1,12776,318,5107,277,0574,6,504674
53,5761909484863,Right,-0,6830462,0,9671577,1,129148,320,0717,277,5564,7,094403
53,5903129577637,Right,-0,6948978,0,9548396,1,134238,323,3745,279,0829,8,787129
53,6039390563965,Right,-0,6986467,0,9529868,1,136514,323,7726,279,9588,8,855598
53,6179237365723,Right,-0,7076962,0,9427708,1,144883,324,7642,281,2744,9,834362
53,6317596435547,Right,-0,7146299,0,9359422,1,149558,325,0546,281,2826,11,0719
53,6456146240234,Right,-0,7150016,0,9341569,1,154546,325,3745,282,131,12,11899
53,6595687866211,Right,-0,7210371,0,9292267,1,161074,326,0934,283,307,12,37865
53,6734237670898,Right,-0,7229854,0,9285965,1,166578,325,6919,284,5904,12,59045
53,6872711181641,Right,-0,7234188,0,9296335,1,168669,325,0017,284,9041,12,54404
0,Teapot grabbed,0,0,0,0,0,0
53,7015495300293,Right,-0,7227591,0,9339457,1,173684,322,2736,285,9486,11,0353
53,7151489257813,Right,-0,722524,0,9327867,1,174493,322,5626,286,4665,10,95418
53,7290306091309,Right,-0,7206415,0,9361135,1,17952,322,3143,289,5607,5,395463
53,7428932189941,Right,-0,7194597,0,9353461,1,185334,322,5659,291,6038,3,089912
53,7566871643066,Right,-0,717068,0,9374514,1,187598,322,3534,292,9017,1,424649
53,7707328796387,Right,-0,7169565,0,9375571,1,192942,321,8861,294,8861,359,9365
53,7849006652832,Right,-0,7137808,0,9413034,1,193465,321,3207,296,2402,357,0837
53,7983589172363,Right,-0,711246,0,9442096,1,19919,319,7509,298,6493,354,1389
53,8124237060547,Right,-0,7105231,0,9449207,1,202128,318,2641,299,9475,351,3771
53,8261413574219,Right,-0,6948097,0,9644381,1,201291,318,8098,305,9225,333,036
53,8400764465332,Right,-0,6812466,0,9732235,1,212803,320,0368,311,3753,317,1009
53,8541030883789,Right,-0,6781244,0,9715328,1,217905,321,0796,312,8925,313,5112
53,8678169250488,Right,-0,6694117,0,9770668,1,228618,324,7393,315,9139,304,249
53,8817901611328,Right,-0,6598272,0,9793445,1,241853,326,6098,319,4332,297,1827
53,895679473877,Right,-0,6550252,0,9803723,1,246766,326,9367,320,9178,294,3505
53,9095344543457,Right,-0,6427026,0,9857169,1,258478,327,9518,324,213,287,3041
53,9236145019531,Right,-0,6309097,0,9893802,1,26668,328,6264,326,523,279,5435
53,9372749328613,Right,-0,6222365,0,9925338,1,272936,329,8872,327,4139,272,9507
53,9511833190918,Right,-0,6107708,0,992936,1,285111,333,0464,328,1537,263,3863
53,9651374816895,Right,-0,6088632,0,9895141,1,289863,334,9287,328,0086,260,6014
53,9788970947266,Right,-0,6020049,0,983,1,302021,339,8262,325,7641,255,1933
53,9928894042969,Right,-0,5964742,0,9789084,1,309258,342,321,324,1855,250,682
54,0069808959961,Right,-0,5924862,0,9771202,1,313248,343,261,323,1871,247,344
54,0206832885742,Right,-0,5857179,0,9734324,1,321765,345,2206,322,1386,242,1036
54,0346145629883,Right,-0,5846874,0,9710463,1,322958,345,8275,322,0716,240,8558
54,0484199523926,Right,-0,5791261,0,9663714,1,328841,347,161,322,0808,239,1881
54,0623435974121,Right,-0,5740286,0,9640399,1,332431,348,0864,321,4528,236,687
54,076229095459,Right,-0,5717707,0,9634885,1,332121,347,7813,321,5124,235,9095
54,0900382995605,Right,-0,5661833,0,961872,1,335115,348,3008,321,2082,233,0439
54,1040115356445,Right,-0,5654684,0,9608399,1,334968,348,6166,321,0001,232,0975
54,1180572509766,Right,-0,5603749,0,9584926,1,338274,349,7609,320,0278,228,1924
54,1318473815918,Right,-0,5573537,0,9557788,1,340371,350,8145,319,3259,224,9549
54,1457443237305,Right,-0,5571179,0,9540315,1,340508,351,4413,319,5328,224,965
54,1597557067871,Right,-0,5535799,0,9510558,1,343419,352,8252,319,5708,223,6359
54,1734161376953,Right,-0,5509696,0,9497669,1,343783,353,3886,319,8838,223,4087
54,1873321533203,Right,-0,5477778,0,9492849,1,344857,353,6669,320,2134,222,8214
54,2011642456055,Right,-0,5418923,0,9491835,1,346283,353,118,320,7586,221,3491
54,2151107788086,Right,-0,5406005,0,948742,1,346723,353,1071,320,882,221,2224
54,2290649414063,Right,-0,5359432,0,9484339,1,34742,352,298,321,5209,220,194
54,2432594299316,Right,-0,5334105,0,9486225,1,347482,352,1255,321,8505,220,3083
54,2569732666016,Right,-0,531361,0,9490641,1,34744,352,0038,321,9178,220,2429
54,2705917358398,Right,-0,5279236,0,9496628,1,347301,352,0622,321,9431,220,205
54,2846183776855,Right,-0,5262644,0,949844,1,347136,352,447,322,0457,220,5617
54,2985458374023,Right,-0,5221117,0,9510911,1,346132,353,5998,322,7075,222,0356
54,3125991821289,Right,-0,5168968,0,9522858,1,345236,353,6985,323,157,222,6239
54,3263702392578,Right,-0,5144419,0,9532638,1,344273,353,4482,323,7986,223,546
54,3401832580566,Right,-0,5094646,0,954693,1,343074,353,2106,324,3429,224,2375
54,353931427002,Right,-0,5083631,0,9549595,1,343223,353,3544,324,5078,224,4733
54,3680648803711,Right,-0,5031725,0,9557805,1,342955,353,3565,324,9091,224,4238
54,3817443847656,Right,-0,4998838,0,9577385,1,339591,353,0037,325,4283,225,4951
54,3960609436035,Right,-0,4983051,0,9585058,1,338812,353,0366,325,5913,225,9712
54,4097213745117,Right,-0,4950692,0,961044,1,335593,352,7784,325,9965,227,4176
54,4233551025391,Right,-0,4915181,0,9628435,1,334133,352,5904,326,2623,227,921
54,4374847412109,Right,-0,4892171,0,9637789,1,332824,352,5741,326,3553,228,3904
54,4513473510742,Right,-0,4857279,0,9653403,1,330707,352,4696,326,5675,229,2616
54,4652252197266,Right,-0,4845942,0,966094,1,329699,352,4357,326,592,229,9064
54,4792137145996,Right,-0,4813232,0,9676747,1,327363,352,4642,326,7451,231,088
54,4930419921875,Right,-0,4786441,0,9691243,1,325523,352,4392,326,8911,232,083
54,5068054199219,Right,-0,4770526,0,9700028,1,32442,352,3767,326,9426,232,6574
54,5208396911621,Right,-0,4766832,0,9703146,1,321563,352,9412,325,6633,233,9823
54,5346832275391,Right,-0,4758619,0,9708045,1,320759,352,9154,325,4821,234,544
54,5485229492188,Right,-0,4751186,0,9709287,1,318113,353,2638,324,5627,236,0573
54,5629005432129,Right,-0,473183,0,9713568,1,316889,353,5441,324,6943,237,6433
54,576358795166,Right,-0,4716637,0,9718432,1,31652,353,4563,324,9152,238,1384
54,5902671813965,Right,-0,4699901,0,9718903,1,315693,353,7323,325,0823,239,0471
54,604133605957,Right,-0,4695827,0,9719476,1,315352,353,8227,325,0735,239,5941
54,6180191040039,Right,-0,4695246,0,9713673,1,314115,354,1478,324,9293,241,4655
54,6319999694824,Right,-0,468374,0,9710613,1,313621,354,6456,324,9191,242,9022
54,6461563110352,Right,-0,4684471,0,9703382,1,313814,354,8257,324,7157,243,3714
54,6596603393555,Right,-0,4699359,0,9677844,1,31381,355,5979,324,5527,245,1068
54,673641204834,Right,-0,4699548,0,9666174,1,313673,356,1605,324,4893,246,459
54,6875114440918,Right,-0,4698404,0,9655581,1,313562,356,3516,324,6265,247,5441
54,701473236084,Right,-0,4685476,0,9641724,1,314086,356,615,325,3945,249,1544
0,Teapot dropped,0,0,0,0,0,0
54,715518951416,Right,-0,4674906,0,9637697,1,315183,356,788,326,2328,249,8293
54,7291107177734,Right,-0,4666819,0,962901,1,315179,356,7577,326,4454,250,5316
54,7431602478027,Right,-0,4624334,0,9657226,1,315891,355,6112,326,3018,247,6995
54,7569808959961,Right,-0,4624266,0,9669002,1,314509,354,6611,325,1521,246,5143
54,7709197998047,Right,-0,4585602,0,9670627,1,317888,354,0682,328,1698,246,8896
54,7848243713379,Right,-0,4554006,0,9678453,1,31926,353,8723,330,1618,247,4849
54,7987785339355,Right,-0,4515684,0,9691955,1,320181,353,4034,331,9034,247,9422
54,8125839233398,Right,-0,4500942,0,9697369,1,320445,353,0143,332,6848,248,5917
54,8264427185059,Right,-0,4490622,0,970396,1,320511,352,7253,333,1982,249,0036
54,8405456542969,Right,-0,4465262,0,9721604,1,320783,351,8538,334,6795,249,8917
54,8543281555176,Right,-0,4451657,0,972995,1,321039,351,5734,335,3457,250,2195
54,8681907653809,Right,-0,4413675,0,9758965,1,321316,350,1978,337,7297,251,7134
54,8819618225098,Right,-0,4383293,0,9781924,1,321242,349,0842,339,6252,253,1663
54,8962631225586,Right,-0,4361633,0,9799097,1,321236,348,4674,340,6912,253,9555
54,9100685119629,Right,-0,4324388,0,9831686,1,320672,347,0161,342,7306,255,501
54,9236106872559,Right,-0,430886,0,9846022,1,32048,346,5625,343,2115,256,042
54,9375648498535,Right,-0,4270782,0,9878693,1,320241,345,2729,345,1179,257,4913
54,9512672424316,Right,-0,4218687,0,992089,1,32013,344,0191,346,827,257,631
54,9654273986816,Right,-0,4188174,0,9943134,1,319887,343,4167,347,6865,257,0834
54,9794616699219,Right,-0,41178,0,9993128,1,319782,342,0221,349,9034,255,6112
54,9930229187012,Right,-0,4069127,1,002384,1,31941,341,0089,351,6856,254,9967
55,0070648193359,Right,-0,4033038,1,004707,1,318966,340,1942,353,1273,254,9095
55,0211868286133,Right,-0,397035,1,009009,1,317834,338,8204,355,5594,254,5053
55,0346984863281,Right,-0,394524,1,011281,1,316526,337,9635,356,6317,254,2454
55,0486717224121,Right,-0,3881388,1,017184,1,313244,335,667,359,4334,253,5217
55,0624694824219,Right,-0,3829897,1,0236,1,30801,332,9171,1,774148,252,2538
55,0767059326172,Right,-0,3803639,1,026283,1,305759,331,8738,3,117646,251,6445
55,0904884338379,Right,-0,3766405,1,030567,1,30064,329,9823,5,52635,251,093
55,1040725708008,Right,-0,3764147,1,03174,1,298784,329,3788,5,977624,251,5258
55,1182861328125,Right,-0,3753476,1,035615,1,292956,327,2685,7,881841,252,5319
55,1321334838867,Right,-0,3769542,1,039465,1,286404,325,1445,8,3843,253,8075
55,1458587646484,Right,-0,3776972,1,041951,1,282351,323,8093,8,279707,254,0175
55,159839630127,Right,-0,3829382,1,047004,1,271761,320,1932,6,770981,254,9111
55,1735649108887,Right,-0,3878517,1,050804,1,265194,317,6455,4,861375,256,0916
55,1874847412109,Right,-0,3943991,1,05209,1,259203,315,9356,1,920377,258,0439
55,2015800476074,Right,-0,4049235,1,053862,1,249461,313,0822,357,159,262,1508
55,2152709960938,Right,-0,4127822,1,055079,1,244429,311,4053,353,123,266,2438
55,2294235229492,Right,-0,4283355,1,054242,1,230335,307,9425,344,7838,275,258
55,2432441711426,Right,-0,4436734,1,054355,1,216199,304,7235,334,4653,286,8802
55,2569885253906,Right,-0,451769,1,053263,1,207365,303,2854,327,9982,293,8092
55,2710571289063,Right,-0,4686648,1,046571,1,187546,301,5349,312,6047,310,2809
55,2848243713379,Right,-0,4744198,1,046654,1,181327,301,2945,307,5158,315,8936
55,2986869812012,Right,-0,4893196,1,034997,1,163859,302,178,293,9529,331,3736
55,3128433227539,Right,-0,5011497,1,028586,1,151946,304,2732,285,6053,341,6035
55,3263854980469,Right,-0,5097136,1,020141,1,149512,306,5179,283,6308,345,9037
55,3405876159668,Right,-0,5248085,1,003696,1,142513,311,0967,278,9619,354,4283
55,3543663024902,Right,-0,5304036,1,000767,1,140142,312,7768,278,0602,356,5613
55,3680381774902,Right,-0,5429192,0,9842827,1,139111,317,4753,276,6107,0,5684132
55,3820877075195,Right,-0,5524713,0,9764255,1,140207,319,3954,277,6167,359,0991
55,3959922790527,Right,-0,554118,0,9732791,1,146028,320,2034,279,3569,358,1706
55,4099273681641,Right,-0,560707,0,9660211,1,149682,321,6648,279,9784,358,4619
55,4240341186523,Right,-0,5603305,0,967284,1,155635,320,601,281,442,356,3663
55,4374618530273,Right,-0,5625223,0,9655468,1,156965,320,9338,282,2966,354,4921
55,4514198303223,Right,-0,5627404,0,9639317,1,16382,320,854,283,275,351,0425
55,465576171875,Right,-0,5624558,0,9626336,1,168929,321,7095,283,7286,352,11
55,4791831970215,Right,-0,5620214,0,965025,1,174684,321,8817,285,0539,349,4785
0,Teapot grabbed,0,0,0,0,0,0
55,4932060241699,Right,-0,5602627,0,9705406,1,183512,319,9341,288,3087,344,0293
55,5073051452637,Right,-0,5608653,0,9725165,1,187168,321,5213,290,0664,342,0261
55,5210609436035,Right,-0,5618082,0,9766862,1,197924,321,1049,294,2747,336,8694
55,5349807739258,Right,-0,5618818,0,9769759,1,202334,320,4312,295,8107,335,4611
55,5486869812012,Right,-0,5637895,0,978481,1,211369,320,7773,298,5701,334,5898
55,562557220459,Right,-0,5646344,0,9818058,1,219199,320,873,301,5984,331,2714
55,5765800476074,Right,-0,5648758,0,983196,1,223182,320,703,302,8444,328,6021
55,5902862548828,Right,-0,5657713,0,9850567,1,231417,321,8967,304,7437,323,6135
55,6043548583984,Right,-0,5665117,0,9852829,1,235917,322,1416,305,854,320,9689
55,6182632446289,Right,-0,5669954,0,9880585,1,247083,325,5577,308,2673,315,9251
55,6319808959961,Right,-0,5668953,0,9922882,1,260866,329,2787,312,0844,309,7784
55,6461524963379,Right,-0,566346,0,994461,1,268145,329,879,314,575,306,8622
55,6598815917969,Right,-0,5649098,0,999121,1,279806,330,8321,316,1428,305,951
55,6738014221191,Right,-0,5632892,1,00369,1,28661,331,6969,316,4178,304,4321
55,6879653930664,Right,-0,561418,1,008513,1,292432,334,0214,316,0724,300,6387
55,7014923095703,Right,-0,5599546,1,013408,1,30384,337,9835,317,0871,291,491
55,7154693603516,Right,-0,5601199,1,010148,1,310623,341,6184,316,6985,286,8943
55,7295761108398,Right,-0,5598173,1,009473,1,324863,348,2471,315,3011,277,6905
55,743221282959,Right,-0,5617785,1,003799,1,333022,351,8211,314,4308,274,1444
55,7574081420898,Right,-0,5640285,1,000448,1,335104,352,7796,312,8484,275,34
55,7711296081543,Right,-0,5662571,0,9986624,1,34154,354,5495,311,4779,274,7504
55,7849349975586,Right,-0,5667462,0,9998241,1,343818,354,3932,311,4568,274,8093
55,7988090515137,Right,-0,5674061,1,002242,1,35051,354,1646,310,9824,274,3698
55,8125534057617,Right,-0,5678115,1,00297,1,358716,355,6035,311,14,271,9495
55,8265609741211,Right,-0,5680197,1,002765,1,362779,356,6754,311,1406,270,4607
55,840503692627,Right,-0,5686854,1,00239,1,370345,357,9403,310,8064,268,5501
55,8542289733887,Right,-0,5693807,1,001468,1,372302,358,1693,311,4423,268,8803
55,8682823181152,Right,-0,5708421,1,000048,1,378462,359,4618,311,3754,268,9854
55,8822593688965,Right,-0,5720154,0,999166,1,38266,0,2549616,311,2659,269,054
55,8963890075684,Right,-0,5727735,0,9984258,1,384721,0,8114587,311,1038,268,5361
55,9100074768066,Right,-0,5740668,0,9965196,1,389806,2,166256,310,6871,267,7648
55,9238090515137,Right,-0,5738915,0,9964525,1,391424,2,274656,310,6661,267,3828
55,9375915527344,Right,-0,5736663,0,9952262,1,398601,2,616253,311,5714,267,7678
55,9516181945801,Right,-0,5733036,0,9938583,1,405328,2,881415,313,5773,269,0466
55,9653739929199,Right,-0,5726528,0,993533,1,406977,2,870981,313,8557,269,4933
55,9794921875,Right,-0,5726554,0,9918629,1,411125,3,674905,314,3127,268,8173
55,9936714172363,Right,-0,5729461,0,9905813,1,412189,4,622338,312,8899,266,6709
56,0074462890625,Right,-0,5730942,0,9892684,1,41262,5,183273,311,6635,265,4833
56,0210456848145,Right,-0,5730554,0,9871228,1,415226,5,838817,310,8044,264,8451
56,0350608825684,Right,-0,5725713,0,9857093,1,416491,6,120519,310,783,265,5801
56,0488319396973,Right,-0,5712086,0,9831974,1,420907,6,829527,310,9658,266,4278
56,0627174377441,Right,-0,5695911,0,9816279,1,42472,7,035326,312,0975,267,1775
56,0765151977539,Right,-0,5685241,0,9801998,1,425909,7,101097,313,0289,267,7383
56,0907821655273,Right,-0,5672309,0,9775474,1,427227,7,524102,313,6996,267,7018
56,1044654846191,Right,-0,5669135,0,9767736,1,426883,7,801817,313,2767,267,3145
56,1183433532715,Right,-0,5663025,0,9738772,1,426626,8,663647,312,1294,267,1793
56,1321678161621,Right,-0,5654708,0,971755,1,426627,9,382522,311,226,267,1267
56,1462287902832,Right,-0,5647844,0,9706408,1,426933,9,706841,310,8424,267,4692
56,1599006652832,Right,-0,562512,0,9695099,1,428579,10,39166,310,1797,267,3178
56,1738586425781,Right,-0,5608789,0,968541,1,42914,10,81678,309,6216,267,2889
56,1876907348633,Right,-0,5597549,0,968143,1,42923,11,32646,308,5667,266,4134
56,2017211914063,Right,-0,5590867,0,9669247,1,429031,11,61427,308,4533,266,3266
56,2157783508301,Right,-0,5584568,0,9664952,1,428921,11,86199,308,5652,266,198
56,2295074462891,Right,-0,5569638,0,9648589,1,428435,12,62565,308,0089,266,158
56,2433815002441,Right,-0,5559479,0,9629834,1,42813,13,36821,307,7718,267,4459
56,2572937011719,Right,-0,554239,0,9639646,1,429325,13,82446,307,4711,267,4959
56,2710494995117,Right,-0,5527401,0,9639472,1,432477,14,23528,308,4805,266,6725
56,2850799560547,Right,-0,5516341,0,9635509,1,432762,14,51307,308,9802,267,7671
56,2988395690918,Right,-0,5492977,0,9635399,1,435074,15,00445,308,9811,268,181
56,3128395080566,Right,-0,5483355,0,9622604,1,436535,15,00304,309,9162,272,0479
56,3268432617188,Right,-0,5465062,0,9638428,1,437166,15,36063,308,2036,273,3047
56,3404579162598,Right,-0,5455223,0,9654743,1,439604,16,14735,307,1591,272,0128
56,3544502258301,Right,-0,5448357,0,9655477,1,439529,16,12908,306,1332,271,7996
56,3684158325195,Right,-0,5439841,0,9657421,1,441232,16,81498,304,7964,270,5814
56,3820343017578,Right,-0,5431023,0,9651127,1,442703,17,05053,304,9156,271,1439
56,3961410522461,Right,-0,5425135,0,965428,1,444124,17,45025,304,9003,271,959
56,410083770752,Right,-0,542527,0,9639258,1,447555,17,96675,306,7087,272,8499
56,4240798950195,Right,-0,541288,0,9668085,1,448161,18,1143,306,2321,270,226
56,4384841918945,Right,-0,5412449,0,964397,1,449803,18,61487,306,9665,270,4753
56,451717376709,Right,-0,5416624,0,9640853,1,451079,18,98126,307,2717,270,3779
56,4654960632324,Right,-0,5417127,0,9637066,1,451597,18,83631,307,7643,269,6188
56,4794044494629,Right,-0,5424078,0,961333,1,453307,20,03945,307,6245,269,6925
56,4931793212891,Right,-0,5422521,0,9601814,1,455833,20,10423,309,1564,270,4584
56,5071868896484,Right,-0,5410355,0,9609653,1,457354,19,7227,310,3762,271,2999
56,5212135314941,Right,-0,5405148,0,9599308,1,459486,19,19872,311,3864,273,2062
0,Teapot dropped,0,0,0,0,0,0
56,5348739624023,Right,-0,5410646,0,9593596,1,46023,20,00624,311,2097,273,0987
56,5489692687988,Right,-0,5416688,0,9624191,1,459601,19,62163,310,4109,268,9398
56,5631141662598,Right,-0,5437362,0,9613219,1,454919,19,16655,309,3136,267,5906
56,576587677002,Right,-0,5440983,0,9589575,1,456599,19,31024,310,0213,268,4331
56,5906105041504,Right,-0,5441468,0,9575616,1,457274,19,47989,310,5237,268,9667
56,6043930053711,Right,-0,5439412,0,9566349,1,457891,19,5095,310,9277,269,8868
56,6182975769043,Right,-0,5433547,0,9548407,1,460824,19,78396,312,4032,271,015
56,6325874328613,Right,-0,5423402,0,9557697,1,462286,19,35497,312,964,270,8593
56,6459770202637,Right,-0,5419978,0,9560642,1,462559,19,18458,313,1238,270,6237
56,6599655151367,Right,-0,5414822,0,9569013,1,463115,18,83899,313,233,270,4797
56,6744537353516,Right,-0,5413038,0,9570407,1,463441,18,61999,313,5247,270,7693
56,6877365112305,Right,-0,5403335,0,9585995,1,464748,18,0572,314,1476,271,0505
56,7016639709473,Right,-0,5393875,0,9607076,1,46578,17,48385,314,4144,270,7741
56,7154846191406,Right,-0,5390407,0,9613748,1,465925,17,27404,314,4963,270,787
56,7295951843262,Right,-0,5381569,0,9631237,1,466135,16,72813,314,7119,271,028
56,7433700561523,Right,-0,5374722,0,9643919,1,465675,16,40928,314,8034,271,599
56,7571716308594,Right,-0,5369177,0,9651232,1,465681,16,24271,315,0331,272,0843
56,7711067199707,Right,-0,5358851,0,9664126,1,466231,15,85755,315,7314,272,9409
56,7851791381836,Right,-0,5351132,0,9673851,1,466663,15,57102,316,3233,273,5055
56,799015045166,Right,-0,5336267,0,9695621,1,46705,14,90876,317,3463,274,4666
56,8128509521484,Right,-0,5325683,0,971436,1,466942,14,52927,317,8084,274,6665
56,8265762329102,Right,-0,5319201,0,9728302,1,46661,14,25713,317,8773,274,6731
56,8405075073242,Right,-0,5312312,0,975279,1,465118,13,78168,317,6521,274,3308
56,8544616699219,Right,-0,5313891,0,9759692,1,464317,13,59878,317,5138,274,5024
56,8682632446289,Right,-0,5311685,0,9787105,1,462293,12,95717,317,3428,275,0683
56,8825416564941,Right,-0,5304007,0,9814931,1,461025,12,28396,317,6966,275,6308
56,8963508605957,Right,-0,5299281,0,9827435,1,46067,11,97543,317,9236,275,8792
56,9098930358887,Right,-0,5282952,0,9861126,1,459879,10,96679,319,0195,276,7426
56,9239349365234,Right,-0,525718,0,9907101,1,459904,9,347707,320,9754,278,0751
56,9379081726074,Right,-0,5238253,0,9939426,1,459797,8,156718,322,6059,279,4094
56,9518280029297,Right,-0,5218111,0,9977004,1,458958,6,843515,324,0117,280,6402
56,9656600952148,Right,-0,5203415,1,000576,1,457925,5,830625,325,0075,281,6967
56,9793395996094,Right,-0,518057,1,007887,1,452621,2,89881,326,7532,284,2654
56,9934387207031,Right,-0,5168791,1,015656,1,44621,0,5631735,327,0071,285,3662
57,0073852539063,Right,-0,5161712,1,019806,1,442454,359,1297,327,1753,286,1003
57,0210838317871,Right,-0,515878,1,027759,1,434462,356,5911,326,838,286,9839
57,0350112915039,Right,-0,5163116,1,032387,1,428868,355,4246,325,9936,286,837
57,0489463806152,Right,-0,5168225,1,042701,1,414949,352,1741,324,2081,286,7503
57,0627021789551,Right,-0,5173509,1,051851,1,402585,348,8055,322,8151,287,4965
57,0768699645996,Right,-0,5184572,1,056784,1,393379,346,7885,321,5248,288,6112
57,0903816223145,Right,-0,5195307,1,063812,1,37709,343,4032,319,6183,291,3756
57,1045722961426,Right,-0,5210581,1,066905,1,370486,342,1909,318,3812,293,1508
57,1186027526855,Right,-0,5236875,1,071607,1,34877,338,6787,314,7773,298,2339
57,1320533752441,Right,-0,5266021,1,076873,1,330905,335,9925,311,201,302,6522
57,1462631225586,Right,-0,5293592,1,077969,1,317522,334,3854,308,4049,306,3002
57,1601943969727,Right,-0,5339876,1,078268,1,287982,331,3893,301,4908,314,2013
57,1736907958984,Right,-0,5358683,1,081193,1,28149,330,7544,299,8,316,0813
57,1879234313965,Right,-0,540067,1,074037,1,247176,329,1675,290,5537,325,9704
57,2016868591309,Right,-0,5440585,1,070264,1,220975,328,9272,283,5301,333,5104
57,2156410217285,Right,-0,5461915,1,066673,1,20717,329,3302,280,1889,336,2079
57,2295722961426,Right,-0,5485071,1,05206,1,178462,330,8519,273,3448,341,8954
57,2432708740234,Right,-0,5516967,1,041675,1,159269,332,6886,269,2127,344,9
57,2571983337402,Right,-0,5535926,1,034949,1,146502,334,0266,266,368,347,5278
57,2711486816406,Right,-0,5587544,1,012317,1,130962,338,9977,264,4549,350,9951
57,2850151062012,Right,-0,5623039,1,005717,1,125656,340,4666,263,8806,352,9229
57,2990684509277,Right,-0,567995,0,987451,1,114998,342,8204,262,8371,356,7469
57,3127365112305,Right,-0,5733716,0,9766748,1,111106,342,894,263,2801,358,8927
57,3298263549805,Right,-0,5797521,0,9654955,1,117465,344,2438,265,3188,0,3291297
57,3438949584961,Right,-0,5840108,0,9534212,1,120155,344,2772,265,8719,5,090015
57,357608795166,Right,-0,5851895,0,9439382,1,122362,346,2977,266,4086,9,334129
57,3715744018555,Right,-0,5848051,0,9305495,1,127573,349,893,266,1788,17,31277
57,3853645324707,Right,-0,5864799,0,9246762,1,12205,353,7221,267,9234,21,55614
57,3991928100586,Right,-0,5839983,0,9215566,1,131391,355,8081,268,7248,23,5872
57,4131355285645,Right,-0,5860162,0,9158859,1,126549,357,8753,268,7804,23,42032
57,4269638061523,Right,-0,5865226,0,9176194,1,131642,357,9943,269,0666,22,55798
57,4408073425293,Right,-0,5896164,0,9286104,1,136467,355,604,270,9908,17,41663
57,4547348022461,Right,-0,5915428,0,9314249,1,141679,354,2893,271,6202,14,61238
0,Teapot grabbed,0,0,0,0,0,0
57,4776878356934,Right,-0,5927125,0,9358368,1,149673,354,2285,274,6925,9,703111
57,5004196166992,Right,-0,5947921,0,9609087,1,169015,346,0647,278,615,5,399189
57,5088310241699,Right,-0,5854151,0,9679839,1,185474,344,711,282,4077,3,119307
57,522891998291,Right,-0,5982714,0,9783673,1,196989,343,709,288,9179,359,7594
57,5359840393066,Right,-0,5971221,0,9812326,1,202666,342,7957,290,1917,0,2618872
57,5495872497559,Right,-0,5976602,0,9907677,1,213245,341,5637,292,9371,358,2726
57,563060760498,Right,-0,5959494,0,9921498,1,216277,340,7599,292,0119,1,53114
57,5766677856445,Right,-0,5970145,0,9998437,1,217293,340,6126,292,9622,358,2692
57,5902633666992,Right,-0,5990918,1,009295,1,224892,339,3622,295,3089,348,9211
57,6035385131836,Right,-0,5973392,1,010929,1,226461,338,3976,294,1346,346,8859
57,6177978515625,Right,-0,5968465,1,024708,1,226305,343,1151,293,8754,332,7789
57,6310653686523,Right,-0,5978616,1,030337,1,235584,348,1635,295,1509,322,3052
57,644947052002,Right,-0,5992177,1,032805,1,243472,350,3217,296,4346,314,4506
57,6588020324707,Right,-0,5994453,1,041133,1,261495,354,4944,300,0683,301,1623
57,672550201416,Right,-0,5975693,1,040959,1,274385,357,8573,301,5298,293,9985
57,6865501403809,Right,-0,5972769,1,037794,1,279281,358,9749,301,3317,292,2121
57,7001495361328,Right,-0,597876,1,034477,1,2883,0,5667852,301,3522,291,1393
57,7137641906738,Right,-0,5984053,1,031908,1,288357,0,3889823,300,8318,292,7499
57,727611541748,Right,-0,5993537,1,031657,1,294121,1,306059,300,1375,292,1691
57,7413940429688,Right,-0,5995808,1,034693,1,301198,3,269145,299,171,286,4167
57,7550506591797,Right,-0,5995891,1,035319,1,304682,4,110323,298,0724,282,3828
57,7690315246582,Right,-0,6002312,1,036396,1,314516,5,472487,296,5684,275,6203
57,782657623291,Right,-0,6011418,1,033142,1,32122,6,439106,296,77,275,565
57,7967834472656,Right,-0,6014827,1,031292,1,326825,6,419141,298,5674,278,1747
57,811149597168,Right,-0,6002712,1,031706,1,336121,6,30947,300,492,279,7416
57,8242950439453,Right,-0,5995094,1,03233,1,337338,7,139036,300,0466,279,387
57,8384284973145,Right,-0,5998602,1,034017,1,342463,7,512347,299,0705,274,7593
57,8522148132324,Right,-0,598547,1,032702,1,344249,8,696834,296,2459,272,2444
57,8660469055176,Right,-0,5992607,1,031402,1,346517,9,038301,295,9166,272,7693
57,880126953125,Right,-0,5997121,1,029991,1,35154,8,364251,297,3087,273,6495
57,893798828125,Right,-0,5990492,1,02998,1,353239,8,006893,298,3566,274,8792
57,9077453613281,Right,-0,5982072,1,03016,1,358544,7,967874,299,4749,275,4077
57,921688079834,Right,-0,5967131,1,032598,1,360239,7,058209,300,4384,274,2968
57,9355506896973,Right,-0,5956405,1,032726,1,359875,7,61975,299,1951,274,5405
57,9494247436523,Right,-0,5935506,1,035482,1,362465,7,778585,298,3976,273,7351
57,9631843566895,Right,-0,5925169,1,037818,1,364915,7,983396,297,7781,272,5902
57,9772109985352,Right,-0,591566,1,038678,1,364692,7,46412,297,7621,273,1371
57,9913482666016,Right,-0,5892488,1,042048,1,364679,7,163107,297,3455,274,3388
58,0048866271973,Right,-0,5885816,1,044718,1,365957,6,590411,297,7761,273,719
58,018970489502,Right,-0,58579,1,051063,1,367701,5,831227,297,7118,272,4133
58,0331535339355,Right,-0,583913,1,055289,1,368682,5,247968,297,8532,272,142
58,0465774536133,Right,-0,5826869,1,058611,1,369413,4,959007,297,9677,271,8304
58,0607948303223,Right,-0,5801909,1,064638,1,370498,4,794528,297,9214,271,934
58,0744018554688,Right,-0,5793833,1,067253,1,370878,4,58449,298,4106,272,3657
58,088306427002,Right,-0,5764071,1,075291,1,371497,4,466828,298,5995,273,2575
58,1023979187012,Right,-0,5737815,1,08344,1,37258,4,024738,298,9481,273,5494
58,1161155700684,Right,-0,5725834,1,086818,1,372756,3,508294,299,3667,274,4846
58,1301956176758,Right,-0,5697139,1,095716,1,372051,3,002192,299,7575,276,1423
58,1441307067871,Right,-0,5692632,1,098868,1,370756,2,9683,299,511,274,951
58,1578063964844,Right,-0,5672228,1,106604,1,36601,3,094453,298,3794,275,1805
58,1717758178711,Right,-0,5663661,1,113026,1,361511,3,478202,297,0079,273,9082
58,1856002807617,Right,-0,5665912,1,117307,1,36079,2,318514,297,7987,272,4993
58,1998062133789,Right,-0,5648996,1,124889,1,357326,1,747064,297,5568,272,0806
58,213451385498,Right,-0,5638459,1,130103,1,355578,1,033054,297,9105,273,6297
58,227222442627,Right,-0,5628236,1,133574,1,354714,0,5506242,298,0068,274,7426
58,2411689758301,Right,-0,5622392,1,138505,1,353059,359,2294,299,2399,276,7598
58,2551803588867,Right,-0,5615048,1,140162,1,351579,359,3013,298,9095,277,9658
58,2693977355957,Right,-0,5610337,1,143287,1,34715,359,4561,298,1153,280,3001
58,2831344604492,Right,-0,5611568,1,145867,1,343054,0,8087246,296,5778,279,5677
58,2969360351563,Right,-0,5610186,1,147066,1,341053,0,9447314,296,0922,281,1769
58,3107070922852,Right,-0,5620015,1,145055,1,33552,2,008297,295,1231,283,7605
58,3245468139648,Right,-0,5624381,1,145114,1,334401,2,379776,294,8262,284,5561
58,3384170532227,Right,-0,5628851,1,145153,1,33115,3,511089,294,3455,285,4346
58,352237701416,Right,-0,5630345,1,14359,1,329519,4,145535,294,266,288,5732
58,3662338256836,Right,-0,5632014,1,144836,1,331222,4,119912,294,981,290,0989
58,3802261352539,Right,-0,5633073,1,145809,1,330731,5,020154,295,3174,291,1854
58,3942489624023,Right,-0,5634816,1,145752,1,33075,5,22638,295,3405,291,4419
58,408073425293,Right,-0,5643042,1,143384,1,32989,6,037985,294,9232,292,2773
58,4218597412109,Right,-0,5649612,1,141678,1,328694,6,551724,294,4289,292,9415
58,4357833862305,Right,-0,5656032,1,139421,1,328605,7,545551,293,995,292,9465
58,4496231079102,Right,-0,5664285,1,135698,1,328406,8,509834,293,3892,293,765
58,4634780883789,Right,-0,567016,1,134992,1,328239,9,031444,293,2217,294,3737
58,4775848388672,Right,-0,5682096,1,134236,1,331373,9,301678,293,7266,293,7958
58,491340637207,Right,-0,5693538,1,133325,1,33274,9,780932,293,9427,294,1078
58,505313873291,Right,-0,5700019,1,132543,1,332805,9,699631,293,6808,293,9461
58,5192375183105,Right,-0,5715173,1,13007,1,332595,10,35968,292,7919,293,9079
58,5331954956055,Right,-0,5730461,1,128225,1,332628,10,92266,291,7703,293,4162
58,5471305847168,Right,-0,5742283,1,127309,1,332993,11,12521,291,1403,292,84
58,5606384277344,Right,-0,5762845,1,125366,1,334188,11,75579,290,5052,291,8557
58,5746116638184,Right,-0,5773281,1,124236,1,335707,11,31404,290,738,292,1615
58,5885353088379,Right,-0,5797746,1,123456,1,338908,11,96808,291,2339,291,9847
58,6024742126465,Right,-0,5818932,1,123135,1,341347,11,72431,291,4068,291,3445
58,6164474487305,Right,-0,5831584,1,122771,1,342137,11,50121,291,2531,290,6437
58,6302871704102,Right,-0,5859617,1,121339,1,343878,11,45057,290,9352,289,471
58,6444396972656,Right,-0,5867201,1,120383,1,344266,11,47273,290,7298,289,6282
58,6580810546875,Right,-0,5893903,1,119518,1,346053,11,5416,290,2974,288,6327
58,6718368530273,Right,-0,5919005,1,118985,1,347782,11,89702,290,0723,287,5081
58,6857757568359,Right,-0,5930823,1,118089,1,348234,12,08035,289,7557,287,2057
58,6997222900391,Right,-0,5964458,1,118338,1,350281,12,83592,289,6084,285,5827
58,713508605957,Right,-0,5982908,1,116652,1,350317,12,07891,289,0818,285,9569
58,7277679443359,Right,-0,6002079,1,116696,1,350169,11,92645,288,4817,285,0723
58,74169921875,Right,-0,6026967,1,114665,1,348785,12,51649,287,2179,283,5853
58,7554397583008,Right,-0,6039425,1,113286,1,347866,13,19666,286,3681,282,3612
58,7693176269531,Right,-0,6067511,1,110486,1,346255,14,03107,285,1209,281,5435
58,7831687927246,Right,-0,6092618,1,108613,1,345966,14,62404,284,7742,280,6617
58,7969284057617,Right,-0,6104752,1,106603,1,34575,14,95331,284,7801,280,7738
58,8109817504883,Right,-0,613001,1,10499,1,346122,14,46768,284,4958,281,9097
58,8247032165527,Right,-0,6139942,1,105254,1,346096,14,33658,284,1501,281,0079
58,8386535644531,Right,-0,6163926,1,102472,1,344852,14,40319,283,3203,280,977
58,8525657653809,Right,-0,6186166,1,100483,1,344369,14,34649,282,9153,281,3819
58,8664703369141,Right,-0,6198688,1,099614,1,344057,14,40796,282,5696,281,1963
58,8804969787598,Right,-0,6221208,1,096858,1,342825,14,47524,281,9063,280,6686
58,8943099975586,Right,-0,6228364,1,09541,1,342391,14,71639,281,7253,281,0721
58,9080429077148,Right,-0,6248317,1,093106,1,341396,15,46255,280,8677,279,6655
58,9220275878906,Right,-0,6265875,1,089539,1,340602,16,30124,280,4008,279,8015
58,9358863830566,Right,-0,627491,1,089017,1,340959,16,59265,280,4136,279,8019
58,9499168395996,Right,-0,6294154,1,087064,1,341214,16,79407,280,4149,279,5821
58,9645347595215,Right,-0,6308617,1,085486,1,342358,17,43061,280,8537,279,2052
58,9776344299316,Right,-0,6319314,1,083742,1,343433,17,65172,281,2601,279,3079
58,9914855957031,Right,-0,6334821,1,082407,1,345767,17,86615,281,7927,278,4808
59,0054359436035,Right,-0,6338326,1,081001,1,346662,18,07902,282,0677,279,1403
59,0192985534668,Right,-0,6350753,1,080693,1,349683,18,25649,282,5243,278,4888
59,0331077575684,Right,-0,6355324,1,078704,1,352392,18,36147,283,3942,279,724
59,0469398498535,Right,-0,6363249,1,078418,1,354407,18,00554,284,5872,281,5138
0,Teapot dropped,0,0,0,0,0,0
59,0609741210938,Right,-0,6359599,1,079362,1,356153,17,61342,284,365,281,3266
59,0748825073242,Right,-0,6360249,1,078676,1,357067,18,76618,284,421,280,0559
59,0889129638672,Right,-0,6356161,1,076061,1,359043,20,40158,285,0995,279,3972
59,1028823852539,Right,-0,6344162,1,07557,1,358928,20,88436,285,3121,279,4244
59,1165924072266,Right,-0,6338542,1,075008,1,358018,21,00215,285,3341,279,9798
59,1303024291992,Right,-0,6329492,1,07484,1,356358,21,00251,285,3206,281,0058
59,1444358825684,Right,-0,63245,1,076072,1,355766,20,84546,285,3279,281,1065
59,1582832336426,Right,-0,6318625,1,076547,1,355358,20,52081,285,7386,281,6627
59,1720237731934,Right,-0,63076,1,079188,1,355207,20,0526,285,956,282,0668
59,1860618591309,Right,-0,630429,1,080572,1,354973,19,96635,285,6919,281,836
59,2001152038574,Right,-0,6292489,1,083807,1,355447,19,06428,286,3709,282,0606
59,2139205932617,Right,-0,6284018,1,085742,1,355798,18,52515,286,7659,282,1651
59,2277679443359,Right,-0,6270894,1,088945,1,356161,18,01798,287,1697,282,3733
59,2416114807129,Right,-0,6254217,1,092016,1,35644,17,97465,287,7082,282,7092
59,2555084228516,Right,-0,6244518,1,093868,1,35626,17,70043,287,8542,282,8071
59,2692947387695,Right,-0,6224863,1,09762,1,355593,16,96914,288,3002,283,2135
59,2831840515137,Right,-0,6207491,1,100572,1,354024,16,37849,288,5646,283,7928
59,2971801757813,Right,-0,6198045,1,102251,1,353415,16,05514,288,7786,284,0768
59,3110275268555,Right,-0,6175805,1,105777,1,350682,15,28747,289,0403,284,8428
59,325023651123,Right,-0,6166819,1,107432,1,3495,14,97215,289,1531,285,2167
59,3389282226563,Right,-0,6140868,1,111355,1,345968,14,01465,289,4142,286,4318
59,352653503418,Right,-0,6120094,1,114671,1,34352,13,27664,289,7069,287,338
59,3666763305664,Right,-0,6106654,1,116416,1,341637,13,16785,289,8235,287,76
59,3805770874023,Right,-0,6075058,1,121063,1,337411,11,88451,289,9395,288,5895
59,394359588623,Right,-0,6064708,1,122893,1,335824,11,48835,289,9139,288,8941
59,4083938598633,Right,-0,6030603,1,127472,1,331073,10,17217,290,0558,290,0403
59,4225158691406,Right,-0,6002097,1,131514,1,327547,9,087164,290,4213,291,1395
59,4360847473145,Right,-0,5985391,1,133955,1,325814,8,417527,290,7652,291,7083
59,4499473571777,Right,-0,5947936,1,138926,1,321789,6,688527,291,6392,293,1459
59,4636650085449,Right,-0,5917099,1,143452,1,318601,5,209369,292,3225,294,272
59,477725982666,Right,-0,5892711,1,147293,1,315602,3,878185,292,6873,294,7779
59,491641998291,Right,-0,5851533,1,153558,1,309862,1,819894,292,9835,295,0969
59,5053863525391,Right,-0,5832927,1,15607,1,306647,0,9488335,292,8441,295,0627
59,5195465087891,Right,-0,5787151,1,161155,1,29759,358,9459,292,2856,295,0751
59,5332336425781,Right,-0,5750944,1,163891,1,289295,357,619,291,4848,295,1945
59,5474700927734,Right,-0,573011,1,165302,1,28421,356,6846,291,1852,295,5458
59,5611152648926,Right,-0,5692562,1,166708,1,27448,354,8087,290,6059,296,2513
59,5748710632324,Right,-0,5679659,1,168015,1,271302,354,0475,290,439,296,2463
59,5889015197754,Right,-0,5635527,1,169986,1,261279,351,6935,289,7783,295,5047
59,6028175354004,Right,-0,5603567,1,170847,1,253284,349,9168,288,8035,294,4837
59,6165504455566,Right,-0,5583929,1,171193,1,248738,348,9308,288,3202,294,136
59,6306838989258,Right,-0,555815,1,168647,1,239962,347,1159,287,2099,292,6446
59,6445770263672,Right,-0,5560192,1,166307,1,237524,346,7194,286,9188,292,1397
59,6584892272949,Right,-0,553616,1,162823,1,229261,345,1577,286,1959,291,2891
59,6723175048828,Right,-0,5543287,1,154886,1,22314,344,4266,285,5266,290,8575
59,6860389709473,Right,-0,5556651,1,149073,1,219566,344,5582,284,8136,290,762
59,700065612793,Right,-0,5585223,1,137391,1,211754,344,699,283,5857,290,54
59,714054107666,Right,-0,5614337,1,131302,1,209584,345,1793,283,1798,290,8801
59,7278251647949,Right,-0,5672759,1,115143,1,201199,345,9266,281,826,292,0391
59,7420654296875,Right,-0,5727582,1,102067,1,193556,346,5884,280,254,292,6141
59,7558860778809,Right,-0,5769806,1,094657,1,189898,347,3271,279,1158,292,1574
59,7694702148438,Right,-0,585157,1,078624,1,181868,348,6479,277,1758,291,3412
59,7835273742676,Right,-0,5943272,1,064705,1,177051,349,784,276,4421,290,9955
59,7972221374512,Right,-0,600533,1,055377,1,174016,350,3818,276,1383,290,8603
59,8113403320313,Right,-0,6110737,1,037884,1,167773,351,9119,275,14,290,8254
59,8252449035645,Right,-0,6156583,1,030976,1,165197,352,6618,274,5365,290,4086
59,8389167785645,Right,-0,6275074,1,011264,1,157514,355,0866,272,744,289,4362
59,8531379699707,Right,-0,6382834,0,994542,1,150563,357,0726,271,0984,288,6796
59,8669738769531,Right,-0,6458475,0,9830382,1,145178,358,5379,269,7545,288,3804
59,8808364868164,Right,-0,6572238,0,9642086,1,135867,0,5256997,267,6884,287,9321
59,8947563171387,Right,-0,6621974,0,957598,1,132539,1,023975,267,0424,287,806
59,9083786010742,Right,-0,6740723,0,9388176,1,122696,2,555475,265,3893,287,6362
59,9225044250488,Right,-0,6826627,0,9249401,1,11484,3,544925,265,2802,289,7063
59,9362831115723,Right,-0,6836385,0,9198831,1,110112,3,700147,266,1237,293,4846
59,9500389099121,Right,-0,6845787,0,9086185,1,098223,3,63469,267,1535,302,9403
59,964054107666,Right,-0,6871363,0,9050084,1,09358,5,998501,267,3533,307,5861
59,9783821105957,Right,-0,6912118,0,8887476,1,08139,10,25749,268,7288,322,0154
59,991771697998,Right,-0,6967338,0,8761665,1,073318,17,46555,272,1888,335,509
60,0058174133301,Right,-0,7018143,0,8739766,1,066844,20,42632,276,5655,341,9301
60,0195960998535,Right,-0,7103826,0,8661314,1,056656,20,84916,283,6629,350,5696
60,0335655212402,Right,-0,7192353,0,8608311,1,050002,20,32621,289,7217,356,2813
60,0475845336914,Right,-0,7242633,0,8549693,1,043972,19,48363,293,2086,0,2329893
60,0613632202148,Right,-0,7333171,0,8499216,1,040316,19,27911,298,182,5,089151
60,0754241943359,Right,-0,7383128,0,8459337,1,035774,19,83637,300,2961,7,040808
60,0892372131348,Right,-0,7454892,0,8370492,1,031671,18,46238,305,489,13,42326
60,1029510498047,Right,-0,7527763,0,8311755,1,026914,16,42708,310,6375,16,91994
60,1171913146973,Right,-0,7568528,0,8283666,1,025698,14,34548,313,2928,17,63967
60,1308212280273,Right,-0,7611642,0,8246492,1,017623,10,28596,313,1966,18,71725
60,1448402404785,Right,-0,7639534,0,8253247,0,9906515,16,60936,301,7238,0,1073156
60,1586837768555,Right,-0,7622048,0,8305169,0,9749897,18,86082,274,843,321,3828
60,172435760498,Right,-0,7624384,0,8227753,0,9699698,11,16475,258,9283,297,9274
60,186595916748,Right,-0,767507,0,810425,0,9596051,11,05689,258,7954,297,9357
60,2005805969238,Right,-0,7677078,0,810567,0,9392723,10,61639,258,7377,298,2213
60,2142601013184,Right,-0,7698618,0,8101435,0,9327673,10,6119,258,6042,298,2348
60,2282028198242,Right,-0,772684,0,8112029,0,9112693,10,27404,257,792,297,6162
60,2418746948242,Right,-0,7787688,0,8091903,0,8932695,10,24103,257,5221,297,6353
60,2558250427246,Right,-0,7805617,0,8093391,0,8847172,10,38425,257,1457,297,3652
60,2697486877441,Right,-0,7891799,0,8077536,0,8642636,10,55139,256,5843,297,2385
60,283805847168,Right,-0,7943152,0,808576,0,8511306,10,9993,255,4835,296,9711
60,2979507446289,Right,-0,8017499,0,8080044,0,8406116,11,12161,255,2406,297,2497
60,3115081787109,Right,-0,8130307,0,8071936,0,825124,11,3252,254,8561,297,4337
60,3253440856934,Right,-0,8190833,0,8074677,0,8206056,11,44731,255,088,297,3465
60,339469909668,Right,-0,8342862,0,8073141,0,8049869,11,53405,255,2755,297,2462
60,3532333374023,Right,-0,8440079,0,807925,0,7965382,11,37116,255,6357,297,2785
60,3669776916504,Right,-0,8511789,0,8080901,0,7921973,11,27719,255,8698,297,4072
60,3809814453125,Right,-0,8658671,0,8078719,0,7825648,11,22098,256,1635,297,6379
60,3947334289551,Right,-0,8708035,0,8078421,0,7797992,11,20465,256,2236,297,6866
60,4088516235352,Right,-0,8864617,0,8077184,0,7701022,11,19281,256,4164,297,8496
60,422779083252,Right,-0,9009219,0,807564,0,7648577,10,74756,257,2269,298,7992
60,4365310668945,Right,-0,9079172,0,8077511,0,7616026,10,66576,257,4163,298,9353
60,4505462646484,Right,-0,9231477,0,8077138,0,7551696,10,47577,258,0709,299,2864
60,4644012451172,Right,-0,9283949,0,807678,0,7535746,10,43927,258,1612,299,4034
60,4783020019531,Right,-0,9441797,0,8074228,0,747579,10,26286,258,4556,299,6487
60,492359161377,Right,-0,9576057,0,8072379,0,7435464,10,31911,258,6219,299,5081
60,505973815918,Right,-0,9636948,0,8073353,0,7415519,10,44298,258,4753,299,2268
60,5200653076172,Right,-0,9797245,0,806744,0,7384329,10,71173,258,6304,298,6742
60,534065246582,Right,-0,9847953,0,8066071,0,738152,10,70903,258,6741,298,6045
60,5476303100586,Right,-1,000442,0,8066723,0,7384022,10,72378,258,9932,297,9092
60,5618858337402,Right,-1,01544,0,806383,0,7389116,10,69062,259,3627,297,6262
60,5756683349609,Right,-1,021762,0,8062279,0,740615,10,73645,259,5919,297,4376
60,589298248291,Right,-1,037284,0,8057598,0,7447272,10,77809,260,3134,297,3145
60,6033477783203,Right,-1,049142,0,805143,0,7497045,10,78022,260,7968,297,5391
60,6172866821289,Right,-1,057032,0,8049201,0,7536696,10,72851,261,0899,297,8199
60,6312141418457,Right,-1,069297,0,804644,0,7610101,10,64362,261,6066,298,2649
60,6450691223145,Right,-1,071209,0,8048843,0,7640532,10,65457,261,8544,298,265
60,6588287353516,Right,-1,081249,0,8049579,0,772575,10,66038,262,4982,298,322
60,6727714538574,Right,-1,08688,0,8052516,0,779529,10,5111,262,9771,298,511
60,6868286132813,Right,-1,090193,0,8052444,0,7840576,10,43801,263,2774,298,7115
60,7006072998047,Right,-1,095805,0,8059087,0,7931463,10,34478,264,0558,299,1275
60,7145729064941,Right,-1,097526,0,8064703,0,7968298,10,28657,264,4316,299,1335
60,7285308837891,Right,-1,103348,0,8072396,0,8069318,10,12027,265,2883,299,2379
60,7422332763672,Right,-1,106818,0,808465,0,8156735,9,762983,265,9639,299,3216
60,756290435791,Right,-1,108016,0,8091913,0,8200163,9,654498,266,2805,299,2564
60,7702445983887,Right,-1,110461,0,8105915,0,8284744,9,59594,267,0165,298,8987
60,7839393615723,Right,-1,10866,0,8108455,0,828768,9,597164,267,2684,298,7462
60,7980880737305,Right,-1,108779,0,8121063,0,8352271,9,518312,268,1558,298,5452
60,8115921020508,Right,-1,10674,0,8129144,0,8385023,9,350902,268,9011,298,6191
60,8257255554199,Right,-1,105287,0,8134311,0,8402201,9,239856,269,3807,298,7759
60,8398246765137,Right,-1,102552,0,8143825,0,8440742,9,05595,270,4157,299,0527
60,853443145752,Right,-1,100168,0,8150024,0,8466409,8,971447,271,0837,299,2322
60,867374420166,Right,-1,098399,0,8153665,0,8485032,8,846843,271,63,299,4875
60,8810615539551,Right,-1,095512,0,8158641,0,8516665,8,692033,272,5538,299,825
60,895263671875,Right,-1,094157,0,8162024,0,8530273,8,6353,272,9612,299,9289
60,9092292785645,Right,-1,091029,0,8162562,0,8565449,8,53547,274,1039,300,3294
60,9230194091797,Right,-1,088192,0,8164807,0,8590511,8,428541,274,8756,300,6346
60,936767578125,Right,-1,086237,0,816009,0,8603185,8,42784,275,2944,300,937
60,9507446289063,Right,-1,082688,0,81519,0,8625697,8,541946,275,9171,301,3451
60,9646377563477,Right,-1,081118,0,8145878,0,862942,8,795677,275,9952,301,3975
60,9785232543945,Right,-1,077469,0,8132127,0,8644922,9,288095,276,3091,301,5772
60,992359161377,Right,-1,074427,0,8126645,0,8657183,9,539776,276,6208,301,6644
61,0062484741211,Right,-1,072909,0,812835,0,8663443,9,49655,276,867,301,6739
61,0202827453613,Right,-1,069697,0,8135867,0,8681505,9,268352,277,5709,301,6691
61,0341110229492,Right,-1,068613,0,8140604,0,8688074,9,188263,277,8836,301,5617
61,047981262207,Right,-1,065788,0,8150785,0,8709806,8,935751,278,7294,301,4054
61,0619850158691,Right,-1,062924,0,8157335,0,8725463,8,766799,279,4594,301,3818
61,0758018493652,Right,-1,061352,0,815811,0,8731231,8,757997,279,6899,301,4318
61,0896797180176,Right,-1,057966,0,8163717,0,8745517,8,655143,280,2225,301,5124
61,1034812927246,Right,-1,055132,0,8168824,0,8752186,8,523758,280,4844,301,5826
61,1173667907715,Right,-1,053408,0,8174244,0,8755706,8,446841,280,5114,301,4165
61,1313514709473,Right,-1,050757,0,8182439,0,8765601,8,36503,280,7407,301,0451
61,1451187133789,Right,-1,049717,0,818306,0,8770155,8,346529,280,8595,300,9231
61,1592102050781,Right,-1,047211,0,8187203,0,8782389,8,298138,281,1428,300,6691
61,1731376647949,Right,-1,045467,0,8187343,0,8790278,8,295113,281,3287,300,6493
61,1869010925293,Right,-1,044563,0,8186541,0,8797106,8,336533,281,5353,300,6581
61,2008743286133,Right,-1,042886,0,8187019,0,8810216,8,352213,281,9469,300,6987
61,2148551940918,Right,-1,04254,0,8187209,0,8815234,8,326152,282,1312,300,7789
61,2285232543945,Right,-1,041529,0,8188203,0,8830139,8,22658,282,647,301,0356
61,2425231933594,Right,-1,040753,0,819091,0,8840247,8,138888,282,9763,301,275
61,2565841674805,Right,-1,040063,0,8192559,0,8845806,8,11746,283,146,301,3377
61,2702713012695,Right,-1,039148,0,8195391,0,8855544,8,058834,283,397,301,4486
61,2845916748047,Right,-1,039023,0,8196952,0,8856832,8,013911,283,3983,301,4728
61,2979850769043,Right,-1,038466,0,8200328,0,8863787,7,884639,283,5485,301,5407
61,3118743896484,Right,-1,038566,0,8202527,0,8862389,7,807783,283,4558,301,5141
61,326244354248,Right,-1,038758,0,8202255,0,8859599,7,803345,283,3672,301,4827
61,3396377563477,Right,-1,038858,0,820197,0,8858021,7,776847,283,3082,301,4626
61,3536033630371,Right,-1,03903,0,8200606,0,8855522,7,786162,283,2388,301,475
61,367359161377,Right,-1,039047,0,8199912,0,885637,7,770957,283,2701,301,5182
61,3813400268555,Right,-1,03896,0,8198135,0,8856761,7,731911,283,3107,301,6438
61,3955192565918,Right,-1,038904,0,8197616,0,8856572,7,70831,283,3202,301,7173
61,4090309143066,Right,-1,038861,0,8194079,0,8852636,7,635757,283,3121,301,9732
61,4230461120605,Right,-1,038895,0,819394,0,8850273,7,612049,283,3018,302,0446
61,4372520446777,Right,-1,038933,0,8192301,0,8846658,7,608762,283,2516,302,1046
61,4508018493652,Right,-1,038994,0,8190235,0,8841373,7,610141,283,1338,302,1548
61,4648094177246,Right,-1,039073,0,8189431,0,8838869,7,619243,283,063,302,1409
61,4785842895508,Right,-1,039185,0,8185651,0,8829866,7,665231,282,8107,302,0959
61,4927253723145,Right,-1,039818,0,8180621,0,8813901,7,751985,282,3354,301,9275
61,5066909790039,Right,-1,040446,0,8177705,0,8809377,7,799311,282,2007,301,8386
61,5202369689941,Right,-1,040994,0,8173161,0,8804716,7,879957,282,0931,301,8339
61,5345001220703,Right,-1,041443,0,8170377,0,8802463,7,911627,282,0414,301,9021
61,5482139587402,Right,-1,041942,0,8166054,0,8799521,7,952982,281,9931,302,002
61,5619354248047,Right,-1,042872,0,815978,0,8793623,8,026487,281,8894,302,2124
61,5760650634766,Right,-1,043398,0,8155546,0,8789318,8,082605,281,8053,302,332
61,5897178649902,Right,-1,044709,0,8147653,0,8779534,8,216567,281,5974,302,5849
61,6037788391113,Right,-1,045946,0,8143897,0,8770617,8,269915,281,3532,302,7333
61,6178894042969,Right,-1,046626,0,814451,0,8767689,8,239136,281,2878,302,7588
61,6314086914063,Right,-1,047538,0,8143602,0,8762857,8,214466,281,1924,302,852
61,6455459594727,Right,-1,047734,0,8143021,0,8761312,8,198591,281,1665,302,8997
61,6595230102539,Right,-1,049371,0,8139894,0,8749794,8,135335,280,968,303,229
61,6731414794922,Right,-1,049806,0,8141121,0,8747573,8,105178,280,9281,303,2763
61,6871910095215,Right,-1,050271,0,8141713,0,8745132,8,072664,280,899,303,3024
61,7009735107422,Right,-1,051069,0,8140726,0,8739443,8,053146,280,7744,303,3058
61,7150039672852,Right,-1,051511,0,8139287,0,8735908,8,063237,280,6754,303,3142
61,729118347168,Right,-1,052405,0,8136011,0,8730083,8,089404,280,555,303,3439
61,7425727844238,Right,-1,053367,0,8130725,0,8724327,8,133931,280,4857,303,5212
61,7566566467285,Right,-1,053598,0,8129037,0,8721845,8,134561,280,4341,303,5854
61,7707595825195,Right,-1,054596,0,8122479,0,8712738,8,144787,280,2465,303,8401
61,784366607666,Right,-1,055111,0,8120205,0,8709904,8,149579,280,2129,303,9795
61,7984313964844,Right,-1,05558,0,811638,0,8705705,8,137621,280,1666,304,1175
61,8123321533203,Right,-1,056283,0,8114147,0,8702502,8,143148,280,0326,304,0719
61,826286315918,Right,-1,05674,0,8111283,0,8701146,8,180021,279,9575,304,0119
61,8400192260742,Right,-1,057334,0,8105164,0,8700103,8,247987,279,9279,304,0218
61,8537178039551,Right,-1,0574,0,8103966,0,8699488,8,254368,279,912,304,0472
61,8677024841309,Right,-1,058068,0,8096013,0,8696421,8,307877,279,8176,304,1663
61,8816909790039,Right,-1,058472,0,809255,0,8695751,8,318365,279,7718,304,1899
61,8955497741699,Right,-1,058738,0,8088384,0,8696705,8,341097,279,7849,304,2189
61,9094734191895,Right,-1,059316,0,8078414,0,8698434,8,432798,279,8411,304,3552
61,923397064209,Right,-1,059833,0,8071039,0,8699299,8,467768,279,9,304,5748
61,9374694824219,Right,-1,060132,0,8066778,0,8700793,8,460662,279,9833,304,7292
61,9514312744141,Right,-1,060482,0,8063585,0,8703212,8,438735,280,113,304,8909
61,9651222229004,Right,-1,060437,0,8064099,0,8703661,8,433249,280,126,304,8865
61,9788703918457,Right,-1,060541,0,8063007,0,8704631,8,43032,280,1525,304,9073
61,9927978515625,Right,-1,060503,0,8062509,0,8705037,8,429053,280,1609,304,912
62,0065689086914,Right,-1,060475,0,8062611,0,8705089,8,43344,280,1525,304,8951
62,0205764770508,Right,-1,060456,0,8062691,0,8705137,8,429062,280,1609,304,912
62,0346374511719,Right,-1,060467,0,8062363,0,870538,8,42906,280,1609,304,912
62,048282623291,Right,-1,060411,0,8062205,0,8706304,8,395007,280,1253,304,8704
62,0624809265137,Right,-1,060228,0,8062899,0,8708175,8,357436,280,0887,304,7936
62,0762596130371,Right,-1,060116,0,8063691,0,8709766,8,342072,280,0838,304,7321
62,0900459289551,Right,-1,059909,0,8064402,0,8713599,8,305099,280,1242,304,642
62,1040802001953,Right,-1,059852,0,8064256,0,8714721,8,294735,280,1509,304,6469
62,1179275512695,Right,-1,059706,0,8064552,0,8718715,8,256963,280,2356,304,6481
62,1317939758301,Right,-1,05954,0,8064128,0,8727725,8,195992,280,4124,304,6982
62,1458168029785,Right,-1,059384,0,8063638,0,8732976,8,185481,280,5178,304,7143
62,1593856811523,Right,-1,059212,0,8062915,0,8739616,8,176462,280,6549,304,7411
62,1736640930176,Right,-1,059005,0,8063107,0,8741801,8,162033,280,7075,304,7477
62,1873817443848,Right,-1,058851,0,8063287,0,8743465,8,156026,280,7365,304,7389
62,2011337280273,Right,-1,058626,0,8063126,0,8745722,8,151275,280,7443,304,7351
62,2153167724609,Right,-1,05857,0,8062992,0,8746786,8,159664,280,7682,304,717
62,2290649414063,Right,-1,058362,0,8062363,0,8749771,8,173753,280,8118,304,6709
62,2428855895996,Right,-1,058158,0,8061081,0,8752629,8,193941,280,8629,304,6691
62,2568588256836,Right,-1,058061,0,8060708,0,8753619,8,194094,280,8643,304,668
62,2708358764648,Right,-1,05799,0,8059854,0,8755682,8,198889,280,9044,304,6874
62,2847862243652,Right,-1,057948,0,8059556,0,8756576,8,198626,280,9048,304,6899
62,2985877990723,Right,-1,058018,0,8056647,0,876204,8,247472,280,9721,304,6394
62,3122329711914,Right,-1,058106,0,8052557,0,8766261,8,294497,281,0415,304,6827
62,3264846801758,Right,-1,058158,0,805083,0,8767806,8,299751,281,0919,304,7273
62,3400764465332,Right,-1,058414,0,8045861,0,8772336,8,318878,281,2553,304,8647
62,3539657592773,Right,-1,058337,0,8046488,0,8771802,8,313939,281,2432,304,8625
62,3679504394531,Right,-1,058429,0,8044232,0,8772697,8,317507,281,2819,304,9158
62,3817672729492,Right,-1,05847,0,8041766,0,8773083,8,330915,281,2837,304,9919
62,395866394043,Right,-1,058513,0,8041014,0,8772558,8,343923,281,2713,304,9918
62,4098854064941,Right,-1,058557,0,8038391,0,8770334,8,393806,281,1941,304,9822
62,4234504699707,Right,-1,05867,0,8036321,0,8768126,8,422935,281,1486,305,0045
62,4374542236328,Right,-1,058687,0,8034517,0,8766481,8,441086,281,1216,305,0512
62,4514236450195,Right,-1,058686,0,8031478,0,8762382,8,482073,281,0172,305,1592
62,4651489257813,Right,-1,058715,0,8030722,0,8760296,8,502954,280,9384,305,1539
62,4790992736816,Right,-1,058767,0,8028343,0,8756709,8,563028,280,8305,305,1449
62,4931907653809,Right,-1,058865,0,8025914,0,8754104,8,61224,280,7657,305,178
62,5069732666016,Right,-1,058908,0,8025174,0,875321,8,619003,280,7433,305,1965
62,5209426879883,Right,-1,059073,0,8022606,0,8749962,8,668732,280,656,305,2165
62,534725189209,Right,-1,05914,0,8021685,0,8749565,8,690393,280,6486,305,2441
62,5486259460449,Right,-1,059204,0,8018229,0,8747573,8,730053,280,6169,305,3446
62,5625877380371,Right,-1,059318,0,8016701,0,8746095,8,730561,280,5853,305,4573
62,5764389038086,Right,-1,059391,0,8016959,0,874602,8,731363,280,5819,305,4596
62,5903625488281,Right,-1,05947,0,8015429,0,8746093,8,740917,280,5898,305,5017
62,6043663024902,Right,-1,059493,0,801483,0,8745852,8,743924,280,5991,305,5635
62,6180458068848,Right,-1,059486,0,8015209,0,8744798,8,703184,280,6302,305,7336
62,6322860717773,Right,-1,05946,0,8016771,0,8744608,8,675296,280,6689,305,8083
62,6459121704102,Right,-1,059447,0,8017743,0,8745158,8,654402,280,6913,305,8344
62,6596488952637,Right,-1,059419,0,8019122,0,8745694,8,621342,280,7123,305,8638
62,6735801696777,Right,-1,059345,0,802164,0,8746398,8,56725,280,7326,305,8755
62,6873664855957,Right,-1,059313,0,8022503,0,8746067,8,567256,280,7326,305,8755
62,7014312744141,Right,-1,059235,0,8025146,0,8744875,8,498293,280,7147,305,8399
62,7156753540039,Right,-1,059189,0,8025915,0,8744831,8,504009,280,7171,305,8488
62,7292327880859,Right,-1,059042,0,8028934,0,8744685,8,438201,280,6987,305,8089
62,7432136535645,Right,-1,058977,0,8029724,0,8744959,8,445697,280,7005,305,8115
62,757022857666,Right,-1,058894,0,8030919,0,8745316,8,407576,280,6985,305,8028
62,7709999084473,Right,-1,058813,0,8031409,0,874456,8,398189,280,6951,305,8012
62,7848815917969,Right,-1,058782,0,8031374,0,8743978,8,398191,280,6951,305,8012
62,7985877990723,Right,-1,058692,0,8031172,0,874272,8,397862,280,6947,305,8004
62,812572479248,Right,-1,058621,0,8030854,0,8743016,8,398189,280,6951,305,8012
62,8266563415527,Right,-1,058585,0,8029993,0,8743345,8,39258,280,7059,305,8288
62,8402976989746,Right,-1,058524,0,8028382,0,8743742,8,401257,280,7182,305,8796
62,8543739318848,Right,-1,058519,0,8027605,0,8743132,8,416084,280,7271,305,9128
62,8686103820801,Right,-1,058506,0,8026168,0,8742543,8,437741,280,7443,305,9594
62,8820381164551,Right,-1,0585,0,8024696,0,8742516,8,454661,280,773,306,0201
62,8960227966309,Right,-1,058484,0,8024438,0,8742895,8,448426,280,7943,306,0532
62,9096565246582,Right,-1,05844,0,8024362,0,8743387,8,446527,280,8021,306,0619
62,9239120483398,Right,-1,058388,0,8025134,0,8743723,8,408366,280,8644,306,1234
62,9377670288086,Right,-1,05832,0,802637,0,8743657,8,407788,280,8663,306,1245
62,9513702392578,Right,-1,058261,0,8028457,0,8743743,8,336236,280,9311,306,1887
62,9654884338379,Right,-1,058086,0,8031904,0,8743976,8,271422,280,9768,306,2352
62,9792671203613,Right,-1,057807,0,8038314,0,8744592,8,134468,281,0525,306,3222
62,993278503418,Right,-1,057558,0,8043712,0,8745163,8,028683,281,1081,306,3977
63,0071601867676,Right,-1,057148,0,8054354,0,8747816,7,791379,281,244,306,5553
63,0209083557129,Right,-1,056829,0,806266,0,8749992,7,602319,281,3382,306,6711
63,0351524353027,Right,-1,056406,0,8073833,0,8753227,7,355476,281,4341,306,7759
63,0490341186523,Right,-1,055384,0,81067,0,8764969,6,624208,281,7515,306,972
63,0626449584961,Right,-1,054596,0,8137,0,877891,5,877653,282,1037,306,9988
63,07666015625,Right,-1,053848,0,8165138,0,8794645,5,24801,282,4148,306,8668
63,0904579162598,Right,-1,053033,0,8199325,0,8812518,4,519381,282,7813,306,7397
63,1045875549316,Right,-1,052384,0,8219007,0,8826076,4,138667,283,0716,306,5113
63,118350982666,Right,-1,050966,0,8271797,0,8866051,3,222122,283,9411,305,9422
63,1320419311523,Right,-1,049132,0,8310577,0,8899539,2,510524,284,6839,305,8132
63,1461524963379,Right,-1,04823,0,8328382,0,8913392,2,15646,284,9836,305,7827
63,1599998474121,Right,-1,045979,0,8377603,0,8957924,1,134743,285,9864,306,051
63,1737022399902,Right,-1,044823,0,8393803,0,8968964,0,7811144,286,2845,306,1932
63,1877632141113,Right,-1,04239,0,8448138,0,9013685,359,587,287,3109,306,4888
63,2018661499023,Right,-1,039085,0,8501666,0,9058425,358,3853,288,4939,306,8142
63,2154312133789,Right,-1,037583,0,8523803,0,9074264,357,9404,288,9216,306,851
63,2293510437012,Right,-1,034028,0,8580744,0,9119754,356,6568,290,0715,307,0407
63,2431449890137,Right,-1,030784,0,8623418,0,9150471,355,7585,290,8584,307,1151
63,2572212219238,Right,-1,028696,0,8653688,0,9173566,355,1586,291,4082,307,0308
63,2711448669434,Right,-1,024079,0,8701211,0,923674,354,3208,292,3434,306,5241
63,284854888916,Right,-1,019954,0,8715668,0,9305496,354,0534,292,591,306,367
63,2988090515137,Right,-1,013033,0,875805,0,9416162,353,3422,293,3202,305,8571
63,3128814697266,Right,-1,005241,0,8782429,0,9551516,352,9264,293,8111,305,4401
63,3270530700684,Right,-1,000418,0,8791725,0,9638903,352,8203,294,0592,305,2372
63,3406066894531,Right,-0,9915673,0,8803706,0,9801133,352,6986,294,4336,305,025
63,3545036315918,Right,-0,988341,0,8804276,0,9860956,352,6878,294,5443,305,0079
63,3683013916016,Right,-0,9792463,0,8815485,1,003734,352,5336,294,9982,304,8818
63,3823089599609,Right,-0,9716594,0,8813914,1,018476,352,6299,295,2903,304,7357
63,3960609436035,Right,-0,9675392,0,8823738,1,026448,352,471,295,5471,304,6324
63,4100532531738,Right,-0,9641736,0,879608,1,032864,352,9379,295,6361,304,9399
63,4239692687988,Right,-0,963756,0,8795635,1,033692,352,9722,295,6542,304,9347
63,4377784729004,Right,-0,9627939,0,8785948,1,035353,353,1265,295,8339,304,8306
63,4517250061035,Right,-0,9624035,0,8770939,1,03638,353,4151,295,9937,304,7078
63,465648651123,Right,-0,9623813,0,8761616,1,036535,353,5502,296,0455,304,8038
63,4793510437012,Right,-0,9625446,0,8745667,1,036763,353,743,296,1453,305,0062
63,4936027526855,Right,-0,9626128,0,8739253,1,036901,353,7802,296,2769,305,1187
63,5072021484375,Right,-0,962787,0,8734878,1,036727,353,7758,296,3464,305,1716
63,521354675293,Right,-0,9628314,0,8729392,1,036443,353,7868,296,4115,305,2769
63,5350914001465,Right,-0,9628579,0,8729742,1,036041,353,7856,296,3432,305,2867
63,5491104125977,Right,-0,9631212,0,8729261,1,034896,353,8084,296,0873,305,299
63,5629692077637,Right,-0,9632504,0,8728855,1,034746,353,8167,296,0389,305,3055
63,5768432617188,Right,-0,9629551,0,8724486,1,033652,353,8559,295,8781,305,3643
63,5904922485352,Right,-0,962615,0,8719648,1,031803,353,9131,295,5555,305,414
63,604736328125,Right,-0,9626051,0,8718663,1,030779,353,9344,295,3228,305,3754
63,6183967590332,Right,-0,9624411,0,8717223,1,02872,353,9454,294,8922,305,3265
63,632251739502,Right,-0,96279,0,8716887,1,027475,353,9383,294,6084,305,3093
63,6463508605957,Right,-0,9629825,0,8718016,1,027241,353,9113,294,586,305,3442
63,6599464416504,Right,-0,9631788,0,8719021,1,02695,353,8765,294,5788,305,4051
63,6740379333496,Right,-0,9633131,0,8719521,1,026503,353,8741,294,5412,305,5079
63,6879692077637,Right,-0,9634373,0,8718289,1,026365,353,8901,294,5183,305,5521
63,7018280029297,Right,-0,9637033,0,8716973,1,026115,353,9024,294,4826,305,669
63,7157516479492,Right,-0,9637467,0,8717076,1,026144,353,9,294,4811,305,6516
63,7296333312988,Right,-0,9638627,0,8717,1,025983,353,8948,294,4619,305,6953
63,7434844970703,Right,-0,9639006,0,8716609,1,025882,353,8948,294,4619,305,6954
63,7574157714844,Right,-0,9640306,0,8715798,1,025734,353,9296,294,4373,305,6828
63,7713813781738,Right,-0,964257,0,8714483,1,025671,353,9415,294,429,305,6786
63,7853202819824,Right,-0,964476,0,8712415,1,025653,353,9774,294,4098,305,7334
63,7991676330566,Right,-0,9651194,0,8707654,1,025676,354,068,294,3654,305,8571
63,8130531311035,Right,-0,9658279,0,8703305,1,025878,354,1316,294,388,305,9698
63,8268814086914,Right,-0,9659206,0,8702906,1,025907,354,1351,294,3927,305,9815
63,8407783508301,Right,-0,9665061,0,8699992,1,026047,354,148,294,4082,306,0445
63,8546485900879,Right,-0,966776,0,8697911,1,026122,354,1737,294,4289,306,0946
63,868480682373,Right,-0,9674388,0,869157,1,026294,354,2483,294,4713,306,2318
63,8822822570801,Right,-0,9678081,0,8689221,1,026322,354,2618,294,4872,306,3188
63,8963165283203,Right,-0,9680291,0,8687922,1,026348,354,2617,294,4978,306,334
63,9101943969727,Right,-0,9685845,0,8682356,1,02639,354,3244,294,5493,306,4236
63,9240913391113,Right,-0,9685893,0,8681995,1,026312,354,3187,294,5388,306,433
63,9380111694336,Right,-0,9689136,0,8677804,1,026169,354,3606,294,5306,306,5057
63,9520492553711,Right,-0,9690689,0,8676103,1,026066,354,3646,294,5266,306,5123
63,965747833252,Right,-0,9692968,0,8669454,1,025688,354,4666,294,4441,306,607
63,9797286987305,Right,-0,9695784,0,8661794,1,025127,354,5907,294,2986,306,7125
63,9936981201172,Right,-0,9696637,0,8658264,1,024793,354,6442,294,2049,306,7226
64,0073852539063,Right,-0,9696938,0,8656596,1,024667,354,678,294,165,306,7177
64,0213470458984,Right,-0,9697628,0,8651471,1,024339,354,7636,294,0532,306,7189
64,0353164672852,Right,-0,9697902,0,8651125,1,024345,354,7609,294,0462,306,72
64,0491485595703,Right,-0,9698588,0,8648911,1,024328,354,7646,294,0214,306,7225
64,0630950927734,Right,-0,9699595,0,8646181,1,024488,354,7723,294,0282,306,7232
64,0768585205078,Right,-0,9699804,0,8645892,1,024527,354,7884,294,0318,306,7166
64,0909194946289,Right,-0,9699973,0,8643552,1,024705,354,7967,294,0438,306,7124
64,1047592163086,Right,-0,9700095,0,8642598,1,024884,354,7867,294,0752,306,6739
64,1185760498047,Right,-0,9700086,0,8640684,1,025208,354,7905,294,1171,306,589
64,1326141357422,Right,-0,9699976,0,863843,1,025522,354,8091,294,1406,306,5118
64,1465148925781,Right,-0,9700077,0,8637551,1,025617,354,8158,294,1485,306,4997
64,1604309082031,Right,-0,9700679,0,8634475,1,026033,354,8303,294,1726,306,4672
64,1742172241211,Right,-0,9701222,0,863372,1,026191,354,8376,294,2024,306,4612
64,1879577636719,Right,-0,9702469,0,863084,1,02664,354,8577,294,2705,306,4297
64,2024688720703,Right,-0,9704004,0,8628067,1,027123,354,8644,294,3381,306,4158
64,2160949707031,Right,-0,9704092,0,8627511,1,027193,354,8613,294,3323,306,419
64,2297897338867,Right,-0,9705939,0,8625686,1,027502,354,907,294,367,306,3887
64,2437133789063,Right,-0,9706933,0,8623692,1,027611,354,94,294,366,306,387
64,2575607299805,Right,-0,9709329,0,8620464,1,027719,354,9876,294,3382,306,3902
64,2714004516602,Right,-0,9711646,0,8618247,1,027804,354,99,294,3411,306,388
64,2853240966797,Right,-0,971256,0,8617494,1,027819,355,0116,294,3254,306,3907
64,2991409301758,Right,-0,971548,0,8615616,1,027872,355,0306,294,3121,306,3933
64,3130874633789,Right,-0,971732,0,8614584,1,027869,355,0273,294,311,306,392
64,327278137207,Right,-0,9719219,0,861353,1,027825,355,0491,294,2856,306,4177
64,3408432006836,Right,-0,9722545,0,8613078,1,027725,355,0536,294,2699,306,4282
64,3548202514648,Right,-0,9723136,0,8613057,1,027659,355,052,294,2424,306,4325
64,3687591552734,Right,-0,9725928,0,8614181,1,027412,355,045,294,1725,306,425
64,3825302124023,Right,-0,9727941,0,8615235,1,027187,355,0493,294,1111,306,4171
64,396598815918,Right,-0,9729172,0,8615798,1,026999,355,0466,294,0692,306,4375
64,4102935791016,Right,-0,9730487,0,8616494,1,02671,355,0325,294,0112,306,4722
64,4242630004883,Right,-0,9731216,0,8617156,1,026567,355,0165,293,9864,306,4914
64,438362121582,Right,-0,9731737,0,8617755,1,026397,355,0149,293,9827,306,4954
64,4519653320313,Right,-0,9731463,0,8618311,1,026209,354,9777,293,9049,306,4714
64,4660873413086,Right,-0,9731652,0,861773,1,026227,354,9773,293,9008,306,4687
64,4800186157227,Right,-0,9731042,0,8617526,1,026197,354,9798,293,8868,306,4432
64,4936904907227,Right,-0,9730819,0,8617137,1,026206,354,9802,293,8892,306,4412
64,5077896118164,Right,-0,9729119,0,8616195,1,026314,354,9804,293,9383,306,4304
64,5215225219727,Right,-0,9727498,0,861518,1,026485,354,975,294,0028,306,4395
64,5354690551758,Right,-0,9725651,0,8615316,1,026612,354,9752,294,0352,306,4234
64,5493545532227,Right,-0,9724872,0,8615521,1,026869,354,9882,294,1277,306,3778
64,5632095336914,Right,-0,9721764,0,861284,1,027188,355,0554,294,2215,306,295
64,5771942138672,Right,-0,9721428,0,8611534,1,027361,355,0732,294,2545,306,2994
64,5912704467773,Right,-0,9719163,0,8606884,1,027827,355,1452,294,3759,306,2915
64,6049041748047,Right,-0,9717968,0,8604797,1,028022,355,1884,294,4395,306,2999
64,6187973022461,Right,-0,9717025,0,8601293,1,028424,355,2538,294,5581,306,3056
64,6326370239258,Right,-0,9715413,0,8597825,1,028741,355,3145,294,6826,306,3323
64,6467514038086,Right,-0,9714668,0,8596358,1,028841,355,3322,294,7236,306,3521
64,6606063842773,Right,-0,9713634,0,8593758,1,028994,355,3659,294,7752,306,3472
64,67431640625,Right,-0,9713266,0,8593208,1,029004,355,3606,294,7752,306,3474
64,6883392333984,Right,-0,9712044,0,8590418,1,029073,355,4427,294,799,306,3085
64,7023849487305,Right,-0,9710569,0,8588251,1,029054,355,4666,294,8119,306,3066
64,7160186767578,Right,-0,9710299,0,858791,1,029042,355,491,294,8078,306,2969
64,7300262451172,Right,-0,9709479,0,8585747,1,02902,355,5168,294,8069,306,2903
64,7437210083008,Right,-0,9709336,0,8584985,1,029001,355,5377,294,8066,306,2867
64,7578277587891,Right,-0,970912,0,8582376,1,028933,355,5721,294,8062,306,2806
64,771728515625,Right,-0,9738687,0,857895,1,028063,355,663,294,7609,306,2461
64,7856063842773,Right,-0,975547,0,8578045,1,027503,355,6562,294,7651,306,2455
64,7995223999023,Right,-0,9833649,0,8574917,1,024278,355,7103,294,6991,306,2429
64,8134918212891,Right,-0,993923,0,8571002,1,018365,355,7306,294,6086,306,2433
64,8271102905273,Right,-1,0046,0,8570173,1,010288,355,7257,294,5783,306,2365
64,8411483764648,Right,-1,025536,0,8561885,0,9901473,355,6955,294,0794,305,9365
64,8549728393555,Right,-1,032224,0,8561311,0,9798062,355,7059,293,9911,305,8261
64,8694000244141,Right,-1,056975,0,8547515,0,9445163,355,6843,293,1369,305,0041
64,8827972412109,Right,-1,070834,0,8537059,0,91728,355,714,292,6863,304,4535
64,8966217041016,Right,-1,078505,0,8526669,0,8946878,355,8111,292,3615,304,0945
64,9106063842773,Right,-1,092991,0,850127,0,8503442,356,1864,291,5102,303,2399
64,9246139526367,Right,-1,095961,0,8478675,0,8331772,356,5424,291,0671,302,8845
64,9381484985352,Right,-1,104729,0,8446068,0,785513,357,2261,290,191,302,0867
64,9523086547852,Right,-1,108647,0,8413179,0,7422904,357,7722,289,4773,301,4403
64,9659576416016,Right,-1,109477,0,8383309,0,7212995,358,2596,289,0494,301,1111
64,9798583984375,Right,-1,109975,0,8336023,0,6706775,359,0233,288,2692,300,5815
64,9939117431641,Right,-1,108632,0,8290858,0,6338589,359,6215,287,8315,300,7378
65,0077362060547,Right,-1,106566,0,8252821,0,6059313,0,06813457,287,5624,301,4282
65,0217971801758,Right,-1,101046,0,820379,0,561591,0,6644164,287,0749,302,0934
65,0358123779297,Right,-1,096653,0,8183841,0,5408095,0,9588462,286,8061,302,4545
65,0493011474609,Right,-1,087959,0,813369,0,4923889,1,680736,285,9182,303,1917
65,0632858276367,Right,-1,079625,0,8104149,0,4533892,2,08487,285,0987,303,678
65,077033996582,Right,-1,073251,0,8084088,0,4278665,2,329362,284,4281,303,9369
65,0910186767578,Right,-1,060841,0,805043,0,3802606,2,734634,283,0916,304,4097
65,1053619384766,Right,-1,055359,0,8040769,0,3584207,2,883126,282,2067,304,6812
65,1188278198242,Right,-1,041554,0,8009344,0,3082929,3,337365,280,26,305,3015
65,1328506469727,Right,-1,030004,0,7989275,0,2656107,3,627762,278,6998,306,0764
65,1466903686523,Right,-1,02287,0,7978816,0,2405616,3,70887,277,8765,306,6187
65,1611099243164,Right,-1,006966,0,7956089,0,190009,3,867493,276,3306,307,6254
65,1747741699219,Right,-1,002753,0,7958514,0,1727201,3,686866,275,7599,308,2373
65,1884460449219,Right,-0,9867171,0,7954596,0,1208175,3,058839,274,2626,309,8973
65,2024993896484,Right,-0,9738109,0,7951464,0,07784694,2,744196,273,0959,310,9916
65,2162551879883,Right,-0,9675994,0,7959794,0,05450606,2,256793,272,5575,311,7623
65,2300567626953,Right,-0,9517818,0,795887,0,00335294,1,561783,271,2172,313,247
65,2441024780273,Right,-0,9490668,0,7979241,-0,0137648,0,9632011,270,841,313,7798
65,2576522827148,Right,-0,9344977,0,7981125,-0,06410122,0,1182733,269,4585,315,0796
65,271614074707,Right,-0,9256148,0,8000736,-0,1130869,359,1484,268,2322,315,8868
65,2854156494141,Right,-0,9225922,0,8013864,-0,1350431,358,6233,267,5956,316,3955
65,2996292114258,Right,-0,915261,0,8030074,-0,1946714,357,429,265,7084,317,684
65,3134307861328,Right,-0,9145064,0,8052635,-0,2384551,356,6665,264,1583,318,3075
65,3275985717773,Right,-0,9139015,0,8068131,-0,2716422,356,1856,263,052,318,6188
65,3415451049805,Right,-0,9120058,0,8096881,-0,3249868,355,2283,260,8867,318,7087
65,3549652099609,Right,-0,9151313,0,8112929,-0,3461726,354,7931,259,8347,318,6107
65,3689804077148,Right,-0,9172075,0,814315,-0,4076842,353,6307,257,3828,318,9989
65,3829193115234,Right,-0,9214228,0,8165387,-0,4554785,352,8824,255,6314,319,6379
65,3965377807617,Right,-0,9257141,0,8180779,-0,4833306,352,5321,254,6422,320,1265
65,410514831543,Right,-0,9327079,0,8210953,-0,5415183,351,6937,252,7124,321,118
65,4248504638672,Right,-0,9366912,0,8231067,-0,5637228,351,2611,252,0133,321,3986
65,4382400512695,Right,-0,9445512,0,8268109,-0,6200203,350,0909,249,8114,322,0786
65,4522933959961,Right,-0,9539807,0,8303155,-0,6700576,348,8287,248,512,323,0074
65,466064453125,Right,-0,9599904,0,8483542,-0,6948346,348,5708,247,9369,323,2501
65,4802551269531,Right,-0,9727778,0,8595892,-0,752667,347,5788,246,5894,323,813
65,4939651489258,Right,-0,9788184,0,8555288,-0,7674762,347,7179,246,1251,323,2381
65,507698059082,Right,-0,995086,0,8615071,-0,8219861,347,963,244,6625,322,3327
65,5216751098633,Right,-1,013506,0,8610932,-0,8686501,348,5065,243,825,321,6044
65,5357131958008,Right,-1,025828,0,858966,-0,8879406,349,393,244,0642,321,0853
65,5494003295898,Right,-1,051035,0,8558816,-0,9353182,350,5796,243,8948,320,6667
65,5636825561523,Right,-1,074243,0,8528494,-0,9711862,351,4511,243,6888,320,5236
65,5774841308594,Right,-1,093638,0,8491907,-0,9927576,352,4539,243,7273,320,1253
65,5911254882813,Right,-1,12856,0,8434418,-1,026709,353,7139,244,258,319,5996
65,6051025390625,Right,-1,146314,0,840716,-1,038261,354,0872,244,8982,319,3087
65,6188507080078,Right,-1,190888,0,8329741,-1,06876,355,2819,246,4594,318,6167
65,6329040527344,Right,-1,231694,0,8236708,-1,088349,356,2954,248,6704,318,4794
65,6467361450195,Right,-1,255671,0,818773,-1,10079,357,0795,249,3791,318,5109
65,6604843139648,Right,-1,307013,0,8055419,-1,1198,357,8907,252,4764,320,4846
65,6745452880859,Right,-1,327639,0,8020185,-1,119609,358,0417,253,5576,321,4256
65,6887054443359,Right,-1,38892,0,7848526,-1,121547,358,5602,257,0567,324,871
65,7020721435547,Right,-1,435031,0,7729311,-1,117042,358,7706,259,578,327,5436
65,7162399291992,Right,-1,462309,0,7666905,-1,109716,358,7971,260,7776,328,8884
65,7301406860352,Right,-1,518798,0,7520208,-1,094029,358,8467,263,3978,331,6835
65,7438583374023,Right,-1,53278,0,7480763,-1,089009,358,9709,264,1672,332,6212
65,7577667236328,Right,-1,587335,0,7326506,-1,066976,359,6189,266,4569,335,2314
65,7714538574219,Right,-1,635201,0,7216956,-1,048795,359,9156,268,5024,337,2267
65,7856292724609,Right,-1,652074,0,7152401,-1,040367,2,024766,267,8974,335,7264
65,7997055053711,Right,-1,674004,0,6988694,-1,027292,5,652234,267,8253,332,5701
65,8132705688477,Right,-1,684234,0,686257,-1,019862,7,928742,268,2578,330,5733
65,8271713256836,Right,-1,684191,0,6772563,-1,015732,9,513709,268,5945,329,5691
65,8410873413086,Right,-1,68773,0,6613389,-1,007177,11,97059,269,3513,328,7498
65,8548126220703,Right,-1,686975,0,6554935,-1,003915,12,48229,269,7219,329,7101
65,8687744140625,Right,-1,688077,0,6397467,-0,9950994,14,37834,270,7299,330,5658
65,8824920654297,Right,-1,686263,0,6279038,-0,9906949,15,95446,270,8401,331,1477
65,8965301513672,Right,-1,686176,0,6207196,-0,9881203,17,0704,270,9414,331,0098
65,9106903076172,Right,-1,684299,0,6053826,-0,9841614,19,43825,270,6757,330,4509
65,9243469238281,Right,-1,683072,0,5993024,-0,9842507,20,45956,270,0878,330,1169
65,9382553100586,Right,-1,67827,0,5817937,-0,9835084,23,54654,268,6819,329,1529
65,9519805908203,Right,-1,675975,0,5667935,-0,9819053,25,95967,267,833,328,5676
65,9659194946289,Right,-1,673858,0,5585679,-0,9822549,27,26391,267,2848,328,4639
65,9799346923828,Right,-1,668591,0,5413967,-0,983795,29,8625,266,1472,327,779
65,9936981201172,Right,-1,667355,0,5301557,-0,9843004,30,99699,265,6486,327,0829
66,007698059082,Right,-1,667306,0,5222199,-0,9847053,31,49739,265,4491,326,3547
66,0216369628906,Right,-1,668053,0,5093716,-0,9849158,31,75897,265,7172,325,566
66,0355987548828,Right,-1,669488,0,5028301,-0,9843682,31,7426,266,52,325,6881
66,0493698120117,Right,-1,670863,0,4865428,-0,9828938,32,6742,267,5952,325,8558
66,0631637573242,Right,-1,671848,0,4738651,-0,9823223,33,51136,268,342,326,2799
66,0770034790039,Right,-1,672324,0,4659738,-0,9825613,34,12888,268,3687,326,0817
66,0910415649414,Right,-1,673505,0,4518769,-0,9835008,35,15564,268,3738,325,615
66,1048126220703,Right,-1,674109,0,4465298,-0,9838705,35,55268,268,3753,325,3771
66,1190719604492,Right,-1,674878,0,431009,-0,9849554,36,79891,268,6412,325,194
66,1328125,Right,-1,674432,0,4195659,-0,9855707,37,49105,269,5843,327,6451
66,1465682983398,Right,-1,674486,0,4146337,-0,987378,37,72887,269,5514,328,3918
66,1604385375977,Right,-1,674671,0,4043504,-0,9913636,38,32265,269,3686,328,834
66,1745681762695,Right,-1,675086,0,4013798,-0,9934276,38,58247,269,1703,328,4975
66,1884231567383,Right,-1,675132,0,3942407,-1,001544,39,57454,267,678,325,8226
66,2020645141602,Right,-1,674844,0,3863598,-1,007869,40,6579,265,9916,323,1291
66,2158737182617,Right,-1,675128,0,3816727,-1,010435,40,99184,265,3912,322,2827
66,2300872802734,Right,-1,675495,0,3703362,-1,015693,41,90651,264,4382,320,8716
66,2442321777344,Right,-1,675998,0,3661031,-1,016516,42,12727,264,7057,321,3539
66,2575988769531,Right,-1,676745,0,3543902,-1,019413,42,52613,265,5525,323,7812
66,2716979980469,Right,-1,677364,0,3447351,-1,023156,43,07545,265,5159,324,3864
66,2850036621094,Right,-1,678885,0,3422601,-1,024974,42,37447,265,2504,325,4799
66,2988586425781,Right,-1,681403,0,3336648,-1,02978,41,97982,264,599,326,3087
66,3128967285156,Right,-1,683618,0,3263934,-1,033685,42,14456,264,0651,326,1083
66,3266830444336,Right,-1,685414,0,3219244,-1,035772,42,32224,263,8677,325,6331
66,3408279418945,Right,-1,689456,0,3124034,-1,038289,42,47676,264,4031,325,4756
66,3549194335938,Right,-1,691149,0,3082406,-1,038002,42,51698,265,2923,326,3034
66,3682861328125,Right,-1,694652,0,2977638,-1,039474,42,6051,266,3834,327,5845
66,3821792602539,Right,-1,697987,0,2888988,-1,040415,42,26157,267,4852,329,5508
66,3962097167969,Right,-1,700192,0,2846525,-1,041191,41,58562,267,7972,331,031
66,4098205566406,Right,-1,704965,0,2760468,-1,04426,39,9782,267,575,333,3201
66,4240036010742,Right,-1,708259,0,270788,-1,047808,39,57541,267,2836,333,7274
66,4376525878906,Right,-1,710409,0,2659479,-1,05,39,58698,267,2294,333,8218
66,4515991210938,Right,-1,713326,0,2581424,-1,053642,40,74311,267,1855,332,8197
66,4658355712891,Right,-1,714793,0,2537209,-1,054868,41,15294,267,2586,332,5444
66,4793853759766,Right,-1,719009,0,2444077,-1,057357,41,46091,267,8868,332,7631
66,4933624267578,Right,-1,722017,0,2370734,-1,05888,41,29131,268,5648,333,8812
66,5073471069336,Right,-1,724152,0,2320849,-1,060183,41,14251,268,9099,334,6626
66,5209732055664,Right,-1,728858,0,2240853,-1,061967,40,30149,269,6628,336,3469
66,5350799560547,Right,-1,730814,0,221398,-1,063185,39,96989,269,8827,336,8195
66,5489959716797,Right,-1,736637,0,2142199,-1,066278,38,63321,270,2006,337,855
66,5627212524414,Right,-1,740243,0,2082179,-1,068863,38,16552,270,4452,338,4904
66,5768280029297,Right,-1,742133,0,2041872,-1,070077,38,27137,270,7928,338,9351
66,5905380249023,Right,-1,745823,0,1960226,-1,072033,38,5219,271,5761,339,8525
66,6044387817383,Right,-1,746714,0,1933397,-1,07246,38,94873,272,0871,340,1654
66,6183929443359,Right,-1,749966,0,1844766,-1,074067,39,90704,273,2415,340,7272
66,6321258544922,Right,-1,75247,0,1775383,-1,076044,40,60539,273,9799,340,7364
66,6463470458984,Right,-1,753155,0,1733951,-1,07722,40,96212,274,1815,340,8641
66,6599502563477,Right,-1,75383,0,1643223,-1,079981,41,81318,274,178,341,4661
66,6739120483398,Right,-1,754882,0,1577609,-1,082094,42,23125,274,1165,342,2593
66,6878280639648,Right,-1,755538,0,1529506,-1,08344,42,27538,273,9489,342,9783
66,7018737792969,Right,-1,757542,0,1463767,-1,085005,42,12234,274,1,344,0097
66,7156066894531,Right,-1,75852,0,1439492,-1,085316,42,00713,274,3095,344,3864
66,7296447753906,Right,-1,760597,0,1362358,-1,086716,42,05694,274,7455,345,2771
66,7431793212891,Right,-1,762289,0,1302896,-1,088304,42,1941,275,0253,345,9372
66,75732421875,Right,-1,763482,0,1259627,-1,089386,42,29142,275,2266,346,4111
66,7712478637695,Right,-1,761858,0,1220858,-1,085301,43,03004,275,8306,347,2893
66,7851715087891,Right,-1,762313,0,1197523,-1,085,43,69485,276,6367,347,2014
66,799072265625,Right,-1,761047,0,1148212,-1,080284,45,24555,278,2647,347,6254
66,8126220703125,Right,-1,760947,0,1109049,-1,07763,46,43865,279,9677,347,4067
66,8266677856445,Right,-1,7606,0,1085555,-1,076151,46,84732,280,6425,347,1665
66,8404998779297,Right,-1,759998,0,1045676,-1,073942,47,38899,281,8818,346,8167
66,8544082641602,Right,-1,759926,0,1047327,-1,073102,47,5281,281,8658,346,2812
66,8683013916016,Right,-1,761182,0,1034108,-1,071503,48,15044,282,5357,345,0857
66,8821334838867,Right,-1,763986,0,1051736,-1,069724,48,03593,283,1972,343,9959
66,8963088989258,Right,-1,764256,0,1041515,-1,068609,50,06809,284,9168,345,1555
66,9101715087891,Right,-1,767979,0,1076525,-1,068212,49,27227,284,0593,342,905
66,9237976074219,Right,-1,768073,0,1086184,-1,067821,49,01747,283,9847,342,7178
66,9378356933594,Right,-1,771497,0,1147448,-1,066725,47,73254,283,7692,342,2895
0,Bowl grabbed,0,0,0,0,0,0
66,9516906738281,Right,-1,773285,0,1211346,-1,065443,48,41076,284,2915,341,1837
66,9655456542969,Right,-1,773227,0,1235615,-1,064554,48,42095,284,3654,341,6232
66,9794464111328,Right,-1,774739,0,1321128,-1,064694,48,94014,284,1302,341,5962
66,9938201904297,Right,-1,777702,0,1420188,-1,066419,48,49625,282,9076,340,848
67,0073471069336,Right,-1,780009,0,147981,-1,06737,47,84133,282,006,339,9024
67,0211410522461,Right,-1,785308,0,1625749,-1,06905,46,61094,279,4605,337,152
67,0349197387695,Right,-1,78738,0,1684236,-1,0689,45,84333,278,4573,336,0588
67,0489196777344,Right,-1,792192,0,1850435,-1,068238,44,23976,276,4482,334,1215
67,0628967285156,Right,-1,795844,0,2001625,-1,066417,42,93797,275,5301,333,2127
67,0766220092773,Right,-1,797615,0,2109132,-1,064152,41,89744,275,0746,333,6534
67,0905914306641,Right,-1,800878,0,229822,-1,060042,40,6073,274,7337,333,9099
67,1047439575195,Right,-1,80095,0,2392212,-1,056764,40,42927,275,0434,333,937
67,1184997558594,Right,-1,802668,0,2584844,-1,052165,39,16451,274,8629,333,2903
67,1324920654297,Right,-1,801315,0,2757578,-1,047424,39,37138,273,8462,331,7937
67,1465377807617,Right,-1,800088,0,2858022,-1,043702,39,64777,273,4315,331,1767
67,1603088378906,Right,-1,798783,0,3067007,-1,036565,39,622,272,5848,330,1614
67,1740951538086,Right,-1,798874,0,3130321,-1,034247,39,70264,272,4814,329,7174
67,1876754760742,Right,-1,798154,0,3345299,-1,025879,40,2397,272,5685,328,588
67,2017593383789,Right,-1,795465,0,3533121,-1,01618,41,27551,273,1553,328,1236
67,2157669067383,Right,-1,792789,0,362132,-1,010804,42,23287,273,3488,328,0374
67,2295379638672,Right,-1,790402,0,3827399,-1,001956,43,14745,273,4285,327,6108
67,2434234619141,Right,-1,787743,0,3989595,-0,9939286,43,92096,273,4267,327,0596
67,2572631835938,Right,-1,785625,0,410653,-0,9876454,44,51427,273,6614,327,1786
67,2714233398438,Right,-1,783059,0,4320256,-0,9766975,44,61032,274,1107,327,7849
67,2851715087891,Right,-1,782633,0,4414557,-0,9726083,43,57686,274,1805,327,5505
67,2988204956055,Right,-1,78007,0,4645775,-0,961995,42,49467,274,2205,327,3372
67,3128128051758,Right,-1,77969,0,4841072,-0,9486694,41,74804,274,0635,326,5531
67,3268966674805,Right,-1,781087,0,4938351,-0,934697,41,72627,274,203,326,1917
67,3406066894531,Right,-1,781377,0,5115675,-0,914048,41,85785,274,0516,325,3926
67,3546371459961,Right,-1,782489,0,5153772,-0,9019338,41,87849,273,9413,325,1969
67,3683471679688,Right,-1,784059,0,5301875,-0,8724052,41,66224,273,5322,324,3048
67,3825378417969,Right,-1,785975,0,5428719,-0,8440516,41,7542,273,3178,323,5185
67,3964080810547,Right,-1,785614,0,5558951,-0,8230211,41,47385,273,5656,323,4946
67,4099731445313,Right,-1,785793,0,5761185,-0,7852505,41,20793,273,7529,323,3403
67,4239883422852,Right,-1,78469,0,5826674,-0,7731386,40,90334,273,7015,323,2066
67,4381790161133,Right,-1,781888,0,6050977,-0,7308016,39,81397,273,875,322,9674
67,451774597168,Right,-1,775582,0,6222478,-0,6930508,39,08633,274,2664,323,0125
67,4658203125,Right,-1,770736,0,6300338,-0,6729097,38,99807,274,6519,323,455
67,4794921875,Right,-1,757697,0,6473491,-0,6266222,38,99324,275,3834,325,3693
67,4934692382813,Right,-1,747206,0,6611325,-0,5903828,39,58934,275,5747,326,9103
67,5073318481445,Right,-1,739542,0,6699634,-0,5648664,39,59169,276,0727,328,1932
67,5211029052734,Right,-1,72629,0,6858523,-0,5217707,38,88681,276,5967,329,4582
67,5351638793945,Right,-1,719363,0,6916943,-0,5036069,38,43572,277,0685,329,6259
67,5490951538086,Right,-1,701733,0,7077601,-0,4554644,37,76552,278,274,330,2658
67,5631942749023,Right,-1,686613,0,7210048,-0,417847,37,50558,279,0046,330,9165
67,5772476196289,Right,-1,676415,0,7284811,-0,3923959,37,51965,279,58,331,3061
67,5909576416016,Right,-1,65877,0,7424791,-0,3485945,37,312,280,7265,332,4399
67,6045532226563,Right,-1,65194,0,7474349,-0,3329307,37,20009,281,3432,333,0312
67,6185607910156,Right,-1,630948,0,7630649,-0,2838838,36,81946,283,0738,334,8587
67,632194519043,Right,-1,613474,0,7763845,-0,2444812,36,38635,284,7018,336,5484
67,6464080810547,Right,-1,6035,0,7837666,-0,2209894,36,24556,285,63,337,2807
67,6603164672852,Right,-1,581448,0,7979448,-0,1725311,35,20137,287,8509,339,0165
67,6744995117188,Right,-1,573858,0,8030633,-0,1562297,34,76947,288,5003,339,3479
67,6879577636719,Right,-1,552971,0,8172173,-0,1107382,33,74795,290,1921,339,9288
67,7018051147461,Right,-1,533552,0,8292018,-0,07084531,33,38241,291,3963,340,3265
67,7158584594727,Right,-1,524014,0,8349962,-0,05095088,33,53289,291,8738,340,7054
67,7296371459961,Right,-1,50219,0,847591,-0,005760193,34,26056,292,7865,341,4126
67,7433547973633,Right,-1,486191,0,8572983,0,02821302,34,88347,293,7639,342,0311
67,7574081420898,Right,-1,475153,0,8638772,0,05325305,35,08757,294,4987,342,0741
67,7712936401367,Right,-1,456578,0,8761326,0,09470123,34,95314,295,5332,342,2745
67,7852172851563,Right,-1,450514,0,8809254,0,111288,34,21255,295,7406,342,2657
67,7990875244141,Right,-1,433687,0,8945684,0,1554644,32,7244,296,6191,342,071
67,8131561279297,Right,-1,419914,0,9049841,0,1903017,31,46034,297,5226,342,0373
67,8270721435547,Right,-1,411608,0,9115419,0,2122944,31,10655,298,1038,342,0795
67,8409652709961,Right,-1,400174,0,92335,0,2510791,30,71857,299,0769,342,1612
67,8544769287109,Right,-1,396623,0,9273976,0,263622,30,68269,299,2874,342,2957
67,8684539794922,Right,-1,387506,0,9395639,0,3046255,30,67307,299,8381,342,4137
67,8826675415039,Right,-1,380625,0,9492009,0,3390756,30,1775,300,1448,342,3214
67,896240234375,Right,-1,379526,0,9527646,0,3561469,30,07807,300,2882,342,342
67,9101638793945,Right,-1,377822,0,9594348,0,3956316,30,31148,300,3824,342,354
67,924201965332,Right,-1,377886,0,9625778,0,4084017,30,27112,300,5767,342,4048
67,9377975463867,Right,-1,382427,0,9697697,0,448034,30,44773,301,1889,342,4851
67,9518203735352,Right,-1,392558,0,9765322,0,4854813,30,09987,301,9463,342,6607
67,9657745361328,Right,-1,401819,0,9798269,0,5037826,29,86058,302,2216,342,6008
67,9797210693359,Right,-1,419527,0,9875697,0,5472726,29,80584,303,0292,342,7747
67,9936828613281,Right,-1,434082,0,9929285,0,5789615,30,00605,303,5127,342,6726
68,0073165893555,Right,-1,444643,0,9961754,0,6009296,30,04395,303,8934,342,7012
68,021369934082,Right,-1,463082,1,001179,0,6398265,30,32437,304,4012,342,8128
68,0351943969727,Right,-1,470832,1,002122,0,6549863,30,76772,304,537,342,9375
68,0489501953125,Right,-1,490466,1,005611,0,6964769,31,74251,305,0591,343,3672
68,0632476806641,Right,-1,506722,1,009603,0,7308751,32,29807,305,5527,343,7849
68,0767822265625,Right,-1,51591,1,012053,0,7506663,32,72003,305,8621,344,0502
68,0906753540039,Right,-1,535107,1,013329,0,7916552,33,85907,306,3663,344,8784
68,1047515869141,Right,-1,542661,1,015384,0,806569,34,06303,306,526,344,9279
68,1184616088867,Right,-1,562832,1,01509,0,8502526,34,52027,307,5883,344,8344
68,1324310302734,Right,-1,579315,1,015792,0,8869078,34,46308,308,5538,344,9194
68,1463623046875,Right,-1,587088,1,015161,0,906514,34,44997,309,6938,345,162
68,1602096557617,Right,-1,603869,1,015994,0,9480995,34,81916,311,3082,345,8593
68,1741409301758,Right,-1,606992,1,01573,0,9582333,35,11104,311,9766,346,4782
68,1879348754883,Right,-1,618832,1,014514,0,9951477,36,40905,314,19,348,5691
68,2019805908203,Right,-1,628034,1,012603,1,025517,37,40537,316,0875,350,1801
68,2158432006836,Right,-1,630145,1,010422,1,036966,37,89345,317,1989,351,0919
68,2295837402344,Right,-1,636084,1,007005,1,065648,38,73159,319,212,352,8601
68,243408203125,Right,-1,639459,1,00424,1,085323,39,09888,320,559,354,1101
68,2576522827148,Right,-1,64022,1,002631,1,097811,39,50421,321,6294,355,0575
68,2710800170898,Right,-1,639366,1,000356,1,113663,40,20958,323,2061,356,5139
68,2852325439453,Right,-1,638872,0,9994663,1,119403,40,55435,323,8977,357,0777
68,2992706298828,Right,-1,634732,0,997301,1,128659,41,41906,325,939,359,0709
68,3127975463867,Right,-1,631574,0,9953839,1,130042,41,64067,326,3855,359,5539
68,3269500732422,Right,-1,628921,0,993428,1,129802,41,9959,326,4644,359,4364
68,3406219482422,Right,-1,623392,0,9895625,1,130202,42,62208,326,8561,359,9552
68,354736328125,Right,-1,621303,0,9878144,1,1297,42,97932,326,8824,0,3068466
68,3684921264648,Right,-1,615149,0,9833118,1,128266,44,28863,327,174,1,36321
68,3823165893555,Right,-1,611856,0,9803854,1,126999,45,6634,327,2865,1,921934
68,3963623046875,Right,-1,610472,0,9789165,1,127139,46,19002,327,3776,1,963633
68,4102172851563,Right,-1,608769,0,9767182,1,128148,46,62827,327,4826,1,15958
68,4241561889648,Right,-1,607865,0,9759065,1,129554,46,44804,327,652,1,013913
68,4380569458008,Right,-1,605301,0,9738482,1,13469,46,04777,328,9118,1,415023
68,4517440795898,Right,-1,603169,0,9721075,1,141962,45,27691,331,1528,2,58887
68,4658126831055,Right,-1,60139,0,9710491,1,144533,45,15977,332,3011,3,472233
68,4797897338867,Right,-1,59753,0,9674693,1,151728,45,20461,335,1888,5,5284
68,4933471679688,Right,-1,595,0,9645855,1,156326,45,08276,336,9375,6,637933
68,5077743530273,Right,-1,593341,0,9619251,1,160201,44,83622,338,0162,7,075326
0,Serving end,0,0,0,0,0,0
68,5216598510742,Right,-1,59121,0,9583524,1,165709,44,34341,339,2098,7,207164
68,5351943969727,Right,-1,591152,0,9570051,1,168094,43,88851,339,3329,6,886871
68,5492935180664,Right,-1,590616,0,9539293,1,17454,43,10156,340,0716,6,413106
68,5627975463867,Right,-1,590855,0,9525223,1,180154,42,15219,340,4573,5,8013
68,5770568847656,Right,-1,591393,0,9519824,1,183909,41,51455,340,6025,5,557101
68,5907211303711,Right,-1,592556,0,9504753,1,19145,40,21877,341,3261,5,481473
68,6044616699219,Right,-1,592272,0,9498845,1,192301,39,91842,341,7589,5,473544
0,Bowl dropped,0,0,0,0,0,0
68,6185073852539,Right,-1,590868,0,9464065,1,197041,39,851,343,5093,5,296871
68,6322631835938,Right,-1,58821,0,9436124,1,197861,39,82501,344,2522,6,050732
68,6462478637695,Right,-1,586132,0,9415768,1,197599,40,48737,345,1597,6,633173
68,6603469848633,Right,-1,578598,0,9346775,1,194476,41,83655,346,7937,10,2546
68,6740570068359,Right,-1,578221,0,9337437,1,194579,42,18376,347,1529,10,81256
68,6880264282227,Right,-1,57499,0,9296666,1,194551,42,40667,347,6716,12,58527
68,7019424438477,Right,-1,57503,0,9289842,1,190897,41,54766,347,7697,13,99241
68,7156677246094,Right,-1,576253,0,9299321,1,189954,41,59838,347,6021,14,05597
68,7296600341797,Right,-1,581038,0,9312018,1,19087,38,65625,345,7336,11,72682
68,7439956665039,Right,-1,584646,0,9359599,1,186796,39,30106,344,378,9,307388
68,7573471069336,Right,-1,587093,0,9377522,1,185688,39,16364,343,6112,8,096701
68,7714080810547,Right,-1,591334,0,9415509,1,182169,37,83805,341,6418,5,970995
68,7854919433594,Right,-1,592455,0,9434415,1,1796,36,96441,340,6512,5,299467
68,7991027832031,Right,-1,594274,0,9467862,1,174341,35,58167,339,6188,5,087876
68,8131332397461,Right,-1,594845,0,9491991,1,169912,34,4533,339,1589,5,583052
68,8269119262695,Right,-1,595137,0,9506077,1,166663,33,69995,338,8633,6,168907
68,8408203125,Right,-1,596147,0,952964,1,1617,32,44556,338,1552,6,626472
68,8547897338867,Right,-1,596527,0,9544091,1,158064,31,8426,337,9839,7,095346
68,8686904907227,Right,-1,597745,0,9576141,1,148997,30,24864,337,4323,7,842494
68,8825454711914,Right,-1,599164,0,9604663,1,142517,28,79686,336,8747,8,171206
68,8962554931641,Right,-1,599961,0,9619949,1,139295,28,07463,336,5079,8,278351
68,9101715087891,Right,-1,601996,0,9650134,1,130388,26,31166,335,4064,8,498359
68,9241027832031,Right,-1,602778,0,9660959,1,126737,25,83625,335,0006,8,557408
68,9379272460938,Right,-1,604762,0,968102,1,116377,24,50227,333,7104,8,727008
68,9518585205078,Right,-1,606673,0,9683787,1,104081,23,84483,332,1335,8,819367
68,9657592773438,Right,-1,607639,0,9688373,1,09939,23,45478,331,5532,8,90214
68,9798355102539,Right,-1,609439,0,9676933,1,085653,22,9379,329,8057,9,100054
68,9937896728516,Right,-1,610971,0,9655661,1,075208,22,82191,328,3309,9,442352
69,0073318481445,Right,-1,611841,0,9642383,1,068104,22,6495,327,3817,9,779874
69,021369934082,Right,-1,612684,0,9591049,1,054515,23,00868,325,6802,10,45182
69,0352783203125,Right,-1,613543,0,9580809,1,049595,22,96256,325,0821,10,65517
69,0490875244141,Right,-1,613559,0,9515929,1,035908,23,70449,323,5357,11,28252
69,0630950927734,Right,-1,613687,0,9455438,1,026021,24,42557,322,4403,11,98667
69,0768585205078,Right,-1,613925,0,9431905,1,020105,24,46519,321,7524,12,34772
69,0907974243164,Right,-1,613101,0,9360384,1,009308,24,74954,320,7621,13,6143
69,1047973632813,Right,-1,613512,0,9338209,1,005364,24,64277,320,3977,14,09537
69,1186599731445,Right,-1,612267,0,9271665,0,9948438,24,38425,319,4443,15,57079
69,1325836181641,Right,-1,612001,0,9221475,0,9862949,24,14551,318,7067,16,73039
69,1464157104492,Right,-1,611799,0,9191018,0,9816423,23,95418,318,4037,17,33263
69,1600952148438,Right,-1,610713,0,9124513,0,972184,23,63583,317,7239,18,51771
69,1743087768555,Right,-1,61069,0,9100518,0,9691058,23,43638,317,5754,18,93439
69,1879119873047,Right,-1,609314,0,9028144,0,9596751,23,15286,316,8368,20,06632
69,2021484375,Right,-1,608356,0,8965229,0,9506262,23,00484,316,0953,21,05037
69,2158966064453,Right,-1,607747,0,8930876,0,9458473,23,09177,315,6758,21,49498
69,229621887207,Right,-1,605586,0,8846475,0,9350849,23,50086,314,6209,22,20148
69,243522644043,Right,-1,604257,0,8781045,0,9264982,24,03586,313,7034,22,44741
69,2577056884766,Right,-1,602658,0,8727553,0,9196715,24,54607,312,8038,22,65371
69,2711944580078,Right,-1,600026,0,8646225,0,9090381,25,50034,311,3177,22,86752
69,2854309082031,Right,-1,598779,0,8606191,0,9044853,26,23791,310,5948,22,7297
69,2983245849609,Right,-1,595399,0,8526528,0,8943969,27,37965,309,1049,22,78844
69,3121948242188,Right,-1,592661,0,8454028,0,885338,28,39166,307,5759,22,70229
69,3264236450195,Right,-1,590951,0,841358,0,880493,29,12546,306,7247,22,39866
69,3400726318359,Right,-1,586463,0,8335173,0,8707794,30,6239,305,2331,21,7013
69,3538131713867,Right,-1,585528,0,8311715,0,868893,31,06247,304,8225,21,4426
69,3677673339844,Right,-1,579852,0,8242775,0,8603817,32,50337,303,3263,20,81504
69,381462097168,Right,-1,574915,0,8190596,0,8548934,33,63868,302,2789,20,36311
69,3955612182617,Right,-1,57302,0,8164943,0,852341,34,10333,301,8275,20,13746
69,4094390869141,Right,-1,566416,0,8117977,0,8484261,35,40017,302,0814,19,20602
69,4235992431641,Right,-1,561344,0,8084047,0,8476257,35,88099,301,643,20,25493
69,4374618530273,Right,-1,559121,0,8070027,0,846607,35,71095,301,089,20,59273
69,4510116577148,Right,-1,555566,0,8054253,0,8451524,35,70387,300,8625,20,41919
69,4649658203125,Right,-1,554206,0,8053727,0,8453434,35,73602,301,1079,19,97545
69,4788665771484,Right,-1,550339,0,8043202,0,8451114,35,86034,301,4332,19,11636
69,4926528930664,Right,-1,547508,0,8044478,0,8467594,35,6708,301,6363,18,61156
69,5066680908203,Right,-1,545594,0,8041269,0,8471598,35,63941,301,6317,18,46183
69,5204772949219,Right,-1,542766,0,8051429,0,8500034,35,32865,302,0284,18,00488
69,5346145629883,Right,-1,541673,0,8054588,0,8511168,35,21673,302,247,17,86866
69,5483016967773,Right,-1,538751,0,8055346,0,8528537,35,06,302,6656,17,41769
69,5621185302734,Right,-1,536515,0,8061656,0,8558439,34,70999,303,3499,17,2492
69,5761337280273,Right,-1,535325,0,8062431,0,857188,34,53769,303,5934,17,26959
69,5900344848633,Right,-1,533512,0,8070644,0,8606974,33,85102,304,196,17,5476
69,6041107177734,Right,-1,53262,0,8071597,0,861159,33,77973,304,3366,17,4983
69,6179656982422,Right,-1,531012,0,8078288,0,8636966,33,29938,304,9805,17,50797
69,6315536499023,Right,-1,529349,0,8081748,0,8654305,33,02665,305,487,17,52097
69,6458358764648,Right,-1,5286,0,8081425,0,8659687,32,94772,305,5492,17,5063
69,6595153808594,Right,-1,527455,0,8078963,0,8670712,32,75141,305,6193,17,409
69,6736526489258,Right,-1,526808,0,807592,0,8672388,32,73867,305,5078,17,34876
69,6872100830078,Right,-1,526186,0,8075508,0,8674269,32,61322,305,3946,17,34867
69,7012634277344,Right,-1,527096,0,8075869,0,8661462,32,60337,304,8163,17,31867
69,7149200439453,Right,-1,527183,0,8077071,0,8655505,32,53206,304,4973,17,09017
69,728874206543,Right,-1,527986,0,8081368,0,8632793,32,22706,303,4438,15,63562
69,7427291870117,Right,-1,528772,0,8081983,0,8622118,32,11222,302,9614,14,58125
69,7565841674805,Right,-1,533088,0,8082493,0,8621294,31,98437,302,4735,13,92354
69,7707748413086,Right,-1,550192,0,8085773,0,8643899,31,5582,301,437,13,06889
69,7843017578125,Right,-1,563286,0,8084655,0,8667433,31,44679,301,0702,12,78951
69,79833984375,Right,-1,591996,0,8085331,0,8716295,31,13091,300,2147,12,01067
69,8122634887695,Right,-1,622088,0,8077087,0,8791228,30,82398,299,5347,11,42073
69,8260726928711,Right,-1,638444,0,8070887,0,8821092,30,66509,299,1255,11,14439
69,8399429321289,Right,-1,678298,0,8059628,0,8920454,30,29518,298,0488,10,52295
69,8539276123047,Right,-1,709366,0,8052383,0,8997259,30,10333,297,3199,9,874901
69,8677368164063,Right,-1,734514,0,8043306,0,9052037,30,05254,296,6035,9,091474
69,8816299438477,Right,-1,773353,0,8032863,0,913246,29,88019,295,5371,8,224797
69,8954086303711,Right,-1,792224,0,8019763,0,917483,29,93027,294,9334,7,735514
69,9094924926758,Right,-1,84103,0,7996826,0,928322,30,04489,293,7009,6,393236
69,9233322143555,Right,-1,877535,0,797482,0,9369331,30,17032,292,9614,5,708129
69,9370498657227,Right,-1,90209,0,796244,0,9436129,30,24477,292,4548,5,416434
69,9511032104492,Right,-1,947267,0,7937443,0,9568011,30,46922,291,7485,5,137763
69,9648818969727,Right,-1,964356,0,7926645,0,9618778,30,54931,291,6326,5,093464
69,978889465332,Right,-2,013561,0,7901451,0,9777295,30,71168,291,0453,4,765101
69,9927444458008,Right,-2,052358,0,7881531,0,9903287,30,82007,290,6812,4,765386
70,0065231323242,Right,-2,075347,0,7873435,0,9981189,30,76303,290,4393,4,974992
70,0207748413086,Right,-2,123888,0,7860207,1,013662,30,58563,290,1179,5,13206
70,0344848632813,Right,-2,139526,0,7859012,1,018423,30,44312,290,1389,5,08911
70,0481414794922,Right,-2,188832,0,784983,1,033826,30,0297,289,9724,5,119708
70,0622177124023,Right,-2,23197,0,7843643,1,046505,29,60936,289,7468,5,112388
70,0759658813477,Right,-2,253604,0,7843276,1,052086,29,36467,289,6597,4,965983
70,089958190918,Right,-2,305141,0,7844885,1,065505,28,83778,289,5062,4,649994
70,1037902832031,Right,-2,31873,0,7841288,1,068576,28,75603,289,3766,4,629818
70,1178970336914,Right,-2,370926,0,7844868,1,080659,28,27708,288,9553,4,370533
70,1318435668945,Right,-2,415031,0,7844829,1,090068,27,90989,288,2102,4,002154
70,1455230712891,Right,-2,434891,0,7844173,1,094019,27,75762,287,9413,3,748772
70,1592102050781,Right,-2,484899,0,7846662,1,103769,27,46626,287,081,2,830825
70,1732864379883,Right,-2,525255,0,7852786,1,111155,27,18788,286,144,1,529151
70,1871032714844,Right,-2,551607,0,7854994,1,116186,26,96703,285,6221,0,7801005
70,2010879516602,Right,-2,599856,0,785942,1,125455,26,56793,284,8387,359,6464
70,2150726318359,Right,-2,619073,0,7857563,1,129756,26,37564,284,6487,359,1703
70,2287216186523,Right,-2,669828,0,7858354,1,140836,25,85363,284,2476,358,0356
70,2428665161133,Right,-2,712432,0,7855841,1,150968,25,44547,284,1454,357,4451
70,2566070556641,Right,-2,736673,0,7853857,1,156503,25,18535,284,0539,357,1799
70,2704162597656,Right,-2,78659,0,7849093,1,169325,24,59886,284,2979,357,1327
70,2844696044922,Right,-2,803679,0,7841907,1,174752,24,33022,284,7062,357,3442
70,2985687255859,Right,-2,856667,0,7834456,1,189134,23,6527,285,1088,357,3257
70,3121948242188,Right,-2,897555,0,7828516,1,202968,23,02283,285,5139,357,3602
70,3261260986328,Right,-2,920487,0,7824611,1,211432,22,61529,285,959,357,5129
70,3398284912109,Right,-2,968014,0,7822565,1,234729,21,81107,287,0578,357,5881
70,3540649414063,Right,-3,000496,0,7822926,1,25796,21,16862,287,6549,357,4983
70,3678207397461,Right,-3,02251,0,7821253,1,278887,20,50891,288,1321,357,561
70,3814544677734,Right,-3,057525,0,7821023,1,30912,19,64279,288,7237,357,4435
70,3955535888672,Right,-3,07152,0,7820173,1,325963,19,33585,288,859,357,1303
70,4094085693359,Right,-3,108793,0,7823464,1,362626,18,66231,289,2386,356,4088
70,4232864379883,Right,-3,136084,0,7825651,1,391208,18,17789,289,4069,355,8842
70,437141418457,Right,-3,154069,0,7828539,1,410654,17,8707,289,2893,355,4808
70,4508819580078,Right,-3,186149,0,783523,1,444925,17,19005,289,0441,354,6402
70,4649353027344,Right,-3,199058,0,7837324,1,459016,16,98858,289,1117,354,1689
70,4788436889648,Right,-3,233349,0,785367,1,497217,16,29705,289,1958,352,6072
70,4925994873047,Right,-3,260236,0,7863983,1,528151,15,84564,289,4082,351,5119
70,5066604614258,Right,-3,27704,0,7870988,1,547449,15,49017,289,5685,350,9101
70,5204696655273,Right,-3,3087,0,788717,1,584677,15,04393,289,8618,349,6904
70,5343551635742,Right,-3,318552,0,7889495,1,597789,14,74902,289,96,349,533
70,5482406616211,Right,-3,351,0,7906961,1,637539,13,83881,290,2605,349,0595
70,5620651245117,Right,-3,377572,0,792244,1,671086,13,21697,290,631,348,6532
70,576057434082,Right,-3,391277,0,7929249,1,688864,13,04628,290,7914,348,5029
70,590217590332,Right,-3,422853,0,7947941,1,728984,12,52426,290,946,348,1929
70,6037139892578,Right,-3,430247,0,7951755,1,738361,12,3822,290,905,348,1231
70,6178131103516,Right,-3,462366,0,797206,1,779645,11,76106,290,9376,347,6787
70,6315078735352,Right,-3,488618,0,7991974,1,813715,11,159,290,9479,347,2113
70,6455078125,Right,-3,501157,0,8002473,1,829736,10,85692,290,9211,346,9648
70,6593704223633,Right,-3,531724,0,8033193,1,86807,10,0163,290,6266,346,4771
70,6731338500977,Right,-3,555034,0,8055725,1,896979,9,41398,290,3253,345,9956
70,6872406005859,Right,-3,571785,0,8072205,1,917474,8,980388,290,1717,345,56
70,701057434082,Right,-3,60008,0,8101845,1,951937,8,175236,289,8142,344,7746
70,7148361206055,Right,-3,610829,0,8110959,1,964952,7,880825,289,6451,344,4778
70,728874206543,Right,-3,642766,0,8143783,2,00321,7,14602,289,3965,343,6597
70,7429733276367,Right,-3,667897,0,8168406,2,033318,6,554919,289,1602,343,0262
70,7565612792969,Right,-3,682364,0,8182018,2,050302,6,162988,288,984,342,781
70,7705078125,Right,-3,713108,0,821167,2,086357,5,321883,288,5993,342,3391
70,7843399047852,Right,-3,722878,0,8218325,2,097913,5,082623,288,4678,342,2395
70,7983856201172,Right,-3,755583,0,8249806,2,135674,4,268471,288,1328,341,844
70,8120574951172,Right,-3,781983,0,8275872,2,165803,3,528541,287,8565,341,6211
70,8260040283203,Right,-3,796396,0,829141,2,181919,3,101019,287,7185,341,5214
70,8396835327148,Right,-3,828365,0,8334113,2,217229,2,102884,287,5543,341,0002
70,8536911010742,Right,-3,853034,0,8367754,2,244564,1,266308,287,5125,340,3441
70,8674011230469,Right,-3,870627,0,8391818,2,263736,0,6880147,287,4934,339,888
70,8813171386719,Right,-3,900948,0,8432588,2,296538,359,6927,287,3526,339,3398
70,8951416015625,Right,-3,913254,0,8447596,2,309744,359,251,287,2385,339,1578
70,9091567993164,Right,-3,947875,0,8500156,2,34561,357,9959,286,8768,338,6704
70,9233703613281,Right,-3,97484,0,8543904,2,373507,356,9545,286,5982,338,0295
70,9369430541992,Right,-3,991387,0,8569612,2,390411,356,3679,286,4735,337,5883
70,9507064819336,Right,-4,023451,0,862148,2,423286,355,2239,286,2368,336,7986
70,9643859863281,Right,-4,034097,0,8635691,2,434268,354,8885,286,171,336,481
70,978645324707,Right,-4,070282,0,8694532,2,470698,353,9181,286,0667,335,4976
70,9922943115234,Right,-4,098111,0,8734773,2,498864,353,1864,286,0965,334,7822
71,0061874389648,Right,-4,114087,0,8756077,2,514806,352,7628,286,1407,334,4133
71,0200576782227,Right,-4,148987,0,8810027,2,549437,351,7483,286,2056,333,6053
71,0343322753906,Right,-4,16089,0,8957548,2,561402,351,3423,286,3202,333,4476
71,0478897094727,Right,-4,195156,0,9088898,2,594314,350,1552,286,4609,332,8329
71,0617752075195,Right,-4,226282,0,9178257,2,623913,349,0892,286,5269,332,3772
71,0757064819336,Right,-4,241302,0,9189698,2,637511,348,7715,286,4374,332,2033
71,0896072387695,Right,-4,277764,0,9247293,2,670775,347,8719,286,2906,331,6588
71,1035995483398,Right,-4,305432,0,9282824,2,695178,347,2667,285,9987,331,224
71,1172790527344,Right,-4,324822,0,9311186,2,711736,346,7476,285,8651,330,9545
71,1311645507813,Right,-4,359013,0,9365798,2,740787,345,7884,285,6901,330,3892
71,1450424194336,Right,-4,372949,0,9387774,2,752167,345,3063,285,6573,330,1189
71,1589508056641,Right,-4,411067,0,9461562,2,783291,344,0376,285,6557,329,1879
71,1728973388672,Right,-4,441196,0,9520096,2,808404,343,0791,285,8127,328,1301
71,1867218017578,Right,-4,458992,0,9555227,2,824323,342,4884,285,9322,327,5741
71,2006378173828,Right,-4,49469,0,9628105,2,854435,341,2829,285,9525,326,7371
71,2146911621094,Right,-4,506563,0,9651058,2,866305,340,7795,285,81,326,6652
71,228645324707,Right,-4,54311,0,9734339,2,897941,339,563,285,3347,326,3111
71,242431640625,Right,-4,572503,0,9794618,2,923945,338,8712,285,0371,325,785
71,2560577392578,Right,-4,587655,0,9824535,2,938208,338,424,284,9616,325,4594
71,2702178955078,Right,-4,623812,0,9908459,2,971448,337,5251,284,7059,324,3824
71,2841262817383,Right,-4,631712,0,9930967,2,981185,337,1812,284,7205,323,8631
71,2981185913086,Right,-4,644753,1,001826,3,014903,336,1825,284,7586,322,5298
71,3118362426758,Right,-4,651428,1,00843,3,042777,335,1896,284,8929,321,8972
71,3256759643555,Right,-4,652493,1,011478,3,056321,334,614,285,009,321,7597
71,3393249511719,Right,-4,655394,1,019177,3,087928,333,222,285,2395,321,5066
71,3534545898438,Right,-4,657717,1,025106,3,107765,332,0369,285,3272,321,3856
71,367301940918,Right,-4,65841,1,029131,3,120023,331,3151,285,162,321,2782
71,3811645507813,Right,-4,660186,1,035204,3,137962,330,4105,284,5977,321,1365
71,3952178955078,Right,-4,660951,1,037344,3,144332,330,132,284,3058,321,108
71,4091796875,Right,-4,662702,1,042859,3,161884,329,6248,283,4476,320,9057
71,4228134155273,Right,-4,664661,1,046481,3,174884,329,4294,282,7789,320,7532
71,4371185302734,Right,-4,665862,1,047408,3,183098,329,7156,281,9177,320,7959
71,4505844116211,Right,-4,668234,1,04984,3,195816,329,924,280,4828,320,9063
71,4646377563477,Right,-4,669305,1,049873,3,200247,330,1668,279,749,321,076
71,4784851074219,Right,-4,670921,1,050925,3,208856,330,188,277,8669,321,6884
71,4922332763672,Right,-4,672565,1,053119,3,208364,329,8279,276,728,321,9954
71,5061798095703,Right,-4,673035,1,054404,3,20695,329,4319,276,264,322,0439
71,5200347900391,Right,-4,673247,1,057209,3,199754,328,5914,275,3343,321,8737
71,533935546875,Right,-4,673547,1,057507,3,197309,328,4351,275,0863,321,7802
71,5478439331055,Right,-4,673798,1,059325,3,188599,328,0424,274,1219,321,6842
71,5616302490234,Right,-4,674444,1,059496,3,180872,328,0289,273,0817,321,8493
71,5756454467773,Right,-4,675086,1,059403,3,177482,328,0371,272,5822,321,9966
71,589599609375,Right,-4,67578,1,060328,3,169215,327,7669,271,4725,322,2011
71,603385925293,Right,-4,677114,1,059213,3,164218,328,2691,270,9608,321,6758
71,6173934936523,Right,-4,677754,1,059366,3,160682,328,1365,270,6007,321,4381
71,6313171386719,Right,-4,678714,1,059886,3,154765,327,8748,270,0356,321,0703
71,6449432373047,Right,-4,679396,1,059865,3,15297,327,7343,269,9109,320,8497
71,6588821411133,Right,-4,680673,1,060048,3,147202,327,457,269,3669,320,4735
71,6725387573242,Right,-4,68256,1,059103,3,143245,327,5195,268,9891,320,2769
71,6864547729492,Right,-4,683517,1,058307,3,140707,327,7162,268,757,320,2077
71,7004089355469,Right,-4,68524,1,056588,3,135192,328,1171,268,1605,320,1808
71,7146377563477,Right,-4,685986,1,056469,3,133124,328,1417,267,9368,320,1512
71,728401184082,Right,-4,687541,1,05361,3,127226,328,5201,267,09,320,6687
71,7419586181641,Right,-4,688722,1,051877,3,12192,328,8116,266,2189,321,0027
71,7557830810547,Right,-4,689309,1,05107,3,119256,328,9386,265,7448,321,0077
71,7697448730469,Right,-4,690339,1,049289,3,113024,329,2445,264,8289,320,7557
71,7834548950195,Right,-4,691939,1,047341,3,108972,329,7967,264,3967,320,1107
71,797966003418,Right,-4,693414,1,04525,3,105903,330,2421,264,1536,320,075
71,8113021850586,Right,-4,695307,1,042575,3,100961,330,7823,263,7005,320,1609
71,8250579833984,Right,-4,696353,1,041054,3,098769,330,8483,263,4084,320,8358
71,8395233154297,Right,-4,698574,1,037219,3,092808,331,2957,262,7011,321,6164
71,8529891967773,Right,-4,700309,1,03551,3,08919,331,5314,262,4225,321,8358
71,8666687011719,Right,-4,701229,1,03457,3,087193,331,5671,262,2542,321,8387
71,8807067871094,Right,-4,702906,1,033012,3,083524,331,4454,261,8284,322,2878
71,8946380615234,Right,-4,703503,1,032486,3,082455,331,4841,261,7606,322,2768
71,9084548950195,Right,-4,704716,1,030837,3,080219,331,7918,261,4819,322,716
71,9223937988281,Right,-4,705375,1,031843,3,081717,331,0033,262,0909,323,5172
71,9361724853516,Right,-4,705538,1,03206,3,0818,330,8317,262,2991,323,7871
71,9501495361328,Right,-4,705867,1,03507,3,086459,330,0855,263,5286,324,1317
71,9644393920898,Right,-4,70472,1,037122,3,088812,329,6297,264,0655,324,0007
71,9778060913086,Right,-4,70331,1,042542,3,095162,328,6886,265,4738,323,3913
71,9918060302734,Right,-4,701221,1,047228,3,101217,328,1602,266,713,322,4366
72,0056076049805,Right,-4,700164,1,049479,3,104722,327,9924,267,2585,321,8268
72,0195617675781,Right,-4,698582,1,054431,3,112127,327,7507,268,4063,320,5471
72,0337982177734,Right,-4,697165,1,057706,3,118731,327,8595,269,2271,319,3509
72,0472946166992,Right,-4,696712,1,059618,3,123418,327,9863,269,7748,318,7464
72,0612716674805,Right,-4,696375,1,062426,3,131522,328,3222,270,7866,317,8606
72,0753631591797,Right,-4,696357,1,063275,3,135231,328,4593,271,3091,317,5758
72,0890655517578,Right,-4,697048,1,065361,3,14476,328,9393,272,6824,316,959
72,1030349731445,Right,-4,697328,1,066631,3,151895,329,2582,273,7077,316,5692
72,1169281005859,Right,-4,698664,1,066278,3,157382,329,6487,274,526,316,6526
72,130615234375,Right,-4,700165,1,066325,3,166112,330,3134,275,7688,316,5832
72,144905090332,Right,-4,700693,1,065948,3,169332,330,6579,276,2214,316,6763
72,1584396362305,Right,-4,703721,1,063892,3,178766,331,7597,277,5856,316,8217
72,1723251342773,Right,-4,705654,1,062713,3,186573,332,6042,278,7796,316,5045
72,1863327026367,Right,-4,706437,1,062664,3,190897,332,9478,279,5204,316,0532
72,200309753418,Right,-4,70865,1,061773,3,200727,333,7912,281,3289,314,5513
72,2140426635742,Right,-4,708633,1,061218,3,203492,333,8994,281,9687,313,9734
72,227897644043,Right,-4,70931,1,060931,3,211923,333,9575,283,8377,312,5396
72,2416000366211,Right,-4,708253,1,059482,3,21667,333,3349,285,2219,312,0529
72,2556076049805,Right,-4,70698,1,058208,3,216945,332,9045,285,4717,312,5853
72,2695236206055,Right,-4,705132,1,055208,3,218329,332,358,285,8073,313,5573
72,2834777832031,Right,-4,702343,1,052502,3,215253,332,0016,285,049,314,8003
72,297492980957,Right,-4,702401,1,052106,3,217686,331,9539,285,4869,314,8615
72,3110580444336,Right,-4,693912,1,044741,3,20016,332,4535,281,317,316,1526
72,3250579833984,Right,-4,693716,1,043693,3,196491,332,6422,280,2549,316,0619
72,3390350341797,Right,-4,685951,1,038739,3,179543,332,9977,276,3172,315,5733
72,3528060913086,Right,-4,682188,1,034613,3,167468,333,1073,273,4265,315,4535
72,3668441772461,Right,-4,679522,1,032113,3,160435,333,2116,271,8021,315,4345
72,3807373046875,Right,-4,672813,1,027128,3,145888,333,4352,268,6432,315,267
72,3946304321289,Right,-4,671523,1,024991,3,140285,333,4804,267,4802,315,2936
72,408561706543,Right,-4,664081,1,019159,3,124843,333,5243,264,2062,315,5573
72,4224472045898,Right,-4,659693,1,014586,3,112848,333,4506,261,6502,315,8771
72,436164855957,Right,-4,628635,1,01185,3,088751,333,6039,260,4928,315,8848
72,4500732421875,Right,-4,593196,1,005727,3,059236,334,0921,258,2955,315,6392
72,4638671875,Right,-4,581353,1,003674,3,050583,334,3753,257,9973,315,3383
72,4777984619141,Right,-4,533072,0,9981191,3,018099,334,8397,256,1571,314,9201
72,4916381835938,Right,-4,49251,0,9935226,2,992025,335,0767,254,7436,314,5697
72,5056533813477,Right,-4,473029,0,9913412,2,981004,335,1741,254,1027,314,4315
72,5196685791016,Right,-4,424898,0,9864454,2,954652,335,4748,252,6971,314,0934
72,5331802368164,Right,-4,390906,0,9825333,2,937041,335,7796,251,6137,313,9498
72,547233581543,Right,-4,365354,0,9796864,2,925015,336,0541,250,7879,313,915
72,561149597168,Right,-4,322024,0,9750186,2,90484,336,3857,249,1856,314,08
72,5747451782227,Right,-4,306178,0,9732426,2,898145,336,4681,248,5403,314,078
72,5888519287109,Right,-4,255431,0,9684292,2,878026,336,6397,246,3466,314,3802
72,6029357910156,Right,-4,216258,0,9646713,2,863384,336,9841,244,457,314,7323
72,616584777832,Right,-4,193976,0,9628552,2,855502,337,2219,243,4761,314,5385
72,6304702758789,Right,-4,146679,0,9590628,2,84088,337,6851,241,8863,313,9705
72,6443634033203,Right,-4,132798,0,9576877,2,836492,338,0199,241,6767,313,4165
72,6584167480469,Right,-4,083911,0,9541177,2,823347,338,7901,240,5212,312,4335
72,672004699707,Right,-4,047037,0,9505854,2,813701,339,5828,239,9352,311,7357
72,6857986450195,Right,-4,028019,0,9485241,2,808589,339,9455,239,6433,311,5041
72,6995162963867,Right,-3,983112,0,9443975,2,797053,340,705,238,8862,311,081
72,713623046875,Right,-3,949174,0,9406906,2,789039,341,3067,238,6224,311,2536
72,7274169921875,Right,-3,925344,0,938041,2,783001,341,6163,238,4848,311,6217
72,741325378418,Right,-3,883703,0,9322777,2,77283,342,0253,238,0427,312,2073
72,7550811767578,Right,-3,867342,0,9279941,2,768429,342,1582,237,8761,312,6546
72,7691345214844,Right,-3,820245,0,9179575,2,756672,342,6779,237,3072,313,1784
72,7832183837891,Right,-3,784066,0,9075468,2,746724,343,1352,236,8097,313,0794
72,7967834472656,Right,-3,762498,0,9023912,2,73992,343,522,236,4652,312,8722
72,8108139038086,Right,-3,719312,0,8965312,2,723545,344,4596,235,7739,312,5033
72,8249053955078,Right,-3,703381,0,8950001,2,716362,344,7837,235,5439,312,5546
72,8386077880859,Right,-3,661841,0,8913943,2,691588,345,5459,234,8752,312,6121
72,8524932861328,Right,-3,632039,0,8887833,2,664141,346,1439,234,4091,312,7317
72,8661727905273,Right,-3,616927,0,8874484,2,648272,346,4259,234,1757,312,8319
72,880241394043,Right,-3,585327,0,8843012,2,608765,347,0845,233,5553,312,9851
72,8941802978516,Right,-3,577768,0,8836484,2,596286,347,2952,233,4114,312,9583
72,907829284668,Right,-3,551498,0,8807544,2,55505,347,9528,232,8672,312,8127
72,921760559082,Right,-3,530955,0,8785154,2,517737,348,5646,232,614,312,226
72,9358901977539,Right,-3,523623,0,8771082,2,497906,348,941,232,6946,311,8976
72,9498825073242,Right,-3,506883,0,873541,2,453562,349,7966,233,2788,311,7055
72,9636306762695,Right,-3,495517,0,8706449,2,421481,350,1721,233,6987,312,2383
72,9773941040039,Right,-3,489114,0,8682681,2,39727,350,4162,234,1358,312,8882
72,9911804199219,Right,-3,478278,0,8639022,2,356136,351,1479,234,6678,313,6411
73,005241394043,Right,-3,473927,0,8623037,2,337636,351,6862,234,7436,313,6793
73,0189514160156,Right,-3,46579,0,8567421,2,290571,353,0593,234,7941,313,7389
73,0329666137695,Right,-3,462151,0,8518792,2,251059,354,1165,234,6104,313,8773
73,0469055175781,Right,-3,460914,0,8496259,2,226039,354,5733,234,6351,313,9921
73,0607604980469,Right,-3,460658,0,8455623,2,179453,355,077,234,6596,314,265
73,0746307373047,Right,-3,461657,0,8448704,2,162755,355,0742,234,7245,314,2923
73,0885620117188,Right,-3,463945,0,8406361,2,112682,355,6452,234,8346,314,4655
73,1023025512695,Right,-3,474733,0,8448637,2,078728,353,4359,238,0959,312,9842
73,1163558959961,Right,-3,480477,0,8418366,2,057662,353,6104,238,253,313,4775
73,1300811767578,Right,-3,493937,0,838026,2,012253,354,0105,238,3085,314,186
73,1443176269531,Right,-3,499513,0,8373263,1,996494,354,1224,238,3262,314,3085
73,1581420898438,Right,-3,515268,0,8343307,1,950855,354,5709,238,0302,314,3372
73,1719818115234,Right,-3,530087,0,832341,1,911409,354,998,237,7484,313,912
73,1858596801758,Right,-3,537115,0,8314381,1,891363,355,1768,237,5594,313,7106
73,1995697021484,Right,-3,554286,0,8294693,1,845703,355,5811,236,9063,313,2308
73,2136459350586,Right,-3,567063,0,8281763,1,8097,355,7492,236,3124,313,1171
73,2275085449219,Right,-3,575622,0,8274776,1,783829,355,7889,235,9639,313,0942
73,2411880493164,Right,-3,58963,0,8263135,1,741439,355,8437,235,5131,313,1153
73,2552032470703,Right,-3,594202,0,8262545,1,721956,355,7801,235,3091,313,2037
73,2692413330078,Right,-3,606799,0,8256209,1,671977,355,7092,234,7419,313,3673
73,2830123901367,Right,-3,615573,0,8249427,1,633693,355,721,234,2731,313,4387
73,2969512939453,Right,-3,620135,0,8248621,1,60766,355,6552,233,8769,313,3678
73,3107757568359,Right,-3,628754,0,824282,1,560707,355,6233,233,3327,313,2302
73,324592590332,Right,-3,631406,0,8241111,1,543547,355,5946,233,1221,313,1039
73,3385391235352,Right,-3,635463,0,8236005,1,491669,355,6043,232,5497,312,8099
73,3524017333984,Right,-3,630423,0,8228372,1,449269,355,6216,232,1266,312,6696
73,3662643432617,Right,-3,626825,0,8221566,1,425441,355,7001,231,8353,312,687
73,3801727294922,Right,-3,613227,0,8208044,1,37485,355,833,231,1498,312,7427
73,3941802978516,Right,-3,606632,0,8203182,1,359404,355,9067,230,9273,312,7447
73,4080200195313,Right,-3,58973,0,8188649,1,30929,356,0999,230,273,312,6774
73,4218673706055,Right,-3,575082,0,8176126,1,266441,356,3015,229,8507,312,5073
73,4356918334961,Right,-3,568548,0,8169302,1,245812,356,4116,229,7328,312,4858
73,4496307373047,Right,-3,551929,0,8155403,1,195392,356,5784,229,4221,312,5399
73,4633636474609,Right,-3,54079,0,8148491,1,158061,356,5755,229,3487,312,7749
73,4773635864258,Right,-3,532513,0,8143297,1,130489,356,5947,229,2148,312,8828
73,4913787841797,Right,-3,519939,0,8137775,1,083555,356,6316,228,9027,312,8869
73,5052185058594,Right,-3,515206,0,8134735,1,064062,356,6862,228,7162,312,8666
73,5191040039063,Right,-3,503342,0,8128991,1,010896,356,8751,227,8713,312,5132
73,533317565918,Right,-3,498518,0,8122505,0,9676564,357,0345,227,1975,312,3021
73,5467224121094,Right,-3,496462,0,8118224,0,9425603,357,1366,226,7858,312,1768
73,5607223510742,Right,-3,495154,0,8116052,0,8902037,357,1346,225,9928,311,9745
73,574577331543,Right,-3,49889,0,8113908,0,8724468,357,1064,225,7489,311,9241
73,5884017944336,Right,-3,502409,0,8108412,0,8192056,357,1437,225,074,311,7779
73,6024551391602,Right,-3,510183,0,8106213,0,7824076,357,098,224,5698,311,5208
73,6162948608398,Right,-3,516606,0,8095782,0,7725064,357,4954,224,7259,311,1495
73,6301193237305,Right,-3,522483,0,8076555,0,7520308,357,8973,224,4722,310,9417
73,6440353393555,Right,-3,524814,0,8064176,0,748099,358,0764,224,4986,311,2351
73,6578369140625,Right,-3,528332,0,803444,0,7407695,358,5524,224,4836,311,8613
73,671875,Right,-3,531509,0,8017682,0,7353453,358,7898,224,6566,312,2271
73,6857452392578,Right,-3,533664,0,8013214,0,7338822,358,7971,225,0822,312,4633
73,6995391845703,Right,-3,54351,0,8000631,0,7194254,358,8747,225,7946,312,9143
73,7136383056641,Right,-3,564084,0,7994199,0,6894449,358,7495,226,5746,313,5375
73,7273254394531,Right,-3,578658,0,7989596,0,6684599,358,5943,227,0609,314,1315
73,741340637207,Right,-3,605059,0,7978621,0,6291885,358,456,227,6677,315,2199
73,7552947998047,Right,-3,615974,0,7974789,0,6127093,358,582,227,7672,315,5399
73,7689208984375,Right,-3,643365,0,7946883,0,5711198,359,2624,227,8119,316,0778
73,7829818725586,Right,-3,665914,0,7919192,0,5368853,0,1429321,227,6452,316,28
73,797492980957,Right,-3,68172,0,7884045,0,5131692,1,422982,227,5404,316,2418
73,8108444213867,Right,-3,706488,0,7821513,0,4822643,3,39289,227,5206,316,5175
73,8247756958008,Right,-3,716035,0,7795738,0,4697052,4,160325,227,2572,316,8214
73,8384094238281,Right,-3,733153,0,7745983,0,4505617,5,104736,226,9199,317,931
73,8525161743164,Right,-3,734765,0,774188,0,4430498,4,489365,226,2417,318,0591
73,8662185668945,Right,-3,734891,0,7740262,0,4410208,4,257647,226,1367,318,0414
73,880012512207,Right,-3,734972,0,7743313,0,4366205,3,683989,225,9899,317,3263
73,8940963745117,Right,-3,735265,0,7737775,0,4352932,3,641538,225,9916,316,8112
73,9078903198242,Right,-3,736129,0,7716357,0,4307686,3,074687,226,2223,316,8429
73,9216766357422,Right,-3,736844,0,7686399,0,4270685,2,483124,226,2308,317,6023
73,935905456543,Right,-3,738459,0,7654955,0,4252825,1,793205,226,6119,318,8596
73,9495239257813,Right,-3,740473,0,7608438,0,4213172,1,064321,227,563,319,3865
73,963508605957,Right,-3,742394,0,7561972,0,4195484,0,6610933,228,6273,320,483
73,9773712158203,Right,-3,742998,0,7545364,0,4182463,0,52175,230,0009,319,8891
73,9915008544922,Right,-3,742751,0,7479,0,4161688,358,7948,230,392,320,9116
74,0051574707031,Right,-3,740043,0,7472527,0,4156564,359,4634,229,6853,320,4281
74,0193710327148,Right,-3,735518,0,7455069,0,414095,357,7458,229,7792,318,3141
74,0327606201172,Right,-3,729608,0,7435165,0,413829,359,8567,228,5266,313,6262
74,0469665527344,Right,-3,726404,0,7427508,0,4135445,358,1523,226,7274,310,5196
74,0605773925781,Right,-3,72085,0,7414439,0,4124419,356,5839,226,4199,309,1124
74,0746612548828,Right,-3,718044,0,7410952,0,4128333,357,1556,225,5253,308,1774
74,0885314941406,Right,-3,714101,0,7408993,0,4123181,357,26,225,4643,307,3477
74,1022262573242,Right,-3,711708,0,7381085,0,4117993,356,048,225,7734,307,8348
74,1163024902344,Right,-3,71081,0,7327737,0,410661,355,3019,225,6715,312,3087
74,1301040649414,Right,-3,708428,0,7321953,0,411066,356,7806,225,1928,312,5164
74,1439514160156,Right,-3,708732,0,7311615,0,4113933,357,1169,225,7581,313,7001
74,1581573486328,Right,-3,708036,0,7309829,0,4127264,356,8304,225,7863,312,9411
74,1718597412109,Right,-3,708358,0,7320187,0,4146572,355,1894,225,8748,311,9173
74,185661315918,Right,-3,708061,0,7329769,0,4158514,354,7245,225,3679,311,8555
74,1996765136719,Right,-3,708865,0,736922,0,417093,356,929,223,6821,311,8664
74,2133255004883,Right,-3,711744,0,7440732,0,4173945,0,4228233,221,3875,311,5595
74,227424621582,Right,-3,713596,0,7466101,0,4159822,1,68968,221,5337,310,8194
74,2413177490234,Right,-3,719917,0,7641641,0,4193437,7,280543,220,0104,306,173
74,2550735473633,Right,-3,725585,0,7744166,0,4212182,6,119532,221,6883,305,5202
74,2691497802734,Right,-3,731458,0,7918654,0,4263497,4,309743,223,0671,302,0841
74,282958984375,Right,-3,736026,0,8040575,0,433546,359,2187,225,176,304,3346
74,296875,Right,-3,737586,0,8154942,0,4394175,356,5523,225,4976,304,4635
74,3108367919922,Right,-3,74263,0,8312826,0,4471917,353,6962,228,3544,303,0029
74,3246078491211,Right,-3,7435,0,8370492,0,4502187,352,3099,229,5203,302,4164
74,3386993408203,Right,-3,746379,0,8554745,0,4608387,350,0896,232,9927,300,7216
74,3526077270508,Right,-3,747142,0,8692853,0,4699586,349,021,235,0826,297,0655
74,3662796020508,Right,-3,745671,0,8732162,0,4751315,348,6722,235,1608,294,4298
74,3803939819336,Right,-3,742175,0,8822805,0,4847763,347,4411,234,1487,293,8016
74,3940582275391,Right,-3,742372,0,8862623,0,4877533,346,5784,233,4734,291,8058
74,4079437255859,Right,-3,741321,0,8957828,0,4962748,344,8891,233,4018,291,6157
74,4219207763672,Right,-3,740279,0,9050433,0,5048099,342,8785,233,7584,288,5427
74,4355773925781,Right,-3,739877,0,9059944,0,5073277,341,9182,233,7356,288,8313
74,4496154785156,Right,-3,73844,0,9122589,0,5152178,341,1344,233,2218,290,1045
0,Empty dishwasher start,0,0,0,0,0,0
74,4635314941406,Right,-3,737973,0,9161431,0,520727,340,3109,233,0715,289,9706
74,4773864746094,Right,-3,738033,0,918528,0,5244627,339,9957,233,257,289,7142
74,4914321899414,Right,-3,737927,0,9213412,0,5305463,339,8011,233,3544,289,2323
74,504997253418,Right,-3,738592,0,9201061,0,5318572,340,3768,233,6392,289,0762
74,5189819335938,Right,-3,739431,0,9221222,0,5376958,340,904,234,6784,288,0011
74,5330505371094,Right,-3,740425,0,9216089,0,5420747,341,4882,235,1225,286,126
74,5468292236328,Right,-3,741154,0,9209195,0,5444855,341,8598,235,2045,285,0747
74,5606536865234,Right,-3,743099,0,9182838,0,5484767,342,956,235,2783,283,4576
74,5746154785156,Right,-3,743691,0,9168462,0,5497338,343,4051,235,3225,282,9226
74,5883407592773,Right,-3,74605,0,9116452,0,5532068,345,2866,235,005,281,4185
74,6024627685547,Right,-3,748423,0,9062117,0,5552634,347,0597,234,912,280,1128
74,6164627075195,Right,-3,749461,0,9038917,0,5568905,347,6469,234,7734,279,1529
74,6300582885742,Right,-3,752294,0,8996811,0,5602701,348,5399,234,7865,277,4822
74,6442642211914,Right,-3,753225,0,8977042,0,5610939,348,6322,235,0732,277,5318
74,6578521728516,Right,-3,756273,0,8948863,0,5655218,348,5938,235,8193,276,8707
74,6719436645508,Right,-3,759097,0,8917786,0,5695224,348,5538,236,787,276,7307
74,6856918334961,Right,-3,760893,0,8895512,0,5713183,348,7272,237,4499,277,1602
74,7011032104492,Right,-3,76613,0,8847367,0,5763069,349,2124,239,3722,278,2495
74,7146377563477,Right,-3,766949,0,8839407,0,5781811,349,3468,239,6682,278,0148
74,7284317016602,Right,-3,77504,0,881061,0,5861673,349,7285,241,2877,277,9215
74,7420806884766,Right,-3,782092,0,8804946,0,6049289,349,8572,242,2762,276,8798
74,755729675293,Right,-3,791911,0,8795905,0,6272502,349,9821,242,6718,276,4104
74,7697296142578,Right,-3,803872,0,8816545,0,6601367,350,1136,242,8937,273,1687
74,7832336425781,Right,-3,812138,0,8820342,0,6892231,350,0984,242,931,270,8178
74,7971801757813,Right,-3,830686,0,8826424,0,7102628,350,0288,242,9047,269,484
74,8107757568359,Right,-3,859092,0,8853915,0,7422175,349,4275,242,8208,267,5025
74,8246688842773,Right,-3,871936,0,8860404,0,7540053,349,2741,242,5507,266,6848
74,8385696411133,Right,-3,90949,0,8877128,0,7885717,348,7199,242,428,265,2701
74,8523101806641,Right,-3,939767,0,8887363,0,8163108,348,3742,243,1186,266,3477
74,8664245605469,Right,-3,957427,0,8902453,0,8339472,348,1075,243,4493,266,4428
74,8798370361328,Right,-3,992197,0,8914174,0,8673794,347,7027,244,0102,266,5504
74,8939361572266,Right,-4,018646,0,8917782,0,8921269,347,5048,244,2167,267,2556
74,9077987670898,Right,-4,019347,0,89172,0,8946413,347,5945,244,1563,267,6852
74,9215927124023,Right,-4,024969,0,8917497,0,9021084,347,739,244,1844,267,7892
74,9354934692383,Right,-4,024876,0,8912206,0,9026052,348,1607,244,0453,267,8047
74,9493255615234,Right,-4,024929,0,8897181,0,9011949,349,2121,243,8933,267,9672
74,9631423950195,Right,-4,024348,0,8891503,0,9021426,348,9776,244,1565,268,3698
74,9771347045898,Right,-4,024,0,8890393,0,9030705,348,9218,243,8871,268,4299
74,9908447265625,Right,-4,02352,0,8885942,0,9045191,348,93,243,7676,268,2929
75,0052032470703,Right,-4,022934,0,8879675,0,9053973,348,9368,243,4708,268,3959
75,0188980102539,Right,-4,020971,0,8852956,0,9081287,349,3359,242,7153,269,1765
75,0326614379883,Right,-4,018892,0,883652,0,9084901,349,0034,241,6078,269,5092
75,0467910766602,Right,-4,018319,0,8823208,0,907303,349,3692,241,201,269,9644
75,0604782104492,Right,-4,016729,0,8796404,0,9049491,350,5252,240,4116,271,4151
75,074348449707,Right,-4,015685,0,8798955,0,904981,350,7268,239,9167,271,477
75,0884170532227,Right,-4,013225,0,8788336,0,9035393,351,2546,238,3601,271,1664
75,1019515991211,Right,-4,012543,0,8793355,0,9040228,351,3353,237,6753,270,328
75,1162109375,Right,-4,013504,0,8820636,0,9061477,351,225,237,568,268,5877
75,1299285888672,Right,-4,014361,0,884929,0,9089105,351,4195,237,0661,266,396
75,1440734863281,Right,-4,017437,0,8889746,0,9128109,351,3705,237,4776,264,4483
75,1577377319336,Right,-4,018873,0,8913777,0,9156801,351,2818,237,4586,263,8555
75,1715545654297,Right,-4,024954,0,8986323,0,9241215,350,7069,239,1104,260,9027
75,1855163574219,Right,-4,028615,0,9017677,0,9288728,350,3584,240,5069,259,8988
75,1994171142578,Right,-4,036763,0,9091979,0,9397993,350,002,243,0543,258,3714
75,2135848999023,Right,-4,042514,0,9136797,0,9478514,349,9522,244,9106,257,0917
75,2273788452148,Right,-4,049521,0,9167169,0,9556988,350,4254,246,8075,255,6547
75,2409896850586,Right,-4,062773,0,9214282,0,9717106,351,3907,250,2996,252,2057
75,2549285888672,Right,-4,065957,0,9228914,0,9767696,351,6456,251,3644,250,4966
75,2690200805664,Right,-4,079341,0,9281343,0,9939147,352,1238,254,3201,246,2007
75,2826461791992,Right,-4,090386,0,9309423,1,007574,352,6864,256,5057,242,1565
75,2966079711914,Right,-4,098566,0,9320719,1,015515,353,8061,257,7947,239,6322
75,3105239868164,Right,-4,114909,0,9334454,1,032151,356,161,259,585,234,378
75,3242645263672,Right,-4,120022,0,9327818,1,034665,357,2003,259,5359,232,652
75,3386917114258,Right,-4,140037,0,9315953,1,047497,359,9919,259,4446,228,1953
75,3522644042969,Right,-4,155263,0,9301848,1,055329,2,238899,259,3347,224,7727
75,3659820556641,Right,-4,162533,0,9299312,1,059773,3,113212,259,4266,222,5169
75,3800964355469,Right,-4,18374,0,9263757,1,069734,5,411794,259,064,217,033
75,3941421508789,Right,-4,188495,0,92621,1,0701,5,955194,258,958,215,7014
75,4077987670898,Right,-4,208358,0,9234335,1,076215,8,153548,259,7498,214,6603
75,4216918945313,Right,-4,226062,0,9210302,1,080058,10,85585,261,9851,217,4167
75,435432434082,Right,-4,233112,0,9213787,1,084327,11,71158,262,9643,217,7112
75,4496994018555,Right,-4,252631,0,9209877,1,093056,13,38123,265,2623,218,0336
75,4636306762695,Right,-4,266881,0,9220278,1,096265,14,09253,266,2026,218,4562
75,4772338867188,Right,-4,277754,0,9232521,1,098114,14,38166,266,0324,217,9373
75,4912033081055,Right,-4,298141,0,9269975,1,096106,13,90697,263,6426,216,7173
75,5050048828125,Right,-4,306031,0,9273331,1,097656,14,27469,263,4731,216,3151
75,5187530517578,Right,-4,328306,0,9322963,1,093309,12,041,260,0881,213,8696
75,5328750610352,Right,-4,344177,0,9285765,1,093312,12,14516,260,0814,215,6773
75,5467147827148,Right,-4,349812,0,9184515,1,097211,14,67232,260,2248,213,8226
75,5606536865234,Right,-4,364496,0,9070543,1,103107,17,53212,260,9676,212,1472
75,5746231079102,Right,-4,361351,0,8956409,1,106495,20,87811,263,2923,212,3839
75,5884475708008,Right,-4,354186,0,8699344,1,114004,28,11936,270,2123,217,617
75,6022796630859,Right,-4,348864,0,8596714,1,115485,31,14586,273,0844,221,9157
75,6162719726563,Right,-4,338856,0,857348,1,109526,31,18986,273,7263,225,5835
75,6302261352539,Right,-4,319137,0,8630652,1,089111,26,37821,269,6195,227,3727
75,6440277099609,Right,-4,315845,0,8664863,1,079902,23,49227,267,2244,227,9165
75,6577987670898,Right,-4,306064,0,8679761,1,062674,20,09549,264,064,229,5343
75,6718826293945,Right,-4,289402,0,8667731,1,031568,15,95491,256,9684,231,6606
75,6859588623047,Right,-4,283895,0,8611313,1,021937,16,15451,254,7519,232,0311
75,6995849609375,Right,-4,268606,0,8501601,1,001118,16,43519,250,2637,232,7865
75,713508605957,Right,-4,254079,0,8352329,0,9876239,18,4748,247,4526,230,6065
75,7272872924805,Right,-4,243159,0,8248433,0,9796979,19,5723,246,7938,229,0977
75,7412033081055,Right,-4,225585,0,8114114,0,9650022,20,12178,246,1369,229,7527
75,7553100585938,Right,-4,218365,0,805886,0,9577193,20,41922,246,4967,231,827
75,7688827514648,Right,-4,199183,0,7926672,0,9387633,20,81931,246,9876,237,6949
75,7831268310547,Right,-4,182995,0,7845148,0,919894,20,27017,246,3352,243,9626
75,7969284057617,Right,-4,172965,0,7799505,0,9067521,20,17186,244,6729,245,9905
75,8109893798828,Right,-4,15463,0,7692913,0,8854873,20,50285,241,9897,248,8019
75,8246154785156,Right,-4,147916,0,7666066,0,8768383,20,89179,240,2759,249,2816
75,8385467529297,Right,-4,125138,0,7555949,0,8527848,21,90376,236,2244,251,3032
75,8524017333984,Right,-4,107072,0,7499849,0,8336171,22,18816,233,2231,253,8632
75,8666076660156,Right,-4,096665,0,749337,0,8226211,21,53922,232,1967,256,4129
75,8800582885742,Right,-4,074645,0,7482672,0,8022918,19,51697,230,8686,262,2809
75,8943786621094,Right,-4,068431,0,7565202,0,7977238,16,8236,231,0211,265,0792
75,9080276489258,Right,-4,044254,0,760671,0,7804345,13,92149,228,6333,268,4482
75,9219741821289,Right,-4,025603,0,7577902,0,7632399,13,80993,226,0127,270,0452
75,9359817504883,Right,-4,015714,0,7566006,0,7540519,14,08099,224,6774,270,8163
75,9497680664063,Right,-3,988914,0,7523956,0,7344765,13,89084,221,7553,275,0551
75,9635543823242,Right,-3,971762,0,75296,0,720245,12,84432,219,7394,279,0964
75,9776153564453,Right,-3,958124,0,7541261,0,7106539,11,36948,218,3632,282,4406
75,9912719726563,Right,-3,936986,0,7544076,0,6955192,9,773492,216,0232,286,7571
76,0053253173828,Right,-3,928862,0,7552834,0,6886002,9,415853,214,7806,288,1187
76,0193252563477,Right,-3,904826,0,7510986,0,6726578,9,126893,211,8425,291,9334
76,0329818725586,Right,-3,890901,0,7485642,0,6618059,9,544566,210,051,294,0393
76,0469818115234,Right,-3,880974,0,7467119,0,6543921,9,774031,208,8412,295,6704
76,0608139038086,Right,-3,865426,0,7440231,0,6431113,9,530327,207,1208,298,2642
76,0746612548828,Right,-3,863292,0,745382,0,6387498,9,228598,207,0552,298,3252
76,0886459350586,Right,-3,851231,0,7433831,0,6268225,8,639308,206,4138,299,841
76,1024551391602,Right,-3,847371,0,74334,0,6175642,7,392059,207,3402,301,5938
76,1166076660156,Right,-3,843652,0,7425296,0,6114361,6,939488,207,2011,302,9176
76,1304779052734,Right,-3,83638,0,739154,0,5996929,6,356515,206,6898,305,6017
76,1442565917969,Right,-3,836871,0,7385307,0,5957054,6,13069,206,8016,306,5814
76,1581649780273,Right,-3,83163,0,7340035,0,5835196,5,911289,206,4547,308,8166
76,1721954345703,Right,-3,830723,0,7296023,0,573512,6,905792,206,3362,308,9279
76,1857833862305,Right,-3,829882,0,727382,0,5685006,7,286047,206,1814,308,8337
76,1999130249023,Right,-3,828933,0,7229359,0,5564683,8,292835,205,7181,307,3441
76,2136077880859,Right,-3,827831,0,7191286,0,548212,9,060776,205,2365,305,7623
76,2275238037109,Right,-3,827314,0,7170017,0,5426689,9,684768,204,8692,304,1894
76,24169921875,Right,-3,825165,0,7125877,0,5336351,10,38237,204,3876,302,7012
76,2553558349609,Right,-3,823275,0,7098446,0,5302357,10,13193,204,2577,303,5911
76,2692642211914,Right,-3,816614,0,7040314,0,521529,9,972204,203,4208,305,7992
76,2832336425781,Right,-3,809617,0,6985492,0,5152808,10,51391,202,219,307,8905
76,2969818115234,Right,-3,804389,0,6944379,0,5121301,11,54166,200,9712,307,6694
76,3109817504883,Right,-3,797093,0,688418,0,5068642,12,74209,198,8797,306,0139
76,3247985839844,Right,-3,795823,0,6841618,0,5035703,13,63009,199,1591,308,2053
76,3387603759766,Right,-3,792488,0,6840388,0,49891,13,63698,198,3312,306,0695
76,352668762207,Right,-3,791088,0,6841274,0,4952406,12,82512,197,2204,303,9995
76,3666305541992,Right,-3,790759,0,6809245,0,4915425,13,06134,197,9077,304,9484
76,3807525634766,Right,-3,790052,0,6773679,0,4892812,13,93687,199,7149,307,1643
76,394660949707,Right,-3,791087,0,6793752,0,4907824,13,71523,200,2546,307,4558
76,408088684082,Right,-3,791609,0,6812479,0,4897574,13,51234,200,7943,307,5568
76,4221115112305,Right,-3,792313,0,6860139,0,4907398,13,10395,200,9974,305,7498
76,4359664916992,Right,-3,793567,0,6890239,0,4927964,12,8463,201,2105,304,9962
76,4498901367188,Right,-3,793994,0,6962788,0,4966995,12,27684,200,2845,303,1979
76,4637908935547,Right,-3,79517,0,7016121,0,4990881,11,60462,200,1458,302,2739
76,477897644043,Right,-3,797148,0,7069399,0,5042636,11,44352,199,4116,301,1923
76,4915466308594,Right,-3,799069,0,7106794,0,5073622,11,40184,199,018,300,6896
76,5055541992188,Right,-3,801355,0,7137589,0,5098172,10,94072,199,0576,300,7523
76,5192184448242,Right,-3,807129,0,7208907,0,5142,9,879043,199,8113,299,9022
76,5334014892578,Right,-3,813874,0,7286938,0,51875,8,142049,201,4021,299,5686
76,5472717285156,Right,-3,818269,0,7326925,0,5199862,6,383472,204,3118,299,4531
76,5609588623047,Right,-3,828428,0,7420433,0,5267269,3,743933,208,5345,301,7614
76,5749969482422,Right,-3,831536,0,746428,0,5306203,2,065399,210,5438,304,0666
76,5888061523438,Right,-3,840609,0,7595266,0,5398539,1,455427,211,1506,304,2993
76,6027297973633,Right,-3,846735,0,7725724,0,5494266,2,314554,209,1902,297,3164
76,6168518066406,Right,-3,851685,0,7766854,0,5546991,0,5432866,209,1405,295,2191
76,6304397583008,Right,-3,859165,0,7879978,0,5651279,359,4452,208,2204,292,8816
76,6447372436523,Right,-3,862146,0,7915429,0,5686822,358,7249,207,9113,291,6159
76,6583786010742,Right,-3,870912,0,8025362,0,5770862,357,5389,209,2377,289,1186
76,6721343994141,Right,-3,878011,0,8089946,0,5855854,357,1053,211,0993,287,9611
76,6866226196289,Right,-3,881529,0,8129417,0,5908896,356,8044,211,7416,287,5057
76,6999816894531,Right,-3,888735,0,8210877,0,6011752,356,3983,212,5209,286,7918
76,7137832641602,Right,-3,890579,0,8231902,0,603887,355,9859,212,9856,286,5689
76,7278137207031,Right,-3,896875,0,8305511,0,6139078,354,9241,214,0089,285,6607
76,7415161132813,Right,-3,900655,0,8343228,0,6219181,354,4495,214,4904,285,3143
76,7556076049805,Right,-3,902058,0,8357111,0,6251944,354,3116,214,7193,285,468
76,7694702148438,Right,-3,906443,0,8406783,0,63386,353,6465,215,4889,285,2844
76,7832641601563,Right,-3,909303,0,8443666,0,6402665,353,0714,216,067,285,0798
76,7973861694336,Right,-3,910825,0,8460993,0,6443259,352,8776,216,3654,285,0218
76,8109970092773,Right,-3,913488,0,8493285,0,651327,352,5456,216,9835,284,7553
76,8249206542969,Right,-3,914014,0,8500491,0,6537409,352,5038,217,3374,284,5372
76,8392105102539,Right,-3,916823,0,8536555,0,6614422,352,1592,218,469,283,9853
76,8528594970703,Right,-3,917842,0,855783,0,6673725,351,8572,218,8505,283,9432
76,8669891357422,Right,-3,916846,0,8562713,0,6712431,351,6173,218,3105,284,2438
76,8807144165039,Right,-3,917933,0,8588794,0,6777906,351,1732,218,0512,284,3989
76,8945693969727,Right,-3,918551,0,8602275,0,680432,350,9139,218,0651,284,0916
76,9085083007813,Right,-3,920984,0,8633332,0,6883081,350,2724,218,6428,283,6529
76,9223480224609,Right,-3,922996,0,8650151,0,6952847,349,8765,219,3185,283,5875
76,9363708496094,Right,-3,924622,0,866327,0,6994294,349,5399,220,0266,283,3479
76,9501953125,Right,-3,928053,0,869251,0,7083656,348,8506,221,6309,282,5848
76,9639434814453,Right,-3,928847,0,870218,0,7114202,348,6372,222,1985,281,9366
76,9779281616211,Right,-3,932226,0,8735747,0,7214225,347,8861,223,2074,280,1707
76,9917602539063,Right,-3,934832,0,8743241,0,7293516,348,1832,223,2581,279,4072
77,0056304931641,Right,-3,935796,0,8744832,0,7330135,348,4253,222,9175,279,6989
77,019775390625,Right,-3,940251,0,8751677,0,7426313,349,376,222,2839,278,4041
77,0334320068359,Right,-3,943623,0,874954,0,7485625,350,1022,222,2028,276,1688
77,0473785400391,Right,-3,945888,0,8739512,0,7527025,350,653,222,163,275,0521
77,0615386962891,Right,-3,949786,0,8725062,0,7599527,351,6327,222,1141,273,5252
77,0751266479492,Right,-3,951509,0,8710669,0,7625337,352,2343,222,2289,272,9314
77,0891494750977,Right,-3,95627,0,8703274,0,7706785,353,1523,223,0203,271,0431
77,1030197143555,Right,-3,959608,0,8684529,0,7772658,354,0765,223,1424,269,1167
77,1167602539063,Right,-3,962148,0,8677528,0,7817354,354,3853,223,2327,268,0843
77,1308898925781,Right,-3,968457,0,8666093,0,7902665,354,8839,223,2178,266,9512
77,1448135375977,Right,-3,984586,0,8661396,0,7947687,354,926,223,6902,266,7313
77,1584625244141,Right,-4,018428,0,8650352,0,8118047,355,3097,224,8475,265,9422
77,1724700927734,Right,-4,058423,0,8638481,0,833102,355,6087,226,2144,265,6171
77,1863250732422,Right,-4,08118,0,8638124,0,8477917,355,6651,227,1383,265,5643
77,2002105712891,Right,-4,129564,0,8634424,0,8793476,355,8318,228,571,265,0204
77,2141876220703,Right,-4,143335,0,8641476,0,8916008,355,7208,229,0327,264,7983
77,2280197143555,Right,-4,189875,0,8646496,0,9277901,355,8718,230,3933,263,9437
77,2420272827148,Right,-4,228399,0,86549,0,961825,356,2436,231,2643,262,7264
77,2558364868164,Right,-4,246129,0,8661075,0,9790021,356,4084,231,5163,261,9249
77,2695541381836,Right,-4,288625,0,8674842,1,019627,356,7685,232,2593,260,312
77,2835922241211,Right,-4,319581,0,8692744,1,052215,356,8652,232,9153,258,9521
77,2976913452148,Right,-4,342875,0,8712524,1,077274,356,8006,233,5857,258,047
77,3113098144531,Right,-4,377772,0,8749273,1,116807,356,3836,234,7945,256,7038
77,3252716064453,Right,-4,394922,0,87647,1,134044,357,0883,236,7741,256,0449
77,3392639160156,Right,-4,438408,0,8779476,1,171737,0,60193,242,2314,255,7734
77,3533401489258,Right,-4,438689,0,8836974,1,195171,359,3915,224,1181,250,8221
77,3670272827148,Right,-4,437808,0,8880849,1,210737,357,8853,210,3753,246,2784
77,3806838989258,Right,-4,445109,0,8919888,1,239725,359,4982,181,2755,243,8863
77,3949432373047,Right,-4,456105,0,9014441,1,237789,0,06005082,181,8055,233,7814
77,4085922241211,Right,-4,47965,0,9171594,1,240115,359,3596,179,7994,212,796
77,4225463867188,Right,-4,522983,0,9182809,1,24457,356,1392,178,3046,178,3219
77,4365692138672,Right,-4,544114,0,9129516,1,253396,0,1320241,176,3547,173,7607
77,4502944946289,Right,-4,566031,0,9125764,1,274234,358,3404,176,6407,171,7107
77,4644241333008,Right,-4,572721,0,9135021,1,279696,359,0811,180,73,172,4892
77,4782104492188,Right,-4,587475,0,9147649,1,288833,0,2630307,187,0073,173,1317
77,4919204711914,Right,-4,59726,0,9173904,1,296275,1,011547,192,8895,174,7274
77,5062255859375,Right,-4,59888,0,9174501,1,299688,0,9345285,195,3589,175,2241
77,5196914672852,Right,-4,60677,0,9142773,1,306397,0,9704113,200,3081,173,8483
77,5338668823242,Right,-4,611068,0,9109297,1,309123,0,3721317,201,1205,171,0998
77,5477676391602,Right,-4,613889,0,9091526,1,310836,0,4970744,202,5237,170,4034
77,5614242553711,Right,-4,617188,0,9055552,1,312267,0,7507296,202,8343,167,8772
77,5755920410156,Right,-4,616255,0,9051852,1,311846,0,5798738,202,7409,168,113
77,58935546875,Right,-4,615372,0,9046235,1,311765,0,2576296,202,3605,168,1716
77,6031951904297,Right,-4,615863,0,9039904,1,310531,0,8843348,201,8173,167,5427
77,6172409057617,Right,-4,614568,0,9041566,1,309927,0,8560523,201,681,168,2611
77,6308898925781,Right,-4,61217,0,9052753,1,309391,0,9020606,201,6115,169,7187
77,6449890136719,Right,-4,61089,0,9052745,1,309439,1,209343,201,7653,170,2036
77,6588745117188,Right,-4,608878,0,9059263,1,309566,1,358278,202,0342,171,1825
77,6726837158203,Right,-4,606848,0,906416,1,310035,1,322642,202,2885,171,9016
77,686637878418,Right,-4,60535,0,9066387,1,31079,1,153635,202,3786,172,1932
77,7006912231445,Right,-4,602994,0,9072673,1,311354,0,9417678,202,4492,172,8837
77,7143325805664,Right,-4,601493,0,9066239,1,312252,0,2449482,201,8937,172,5684
77,7283172607422,Right,-4,599223,0,9065388,1,312128,359,9692,201,0404,172,8122
77,7420501708984,Right,-4,597039,0,9067292,1,311421,0,07598118,200,2468,173,3051
77,7561187744141,Right,-4,595576,0,9069139,1,3107,0,1909709,199,7703,173,7894
77,7701263427734,Right,-4,594122,0,9076447,1,30882,0,8663729,199,454,174,8879
77,7838439941406,Right,-4,591944,0,9097841,1,307614,0,6171625,199,3571,176,658
77,7978668212891,Right,-4,584841,0,9160337,1,305241,359,804,199,0722,181,9601
77,8117065429688,Right,-4,580859,0,9173456,1,304731,359,1064,199,6691,183,2276
77,8254470825195,Right,-4,578111,0,9185034,1,303183,359,0703,200,0312,184,2627
77,8394927978516,Right,-4,576642,0,9182921,1,305897,355,0909,200,0551,182,1592
77,853759765625,Right,-4,563869,0,9263443,1,292898,359,7989,198,9943,192,438
77,8671646118164,Right,-4,558676,0,9301196,1,290426,359,4075,198,8787,196,1374
77,8813705444336,Right,-4,544517,0,9370047,1,283126,359,6572,198,7594,206,0107
77,8950347900391,Right,-4,537727,0,9390616,1,282314,359,131,199,0831,210,5986
77,9089660644531,Right,-4,523508,0,943684,1,276615,358,1998,198,8904,220,3454
77,9228286743164,Right,-4,499027,0,9422842,1,268244,355,6295,198,1909,235,422
77,9365997314453,Right,-4,492627,0,9397783,1,261165,356,3409,195,9074,238,1217
77,9505920410156,Right,-4,461596,0,9402096,1,241776,356,6842,195,7983,237,976
77,9646301269531,Right,-4,461797,0,941893,1,241337,356,8859,196,0761,237,0124
77,9785995483398,Right,-4,460721,0,9437215,1,239606,356,9167,197,4996,234,3664
77,992431640625,Right,-4,459271,0,9462332,1,235927,357,736,200,6165,229,8758
78,0063018798828,Right,-4,451816,0,9477875,1,230858,358,9471,202,5746,224,4124
78,0200119018555,Right,-4,296715,0,8790712,1,157166,355,7806,195,3806,350,5976
78,0340194702148,Right,-4,240229,0,8505311,1,051836,356,9598,204,6842,310,3429
78,0479278564453,Right,-4,204169,0,8363628,1,035292,1,844063,209,8408,282,4004
78,0616912841797,Right,-4,158856,0,817753,1,02032,3,092387,210,1942,279,8272
78,0760040283203,Right,-4,136328,0,8154002,1,013141,3,382874,210,2644,280,2325
78,0894241333008,Right,-4,089993,0,809409,0,9968382,3,927116,210,2776,281,4155
78,1034240722656,Right,-4,052369,0,805001,0,9830063,4,196174,210,3638,282,876
78,1172561645508,Right,-4,027452,0,8016955,0,9677337,4,186502,210,5229,284,479
78,1311416625977,Right,-3,981527,0,7958286,0,9464273,4,510185,210,1071,286,2576
78,1450729370117,Right,-3,963802,0,7946278,0,9342413,4,550313,209,8176,286,9881
78,1587905883789,Right,-3,920861,0,7884649,0,8984776,4,822141,208,7989,288,2398
78,1728744506836,Right,-3,891782,0,7844387,0,8630274,5,241818,207,8519,288,1702
78,186882019043,Right,-3,875417,0,7818425,0,8395637,5,702734,207,2061,287,7627
78,2004776000977,Right,-3,845552,0,7770333,0,7949076,6,55262,205,4397,285,9971
78,2148208618164,Right,-3,839473,0,7752575,0,7703757,6,730008,205,0438,285,6296
78,2284851074219,Right,-3,814627,0,7710452,0,7185634,7,314169,203,9043,284,7866
78,2422866821289,Right,-3,798357,0,7664787,0,6705005,7,783571,203,2839,284,6104
78,2561950683594,Right,-3,781595,0,7641472,0,655983,7,946803,203,7356,285,256
78,269889831543,Right,-3,760375,0,7586835,0,603899,8,245336,204,3391,286,6142
78,2839965820313,Right,-3,750593,0,7554576,0,5633641,8,308774,205,4587,288,3396
78,2977600097656,Right,-3,741199,0,7528747,0,5396512,8,147822,206,8651,290,106
78,3116607666016,Right,-3,734529,0,7494293,0,5124762,8,124372,208,0567,291,8904
78,3258590698242,Right,-3,732213,0,7480181,0,4995864,8,180241,208,4355,292,5482
78,3393325805664,Right,-3,727361,0,7431892,0,4710687,8,366983,209,0234,293,8541
78,3532562255859,Right,-3,727426,0,744821,0,4651356,5,548448,210,3728,292,9947
78,3672103881836,Right,-3,726421,0,7426789,0,4594511,5,937369,208,9201,293,1439
78,3808517456055,Right,-3,726873,0,7404429,0,4506399,4,096817,210,0213,292,9537
78,3949737548828,Right,-3,727629,0,7392612,0,4475147,2,482926,210,8666,292,1339
78,408821105957,Right,-3,728812,0,7353352,0,4403339,0,3424558,213,4037,294,0366
78,422721862793,Right,-3,729238,0,7337849,0,4356659,358,0104,215,7195,295,726
78,4367065429688,Right,-3,727719,0,7314618,0,4326794,357,0844,214,5346,292,7131
78,4503784179688,Right,-3,727388,0,7273711,0,4266242,353,7893,215,3488,294,2904
78,4641571044922,Right,-3,726975,0,727192,0,4254145,353,6992,215,569,293,5416
78,4780654907227,Right,-3,725303,0,7245814,0,4211813,351,3679,216,4004,291,4343
78,4916763305664,Right,-3,725165,0,7208084,0,4173739,349,1926,217,5546,291,5352
78,5058212280273,Right,-3,725365,0,7205481,0,4166487,348,347,218,0985,289,1406
78,5194549560547,Right,-3,726055,0,7187051,0,4137201,347,9252,219,2796,286,8643
78,5330657958984,Right,-3,726735,0,718212,0,4143109,345,3734,219,7359,286,2612
78,5470275878906,Right,-3,728527,0,7178043,0,413448,346,7776,220,3362,285,4207
78,5609436035156,Right,-3,728659,0,719421,0,4155832,348,5223,220,9229,283,9917
78,5747756958008,Right,-3,726911,0,7145695,0,4148882,354,5359,218,5626,288,6867
78,5886611938477,Right,-3,723489,0,7154156,0,4175357,3,255453,216,4181,293,2698
78,6023941040039,Right,-3,719341,0,7191605,0,4213123,8,476637,213,6459,296,479
78,6165924072266,Right,-3,71782,0,7234959,0,4236952,10,73215,210,7886,297,4829
78,63037109375,Right,-3,71718,0,7311777,0,4280542,11,19829,209,8432,297,7911
78,6441650390625,Right,-3,718493,0,7392708,0,4314154,9,082185,210,2662,295,9981
78,6584243774414,Right,-3,718066,0,7456871,0,4358213,7,398803,210,6402,296,7417
78,6722259521484,Right,-3,721491,0,7614632,0,4437544,5,341937,210,0048,294,8691
78,6858139038086,Right,-3,725116,0,7702795,0,4484507,2,004169,211,2538,292,4429
78,6997604370117,Right,-3,729873,0,7843804,0,4579611,356,7823,213,9807,290,6474
78,7135009765625,Right,-3,732291,0,7966827,0,4673862,352,6801,213,6303,287,9471
78,7275314331055,Right,-3,735328,0,8061669,0,4735668,351,2461,213,8297,284,3192
78,741455078125,Right,-3,739079,0,8174339,0,4847779,347,4393,212,1299,281,5468
78,7552795410156,Right,-3,743734,0,821971,0,487541,348,1477,214,4223,279,9625
78,7693328857422,Right,-3,751157,0,8322326,0,4980443,352,5,217,4863,281,529
78,7831726074219,Right,-3,75362,0,8444001,0,5117069,351,6294,218,795,280,4482
78,7969284057617,Right,-3,75563,0,8513557,0,5184778,350,6939,219,072,279,2072
78,8110275268555,Right,-3,759665,0,8622723,0,5320318,349,7094,219,033,276,6465
78,8246154785156,Right,-3,760608,0,8644507,0,5360444,349,456,218,9359,275,8286
78,8386383056641,Right,-3,763944,0,8727884,0,5484016,348,7526,218,9157,274,8236
78,852409362793,Right,-3,766852,0,8792607,0,5582035,348,2182,219,5313,274,3791
78,866081237793,Right,-3,768548,0,8828472,0,5638927,347,9267,219,9264,274,125
78,880126953125,Right,-3,77299,0,890258,0,5753441,347,5858,221,4567,273,2772
78,8942184448242,Right,-3,773583,0,8907714,0,578298,347,7,221,9244,273,1775
78,9077301025391,Right,-3,776983,0,8960605,0,5887555,347,4789,222,7453,272,4179
78,9217987060547,Right,-3,778749,0,8995273,0,5978241,347,6133,222,4863,271,5134
78,9354553222656,Right,-3,779487,0,9015703,0,6016203,347,2922,222,6745,271,1379
78,9495086669922,Right,-3,781265,0,9072909,0,6122469,346,1063,223,3661,269,8438
78,9633483886719,Right,-3,782964,0,9099299,0,6191534,345,6849,224,3171,269,7097
78,9772186279297,Right,-3,784274,0,9120615,0,6247375,345,2361,225,0926,269,6902
78,9910736083984,Right,-3,786859,0,9154779,0,6343766,344,6222,226,435,269,3515
79,0051193237305,Right,-3,787835,0,916913,0,6382625,344,4733,226,8869,269,1916
79,0189895629883,Right,-3,790974,0,919849,0,6486605,344,3002,227,7478,268,8925
79,0327377319336,Right,-3,79315,0,922222,0,6567782,343,944,228,3646,268,6602
79,0465393066406,Right,-3,794506,0,9235032,0,6616073,343,4995,228,9023,268,4207
79,0605316162109,Right,-3,797766,0,9253281,0,670272,343,1126,230,3371,268,7108
79,0746307373047,Right,-3,799102,0,925942,0,6729118,343,4392,231,37,268,9455
79,0882797241211,Right,-3,802636,0,9281169,0,6822615,343,6906,233,1981,268,5742
79,1025009155273,Right,-3,804804,0,930142,0,6911905,343,2878,233,8734,267,8675
79,1160736083984,Right,-3,80597,0,9307491,0,6958255,342,9195,233,9226,267,6854
79,130126953125,Right,-3,809606,0,9327424,0,705799,342,3033,234,8364,267,7866
79,143928527832,Right,-3,810733,0,9331946,0,7088175,342,1271,235,284,267,6663
79,1576690673828,Right,-3,814829,0,9351238,0,7191063,341,8539,236,4981,266,6603
79,1717300415039,Right,-3,818654,0,9367375,0,7279546,341,8007,237,9986,264,9813
79,1856307983398,Right,-3,8204,0,936684,0,7312587,341,8083,238,8527,264,7383
79,1994171142578,Right,-3,824575,0,9379696,0,7403901,341,7972,240,4989,264,2804
79,213508605957,Right,-3,827913,0,9382806,0,7491618,341,8499,241,1543,264,9958
79,2274322509766,Right,-3,831909,0,9390841,0,7583928,341,703,241,6431,265,2253
79,2411499023438,Right,-3,840201,0,9411221,0,7759778,341,1994,242,882,263,8654
79,2550735473633,Right,-3,845653,0,9415245,0,7837049,341,0961,243,5044,263,4038
79,2688140869141,Right,-3,862234,0,9430666,0,807036,340,9618,245,3778,262,0102
79,2830276489258,Right,-3,883229,0,9433694,0,8259833,341,1032,246,6362,261,0862
79,2966995239258,Right,-3,902586,0,9436058,0,8312704,341,2908,247,3921,260,415
79,3104858398438,Right,-3,938482,0,944252,0,8501033,341,5384,248,8862,258,9716
79,3246307373047,Right,-3,953357,0,9438914,0,8564618,341,7276,249,5209,258,776
79,3386840820313,Right,-3,998777,0,9436736,0,8766276,342,2868,251,195,258,2925
79,3522872924805,Right,-4,036541,0,9435439,0,8956107,342,6536,252,4754,257,9149
79,3662033081055,Right,-4,058685,0,9440906,0,9085931,342,4395,253,3772,257,1401
79,3800201416016,Right,-4,105022,0,9443192,0,93637,342,3204,254,7732,255,9789
79,3939514160156,Right,-4,118312,0,9447889,0,9452407,342,2561,255,4707,255,3822
79,4078598022461,Right,-4,164241,0,9464925,0,9761093,342,0433,257,3081,253,2523
79,4216766357422,Right,-4,202745,0,9475831,1,003046,341,8914,258,5897,251,4893
79,4357528686523,Right,-4,221633,0,9479088,1,015977,342,146,259,2033,251,5227
79,4495849609375,Right,-4,264976,0,9496564,1,048808,342,2783,260,4488,250,5402
79,4633102416992,Right,-4,296653,0,9508232,1,074182,342,4619,261,532,249,5246
79,4773712158203,Right,-4,320178,0,9516307,1,093101,342,7037,262,4803,249,081
79,4909133911133,Right,-4,357713,0,9526964,1,124576,343,1263,263,7889,248,5308
79,5051651000977,Right,-4,373415,0,9535138,1,138967,342,7858,263,7982,247,6662
79,5188827514648,Right,-4,413912,0,9547799,1,173292,342,7852,264,1554,246,5766
79,5327072143555,Right,-4,447135,0,9560693,1,200612,343,0595,264,71,245,4216
79,5469512939453,Right,-4,469069,0,9573564,1,218103,343,3089,265,1306,244,3996
79,5605316162109,Right,-4,507656,0,9586082,1,248234,343,7776,265,7006,243,8091
79,5746002197266,Right,-4,522338,0,9600931,1,258001,343,8458,265,7927,243,6225
79,5884094238281,Right,-4,563817,0,9627501,1,288182,344,58,265,894,242,6349
79,6021118164063,Right,-4,597637,0,9648507,1,312314,343,8129,266,4621,242,8523
79,6161422729492,Right,-4,616894,0,9661291,1,3243,343,4923,265,9902,243,7506
79,6301040649414,Right,-4,660159,0,9698848,1,352739,343,0836,267,1751,243,6228
79,6438598632813,Right,-4,657115,0,9703881,1,35923,343,0983,267,5356,243,1313
79,6578903198242,Right,-4,674263,0,9712209,1,384265,343,6664,268,4787,243,1267
79,6718521118164,Right,-4,679386,0,9698944,1,400956,344,9108,268,911,243,7107
79,6856307983398,Right,-4,680857,0,9675823,1,405314,346,0866,268,7769,244,3771
79,6996307373047,Right,-4,68445,0,9619936,1,41422,348,8346,268,3085,245,8104
79,7133712768555,Right,-4,685428,0,9597187,1,417911,350,0987,268,0651,246,0748
79,7273712158203,Right,-4,686003,0,9589427,1,419498,350,6674,268,0676,245,1771
79,7412796020508,Right,-4,686697,0,9551104,1,421687,351,3636,267,9674,245,121
79,7550888061523,Right,-4,687505,0,9528583,1,423005,352,1992,268,1498,244,916
79,7692260742188,Right,-4,689449,0,9459243,1,423462,354,7141,268,1052,245,0018
79,7831420898438,Right,-4,688056,0,9402058,1,420698,355,6761,267,0192,248,1593
79,796745300293,Right,-4,686932,0,9378515,1,419893,355,9419,266,541,249,9268
79,8109893798828,Right,-4,683096,0,93274,1,415355,354,7227,265,4711,252,7608
79,8247756958008,Right,-4,682662,0,9317571,1,414584,355,4267,264,1371,253,7923
79,8386383056641,Right,-4,678253,0,9311007,1,41296,353,0347,264,2054,254,82
79,8523941040039,Right,-4,676158,0,9307188,1,414138,351,3101,264,0703,254,3277
79,8662033081055,Right,-4,674302,0,9313042,1,416389,349,9751,264,4755,253,1189
79,8803176879883,Right,-4,671557,0,9319856,1,421582,347,9152,265,3387,250,2601
79,8943176269531,Right,-4,671055,0,93205,1,422791,347,4941,265,7423,249,8756
79,9080047607422,Right,-4,669062,0,932657,1,427336,346,0388,266,606,247,3787
79,9218521118164,Right,-4,66855,0,9340006,1,43226,345,5709,267,9547,245,3471
79,9356536865234,Right,-4,668321,0,9341747,1,43296,345,3257,268,3077,244,636
79,9495086669922,Right,-4,667703,0,934808,1,435419,346,0214,269,8546,243,7988
79,9635620117188,Right,-4,664418,0,935708,1,439149,347,0152,272,0502,243,5326
79,9773330688477,Right,-4,662127,0,9369369,1,441664,347,3277,274,2373,242,5541
79,9915161132813,Right,-4,657126,0,9402357,1,444687,347,4011,276,4859,240,9658
80,0053100585938,Right,-4,653229,0,9383597,1,444694,345,8874,279,2808,242,5397
80,0189514160156,Right,-4,6434,0,9398378,1,445694,344,2392,283,182,247,2867
80,0331192016602,Right,-4,636622,0,939868,1,446656,344,8647,281,7798,261,6298
80,0471496582031,Right,-4,628326,0,951449,1,453304,342,6159,283,2795,261,7114
80,0606460571289,Right,-4,621949,0,9576821,1,456023,339,4496,286,3244,260,4229
80,0747909545898,Right,-4,616177,0,9637379,1,456504,337,186,288,7694,258,9885
80,0884628295898,Right,-4,604743,0,9734376,1,456479,333,346,293,0504,256,6997
80,1025924682617,Right,-4,595167,0,9799337,1,451664,330,4646,294,6709,255,0542
80,1163711547852,Right,-4,59068,0,983238,1,448861,328,9794,295,1723,254,2216
80,1301193237305,Right,-4,571945,0,9895883,1,432977,325,3507,292,7644,253,5372
80,1444244384766,Right,-4,553087,0,9919509,1,421613,324,0336,290,4704,254,0017
80,1580657958984,Right,-4,512664,0,9950842,1,392592,321,2282,284,0958,256,1303
80,1717910766602,Right,-4,470229,0,9984251,1,372568,319,2264,281,2466,257,1212
80,1858596801758,Right,-4,450156,0,9981793,1,359341,319,4673,278,2694,258,7149
80,1995468139648,Right,-4,404082,0,9943562,1,330404,320,4908,272,0552,262,1808
80,2136154174805,Right,-4,367461,0,9933439,1,31201,320,7458,268,2089,264,1864
80,2274856567383,Right,-4,342181,0,9903217,1,297353,321,7116,264,5273,265,929
80,2412338256836,Right,-4,298918,0,9859362,1,27582,322,9401,259,2353,268,3348
80,255744934082,Right,-4,278422,0,9827335,1,26495,323,9476,256,6355,269,4645
80,2691116333008,Right,-4,232704,0,9755831,1,243343,325,6829,251,418,271,8506
80,282844543457,Right,-4,195193,0,9700152,1,225926,326,9667,247,5467,273,8835
80,2968978881836,Right,-4,170641,0,9652162,1,214881,327,8144,245,3021,275,417
80,3106536865234,Right,-4,124874,0,9566307,1,195653,329,371,241,4804,277,9128
80,3239898681641,Right,-4,113485,0,9534167,1,188891,330,2133,240,6936,278,6584
80,3378982543945,Right,-4,065082,0,9411018,1,168296,332,908,237,851,281,088
80,3517150878906,Right,-4,024558,0,9301208,1,148797,335,7256,235,7613,283,0809
80,3657150268555,Right,-4,004995,0,9251732,1,136696,337,0016,234,9063,284,0141
80,3793869018555,Right,-3,959784,0,9125746,1,108772,339,3128,233,3392,286,4174
80,3933563232422,Right,-3,924137,0,9051623,1,084397,340,2651,232,0758,288,2779
80,407341003418,Right,-3,899359,0,9009526,1,065421,340,1079,231,309,289,5268
80,4211883544922,Right,-3,858699,0,8947036,1,031549,339,6257,229,7159,291,0289
80,4349746704102,Right,-3,845315,0,8932715,1,015878,339,4963,229,369,291,1712
80,4490509033203,Right,-3,8063,0,8850914,0,9708756,340,2695,227,908,291,6481
80,462646484375,Right,-3,78057,0,8793202,0,9345447,341,546,226,6474,290,794
80,4768905639648,Right,-3,764858,0,8747497,0,9081917,342,6493,225,7398,290,449
80,4905700683594,Right,-3,736761,0,8663554,0,862556,344,7871,224,1947,289,6554
80,5043334960938,Right,-3,729299,0,8634725,0,8465925,345,473,223,9307,289,2124
80,5183639526367,Right,-3,700915,0,8547164,0,7965937,347,3284,222,9974,288,8719
80,5321960449219,Right,-3,680608,0,8466443,0,7553809,348,765,223,1456,289,2755
80,5461044311523,Right,-3,672049,0,8420177,0,7336985,349,4421,224,1684,290,5895
80,5600738525391,Right,-3,647918,0,8316929,0,6841284,350,9679,224,665,292,2314
80,5739364624023,Right,-3,642254,0,8294497,0,6702008,351,298,225,1813,293,3619
80,5878448486328,Right,-3,621151,0,8165772,0,6193928,352,5585,226,2834,297,1706
80,6017761230469,Right,-3,605457,0,8053508,0,5736662,354,0205,226,7632,301,0555
80,6154861450195,Right,-3,600445,0,8015893,0,5517632,354,8642,226,8425,302,3508
80,6294860839844,Right,-3,589623,0,7872514,0,4949729,356,894,227,1337,305,4365
80,6435165405273,Right,-3,583679,0,7788535,0,452808,357,9812,227,0592,307,3781
80,6572952270508,Right,-3,58085,0,7749298,0,4244527,358,2562,227,0552,308,2206
80,6712188720703,Right,-3,581898,0,767104,0,3880815,358,8434,227,3414,309,3298
80,6849822998047,Right,-3,585961,0,7649746,0,3864866,359,3706,227,7813,309,3084
80,6990661621094,Right,-3,591741,0,754339,0,3708315,0,9111515,228,7974,310,583
80,7129898071289,Right,-3,597562,0,7462042,0,3660647,2,284017,230,1948,311,9094
80,7266082763672,Right,-3,603362,0,7425789,0,3670996,2,351644,232,0453,313,4188
80,7406921386719,Right,-3,61231,0,7390326,0,3682719,1,132767,234,5585,316,0037
80,7544326782227,Right,-3,614333,0,7404255,0,3686811,0,08900765,235,2025,316,6208
80,7683944702148,Right,-3,623513,0,7436334,0,3698605,356,7652,237,229,317,7054
80,7822265625,Right,-3,63045,0,7471444,0,3729894,355,0641,239,4313,317,1112
80,7959213256836,Right,-3,633813,0,7468305,0,3751617,355,0709,240,6535,316,8776
80,8099517822266,Right,-3,64183,0,7444514,0,3769877,354,8374,242,735,317,5731
80,8239440917969,Right,-3,642436,0,7432788,0,3775084,355,2063,242,8237,318,0193
80,8379821777344,Right,-3,648747,0,7378943,0,3772035,356,2775,243,4445,319,1187
80,851692199707,Right,-3,655105,0,7313279,0,3763902,357,7941,244,1238,320,1342
80,8655242919922,Right,-3,660086,0,7269629,0,376447,358,4679,245,1855,321,308
80,8794937133789,Right,-3,670218,0,7175001,0,3767073,359,2391,247,0685,323,9239
80,8934173583984,Right,-3,677218,0,7090399,0,3761659,0,02382199,248,1557,326,995
80,9073104858398,Right,-3,681767,0,7016976,0,3755819,0,9449064,248,6583,328,7625
80,9211120605469,Right,-3,688762,0,6927564,0,3735347,2,096205,249,0826,330,4907
80,9352798461914,Right,-3,691048,0,6908516,0,371656,2,438142,248,8633,329,927
80,9490814208984,Right,-3,695281,0,6884642,0,3669676,2,565313,247,5794,326,3928
80,9627990722656,Right,-3,700089,0,6829577,0,3661748,2,544689,247,5026,326,1097
80,9765930175781,Right,-3,701591,0,680524,0,3661962,2,283874,247,4856,326,8471
80,9905471801758,Right,-3,703022,0,6782585,0,3657304,2,251372,247,2567,327,4653
81,0046310424805,Right,-3,703468,0,679085,0,3657407,2,158917,247,2623,327,012
81,018196105957,Right,-3,704381,0,6806292,0,366048,2,194937,247,084,326,2576
81,0322952270508,Right,-3,703882,0,684679,0,3659633,3,090551,246,8117,324,3764
81,0461883544922,Right,-3,703061,0,6884226,0,3659326,3,066962,246,3021,321,8757
81,0599594116211,Right,-3,703136,0,6921043,0,3657707,4,104347,245,5514,319,0385
81,0739135742188,Right,-3,703071,0,6930023,0,367002,4,078358,245,3791,317,3079
81,0880508422852,Right,-3,703356,0,695538,0,3684293,5,183612,244,6805,315,2303
81,1016693115234,Right,-3,703164,0,7011982,0,3708429,5,191354,244,3681,313,7235
81,1156463623047,Right,-3,702435,0,7084666,0,3728306,3,857083,244,284,312,3397
81,1293029785156,Right,-3,701548,0,7196735,0,3758503,2,197508,243,9955,309,9392
81,1433563232422,Right,-3,700329,0,7293248,0,3796395,0,1271133,244,0283,308,9197
81,1574554443359,Right,-3,700315,0,7334784,0,3814192,359,2937,244,1133,308,4909
81,1713409423828,Right,-3,700371,0,7407125,0,3861759,357,3513,244,647,309,7838
81,18505859375,Right,-3,700775,0,7432746,0,3882001,356,7945,245,0767,310,5255
81,1991195678711,Right,-3,702019,0,7487637,0,3920613,355,9645,245,8123,311,0312
81,2127227783203,Right,-3,70249,0,7524281,0,3941731,355,6012,246,113,310,7837
81,2269592285156,Right,-3,702559,0,7524877,0,3942804,356,1512,245,9832,310,5853
81,2404708862305,Right,-3,70298,0,7528401,0,3940242,357,0185,245,4882,309,8365
81,254508972168,Right,-3,703247,0,7534893,0,3944249,357,0518,245,4832,309,5998
81,2684097290039,Right,-3,704683,0,7530643,0,3945439,357,3219,245,4908,309,3479
81,2820892333984,Right,-3,706732,0,7527615,0,3953494,356,7194,246,2843,310,4185
81,2962188720703,Right,-3,707875,0,7518657,0,3956534,356,2592,246,8431,311,6984
81,3103408813477,Right,-3,709932,0,7512136,0,3963109,355,7277,247,6744,313,3966
81,3245697021484,Right,-3,710638,0,7506605,0,3963369,355,6155,248,0527,313,9515
81,338623046875,Right,-3,713714,0,7492872,0,3964691,354,967,249,3484,314,9683
81,3524932861328,Right,-3,714191,0,7493482,0,3957023,355,0179,249,138,314,1265
81,3666763305664,Right,-3,715079,0,7482482,0,3950747,355,4979,248,9009,312,9186
81,3804397583008,Right,-3,717056,0,7474629,0,3950688,355,4693,249,1144,312,5092
81,3940811157227,Right,-3,716533,0,7459982,0,393666,355,6926,248,6779,312,2185
81,4081497192383,Right,-3,719365,0,7433501,0,3913182,355,5896,248,5525,311,7199
81,4221572875977,Right,-3,722368,0,7419802,0,3907651,354,8889,249,3255,312,063
81,4357070922852,Right,-3,723931,0,7410806,0,3904913,354,2874,249,8772,312,7622
81,44970703125,Right,-3,726405,0,7401857,0,389828,353,6085,250,5247,313,271
81,463623046875,Right,-3,7292,0,7343702,0,3870263,353,812,250,6299,314,9498
81,4774703979492,Right,-3,730287,0,7307248,0,3848884,354,7722,250,2631,315,0324
81,4913635253906,Right,-3,732596,0,7241404,0,3818878,354,9493,250,0746,315,1252
81,5052032470703,Right,-3,734175,0,7203562,0,3804587,355,2846,251,0318,315,0534
81,5193634033203,Right,-3,736003,0,7095037,0,3790848,352,426,251,3287,316,4825
81,533332824707,Right,-3,734982,0,704754,0,3774224,354,3774,249,9443,316,3384
81,5468902587891,Right,-3,736588,0,7030854,0,3770308,354,1489,250,1108,315,6551
81,5609283447266,Right,-3,737783,0,7001486,0,3765179,353,149,251,8739,315,8911
81,5751266479492,Right,-3,736414,0,7021454,0,3767157,352,8366,252,69,313,9563
81,5886688232422,Right,-3,734846,0,7027798,0,3779053,352,2818,252,1346,312,8734
81,6025466918945,Right,-3,733876,0,7055869,0,3790932,353,7933,251,6183,311,1836
81,6165084838867,Right,-3,732879,0,7052049,0,3802713,354,2296,251,3791,311,7296
81,6306076049805,Right,-3,729095,0,7038819,0,3822464,354,9135,249,3123,314,5119
81,6444778442383,Right,-3,727253,0,7066734,0,3827373,356,2226,247,986,313,6176
81,658073425293,Right,-3,722342,0,7075194,0,3848211,356,0095,244,9215,312,8646
81,6721572875977,Right,-3,71898,0,7144594,0,3890008,357,8053,242,815,312,267
81,6858825683594,Right,-3,718086,0,7157408,0,3896789,359,9495,241,1168,312,929
81,699836730957,Right,-3,714901,0,7264312,0,3943584,2,533613,238,2805,309,2245
81,7137298583984,Right,-3,715287,0,7310538,0,3986374,3,515261,238,2949,310,4341
81,7275314331055,Right,-3,716444,0,7382954,0,4015832,3,184434,242,6893,311,3076
81,7417449951172,Right,-3,714249,0,7499001,0,4079411,1,802677,246,4398,309,1525
81,7555618286133,Right,-3,710797,0,752915,0,4103545,0,7740257,245,878,307,0827
81,7691879272461,Right,-3,70981,0,7642915,0,416297,357,9344,246,5783,305,0178
81,7832260131836,Right,-3,719687,0,7705379,0,4255189,357,2063,245,7281,302,3291
81,7969207763672,Right,-3,734559,0,7830809,0,4474543,356,2332,244,5161,297,4328
81,8108978271484,Right,-3,764971,0,7992725,0,4813738,350,6232,244,9556,287,4447
81,8249130249023,Right,-3,77947,0,802269,0,495976,352,2067,243,9037,281,4413
81,8386459350586,Right,-3,821212,0,8114924,0,5346513,350,1394,249,2313,277,4689
81,8529815673828,Right,-3,854176,0,8185677,0,567024,346,4314,254,4745,275,8133
81,8666076660156,Right,-3,872678,0,8214304,0,5859185,345,2119,257,217,276,6827
81,8803482055664,Right,-3,909085,0,8309495,0,6253396,344,6596,258,8957,276,3794
81,8946304321289,Right,-3,922742,0,8356074,0,6403662,343,9457,261,097,270,6869
81,9082641601563,Right,-3,958849,0,8419253,0,6780704,343,3488,261,3145,269,5422
81,9220962524414,Right,-3,989992,0,8487278,0,712357,344,3028,259,179,268,8133
81,9360733032227,Right,-4,008018,0,8512701,0,7302015,344,6244,258,91,269,4626
81,9497985839844,Right,-4,043701,0,8545496,0,768203,347,2349,254,4111,274,8351
81,9638671875,Right,-4,073499,0,8643572,0,7993814,347,3748,254,8539,272,8505
81,9778366088867,Right,-4,095407,0,8693022,0,8226472,347,4315,254,815,271,4639
81,9915313720703,Right,-4,129445,0,8771042,0,8589429,346,707,255,9731,268,9767
82,0055618286133,Right,-4,145781,0,8803877,0,8747738,346,3814,256,5073,267,7262
82,019287109375,Right,-4,184528,0,888414,0,9149728,345,6399,257,8693,265,7255
82,0332794189453,Right,-4,215611,0,8901286,0,9443629,346,07,258,3671,265,661
82,0472183227539,Right,-4,236377,0,8936929,0,9635308,345,8794,258,556,266,2958
82,0611343383789,Right,-4,271082,0,9014989,0,9975798,345,1177,259,1935,267,0594
82,0750503540039,Right,-4,284153,0,9053392,1,011222,344,7252,258,9543,267,3829
82,0889892578125,Right,-4,320868,0,9151528,1,048738,343,9464,258,9452,266,6885
82,1026763916016,Right,-4,349786,0,923328,1,07837,343,2655,258,6799,264,4683
82,1169052124023,Right,-4,37029,0,9284575,1,097309,342,8375,258,8039,262,4182
82,1303482055664,Right,-4,407294,0,9378694,1,128054,342,2121,259,0197,258,7977
82,1445846557617,Right,-4,422907,0,9410545,1,137453,341,8674,258,6548,257,0569
82,1583099365234,Right,-4,463028,0,9533895,1,167735,340,6931,259,8421,252,8396
82,1720428466797,Right,-4,499041,0,9617616,1,188839,340,0382,261,463,250,385
82,1862258911133,Right,-4,519141,0,9633943,1,196241,339,4163,260,9678,254,3764
82,2003479003906,Right,-4,563591,0,9736655,1,221481,338,8233,261,6101,257,7427
82,2137451171875,Right,-4,573327,0,9774982,1,227866,338,9466,261,3245,256,9245
82,2278060913086,Right,-4,615467,0,9860274,1,252561,336,7431,262,8471,256,5457
82,241455078125,Right,-4,634664,0,994714,1,268519,335,1799,264,0527,253,4872
82,2554092407227,Right,-4,63191,0,9970438,1,271261,335,4939,264,8898,251,1383
82,269416809082,Right,-4,64166,1,002114,1,280854,336,6445,267,3172,251,533
82,2832107543945,Right,-4,642309,1,005346,1,287228,337,0743,269,3163,252,2801
82,2974624633789,Right,-4,644406,1,00612,1,29182,338,5361,269,8439,252,7574
82,3112716674805,Right,-4,647981,1,006183,1,298977,340,1809,271,0074,253,1676
82,3250274658203,Right,-4,648603,1,007358,1,302307,340,2817,271,2308,251,6961
82,3389282226563,Right,-4,656484,1,000088,1,307402,343,6568,271,7595,251,4648
82,352653503418,Right,-4,660882,0,9930502,1,30956,346,1565,271,6133,252,4341
82,3665618896484,Right,-4,662799,0,9880346,1,309059,347,9998,271,2997,253,762
82,3806533813477,Right,-4,665692,0,977721,1,305757,351,0981,270,6436,258,2645
82,3943176269531,Right,-4,664463,0,9750921,1,303082,351,5357,270,3776,262,1097
82,4085311889648,Right,-4,66513,0,9659335,1,298138,353,4794,269,5699,270,1519
82,4223251342773,Right,-4,660591,0,963458,1,295323,352,5461,269,0128,277,432
82,4361801147461,Right,-4,65653,0,9662017,1,297063,350,3429,268,8158,281,2
82,450065612793,Right,-4,652094,0,9693696,1,302485,349,1733,269,144,279,4062
82,463981628418,Right,-4,650596,0,969327,1,304806,348,4944,270,0036,278,4203
82,4779052734375,Right,-4,647261,0,9683713,1,311012,347,3695,272,4901,278,1514
82,4916458129883,Right,-4,64539,0,9641506,1,315389,347,0623,275,269,281,0976
82,5053939819336,Right,-4,643145,0,9640166,1,317481,346,4416,276,5199,282,2277
82,5195617675781,Right,-4,639358,0,9613532,1,31991,344,8098,278,3427,284,7144
82,5336074829102,Right,-4,635499,0,9606972,1,321075,344,324,278,9238,285,3562
82,5470657348633,Right,-4,632696,0,960519,1,321491,343,876,279,1658,285,398
82,5612106323242,Right,-4,627011,0,9610612,1,321514,342,9259,278,9875,285,5891
82,5749588012695,Right,-4,625226,0,9626788,1,322127,342,5485,279,2773,284,9858
82,5888900756836,Right,-4,618195,0,9671769,1,324161,340,2592,280,9466,283,5288
82,6027755737305,Right,-4,600467,0,9733223,1,326403,335,1198,286,0115,282,2569
82,6165924072266,Right,-4,566772,0,9754839,1,320076,333,2417,287,7806,282,4172
82,6307067871094,Right,-4,520142,0,9808868,1,310231,329,4726,291,2516,282,7631
82,6447296142578,Right,-4,49989,0,9835081,1,305949,328,299,292,1566,282,9399
82,658317565918,Right,-4,444759,0,9891555,1,289394,324,9396,294,0746,282,3891
82,6723022460938,Right,-4,396718,0,9941039,1,274418,322,7144,295,1014,280,2108
82,6861724853516,Right,-4,371081,0,9965538,1,26565,322,0771,294,7917,278,4526
82,7000579833984,Right,-4,315844,0,9993405,1,24285,320,5035,293,5528,275,6585
82,7140350341797,Right,-4,300959,1,000107,1,234897,320,0093,293,3274,275,2455
82,7278671264648,Right,-4,249066,0,9994212,1,206603,319,1733,289,577,275,5317
82,7419738769531,Right,-4,206574,0,9973292,1,179373,318,8365,285,488,277,752
82,755744934082,Right,-4,187033,0,9974307,1,167029,318,4833,284,0836,278,5848
82,7696914672852,Right,-4,139023,0,9931746,1,132412,318,549,278,6454,282,6702
82,7835311889648,Right,-4,106382,0,9906296,1,105346,318,9883,274,5847,285,2223
82,7974853515625,Right,-4,080169,0,9889242,1,087261,319,0015,272,244,286,3748
82,8111114501953,Right,-4,040588,0,9849056,1,054407,319,506,267,7893,288,3421
82,8251419067383,Right,-4,024364,0,983401,1,040485,319,7966,265,9919,288,986
82,8390579223633,Right,-3,98209,0,9762232,1,002853,320,7408,261,8916,290,7967
82,8529434204102,Right,-3,952192,0,9704919,0,9713921,321,746,259,4309,292,45
82,8669281005859,Right,-3,936711,0,966245,0,947319,322,5555,258,366,293,7112
82,8806762695313,Right,-3,903624,0,9591877,0,907178,323,7628,256,0898,295,7199
82,8947982788086,Right,-3,897002,0,9562256,0,8877898,324,5022,255,8512,296,6358
82,9085235595703,Right,-3,872467,0,9460326,0,8411617,326,3229,254,935,299,0184
82,9225082397461,Right,-3,856036,0,9392766,0,7974678,327,4355,253,8681,300,5233
82,9361724853516,Right,-3,847868,0,9363115,0,7737623,328,0172,253,1839,301,0517
82,9499893188477,Right,-3,829839,0,9269891,0,7207843,329,5342,251,9604,302,1727
82,9640350341797,Right,-3,825348,0,924608,0,7039729,330,1237,251,2717,302,465
82,9780654907227,Right,-3,807333,0,914484,0,6487571,331,7998,249,3189,303,5322
82,9918060302734,Right,-3,795496,0,9067141,0,6018237,333,1659,247,6904,303,9243
83,0056228637695,Right,-3,791395,0,9030921,0,5794578,333,9701,247,2362,303,7021
83,0195007324219,Right,-3,781867,0,8921177,0,5245547,336,2241,246,2174,303,7131
83,0332489013672,Right,-3,778331,0,8833245,0,4824126,338,2298,245,4256,304,054
83,04736328125,Right,-3,777966,0,8743287,0,4515583,340,5644,245,0443,304,7183
83,0611343383789,Right,-3,778267,0,858946,0,3999624,344,0902,244,0824,306,2562
83,0750961303711,Right,-3,78059,0,8513239,0,377628,346,1646,243,2762,308,0266
83,0890426635742,Right,-3,781125,0,8326284,0,3201675,349,8756,241,7831,310,6235
83,1028213500977,Right,-3,784883,0,8205394,0,2757151,352,4024,240,8875,312,4985
83,1168060302734,Right,-3,791147,0,8126444,0,2489521,353,8784,240,5815,313,6848
83,1307144165039,Right,-3,806262,0,7953433,0,2008868,357,1977,240,5783,315,5298
83,1446075439453,Right,-3,813222,0,7899796,0,1846748,358,5885,240,8135,316,5789
83,1584320068359,Right,-3,818475,0,7698895,0,1398266,2,274125,240,8734,319,5711
83,1725540161133,Right,-3,820165,0,7545736,0,1031681,5,298918,240,7243,322,6169
83,1863403320313,Right,-3,819293,0,7459859,0,08481529,7,075675,240,5445,324,8614
83,2002105712891,Right,-3,817669,0,730729,0,04724979,9,49793,239,9905,327,4425
83,2143173217773,Right,-3,818704,0,7294579,0,04118279,9,841493,240,0938,327,692
83,2279052734375,Right,-3,820916,0,7218841,0,01188454,10,58308,240,1411,325,4563
83,2417373657227,Right,-3,823194,0,7136229,0,002213478,11,99114,240,4026,324,0822
83,2555847167969,Right,-3,824065,0,7082995,0,005486727,13,04475,240,5787,323,9467
83,2696304321289,Right,-3,824852,0,6942061,0,006366372,16,0917,241,3811,325,0547
83,2836532592773,Right,-3,82488,0,6825378,0,008557856,18,50229,241,8817,326,9707
83,2973861694336,Right,-3,823833,0,6733553,0,01174811,20,37292,242,4452,329,7993
83,3113098144531,Right,-3,822997,0,6610883,0,01512229,22,60418,243,3013,333,71
83,3247680664063,Right,-3,822072,0,6592778,0,01783213,22,62871,243,6252,335,9698
83,3388137817383,Right,-3,819952,0,6538996,0,02550283,23,31695,244,8546,339,7633
83,3526916503906,Right,-3,817964,0,6516125,0,02903157,24,08501,245,3315,340,8101
83,3663635253906,Right,-3,816818,0,6519825,0,03050897,24,42328,245,3162,340,2474
83,3803863525391,Right,-3,81547,0,6503919,0,03470683,25,44121,245,973,339,6192
83,3944778442383,Right,-3,81562,0,6512707,0,03664252,25,43446,246,4095,339,2065
83,4081268310547,Right,-3,816118,0,6523615,0,04318422,25,3568,247,8444,339,5304
83,4220657348633,Right,-3,816432,0,6502904,0,04909933,25,62555,249,1752,341,0011
83,4364166259766,Right,-3,816586,0,6497989,0,05391881,25,69617,250,2096,342,5496
83,4498138427734,Right,-3,819162,0,6495065,0,06495121,25,09937,252,8011,346,2696
83,4640731811523,Right,-3,820814,0,6509767,0,07185072,24,38223,254,4661,348,5064
83,4775390625,Right,-3,822407,0,6523399,0,07701865,23,9788,255,5677,349,5104
83,4915542602539,Right,-3,825449,0,6556868,0,08489799,23,74953,256,9665,349,6448
83,5056457519531,Right,-3,826586,0,6571835,0,08797282,23,88431,257,4275,348,8924
83,5191879272461,Right,-3,828597,0,6590484,0,09545994,24,1516,258,661,348,5433
83,5334396362305,Right,-3,827173,0,6590297,0,1012576,25,49437,258,7411,348,0364
83,547233581543,Right,-3,825937,0,6579788,0,105405,26,39201,259,0793,348,3282
83,5608596801758,Right,-3,822088,0,6550932,0,1121176,28,4507,259,1638,349,3011
83,5748596191406,Right,-3,818356,0,6523027,0,114415,29,76469,258,7239,350,6224
83,5886764526367,Right,-3,808895,0,6463762,0,1222436,32,91216,258,3283,353,3243
83,602653503418,Right,-3,801411,0,6421503,0,1266077,35,4419,257,9347,355,2732
83,6167831420898,Right,-3,798302,0,6403636,0,1294683,36,54253,258,0362,356,0445
83,6304092407227,Right,-3,791491,0,6374819,0,1344942,38,0893,258,0384,357,4233
83,6445693969727,Right,-3,790285,0,6368703,0,1345959,38,26186,257,5461,357,3143
83,6584854125977,Right,-3,785058,0,6347112,0,1390136,38,65651,257,1725,358,0156
83,6720275878906,Right,-3,781496,0,6330975,0,1410155,38,60992,256,8434,358,328
83,6860885620117,Right,-3,779409,0,6318922,0,141572,38,4614,256,5499,358,3022
83,6998901367188,Right,-3,773317,0,6285023,0,1419896,38,10571,255,61,358,3231
83,7138214111328,Right,-3,767019,0,6256969,0,1418867,38,88327,254,0945,358,0498
83,7279434204102,Right,-3,762387,0,6232723,0,1415026,39,53101,252,6969,357,32
83,7415466308594,Right,-3,753748,0,6204169,0,140395,41,07357,249,296,354,4112
83,7556076049805,Right,-3,749069,0,6177437,0,1410761,45,09948,247,0996,352,5837
83,76953125,Right,-3,738418,0,612258,0,144393,53,08442,243,825,349,6154
83,7831573486328,Right,-3,735006,0,6067742,0,1451878,54,89702,241,9989,349,6204
83,7973480224609,Right,-3,738675,0,6080883,0,1439219,53,77891,242,0378,348,7511
83,8111114501953,Right,-3,74404,0,6112713,0,1448191,52,16556,243,2119,348,3975
83,8249969482422,Right,-3,74568,0,6126021,0,1450639,51,46508,243,3656,348,2857
83,8390884399414,Right,-3,753131,0,6168272,0,145216,49,43273,244,3038,348,5369
83,852912902832,Right,-3,762374,0,6253814,0,1438314,46,81373,245,9831,347,2559
83,8666839599609,Right,-3,764656,0,6283062,0,1441442,45,92979,245,8872,346,4449
83,8808364868164,Right,-3,767588,0,632582,0,1444237,44,76463,245,8804,345,4046
83,89453125,Right,-3,770061,0,6358904,0,1438205,43,74616,245,684,344,4792
83,9086532592773,Right,-3,779455,0,6516122,0,1385537,38,74633,243,7795,340,7755
83,922233581543,Right,-3,786226,0,6635627,0,1340057,35,81424,243,0311,337,2816
83,9361343383789,Right,-3,790684,0,6720374,0,1324589,33,4296,242,8115,334,5484
83,9501724243164,Right,-3,799798,0,6887552,0,1397383,28,84736,242,7305,330,1137
83,9639129638672,Right,-3,802809,0,6946219,0,1499019,27,09508,243,0188,328,5604
83,9777984619141,Right,-3,814172,0,7157247,0,1729631,21,81442,244,1514,323,8113
83,9916152954102,Right,-3,821728,0,7325504,0,2016381,17,74027,245,5673,319,7416
84,0055084228516,Right,-3,824483,0,7391191,0,2167611,16,20683,246,2584,318,1902
84,0195007324219,Right,-3,830574,0,7546507,0,2561742,12,84143,248,1323,315,3044
84,0332107543945,Right,-3,831327,0,7617084,0,2874618,10,85649,249,106,315,7075
84,0472717285156,Right,-3,833094,0,7674519,0,3084222,9,545353,249,7884,315,093
84,061279296875,Right,-3,83367,0,7752887,0,3448347,7,892542,250,7405,315,8321
84,0749435424805,Right,-3,834168,0,7786695,0,3583351,7,19017,251,0956,315,5639
84,0889205932617,Right,-3,834347,0,7860677,0,3975911,5,615624,251,7961,315,839
84,1027526855469,Right,-3,83341,0,7915735,0,4272996,4,392589,251,935,315,6867
84,1169967651367,Right,-3,832795,0,7954717,0,4469063,3,740438,251,8517,315,1674
84,1307144165039,Right,-3,831926,0,8014199,0,4813477,3,20208,252,0448,313,8308
84,1445999145508,Right,-3,831636,0,8021092,0,4943769,3,448406,252,0679,313,2545
84,1584243774414,Right,-3,83006,0,8055248,0,5310041,3,460782,251,8642,312,3707
84,1725006103516,Right,-3,82825,0,8079969,0,5617841,2,76387,251,4264,312,7841
84,1860809326172,Right,-3,828492,0,8107496,0,5782839,2,390678,251,6457,312,431
84,2001342773438,Right,-3,828593,0,815774,0,618264,1,647658,252,3924,311,4337
84,213996887207,Right,-3,832611,0,8170858,0,6328297,1,395165,252,648,311,1458
84,2278518676758,Right,-3,834395,0,8228763,0,6747459,0,2898079,253,421,310,3266
84,2417907714844,Right,-3,854584,0,8282459,0,7143303,359,1288,254,3228,309,2702
84,2555847167969,Right,-3,863975,0,8303319,0,732959,358,8023,254,7008,308,7827
84,2696151733398,Right,-3,889274,0,8349955,0,7803081,358,3109,255,6857,307,6802
84,2836380004883,Right,-3,906398,0,838627,0,8154257,357,5365,256,2221,307,1928
84,2973022460938,Right,-3,918313,0,8430046,0,8401025,356,4308,256,7248,306,7507
84,3113250732422,Right,-3,939034,0,8510377,0,8849669,354,4574,257,962,305,4895
84,3252716064453,Right,-3,947057,0,8539529,0,9039504,353,8448,258,4955,304,8777
84,3390121459961,Right,-3,968422,0,8615889,0,9533203,352,4613,259,9125,303,2076
84,3532028198242,Right,-3,984538,0,8654338,0,9931877,351,7459,260,7878,302,4047
84,3669052124023,Right,-3,99437,0,867732,1,017207,351,3881,261,2136,302,1976
84,3807525634766,Right,-4,013521,0,8720701,1,06317,350,4746,261,9965,302,0711
84,3947296142578,Right,-4,020732,0,8742286,1,080129,349,9605,262,3095,301,9781
84,408332824707,Right,-4,041863,0,8802977,1,1269,348,7687,263,3234,301,2561
84,4225082397461,Right,-4,066031,0,8850316,1,163773,347,8437,264,0383,300,4623
84,4362869262695,Right,-4,082389,0,8876052,1,180123,347,3922,264,3983,300,0475
84,4500732421875,Right,-4,118402,0,8929122,1,214517,346,6279,265,0592,299,2448
84,4642105102539,Right,-4,132187,0,8935495,1,221898,346,6081,265,0745,299,2523
84,4779052734375,Right,-4,171086,0,8974713,1,248382,346,3347,265,1146,299,2637
84,4918975830078,Right,-4,209056,0,9016285,1,268272,345,8284,265,3991,298,9269
84,5059280395508,Right,-4,228198,0,903608,1,276288,345,5675,265,4394,298,7719
84,5195999145508,Right,-4,271148,0,9086154,1,294914,344,8961,265,7652,298,3468
84,5336151123047,Right,-4,304927,0,9115379,1,306336,344,4391,265,9555,298,1794
84,5478973388672,Right,-4,331253,0,9136921,1,314338,343,9706,266,0918,298,1521
84,5613327026367,Right,-4,369013,0,9168738,1,32574,343,4723,266,3042,298,0238
84,5756301879883,Right,-4,388585,0,9173945,1,330436,343,3864,266,2355,298,2281
84,5890731811523,Right,-4,430551,0,9207511,1,341945,342,8806,266,3412,298,2386
84,6030578613281,Right,-4,465746,0,9228018,1,350431,342,5232,266,2782,298,3546
84,6170425415039,Right,-4,488688,0,9237553,1,35547,342,3135,266,1713,298,481
84,6306762695313,Right,-4,529475,0,9266965,1,364747,341,6954,266,1797,298,2331
84,6448593139648,Right,-4,546318,0,9275576,1,367915,341,4829,266,1782,297,9477
84,6587448120117,Right,-4,590435,0,9304288,1,376287,340,9456,266,0736,297,4044
84,6725158691406,Right,-4,626359,0,9325606,1,382384,340,5421,266,0179,297,148
84,6866302490234,Right,-4,648776,0,9332274,1,385237,340,4242,265,8611,296,998
84,7004013061523,Right,-4,678515,0,9342833,1,390461,340,2864,265,5714,297,044
84,7143478393555,Right,-4,667331,0,9338111,1,390241,340,552,265,5275,297,0857
84,7282257080078,Right,-4,677764,0,9341725,1,39368,340,6843,265,3395,297,3035
84,7419357299805,Right,-4,678664,0,9323942,1,392481,341,076,265,1372,298,1581
84,7559432983398,Right,-4,677865,0,9324349,1,391552,341,2825,264,9916,298,5233
84,7698669433594,Right,-4,676799,0,9307023,1,38921,342,2749,264,4134,299,4637
84,7836380004883,Right,-4,67643,0,9287181,1,387508,343,2837,263,8562,300,1845
84,7976989746094,Right,-4,675568,0,9277368,1,386346,343,3634,263,5233,301,2057
84,8120574951172,Right,-4,673929,0,9286716,1,385139,342,9969,263,1724,301,9649
84,8253860473633,Right,-4,673049,0,9310097,1,385855,342,073,263,4354,301,4066
84,8394622802734,Right,-4,672126,0,9331473,1,386059,341,53,263,8077,301,3389
84,8530654907227,Right,-4,670938,0,9349495,1,388002,341,1732,263,9289,299,655
84,8670883178711,Right,-4,670749,0,9349027,1,388396,341,0699,263,9818,299,5535
84,8811340332031,Right,-4,670052,0,9345694,1,38907,341,193,263,8258,299,3878
84,894889831543,Right,-4,670377,0,9341101,1,389131,341,233,263,7871,299,534
84,908821105957,Right,-4,670016,0,9337583,1,389609,341,1349,263,7068,299,8887
84,9226684570313,Right,-4,670329,0,9335191,1,389692,341,2191,263,7037,299,6538
84,9367904663086,Right,-4,67017,0,9333736,1,390058,341,1835,263,6945,299,5448
84,9505310058594,Right,-4,670321,0,9331632,1,390546,341,1934,263,7493,299,4664
84,9642791748047,Right,-4,670309,0,9330895,1,390724,340,9507,263,7888,299,442
84,9782943725586,Right,-4,670246,0,9326317,1,39115,340,883,263,8354,299,4218
84,9922027587891,Right,-4,670331,0,9319781,1,391192,341,0707,263,8454,299,6888
85,005973815918,Right,-4,670451,0,9313993,1,391229,341,2573,263,9037,299,8593
85,0199661254883,Right,-4,670576,0,9302684,1,39102,341,3013,263,9141,300,0182
85,0339431762695,Right,-4,670577,0,930201,1,390962,341,3012,263,9141,300,0182
85,0481185913086,Right,-4,670726,0,9296118,1,390613,341,2906,263,9475,299,9501
85,061767578125,Right,-4,670894,0,9287896,1,390032,341,2906,263,9825,299,8386
85,0754318237305,Right,-4,670912,0,9285926,1,389887,341,2872,263,9863,299,8104
85,0894088745117,Right,-4,670294,0,9261419,1,386378,341,1021,263,8279,300,0124
85,1033020019531,Right,-4,669415,0,9249505,1,383491,341,0078,263,4739,300,1317
85,1171264648438,Right,-4,669165,0,924215,1,382478,340,7827,263,3712,300,6415
85,1311187744141,Right,-4,666973,0,9234544,1,376607,340,6319,262,5651,300,3578
85,1451568603516,Right,-4,666705,0,922598,1,374309,340,4714,262,3423,300,4431
85,1587524414063,Right,-4,665443,0,9213642,1,369376,340,2036,261,7438,301,0381
85,172966003418,Right,-4,655606,0,9205505,1,362396,340,0632,260,7679,301,2106
85,1865997314453,Right,-4,635206,0,9190634,1,354808,339,7455,260,24,301,7883
85,200569152832,Right,-4,596262,0,9165791,1,338149,340,2363,259,3269,304,0677
85,2145614624023,Right,-4,577226,0,9184029,1,330038,340,4672,257,2,301,6455
85,2282485961914,Right,-4,528922,0,915553,1,310709,340,4311,255,2991,301,9125
85,2423095703125,Right,-4,486555,0,9140943,1,294072,340,4464,253,8766,302,1656
85,2564315795898,Right,-4,462654,0,9136356,1,285594,340,3469,253,193,302,2742
85,2701187133789,Right,-4,412772,0,9122494,1,267664,340,0975,251,6926,302,4568
85,2841567993164,Right,-4,397096,0,9118153,1,262538,340,0486,251,2356,302,5941
85,297721862793,Right,-4,347376,0,9097361,1,246599,339,9188,249,6902,303,041
85,311653137207,Right,-4,300188,0,9063717,1,230917,340,0162,247,8575,303,9247
85,3256607055664,Right,-4,278171,0,9049202,1,224071,340,1184,246,9098,304,3987
85,3396682739258,Right,-4,223001,0,8999997,1,207842,340,5334,244,369,305,7173
85,3533248901367,Right,-4,184454,0,8968403,1,195803,340,8866,242,5724,306,6361
85,3673629760742,Right,-4,154936,0,8926925,1,185831,341,3977,241,1045,307,415
85,3813858032227,Right,-4,106767,0,8878534,1,16996,341,9029,239,1389,308,2469
85,3950729370117,Right,-4,088654,0,8861112,1,16185,342,0593,238,417,308,4497
85,4089126586914,Right,-4,036222,0,8802226,1,143174,342,5251,236,5306,308,8734
85,4226837158203,Right,-3,997494,0,8749976,1,122324,343,1954,235,1097,309,2268
85,4367218017578,Right,-3,974492,0,8712087,1,106568,343,8302,234,2942,309,3938
85,4505233764648,Right,-3,93114,0,8632219,1,078231,345,1639,233,1392,309,6518
85,4645156860352,Right,-3,917558,0,8597942,1,06787,345,8483,233,111,309,5859
85,4784545898438,Right,-3,873013,0,8509343,1,037386,347,3292,232,2924,309,8611
85,4923782348633,Right,-3,837463,0,8430046,1,011928,348,5225,231,7252,310,5378
85,5065765380859,Right,-3,816065,0,839058,0,99632,348,9855,231,2783,310,9559
85,5201416015625,Right,-3,775203,0,8306561,0,9666036,349,9291,230,4048,311,8809
85,5338592529297,Right,-3,765942,0,8280163,0,9567856,350,479,230,449,311,7444
85,5479202270508,Right,-3,723879,0,8190054,0,9246631,351,9278,229,7236,311,9261
85,5616302490234,Right,-3,691346,0,8111722,0,8951505,353,3566,229,1806,311,7356
85,5755310058594,Right,-3,677556,0,8076663,0,8798468,353,929,229,0096,311,5902
85,5895614624023,Right,-3,64242,0,7993121,0,841263,355,2391,228,466,311,3952
85,6034469604492,Right,-3,619948,0,7927635,0,8115184,356,2327,228,4084,311,4959
85,6174011230469,Right,-3,605586,0,7878597,0,7888964,356,9729,228,5369,311,9457
85,6312255859375,Right,-3,5839,0,7802261,0,750163,357,9611,228,8808,312,9456
85,6449737548828,Right,-3,57874,0,778428,0,734058,358,0457,229,3862,313,6142
85,6589508056641,Right,-3,560558,0,7710974,0,6879555,358,7958,230,0674,314,6304
85,6727752685547,Right,-3,550086,0,7668056,0,6512744,359,2601,230,5818,315,1832
85,6867141723633,Right,-3,547644,0,7645491,0,6272988,359,4529,230,8788,315,4004
85,7005844116211,Right,-3,546454,0,7592047,0,581182,359,8999,231,6923,316,0016
85,7145004272461,Right,-3,549916,0,7579867,0,5659938,0,1469466,232,2672,316,4797
85,7284088134766,Right,-3,557939,0,7518881,0,5184022,1,040674,233,4069,317,4554
85,7425918579102,Right,-3,579111,0,7480546,0,4835656,1,663669,234,0996,318,1555
85,7561645507813,Right,-3,591091,0,7464545,0,4660796,1,770097,234,2898,318,5586
85,7703018188477,Right,-3,619897,0,7436512,0,4251934,1,611296,234,5894,319,1042
85,7839889526367,Right,-3,628572,0,7437211,0,414642,1,443911,234,7907,319,0278
85,7978515625,Right,-3,660356,0,7415235,0,3755215,1,342977,235,8321,318,7482
85,8119201660156,Right,-3,688819,0,7385819,0,3427968,1,603812,236,8839,318,8217
85,8256149291992,Right,-3,701979,0,7371212,0,3297155,2,056725,237,2368,318,8939
85,8396453857422,Right,-3,737039,0,7327235,0,2935202,2,674176,237,9968,319,2628
85,8535232543945,Right,-3,765316,0,7290157,0,2705148,3,332856,238,3149,319,7672
85,8672714233398,Right,-3,767093,0,7259396,0,2560295,3,807427,238,5961,320,3152
85,8813247680664,Right,-3,777136,0,7198231,0,2327903,4,676202,239,2401,321,5497
85,8952407836914,Right,-3,778195,0,7171114,0,225316,5,06566,239,5866,322,6819
85,9091415405273,Right,-3,782117,0,7105729,0,2049022,5,493607,240,438,324,6683
85,9230880737305,Right,-3,785892,0,7082918,0,195187,5,354707,241,4372,325,7593
85,9369430541992,Right,-3,788516,0,7070746,0,1931242,5,250815,242,1069,325,8774
85,9509658813477,Right,-3,792957,0,7036958,0,192099,5,397644,243,0931,325,9932
85,9646148681641,Right,-3,794132,0,7030919,0,1922612,5,752864,243,1945,325,0323
85,978645324707,Right,-3,797419,0,6988177,0,1920394,7,212282,243,0545,322,4987
85,9924011230469,Right,-3,799095,0,6930383,0,1913395,8,833659,242,5315,320,7199
86,0063705444336,Right,-3,798994,0,6883388,0,1902322,9,818804,241,7695,320,374
86,0199890136719,Right,-3,797829,0,6788958,0,1893906,11,93397,240,7388,320,5258
86,0342864990234,Right,-3,79618,0,6727694,0,1887849,13,73864,240,2079,321,8163
86,047981262207,Right,-3,791831,0,6577642,0,1898149,17,8237,239,4367,324,2659
86,0617599487305,Right,-3,786783,0,6420586,0,1920916,21,80837,239,7653,329,1852
86,0758361816406,Right,-3,786029,0,6379639,0,1921111,22,80594,239,8398,330,4236
86,0896224975586,Right,-3,782991,0,6323045,0,1930914,22,40638,239,8458,333,7778
86,1035995483398,Right,-3,784468,0,6338339,0,1914538,21,13453,240,2234,333,6994
86,1175003051758,Right,-3,788363,0,6377188,0,1909013,19,31656,241,3091,332,0496
86,1312484741211,Right,-3,7927,0,6382146,0,1916617,17,99496,242,9016,330,7112
86,1454162597656,Right,-3,795569,0,6384304,0,1928031,17,0146,243,889,330,5884
86,1593551635742,Right,-3,800119,0,6355016,0,1944863,16,13823,245,3315,331,3945
86,1730804443359,Right,-3,801969,0,6304408,0,1957918,17,02035,245,7719,332,3576
86,187141418457,Right,-3,802286,0,6265938,0,1964998,18,164,245,7419,332,4458
86,2007446289063,Right,-3,803043,0,6199393,0,1975532,19,63979,245,5601,333,0185
86,2146987915039,Right,-3,80391,0,6190192,0,1973138,19,7438,245,4939,333,0174
86,2285995483398,Right,-3,805524,0,6171685,0,1970678,19,7271,245,2702,332,5067
86,2423400878906,Right,-3,80792,0,6217033,0,195802,17,94441,245,1975,330,5795
86,2565307617188,Right,-3,807886,0,6275027,0,1945239,17,12467,244,5892,327,7018
86,2704467773438,Right,-3,808186,0,6316085,0,1945067,16,33515,244,2666,325,3412
86,2841339111328,Right,-3,807679,0,6321087,0,1951244,16,43828,244,1681,325,0513
86,2981262207031,Right,-3,807526,0,634649,0,1957472,16,34516,243,9933,324,3323
86,3120193481445,Right,-3,807407,0,6380588,0,1974638,15,90254,244,1607,324,6862
86,3258285522461,Right,-3,807688,0,6403809,0,1980697,15,65058,244,3151,324,4975
86,3397750854492,Right,-3,80861,0,6478262,0,1994011,13,83036,244,327,324,6874
86,3536071777344,Right,-3,809619,0,6566972,0,2000982,11,72095,244,3595,323,9052
86,367561340332,Right,-3,811615,0,6620244,0,2015883,8,99869,244,5586,325,0767
86,3815994262695,Right,-3,812629,0,6749269,0,2041854,7,39111,245,1547,323,1621
86,3953399658203,Right,-3,812927,0,6785684,0,2054261,6,890924,245,2456,322,2954
86,4094009399414,Right,-3,814612,0,6899425,0,2103117,5,096684,245,8318,321,2593
86,4234924316406,Right,-3,815448,0,6968178,0,2135527,3,771823,246,1991,321,0596
86,4369583129883,Right,-3,816303,0,7025599,0,2160667,2,693051,246,5057,321,0312
86,4509658813477,Right,-3,818337,0,7158513,0,2212173,0,1789325,247,1085,320,2906
86,4646911621094,Right,-3,818885,0,7213041,0,2232867,358,998,247,3483,319,6623
86,4787673950195,Right,-3,821056,0,7398446,0,2295693,355,4508,248,1971,317,1898
86,4929809570313,Right,-3,821382,0,7514393,0,2344946,353,0053,248,7638,315,7646
86,5063705444336,Right,-3,821369,0,7584985,0,2379895,352,0623,249,1414,314,7045
86,5204086303711,Right,-3,821621,0,7719887,0,2448644,350,0705,249,9778,313,2538
86,5343399047852,Right,-3,82101,0,7762272,0,2474171,349,4866,250,1734,312,9233
86,5481643676758,Right,-3,82012,0,7929468,0,2552572,346,9489,251,0747,311,394
86,5621185302734,Right,-3,818532,0,8067266,0,2627852,344,7054,252,1888,309,7557
86,5758056640625,Right,-3,817904,0,8124524,0,2701701,343,9309,252,7917,308,9904
86,5899124145508,Right,-3,815915,0,827073,0,2852664,342,2104,254,1395,307,195
86,6038208007813,Right,-3,813593,0,8367171,0,3046119,340,937,254,9167,305,9878
86,6174926757813,Right,-3,812829,0,8442693,0,3230262,340,1692,255,3796,305,1618
86,6315383911133,Right,-3,812116,0,8553859,0,3549613,339,1249,256,1387,303,9608
86,6454010009766,Right,-3,811027,0,8593323,0,3698479,338,9753,256,4126,303,4692
86,6595687866211,Right,-3,809585,0,8714077,0,4087221,337,8695,257,3507,301,9151
86,6731643676758,Right,-3,807967,0,8791148,0,4362986,337,1665,257,9673,300,5917
86,6871109008789,Right,-3,807058,0,884727,0,4556237,336,72,258,4244,299,7075
86,7009582519531,Right,-3,80645,0,8909788,0,4893146,336,6838,258,9424,298,7052
86,7149810791016,Right,-3,806094,0,8928791,0,5023955,336,6894,259,0677,298,7275
86,7286148071289,Right,-3,805789,0,8977898,0,5369071,336,3234,259,2704,299,314
86,7425765991211,Right,-3,804635,0,9027473,0,5665874,335,5691,259,5232,299,837
86,7565002441406,Right,-3,808807,0,9057712,0,5875064,335,0766,259,7106,299,9921
86,7700729370117,Right,-3,824617,0,9117498,0,62729,334,1295,260,1614,299,9547
86,7839126586914,Right,-3,817559,0,9118729,0,6383809,334,1199,260,2076,300,0634
86,7979049682617,Right,-3,844067,0,9152738,0,6821066,334,015,260,5108,300,1265
86,8118057250977,Right,-3,869629,0,9172842,0,7155136,334,1666,260,7742,300,1375
86,8256454467773,Right,-3,883499,0,9179829,0,7312716,334,1227,260,9179,299,9961
86,8393478393555,Right,-3,916232,0,9219673,0,7697273,333,3926,261,494,299,2433
86,8533325195313,Right,-3,94237,0,9245288,0,8004287,332,9288,262,3122,298,3785
86,8672561645508,Right,-3,960402,0,926056,0,8216026,332,8256,262,8363,297,9013
86,880973815918,Right,-3,991181,0,9283063,0,8574114,332,7084,263,4783,297,4214
86,8948059082031,Right,-4,002959,0,9291869,0,8711743,332,6847,263,6459,297,2865
86,9085693359375,Right,-4,036891,0,9301759,0,9090389,333,1866,264,0339,297,183
86,9227523803711,Right,-4,065566,0,9306636,0,941198,333,6175,264,4304,297,223
86,9365158081055,Right,-4,081327,0,9315914,0,9591398,333,5086,264,7845,297,1081
86,9503707885742,Right,-4,113574,0,9343591,0,9973356,332,772,265,6971,296,6123
86,964225769043,Right,-4,123431,0,934961,1,009206,332,4809,266,0274,296,4523
86,9782104492188,Right,-4,156853,0,9372269,1,048388,331,9673,266,8269,296,1104
86,9918060302734,Right,-4,18489,0,9378779,1,078803,331,9207,267,181,296,0797
87,0059204101563,Right,-4,200449,0,9376897,1,09418,332,0779,267,1836,296,0897
87,0198364257813,Right,-4,235352,0,9386874,1,129877,332,0993,267,5291,295,9518
87,0336532592773,Right,-4,26163,0,9381984,1,153964,332,4783,267,5558,296,0108
87,0475616455078,Right,-4,281921,0,9380976,1,172085,332,6916,267,6482,295,9781
87,0613250732422,Right,-4,314145,0,9388576,1,201448,332,6909,268,0419,295,7348
87,0753021240234,Right,-4,32842,0,9394794,1,213449,332,5262,268,1779,295,4514
87,0895233154297,Right,-4,366375,0,9405337,1,246428,332,3839,268,4747,295,0935
87,1029357910156,Right,-4,392968,0,9400863,1,267208,332,4969,268,1691,295,3077
87,117057800293,Right,-4,413351,0,939272,1,281279,332,5623,267,8517,295,5432
87,1310272216797,Right,-4,448195,0,9387948,1,30718,332,6741,267,4364,295,8464
87,1451187133789,Right,-4,462747,0,938965,1,318422,332,6799,267,416,295,8644
87,1586303710938,Right,-4,497495,0,9395425,1,346784,332,7382,267,165,296,0126
87,1724014282227,Right,-4,524602,0,9398795,1,369262,332,8298,266,8636,296,321
87,1864624023438,Right,-4,536147,0,9398289,1,376985,332,9508,266,6659,296,5804
87,2001953125,Right,-4,546232,0,9392731,1,383953,333,4492,265,9476,297,3875
87,2142028808594,Right,-4,543686,0,9394034,1,382827,333,5548,265,7388,297,5135
87,2281494140625,Right,-4,544605,0,9393833,1,383136,333,6336,265,3481,297,5998
87,2421035766602,Right,-4,543986,0,9397072,1,38308,333,5306,265,2101,297,5004
87,2561187744141,Right,-4,543971,0,9398745,1,383204,333,4665,265,2429,297,3463
87,2698516845703,Right,-4,543172,0,9407014,1,383592,333,248,265,3374,296,8613
87,2836837768555,Right,-4,542704,0,940751,1,383778,333,1996,265,404,296,5679
87,2976303100586,Right,-4,542731,0,9406157,1,383845,333,1724,265,4644,296,5353
87,3116226196289,Right,-4,542604,0,9401779,1,38368,333,2767,265,4262,296,5898
87,3256225585938,Right,-4,542485,0,940078,1,383598,333,2794,265,3907,296,6168
87,3395843505859,Right,-4,542297,0,9398918,1,383446,333,2674,265,602,296,616
87,3530654907227,Right,-4,541166,0,9393247,1,38296,333,2813,265,2874,296,9879
87,3671417236328,Right,-4,540792,0,9391438,1,38276,333,3039,265,2071,297,0543
87,3809204101563,Right,-4,53997,0,9385404,1,382296,333,3493,265,0363,297,1205
87,3947067260742,Right,-4,539707,0,9382948,1,382129,333,3515,264,9817,297,1436
87,4087066650391,Right,-4,53849,0,9373119,1,38147,333,4049,264,7495,297,1948
87,4227676391602,Right,-4,537721,0,9362657,1,380886,333,5315,264,5564,297,2217
87,4363708496094,Right,-4,537238,0,9350461,1,380324,333,676,264,3828,297,3471
87,4503936767578,Right,-4,536633,0,9326635,1,379196,333,9383,264,0125,297,7081
87,4641342163086,Right,-4,536701,0,9322519,1,378955,333,9881,263,9455,297,8193
87,4783401489258,Right,-4,5371,0,9307701,1,378484,334,0542,263,9906,298,048
87,4920501708984,Right,-4,53724,0,9305124,1,378453,334,041,264,1408,298,0245
87,5058135986328,Right,-4,537253,0,9301685,1,378292,334,05,264,2001,298,0202
87,5198745727539,Right,-4,537515,0,9290512,1,377446,334,1803,264,2253,297,8917
87,5337142944336,Right,-4,537556,0,9289926,1,377434,334,1807,264,2252,297,8911
87,5476150512695,Right,-4,537929,0,9275568,1,376463,334,3742,264,279,297,8419
87,5617446899414,Right,-4,538344,0,9247997,1,373971,334,7476,264,2046,297,8527
87,5752105712891,Right,-4,538364,0,9237834,1,372886,334,8776,264,1198,297,9171
87,5894088745117,Right,-4,53792,0,9191799,1,366679,335,3449,263,4384,298,426
87,6031951904297,Right,-4,53711,0,9171032,1,362628,335,4731,262,7103,298,9388
87,6170425415039,Right,-4,536005,0,9154301,1,358611,335,4728,261,872,299,4866
87,6309814453125,Right,-4,534275,0,9122204,1,351134,335,7173,260,2931,300,3412
87,6449279785156,Right,-4,533986,0,9112675,1,348696,335,8565,259,8372,300,5298
87,6586456298828,Right,-4,525279,0,9077512,1,341245,336,2936,258,3127,301,0116
87,6727676391602,Right,-4,492634,0,904993,1,331684,336,5928,257,0186,301,7133
87,6864929199219,Right,-4,469743,0,9040172,1,323717,336,3539,256,6377,302,283
87,7004547119141,Right,-4,419298,0,8999749,1,308654,336,9493,254,5013,302,6676
87,7143402099609,Right,-4,404512,0,8983954,1,303128,337,0215,253,9076,303,0226
87,7280807495117,Right,-4,354132,0,8941659,1,287255,337,2652,252,1863,303,9634
87,7419891357422,Right,-4,310445,0,8907432,1,273914,337,5509,250,539,304,6381
87,7560348510742,Right,-4,287711,0,8887097,1,267122,337,8044,249,6278,304,9654
87,7701416015625,Right,-4,235759,0,8834695,1,252141,338,5395,247,7272,305,6764
87,7838363647461,Right,-4,222958,0,8822206,1,247362,338,692,247,3178,305,8894
87,7976837158203,Right,-4,171208,0,8770394,1,233194,339,1848,245,8241,306,5983
87,8115005493164,Right,-4,126617,0,8727974,1,217991,339,4532,244,6166,307,2679
87,8253936767578,Right,-4,106881,0,8710585,1,209788,339,5789,244,0836,307,5383
87,8394088745117,Right,-4,054571,0,8655253,1,190013,339,9431,242,5449,308,3357
87,8530960083008,Right,-4,017035,0,8614869,1,170771,340,2183,241,2415,309,0156
87,8669586181641,Right,-3,992864,0,8586372,1,15405,340,532,240,3043,309,4536
87,8808135986328,Right,-3,948591,0,852174,1,121505,341,2379,238,326,310,455
87,8947601318359,Right,-3,934391,0,8498593,1,104821,341,5186,237,4333,310,9303
87,9087142944336,Right,-3,890693,0,8427061,1,062923,342,1832,235,2732,312,0283
87,9225158691406,Right,-3,864103,0,8368754,1,02197,342,7373,233,6291,313,0492
87,9364776611328,Right,-3,852947,0,8330928,0,9953488,343,1631,232,8512,313,8379
87,9501037597656,Right,-3,827246,0,8250184,0,9443568,344,1502,231,3066,315,1976
87,9640274047852,Right,-3,823087,0,8231611,0,9269478,344,6219,231,0651,315,5348
87,9782562255859,Right,-3,802471,0,814008,0,8717587,346,0326,230,2714,316,4285
87,9916000366211,Right,-3,790474,0,8078424,0,8268639,347,0623,229,6833,316,7487
88,0058212280273,Right,-3,786556,0,8051751,0,8020273,347,5283,229,45,316,7411
88,0194931030273,Right,-3,777721,0,797969,0,7499927,348,6956,229,1683,316,6054
88,0333557128906,Right,-3,773693,0,7924394,0,7098633,349,6092,229,2608,316,6851
88,0472946166992,Right,-3,772413,0,7885531,0,6820503,350,2822,229,5258,317,0988
88,0610198974609,Right,-3,770611,0,7815177,0,6348904,351,5054,229,9279,317,8983
88,075080871582,Right,-3,771447,0,7795442,0,6155326,351,9893,230,1868,318,3103
88,0890960693359,Right,-3,771817,0,7724212,0,5632606,353,1772,230,468,319,0513
88,102668762207,Right,-3,775826,0,7680805,0,5251086,353,9139,231,0756,319,2198
88,1167678833008,Right,-3,779831,0,7648635,0,4993879,354,5436,231,4573,319,4425
88,1310272216797,Right,-3,791826,0,7575301,0,4523348,355,9002,232,3752,319,9835
88,144416809082,Right,-3,790176,0,7552699,0,4396599,356,4656,232,7196,320,3769
88,1584167480469,Right,-3,79897,0,7461613,0,3924402,358,2679,233,5024,321,7074
88,1722106933594,Right,-3,801457,0,7378131,0,35829,0,1357851,233,4664,322,5363
88,1861877441406,Right,-3,801711,0,7341776,0,3395413,1,360555,233,1741,322,6306
88,2001113891602,Right,-3,803014,0,724974,0,3011763,3,497829,232,7804,322,9486
88,2138061523438,Right,-3,803237,0,7232599,0,2946551,3,96961,232,5237,322,8206
88,2278900146484,Right,-3,80305,0,7148827,0,2646133,5,568286,231,9007,322,5171
88,2420883178711,Right,-3,803491,0,7071847,0,2566808,6,894113,231,622,322,4062
88,2555236816406,Right,-3,803964,0,7034854,0,25668,7,544814,231,5568,322,6022
88,269645690918,Right,-3,804823,0,6936567,0,2541428,9,035158,231,5062,323,2953
88,2832489013672,Right,-3,807391,0,6868761,0,2521691,9,305428,232,0704,324,606
88,2972106933594,Right,-3,809037,0,6824901,0,2508617,9,553358,232,426,325,4047
88,311164855957,Right,-3,812442,0,6745572,0,2479487,9,71642,232,9014,326,8856
88,3248825073242,Right,-3,813549,0,6727923,0,246031,9,55498,232,9457,327,1913
88,3390655517578,Right,-3,817736,0,6673743,0,2401745,9,063902,233,0055,327,0158
88,353385925293,Right,-3,820622,0,6627269,0,23635,9,184511,233,1951,326,8075
88,3666381835938,Right,-3,822636,0,6600893,0,2334053,9,36799,233,3583,326,2591
88,3805999755859,Right,-3,826135,0,6527857,0,2283842,10,34177,233,724,325,9601
88,3944396972656,Right,-3,827201,0,6493775,0,2270328,10,91986,233,917,326,3062
88,4084243774414,Right,-3,829912,0,6377874,0,2239788,12,91279,234,6732,328,0455
88,4222717285156,Right,-3,830986,0,6266357,0,2224664,15,09258,235,3835,330,9542
88,4360504150391,Right,-3,831245,0,6210899,0,2214811,16,18723,235,7347,332,7766
88,450065612793,Right,-3,831237,0,6101736,0,2191016,17,46545,235,8696,336,6591
88,4645233154297,Right,-3,831147,0,6106802,0,2157636,17,05046,235,4304,337,0622
88,4778060913086,Right,-3,831025,0,6093175,0,2091435,15,93616,234,119,336,6023
88,4918212890625,Right,-3,831622,0,6071107,0,2036966,15,66186,233,4451,335,4385
88,5054626464844,Right,-3,831305,0,6063997,0,201182,15,85225,232,9221,334,445
88,5195846557617,Right,-3,83036,0,604139,0,1962069,15,2282,231,769,330,1267
88,5334014892578,Right,-3,831018,0,5996599,0,1967141,13,58857,232,1543,327,0986
88,5472030639648,Right,-3,831603,0,5986782,0,199243,13,07935,232,5655,326,0888
88,561149597168,Right,-3,834377,0,5999763,0,201974,12,68101,233,5717,327,131
88,5752868652344,Right,-3,834902,0,6039773,0,2040989,13,57511,234,1142,328,6325
88,5889511108398,Right,-3,836674,0,6151604,0,2064007,14,16555,234,803,330,1324
88,6028518676758,Right,-3,835832,0,6250272,0,2069673,13,14275,234,2747,327,6877
88,6167297363281,Right,-3,833912,0,6336325,0,2087347,12,61527,233,4452,323,8905
88,6305541992188,Right,-3,833761,0,6404774,0,209405,11,30669,233,0712,320,3273
88,64453125,Right,-3,832574,0,6438055,0,2108141,10,70738,232,9837,318,3521
88,6584854125977,Right,-3,831762,0,6525845,0,2120226,9,59069,233,2998,315,5539
88,6722946166992,Right,-3,828021,0,6697527,0,217969,6,526882,232,8074,314,6426
88,6863555908203,Right,-3,829535,0,6793609,0,2207819,3,891307,233,9186,313,5778
88,7003631591797,Right,-3,830662,0,693364,0,2263626,0,5372023,235,5142,312,3424
88,7140426635742,Right,-3,830377,0,6967189,0,2399547,0,5185072,236,0759,312,3892
88,7277069091797,Right,-3,830529,0,7087549,0,267229,359,6197,236,4021,311,3429
88,7416458129883,Right,-3,830196,0,7186158,0,3111385,359,9318,235,8039,309,2317
88,7556076049805,Right,-3,830794,0,722497,0,3342778,359,9162,235,519,308,5407
88,7694625854492,Right,-3,832384,0,7329194,0,3900233,358,5089,235,9629,308,1181
88,7835388183594,Right,-3,8342,0,7416088,0,4330613,356,7252,238,0401,307,0579
88,797607421875,Right,-3,83427,0,7469882,0,4649352,356,0426,238,8986,306,894
88,8111190795898,Right,-3,838672,0,7556638,0,5145336,354,3811,239,1584,307,3227
88,8250732421875,Right,-3,840131,0,7599433,0,5363457,353,6574,239,0978,307,5811
88,8390274047852,Right,-3,844925,0,7701169,0,5936497,352,4673,238,2802,307,5889
88,8527297973633,Right,-3,847891,0,7781637,0,6381648,351,7303,237,3914,307,7917
88,866813659668,Right,-3,849879,0,7837361,0,6675725,351,1367,237,632,308,0611
88,8805313110352,Right,-3,854272,0,7928789,0,7218348,350,3297,238,779,307,929
88,8944931030273,Right,-3,856743,0,7961113,0,7411811,349,7887,239,7669,307,6999
88,9085540771484,Right,-3,862929,0,8068091,0,7996389,348,3919,241,4904,306,6096
88,9225463867188,Right,-3,869609,0,8154089,0,8472852,347,3448,242,3797,305,4316
88,9363327026367,Right,-3,879113,0,8203716,0,8720695,346,8228,242,8038,304,8714
88,9501495361328,Right,-3,897868,0,8314666,0,9256873,345,658,243,9417,303,3538
88,964111328125,Right,-3,904098,0,8345001,0,9426125,345,0559,244,227,303,4202
88,9780044555664,Right,-3,92735,0,8465798,0,9970366,342,5854,247,179,303,0143
88,9916458129883,Right,-3,947756,0,8568336,1,042918,340,6518,249,5622,302,4062
89,0057830810547,Right,-3,959324,0,8612914,1,064967,339,8586,250,3688,301,9976
89,0196228027344,Right,-3,984972,0,8727562,1,116299,338,5894,250,0743,301,5564
89,0333251953125,Right,-4,008188,0,8818382,1,151924,337,5598,250,1553,300,7428
89,0476226806641,Right,-4,026803,0,8889121,1,179003,336,9113,249,8354,299,8586
89,0613555908203,Right,-4,056613,0,90039,1,219455,335,577,251,0164,297,7952
89,074951171875,Right,-4,068693,0,904687,1,23537,334,8642,251,9236,296,6502
89,0889663696289,Right,-4,103243,0,9180041,1,281714,333,0091,254,3036,294,1349
89,1027603149414,Right,-4,129799,0,9266633,1,316933,331,5592,255,6069,293,088
89,1168212890625,Right,-4,147411,0,9322714,1,339129,330,6079,256,5785,292,7376
89,1306457519531,Right,-4,180983,0,9433522,1,380357,328,7578,258,8805,292,0064
89,14453125,Right,-4,192815,0,9460546,1,394306,328,007,259,4217,292,8134
89,1586608886719,Right,-4,231277,0,9570812,1,437714,326,0728,262,3902,292,5646
89,1723251342773,Right,-4,260714,0,9649284,1,470365,324,8619,264,3958,291,9365
89,1861190795898,Right,-4,27752,0,9685439,1,487285,324,6356,264,8142,291,6358
89,2002029418945,Right,-4,317454,0,9768941,1,526009,323,8348,267,0062,289,4375
89,213981628418,Right,-4,329157,0,9771739,1,534975,323,9291,267,3511,289,0411
89,2279968261719,Right,-4,362814,0,9813519,1,564108,324,077,267,6087,289,1578
89,241813659668,Right,-4,372509,0,9821749,1,573725,325,1281,267,8369,290,2673
89,2559051513672,Right,-4,375019,0,9831196,1,576739,325,6668,268,6104,290,164
89,2695846557617,Right,-4,381129,0,9838772,1,583681,326,5358,270,637,290,7825
89,2834396362305,Right,-4,385359,0,9848265,1,588836,326,2642,273,4844,290,3703
89,2971420288086,Right,-4,386714,0,9856846,1,592858,326,066,273,9543,291,368
89,3113861083984,Right,-4,390936,0,9874376,1,599772,325,9904,275,202,291,3108
89,3248901367188,Right,-4,393273,0,9871421,1,60182,326,1652,276,215,291,1544
89,3390350341797,Right,-4,399814,0,9862447,1,607934,327,0215,278,2766,290,7283
89,3531723022461,Right,-4,405021,0,9825721,1,610656,328,4877,278,5602,291,6021
89,3665618896484,Right,-4,409001,0,9793479,1,61152,329,3473,279,0277,292,5901
89,3808975219727,Right,-4,417456,0,9711732,1,613151,331,011,280,0782,296,232
89,3948135375977,Right,-4,420194,0,966105,1,612631,332,2677,279,4896,300,8612
89,4081954956055,Right,-4,427774,0,957421,1,614274,335,6347,278,6122,306,7819
0,Empty dishwasher end,0,0,0,0,0,0
89,4222183227539,Right,-4,433721,0,9492857,1,615353,337,4439,279,6983,310,1072
89,4362030029297,Right,-4,434766,0,9455283,1,615601,337,7651,279,8597,312,7332
89,4506149291992,Right,-4,434705,0,9437393,1,616377,336,3542,280,3692,314,3899
89,4641494750977,Right,-4,432107,0,9467266,1,615973,334,6331,280,4481,313,3617
89,4777603149414,Right,-4,429746,0,9501072,1,616911,332,3069,281,162,311,5817
89,4917755126953,Right,-4,425942,0,9527939,1,617671,330,5461,282,3129,307,8528
89,5056228637695,Right,-4,425277,0,9506926,1,617543,330,5831,282,5981,307,6027
89,5193099975586,Right,-4,425023,0,9489331,1,618627,330,0308,283,5831,307,0986
89,5334930419922,Right,-4,423042,0,9416303,1,614044,331,5855,282,4891,308,9485
89,5472412109375,Right,-4,422779,0,9385766,1,609767,332,6588,281,0481,309,0453
89,5611572265625,Right,-4,423131,0,9347267,1,605445,333,6845,279,6073,308,8272
89,5751876831055,Right,-4,423491,0,9335752,1,604953,333,8107,279,5289,308,8412
89,5888519287109,Right,-4,42546,0,9305285,1,601557,334,7612,278,523,307,8339
89,6031265258789,Right,-4,428678,0,9287137,1,601673,335,019,278,7619,307,0349
89,6169815063477,Right,-4,430409,0,9275261,1,60224,335,0818,279,1565,306,7991
89,6305541992188,Right,-4,435745,0,9270181,1,607517,334,1369,281,5675,307,567
89,644660949707,Right,-4,435253,0,9274255,1,608505,333,7626,282,2012,307,9131
89,6585006713867,Right,-4,437323,0,9284418,1,612844,332,5638,284,0341,308,7616
89,6724395751953,Right,-4,437496,0,9291998,1,614854,331,9827,285,0571,308,9443
89,686408996582,Right,-4,437332,0,9300237,1,615632,332,0359,285,1782,308,6371
89,7001113891602,Right,-4,437819,0,9303405,1,616235,332,4131,285,1881,308,0131
89,7141189575195,Right,-4,43807,0,9298528,1,615425,332,8624,284,7466,307,6572
89,7282104492188,Right,-4,437317,0,9290093,1,612759,333,5544,283,6543,307,6532
89,741943359375,Right,-4,436908,0,9280779,1,610557,333,5871,283,2089,308,5194
89,7557678222656,Right,-4,436588,0,9281972,1,609814,333,4179,283,1512,308,7347
89,7699661254883,Right,-4,433715,0,9286222,1,605156,332,3902,282,674,309,6498
89,7835845947266,Right,-4,433349,0,9288229,1,604501,332,2624,282,6044,309,7384
89,7976684570313,Right,-4,428704,0,9298513,1,599242,331,3754,281,6798,309,5773
89,8112945556641,Right,-4,424201,0,9317575,1,594781,330,3999,280,7576,308,6245
89,8251266479492,Right,-4,421501,0,932875,1,592908,329,7194,280,3794,307,55
89,8390350341797,Right,-4,41591,0,9343061,1,588949,328,7066,279,7674,306,4482
89,8528366088867,Right,-4,412023,0,9328427,1,58608,328,3266,279,3194,306,7946
89,8669586181641,Right,-4,410025,0,9315187,1,584233,328,1831,279,1271,307,3405
89,8808059692383,Right,-4,405809,0,9303018,1,580366,327,7936,278,6553,308,0612
89,8946914672852,Right,-4,404177,0,9296813,1,578134,327,5503,278,1714,308,2616
89,9086227416992,Right,-4,399408,0,9282508,1,572154,326,921,276,7528,308,3152
89,9225692749023,Right,-4,396229,0,9268939,1,566398,326,3336,275,1215,308,3678
89,9362258911133,Right,-4,394892,0,9261116,1,563374,326,0252,274,2339,308,4932
89,9503021240234,Right,-4,390502,0,9230157,1,55324,325,2715,270,6777,309,5267
89,9641952514648,Right,-4,391309,0,9215831,1,549554,325,2489,269,1889,310,2615
89,9779739379883,Right,-4,389257,0,9165865,1,540412,325,3521,266,0325,312,0428
89,9918594360352,Right,-4,391098,0,9106616,1,533764,326,3788,263,9857,314,2854
90,0057525634766,Right,-4,393249,0,907607,1,531206,327,1392,263,3663,315,5664
90,0196838378906,Right,-4,401434,0,8972734,1,527212,328,9616,263,0132,319,4868
90,0336151123047,Right,-4,40729,0,8924375,1,526286,330,1582,263,8328,322,6876
90,0476455688477,Right,-4,413435,0,8907582,1,529412,330,3764,265,4651,324,113
90,0615081787109,Right,-4,419216,0,8907999,1,532635,329,7916,267,2314,324,8664
90,0750427246094,Right,-4,420718,0,8919294,1,534322,329,3024,268,052,324,36
90,0890731811523,Right,-4,42794,0,8948891,1,539682,328,5053,270,1808,322,1888
90,1029739379883,Right,-4,433355,0,8946029,1,542034,328,5017,271,1406,321,3815
90,1168899536133,Right,-4,438305,0,8940121,1,543663,328,8311,271,6173,320,8969
90,1307067871094,Right,-4,448943,0,8924021,1,546516,329,6816,272,4164,320,3585
90,1447601318359,Right,-4,454035,0,8912085,1,547559,330,1263,272,4745,320,2217
90,1583938598633,Right,-4,468439,0,887524,1,55082,330,9135,272,978,320,309
90,1726150512695,Right,-4,480537,0,8843681,1,553395,331,6432,273,5968,321,3164
90,1862869262695,Right,-4,487818,0,8836477,1,555035,331,9541,273,8699,321,6949
90,2001342773438,Right,-4,501755,0,8832544,1,559031,331,2698,274,4641,319,9967
90,2142944335938,Right,-4,506321,0,8820186,1,56101,330,9766,274,8618,319,4453
90,2279434204102,Right,-4,518222,0,8806801,1,56482,330,1629,275,2905,317,9808
90,241813659668,Right,-4,525693,0,8798921,1,566073,335,6848,276,4839,318,5101
90,2557907104492,Right,-4,533148,0,8843334,1,574989,333,3683,277,8907,317,5388
90,2696304321289,Right,-4,543358,0,8901325,1,584898,334,2792,281,121,314,6786
90,2838973999023,Right,-4,547853,0,8927305,1,589351,334,8015,282,3835,313,4723
90,2973937988281,Right,-4,551328,0,8936636,1,591903,335,6028,283,0148,312,9062
90,3110733032227,Right,-4,556648,0,8945721,1,595652,335,8266,284,1416,312,9163
90,325080871582,Right,-4,555932,0,8943412,1,594313,336,0675,284,047,314,1791
90,3385772705078,Right,-4,561471,0,8934038,1,597232,336,7272,284,9333,315,0055
90,3525085449219,Right,-4,56114,0,8922001,1,595523,336,4251,284,7341,318,1562
90,3662948608398,Right,-4,564598,0,8924971,1,597387,334,5788,285,1159,319,3914
90,3800964355469,Right,-4,550426,0,8979534,1,592363,329,3004,283,0018,321,2206
90,3940887451172,Right,-4,54638,0,9007739,1,59101,328,6907,282,5703,320,8424
90,408073425293,Right,-4,531724,0,9085329,1,587011,327,1219,282,6013,318,2885
90,421760559082,Right,-4,524471,0,9121047,1,584859,326,3198,282,5738,317,0439
90,4359130859375,Right,-4,518034,0,9111669,1,581628,326,2392,281,9107,316,3492
90,4496536254883,Right,-4,509141,0,9122173,1,577642,325,744,281,231,315,5605
90,4635162353516,Right,-4,502147,0,9110811,1,573908,325,4051,280,2227,315,8575
90,4774856567383,Right,-4,49482,0,909197,1,570262,325,1252,279,0124,316,8524
90,4913330078125,Right,-4,485968,0,9093866,1,566575,324,4421,278,0876,317,0803
90,505126953125,Right,-4,480384,0,9098027,1,56503,323,7196,277,7128,317,0373
90,5191879272461,Right,-4,465911,0,910233,1,56207,322,3614,277,2239,316,3592
90,5326385498047,Right,-4,456547,0,9096081,1,560534,321,8862,277,1458,315,7431
90,5466995239258,Right,-4,450047,0,9083484,1,559607,321,8217,277,2267,315,2765
90,5603332519531,Right,-4,437718,0,906962,1,556585,321,211,276,8215,314,7635
90,5740051269531,Right,-4,432989,0,906447,1,554487,320,7386,276,0994,314,5686
90,5879135131836,Right,-4,418569,0,905517,1,548779,319,3832,274,2471,314,1956
90,6016845703125,Right,-4,400603,0,9031203,1,549002,318,6056,272,2036,314,7038
90,6158142089844,Right,-4,38308,0,901492,1,556015,318,6285,271,1309,315,2071
90,6296615600586,Right,-4,340841,0,8994741,1,572021,318,1742,269,4163,315,4886
90,6433715820313,Right,-4,304058,0,8984361,1,587529,317,7857,268,4128,315,3717
90,6574478149414,Right,-4,277302,0,8975747,1,599837,318,0997,267,7992,315,064
90,6714477539063,Right,-4,232369,0,8962575,1,619898,318,1747,266,8207,314,7001
90,6852111816406,Right,-4,214641,0,8961181,1,62814,318,258,266,7518,314,2696
90,6992568969727,Right,-4,165854,0,8955314,1,651825,318,6066,266,582,312,9762
90,7128372192383,Right,-4,129992,0,894703,1,668015,318,9843,266,2919,311,8974
90,7270965576172,Right,-4,105268,0,8942116,1,678918,319,4523,266,3655,311,1529
90,7409210205078,Right,-4,061894,0,893217,1,695401,320,1498,266,2463,310,1122
90,7545318603516,Right,-4,046154,0,8924793,1,698936,320,3351,265,9602,309,9535
90,7686233520508,Right,-3,997699,0,8918076,1,71336,320,3849,265,2641,310,1544
90,7826080322266,Right,-3,958936,0,8921364,1,722187,319,8809,264,6678,310,7819
90,7962341308594,Right,-3,937379,0,8920088,1,725445,319,8485,264,3645,310,9485
90,8101959228516,Right,-3,891316,0,8897853,1,732078,320,2323,263,4408,312,5332
90,8239593505859,Right,-3,878691,0,8900219,1,732168,320,196,263,1513,313,2515
90,8381195068359,Right,-3,829478,0,8889982,1,735553,320,184,262,4078,314,4587
90,8520050048828,Right,-3,791173,0,8883623,1,734987,320,4659,262,1084,314,7934
90,8656463623047,Right,-3,774146,0,8873181,1,732509,320,9897,262,1108,314,7747
90,8799514770508,Right,-3,729753,0,8835239,1,721893,322,6178,261,7114,315,1726
90,8938064575195,Right,-3,718845,0,8829994,1,715342,322,7704,261,5152,315,3186
90,9073638916016,Right,-3,677547,0,8801711,1,696616,323,5675,260,7361,316,0398
90,9212951660156,Right,-3,642857,0,8779139,1,669998,323,9019,259,4554,317,5851
90,9350738525391,Right,-3,630896,0,8782167,1,655728,323,7813,258,9928,318,3188
90,94921875,Right,-3,594136,0,8784614,1,61853,323,2517,258,0473,319,7683
90,9634017944336,Right,-3,570095,0,8798409,1,586581,322,7542,257,4767,320,1798
90,9771728515625,Right,-3,556435,0,8816001,1,565388,322,4504,257,662,319,5433
90,9909210205078,Right,-3,532408,0,882687,1,527693,322,5122,257,9722,318,5323
91,0046005249023,Right,-3,524431,0,8828334,1,514522,322,6291,258,2797,318,1022
91,0184783935547,Right,-3,499629,0,8835146,1,472321,322,8199,258,4478,317,5971
91,0323028564453,Right,-3,481035,0,8841432,1,435709,322,8516,258,4016,317,3741
91,0461578369141,Right,-3,471893,0,8840914,1,415105,322,9098,258,2362,317,4097
91,0601501464844,Right,-3,451453,0,8839021,1,370128,322,9031,257,9203,317,7643
91,0740280151367,Right,-3,446173,0,8839647,1,35649,322,8495,257,8106,317,9638
91,0878143310547,Right,-3,426827,0,8837245,1,310845,322,7899,257,5077,318,4065
91,1019592285156,Right,-3,410385,0,8829494,1,268795,323,0542,257,0796,318,6384
91,1156768798828,Right,-3,403602,0,8819667,1,248813,323,4206,256,6475,318,9266
91,129524230957,Right,-3,386266,0,8795271,1,201401,324,0671,255,8889,319,6302
91,1435546875,Right,-3,373863,0,8775057,1,1654,324,5734,255,2294,320,4814
91,1573333740234,Right,-3,365355,0,8760123,1,140407,324,726,254,7349,321,3165
91,1713180541992,Right,-3,349808,0,8751035,1,097482,324,6044,254,1818,321,9534
91,1851959228516,Right,-3,343631,0,8751281,1,080086,324,5206,254,1004,321,9789
91,1991577148438,Right,-3,327353,0,8749195,1,034371,324,3406,254,3828,321,6591
91,2131576538086,Right,-3,315049,0,874859,0,9995633,324,3867,254,6821,321,3276
91,2271728515625,Right,-3,307735,0,8744949,0,9759178,324,6426,254,9084,321,0126
91,2406768798828,Right,-3,294865,0,8734841,0,9349337,324,894,255,0937,320,9472
91,2547454833984,Right,-3,289849,0,8730628,0,9181303,324,9926,255,116,321,0362
91,2684326171875,Right,-3,276471,0,8721979,0,8739575,325,1917,255,1558,321,2118
91,2823867797852,Right,-3,265251,0,871863,0,8357768,325,2731,255,2033,321,221
91,2963943481445,Right,-3,259511,0,8717503,0,814184,325,3371,255,2959,321,1146
91,3102645874023,Right,-3,24748,0,8713222,0,7695831,325,4729,255,5421,320,8218
91,3242797851563,Right,-3,244417,0,8706907,0,7551134,325,6544,255,711,320,631
91,3380889892578,Right,-3,235081,0,8678674,0,7104553,326,5649,256,1511,320,2942
91,3517761230469,Right,-3,226757,0,8663485,0,6714433,326,9948,256,2063,320,3429
91,3658752441406,Right,-3,223119,0,8656244,0,6509787,327,2253,256,2619,320,3428
91,3796539306641,Right,-3,215656,0,8637046,0,6055985,327,7606,256,4957,320,4171
91,3934783935547,Right,-3,21124,0,8623393,0,5713349,328,0064,256,6308,320,6289
91,40771484375,Right,-3,207547,0,8618078,0,544335,327,9879,256,6021,320,8322
91,4213943481445,Right,-3,20331,0,8618923,0,5034845,327,8413,256,6005,320,7822
91,4353485107422,Right,-3,203764,0,8622127,0,4844667,327,7527,256,6326,320,6659
91,4493865966797,Right,-3,204062,0,861308,0,4375828,327,9765,256,9165,320,3459
91,4630584716797,Right,-3,205604,0,8605377,0,4026717,328,197,257,0157,320,1689
91,4769287109375,Right,-3,208364,0,8595033,0,3797219,328,4765,257,153,320,1682
91,4909286499023,Right,-3,212354,0,8583177,0,3366257,328,8998,257,415,320,1442
91,5046081542969,Right,-3,214731,0,8581308,0,3219551,328,9718,257,5244,320,1401
91,5187225341797,Right,-3,2211,0,8575398,0,2746955,329,1449,257,7935,320,0785
91,532600402832,Right,-3,227354,0,8573107,0,2379105,329,2252,258,0278,319,9271
91,5463714599609,Right,-3,231559,0,8572148,0,2174338,329,3049,258,2459,319,7481
91,5602798461914,Right,-3,241063,0,8568958,0,1732404,329,472,258,5825,319,5549
91,5740814208984,Right,-3,24522,0,8568555,0,1604551,329,5262,258,7073,319,4949
91,5881652832031,Right,-3,257177,0,8568934,0,1147451,329,7207,259,1103,319,2712
91,6020355224609,Right,-3,269603,0,8567416,0,07772678,329,9183,259,4109,319,2383
91,6158294677734,Right,-3,279233,0,8569009,0,06058538,329,9498,259,5709,319,3047
91,6297988891602,Right,-3,301529,0,8573658,0,01942843,329,9727,259,9482,319,261
91,64404296875,Right,-3,320076,0,8579278,-0,0100323,329,9601,260,2199,319,1113
91,657585144043,Right,-3,335533,0,8584108,-0,02937001,329,9968,260,4213,318,9778
91,6714630126953,Right,-3,362333,0,8592204,-0,06132144,330,1841,260,7227,318,6629
91,6851806640625,Right,-3,37408,0,8593286,-0,07407081,330,2526,260,8496,318,5938
91,6992416381836,Right,-3,408025,0,8598686,-0,1083835,330,4907,261,1677,318,4297
91,7130966186523,Right,-3,433698,0,8600139,-0,134448,330,5706,261,3189,318,3541
91,7268600463867,Right,-3,449882,0,8599569,-0,1519588,330,5496,261,2773,318,375
91,7409210205078,Right,-3,482663,0,8608916,-0,1826037,330,5318,261,4751,318,3713
91,7549133300781,Right,-3,496513,0,8625376,-0,1911896,330,5076,261,8617,318,144
91,7687149047852,Right,-3,531841,0,864244,-0,2215356,330,4622,262,1706,318,0664
91,7826156616211,Right,-3,561045,0,8652424,-0,2462421,330,5428,262,409,318,0417
91,7963104248047,Right,-3,578171,0,8659181,-0,2588763,330,5594,262,5722,317,9699
91,8103485107422,Right,-3,616726,0,8677465,-0,2858098,330,5224,262,8916,317,7921
91,8242492675781,Right,-3,628949,0,8693393,-0,2937422,330,5547,262,9473,317,7686
91,8379745483398,Right,-3,669376,0,8895831,-0,3181012,330,5452,262,986,317,7375
91,8520431518555,Right,-3,706073,0,8965603,-0,3378469,330,4911,262,9686,317,5391
91,8660202026367,Right,-3,724648,0,8946657,-0,3480898,330,4862,262,9778,317,5352
91,8800659179688,Right,-3,769033,0,8997434,-0,368419,330,3177,263,1641,317,2398
91,8938293457031,Right,-3,781105,0,8998079,-0,3733125,330,3208,263,1025,317,2879
91,9076614379883,Right,-3,824739,0,9012079,-0,3941759,330,2825,262,9438,317,4319
91,9213714599609,Right,-3,864787,0,9067472,-0,4083213,329,7924,262,7432,317,5792
91,9354553222656,Right,-3,884182,0,909785,-0,4135841,329,4117,262,6054,317,6831
91,94921875,Right,-3,929247,0,9156542,-0,4279641,328,6702,262,2381,317,8807
91,9631271362305,Right,-3,965233,0,9202787,-0,4383939,328,254,261,9978,317,7711
91,9772567749023,Right,-3,990965,0,92343,-0,4442083,328,0027,261,8932,317,694
91,9910125732422,Right,-4,033941,0,9289095,-0,4545512,327,5857,261,7892,317,5467
92,0049133300781,Right,-4,051854,0,9329203,-0,457495,327,3505,261,8901,317,3479
92,0189208984375,Right,-4,100979,0,9420324,-0,4670463,326,7464,262,2226,316,951
92,0324859619141,Right,-4,139148,0,9487402,-0,4735531,326,3485,262,6464,316,6177
92,046630859375,Right,-4,164015,0,952818,-0,4778555,326,088,262,8779,316,5206
92,0604095458984,Right,-4,211005,0,9602857,-0,4861575,325,6607,263,1144,316,4271
92,0742874145508,Right,-4,227318,0,9626233,-0,4890301,325,6707,262,9464,316,4157
92,0883483886719,Right,-4,278253,0,9703947,-0,4982651,325,3984,262,8678,316,3228
92,1020660400391,Right,-4,32107,0,9758701,-0,5039993,325,8468,262,7719,315,7645
92,116340637207,Right,-4,347404,0,9776695,-0,5049552,326,4948,262,7519,315,4711
92,1300506591797,Right,-4,397499,0,9836988,-0,5078049,326,7874,262,7584,315,1063
92,1437149047852,Right,-4,384951,0,9819081,-0,5083441,328,3311,262,6343,315,0605
92,1578063964844,Right,-4,415323,0,9779969,-0,5115229,332,5324,262,0622,314,895
92,1715698242188,Right,-4,42567,0,9714168,-0,5141457,336,7904,260,9739,315,3109
92,1854095458984,Right,-4,430665,0,966896,-0,5157223,339,0474,260,4049,315,9699
92,1995544433594,Right,-4,441033,0,9540437,-0,5183631,344,6292,259,0346,317,8739
92,2133255004883,Right,-4,448972,0,9436694,-0,5216249,349,0015,258,0676,319,7002
92,2273254394531,Right,-4,453657,0,9338106,-0,5245772,351,9418,257,2411,321,7603
92,2411346435547,Right,-4,46046,0,9218684,-0,5312459,355,8577,256,1013,324,5274
92,2548675537109,Right,-4,4636,0,9196784,-0,5338976,357,2534,255,8288,325,2396
92,2689895629883,Right,-4,467326,0,8957551,-0,5444811,0,3718629,254,2661,330,1738
92,2828598022461,Right,-4,470937,0,8848547,-0,5519381,3,607589,253,8123,331,0465
92,2966766357422,Right,-4,473205,0,8781614,-0,5558019,5,478317,253,6623,330,9911
92,3107452392578,Right,-4,476918,0,8634678,-0,5623232,8,431213,253,7088,330,8194
92,3243942260742,Right,-4,478656,0,8587411,-0,5644926,9,146821,253,8139,331,188
92,3385391235352,Right,-4,48148,0,842011,-0,5701302,10,91189,254,3118,333,7537
92,3523483276367,Right,-4,48353,0,8303732,-0,5755693,12,37813,254,2998,336,2269
92,3661575317383,Right,-4,483911,0,824706,-0,5793034,12,15208,253,7943,337,9074
92,380126953125,Right,-4,484932,0,813343,-0,5868933,12,59863,253,0813,339,5772
92,3939971923828,Right,-4,485979,0,8102183,-0,5892867,13,0252,253,0216,339,6857
92,4077911376953,Right,-4,486488,0,7989357,-0,5957347,14,47873,252,8986,338,425
92,4221343994141,Right,-4,486285,0,7872207,-0,6009175,16,03003,252,3415,337,9545
92,4355850219727,Right,-4,486439,0,782414,-0,6038864,16,64264,251,9148,337,8535
92,4496002197266,Right,-4,487046,0,7718315,-0,609511,16,96327,252,2056,338,0094
92,4634780883789,Right,-4,486234,0,7643534,-0,6119871,17,57705,252,8898,338,0599
92,4772644042969,Right,-4,486942,0,7577949,-0,6136242,17,36951,253,2061,338,8628
92,4912948608398,Right,-4,487413,0,7476751,-0,6149593,15,74949,254,9364,341,3278
92,5054168701172,Right,-4,485876,0,7442849,-0,615988,15,99025,254,5812,341,186
92,5190811157227,Right,-4,485883,0,7335676,-0,6167247,13,63506,255,5523,343,1426
92,5331192016602,Right,-4,483637,0,7288921,-0,618306,11,06469,256,2621,342,5748
92,5468978881836,Right,-4,483795,0,7243178,-0,6199218,9,144988,256,3619,341,7738
92,5610733032227,Right,-4,481222,0,7199875,-0,6195052,5,746886,256,1099,341,6302
0,Fill dishwasher start,0,0,0,0,0,0
92,5749130249023,Right,-4,479898,0,7188559,-0,6204121,5,206422,254,9982,340,9666
92,5883560180664,Right,-4,479161,0,7160595,-0,6194023,3,463454,254,6476,339,8903
92,6023330688477,Right,-4,478329,0,7179475,-0,61691,4,172922,253,6361,339,7437
92,6163177490234,Right,-4,479154,0,718654,-0,6160393,5,13522,253,511,340,3991
92,6301422119141,Right,-4,479412,0,7240972,-0,6153729,6,806208,253,0316,338,6747
92,6441268920898,Right,-4,479589,0,7262319,-0,6132097,7,605828,252,9012,339,2861
92,658073425293,Right,-4,478537,0,7351139,-0,6102905,8,774843,253,1404,337,4764
92,6718368530273,Right,-4,478967,0,7423258,-0,6067779,4,361461,253,7892,337,9401
92,6858139038086,Right,-4,478079,0,7487223,-0,604265,1,838479,255,098,339,1516
92,6997299194336,Right,-4,475467,0,7654131,-0,6026804,357,3262,255,2753,335,2762
92,7136154174805,Right,-4,474053,0,7714633,-0,5971365,357,0053,254,8529,334,5869
92,7278366088867,Right,-4,473475,0,7879966,-0,5938563,354,4651,253,8918,328,8006
92,7413558959961,Right,-4,474333,0,8056642,-0,5858167,350,5787,254,2015,323,7102
92,7553558349609,Right,-4,473946,0,8116428,-0,5816832,350,8574,254,5558,321,5128
92,7693099975586,Right,-4,471451,0,8319179,-0,5714443,352,9974,253,6654,318,7756
92,7831039428711,Right,-4,470233,0,8453642,-0,563984,356,7022,253,3835,319,4421
92,7969207763672,Right,-4,470018,0,855509,-0,5578129,357,2213,254,5486,320,8237
92,8114013671875,Right,-4,467083,0,8734289,-0,5460797,354,6331,258,7969,322,4814
92,8246536254883,Right,-4,462913,0,8802279,-0,5418991,353,2716,259,7306,323,9722
92,838752746582,Right,-4,452247,0,899965,-0,529694,353,019,260,5771,325,4232
92,8526458740234,Right,-4,446212,0,9155741,-0,5220351,352,8418,261,1799,324,3459
92,8665618896484,Right,-4,440262,0,9245775,-0,5167022,352,5934,260,4236,323,6348
92,8801956176758,Right,-4,429657,0,9452804,-0,5061609,349,8127,259,4742,319,912
92,8940734863281,Right,-4,42737,0,9492212,-0,5018138,347,6822,259,57,318,398
92,9082794189453,Right,-4,416673,0,9659939,-0,4875712,344,6964,259,7328,316,4752
92,9218139648438,Right,-4,408894,0,9788378,-0,4760866,342,9252,260,5368,315,397
92,9357757568359,Right,-4,403315,0,9829999,-0,4681676,341,1473,261,2232,315,6395
92,949836730957,Right,-4,39292,0,9973251,-0,4528365,339,9077,262,8848,315,9301
92,9635238647461,Right,-4,382674,1,002651,-0,4398407,337,3655,263,098,315,3403
92,9778900146484,Right,-4,376967,1,006516,-0,4303026,338,3891,263,6766,315,5606
92,991569519043,Right,-4,368013,1,012136,-0,4162445,339,452,264,596,314,9765
93,0052185058594,Right,-4,364831,1,01355,-0,4096433,339,6337,265,2218,314,848
93,0193252563477,Right,-4,356976,1,016778,-0,3915488,339,9695,267,6597,315,6886
93,0329742431641,Right,-4,349831,1,021148,-0,3784922,338,4885,269,9201,316,212
93,0469360351563,Right,-4,344986,1,021951,-0,3695125,337,7516,270,7955,317,6679
93,0609436035156,Right,-4,336975,1,024699,-0,3491059,338,0643,272,64,319,7917
93,0746383666992,Right,-4,334736,1,024157,-0,3203143,338,4823,273,3889,319,4767
93,0887908935547,Right,-4,325321,1,025381,-0,278056,340,3715,275,0361,318,2524
93,1026763916016,Right,-4,318278,1,026595,-0,2307491,341,6105,275,0507,316,8656
93,1163482666016,Right,-4,314044,1,028546,-0,2049115,341,6223,274,769,316,5464
93,1304702758789,Right,-4,305579,1,024328,-0,1798109,338,7962,274,7782,315,3106
93,1440811157227,Right,-4,300722,1,021956,-0,175393,339,1254,273,9649,316,2373
93,1580200195313,Right,-4,289054,1,01537,-0,1612982,342,0255,274,2025,317,7555
93,1720581054688,Right,-4,275274,1,010993,-0,1504356,344,9967,273,2755,319,3789
93,1857376098633,Right,-4,268961,1,008583,-0,1453032,345,965,273,1786,319,6034
93,1998519897461,Right,-4,251674,1,002332,-0,1317362,348,1732,273,7364,320,3238
93,2136993408203,Right,-4,237696,0,9995506,-0,1217404,350,1701,274,5992,320,8403
93,2274627685547,Right,-4,226298,0,9962859,-0,1152895,351,4758,274,8806,321,1697
93,2417373657227,Right,-4,207093,0,9916357,-0,104608,353,7685,275,1979,321,6335
93,2552261352539,Right,-4,199165,0,9904906,-0,09998399,354,195,275,1185,321,4058
93,2691268920898,Right,-4,179022,0,9856196,-0,08849972,353,9478,276,1859,321,2597
93,2831192016602,Right,-4,16666,0,9815594,-0,07975358,353,6033,277,4901,321,308
93,2969055175781,Right,-4,163425,0,9776495,-0,0752731,353,0896,278,2393,320,9968
93,3108520507813,Right,-4,151898,0,969856,-0,06683266,354,2486,278,2474,320,957
93,3247604370117,Right,-4,148403,0,9660114,-0,06410974,355,7913,278,0322,321,5229
93,3385162353516,Right,-4,137061,0,9555887,-0,05500412,0,5905042,278,1827,323,1768
93,3524322509766,Right,-4,127735,0,9499245,-0,04796398,4,567102,278,0695,323,8828
93,3665084838867,Right,-4,123439,0,9454885,-0,04459178,5,954688,278,3135,324,3651
93,380241394043,Right,-4,114029,0,9387991,-0,03583127,7,650704,278,8435,324,618
93,3942260742188,Right,-4,112184,0,9378083,-0,03237391,7,272424,279,626,324,8816
93,4081039428711,Right,-4,104292,0,933072,-0,02161217,5,607831,281,9192,326,0833
93,4218521118164,Right,-4,096367,0,9296765,-0,01388377,5,791398,284,1951,325,8626
93,4358062744141,Right,-4,091841,0,9261336,-0,01015705,6,653875,285,0714,326,5418
93,4496307373047,Right,-4,083002,0,917192,-0,003573477,9,836253,286,8252,327,865
93,4635314941406,Right,-4,075379,0,9094282,0,0004025698,12,16779,286,3499,330,1608
93,4778900146484,Right,-4,071072,0,9021308,0,002567708,14,15408,285,9207,332,2134
93,4912948608398,Right,-4,063964,0,8931186,0,007343948,15,69115,286,0826,334,3994
93,5053253173828,Right,-4,061596,0,8905472,0,009095252,16,47677,286,381,335,277
93,5191116333008,Right,-4,053467,0,8825643,0,01609981,17,68316,287,7471,336,8135
93,5329895019531,Right,-4,046857,0,8768292,0,02245802,18,8008,289,9613,337,7376
93,5468673706055,Right,-4,042078,0,8717647,0,02733463,19,14711,291,8705,338,4005
93,5607299804688,Right,-4,03194,0,8637965,0,03573996,19,69614,294,6311,341,0863
93,5746765136719,Right,-4,02766,0,8621249,0,03762668,20,14628,295,2837,341,9783
93,5886917114258,Right,-4,014517,0,8544286,0,04485255,22,28436,296,7391,342,9161
93,6023178100586,Right,-4,004139,0,8471282,0,05070359,24,48759,298,5132,343,9826
93,6163864135742,Right,-3,997486,0,8420389,0,05363673,25,67776,300,0419,344,9792
93,6302490234375,Right,-3,983374,0,8324522,0,05975693,28,33745,303,2909,348,0271
93,6439971923828,Right,-3,980196,0,8303686,0,06111699,29,18229,304,4901,349,4738
93,6580123901367,Right,-3,966487,0,82281,0,06525737,30,82531,307,3948,352,6872
93,671745300293,Right,-3,957097,0,8185838,0,06759328,31,3053,308,8094,352,9175
93,6857833862305,Right,-3,95326,0,8187674,0,0670107,31,10552,309,1276,350,7636
93,6996612548828,Right,-3,9418,0,81497,0,06886131,32,56506,309,9226,349,4261
93,7131118774414,Right,-3,935181,0,8131754,0,06937307,32,64225,308,827,346,9237
93,727180480957,Right,-3,931389,0,8118017,0,07010573,32,05865,307,7368,345,191
93,741325378418,Right,-3,925166,0,8097807,0,07227033,30,49688,306,5298,342,8347
93,7548370361328,Right,-3,921964,0,808273,0,07392007,30,00543,306,757,342,3026
93,7688674926758,Right,-3,915071,0,8075525,0,07855803,30,14466,308,6621,342,5049
93,7824096679688,Right,-3,91041,0,8076681,0,08300024,31,59368,311,3399,343,0607
93,7964477539063,Right,-3,907701,0,8068144,0,08562535,32,02302,312,9842,343,5363
93,8102569580078,Right,-3,904569,0,8057482,0,09179705,31,78124,315,4698,344,5761
93,8239212036133,Right,-3,903083,0,805042,0,0927549,31,1715,315,5392,344,4047
93,8379898071289,Right,-3,899976,0,8029031,0,09824198,29,93072,315,9038,344,2885
93,8520431518555,Right,-3,893492,0,7958004,0,1057497,30,20069,320,647,349,9601
93,8657302856445,Right,-3,892526,0,7963622,0,1065727,29,67298,322,4841,351,6836
93,8798980712891,Right,-3,886202,0,7936553,0,1105433,30,01553,324,9259,353,6671
93,8935012817383,Right,-3,882605,0,7926982,0,1129479,29,9187,326,1725,354,8792
93,9077606201172,Right,-3,879953,0,7920628,0,1150562,30,16378,327,4631,355,4043
93,9216918945313,Right,-3,877844,0,794955,0,1171204,28,79044,327,8457,355,3959
93,9350357055664,Right,-3,876108,0,7948209,0,1178928,29,0267,328,5359,355,4549
93,9490432739258,Right,-3,873807,0,797717,0,1196377,28,28294,328,9561,354,8577
93,9628448486328,Right,-3,872115,0,7998401,0,1194901,28,13105,328,9605,353,89
93,9768753051758,Right,-3,871891,0,8013563,0,1187109,28,09028,328,5872,353,1433
93,9907302856445,Right,-3,87114,0,803352,0,1173391,28,09034,327,7939,352,1056
94,0047073364258,Right,-3,870337,0,8038712,0,1169104,28,10696,327,6404,351,8712
94,0185012817383,Right,-3,869724,0,8058267,0,1151759,28,07426,326,7345,351,1025
94,0324478149414,Right,-3,869085,0,8076832,0,1144543,27,6651,326,2427,350,9524
94,0462265014648,Right,-3,868681,0,808709,0,1140278,27,67658,326,1676,350,9201
94,0602569580078,Right,-3,867939,0,8110331,0,1140717,27,18097,326,0556,351,2733
94,0741729736328,Right,-3,868605,0,8131237,0,1147248,26,60775,326,3714,351,5825
94,0879135131836,Right,-3,868387,0,816797,0,1161209,25,72007,326,9224,351,8256
94,1018676757813,Right,-3,868163,0,8217863,0,1179228,24,42542,328,0017,352,2542
94,1156463623047,Right,-3,868081,0,8238842,0,1187878,23,75641,328,311,352,5387
94,1296310424805,Right,-3,869228,0,8315085,0,1212508,21,23202,329,3265,353,6408
94,1438064575195,Right,-3,872331,0,8401225,0,1218103,18,26849,329,4387,354,6267
94,1572494506836,Right,-3,874605,0,845456,0,1221058,16,78769,329,5219,354,5594
94,1713027954102,Right,-3,879838,0,8562847,0,1214779,13,84352,329,4279,353,9365
94,1851806640625,Right,-3,884436,0,8621461,0,1191629,12,42947,328,7858,353,0392
94,1990051269531,Right,-3,893205,0,8738219,0,1159213,9,467705,327,7746,351,7557
94,2130126953125,Right,-3,902436,0,8825904,0,110316,7,128208,326,1969,350,6922
94,2267990112305,Right,-3,911465,0,8878118,0,1043573,5,571811,324,2397,350,3521
94,2407836914063,Right,-3,924001,0,8971842,0,09539813,2,947601,321,777,349,7311
94,2546463012695,Right,-3,929431,0,8999788,0,09112042,2,19182,320,6389,349,4101
94,2685089111328,Right,-3,947117,0,9083813,0,07613868,359,8904,316,5968,348,8808
94,282470703125,Right,-3,962904,0,9149787,0,06257051,357,9224,312,952,348,4514
94,2963409423828,Right,-3,972569,0,9186341,0,0543974,356,892,310,8868,347,7337
94,3100509643555,Right,-3,992671,0,926542,0,03486437,354,6627,306,3366,346,0944
94,3239974975586,Right,-3,999042,0,9281713,0,01299351,353,946,304,5789,345,4124
94,3377838134766,Right,-4,018535,0,9362137,-0,03573281,351,6838,299,5549,342,8438
94,3520202636719,Right,-4,034112,0,9423268,-0,0946613,350,1602,295,9024,340,0266
94,3659591674805,Right,-4,040939,0,9441989,-0,124082,349,499,294,2077,338,9066
94,3797378540039,Right,-4,05321,0,9493234,-0,1963558,348,31,290,1046,336,1543
94,3937377929688,Right,-4,06145,0,9504541,-0,2504631,347,58,286,7999,334,7614
94,4074859619141,Right,-4,066334,0,9513928,-0,2893293,347,1932,284,6924,333,6594
94,4213256835938,Right,-4,074126,0,9524988,-0,353858,346,978,281,5158,331,6882
94,4352951049805,Right,-4,079826,0,9505637,-0,381319,347,4999,280,2817,330,931
94,4490432739258,Right,-4,088396,0,9518961,-0,4515132,347,3329,276,864,329,4393
94,4629821777344,Right,-4,101228,0,9497301,-0,4986537,347,5611,274,1567,330,3555
94,4767837524414,Right,-4,112226,0,9492698,-0,5187653,347,1699,272,3752,330,745
94,4909210205078,Right,-4,127564,0,9494884,-0,5586311,346,6268,269,1812,332,4713
94,5048065185547,Right,-4,130058,0,9487634,-0,5587775,346,774,268,4263,333,6533
94,5186309814453,Right,-4,1419,0,9475576,-0,5827113,346,8297,265,9924,335,5041
94,5325393676758,Right,-4,150155,0,9479885,-0,5968136,346,9674,264,1425,336,5538
94,5466079711914,Right,-4,155452,0,9488959,-0,6054252,346,8504,262,8834,336,786
94,5602722167969,Right,-4,164805,0,9527158,-0,620999,346,2172,260,6923,336,5232
94,5743026733398,Right,-4,169068,0,9558019,-0,6242363,345,6378,260,4437,335,5313
94,5883865356445,Right,-4,180176,0,962322,-0,6379601,344,4252,259,082,333,627
94,6020355224609,Right,-4,189487,0,9643586,-0,6513364,343,7905,257,2163,333,2628
94,6161880493164,Right,-4,196356,0,967519,-0,6555417,343,5034,257,2109,332,0599
94,6297760009766,Right,-4,213557,0,9691759,-0,6607209,343,9854,258,3141,330,5721
94,6437759399414,Right,-4,225943,0,9665357,-0,665948,344,8498,258,5789,331,1499
94,6577529907227,Right,-4,236265,0,9627597,-0,6697892,345,9141,258,701,332,151
94,6714553833008,Right,-4,252757,0,9554779,-0,6753362,348,0934,258,9789,334,2769
94,6855545043945,Right,-4,26018,0,9530441,-0,6783199,348,6976,258,9604,335,2035
94,6992340087891,Right,-4,279272,0,9456937,-0,6837672,350,3703,259,2513,337,0428
94,7132949829102,Right,-4,29416,0,9434596,-0,6890423,350,9503,259,5004,336,9579
94,7273712158203,Right,-4,305295,0,9415405,-0,6915143,351,4839,260,0529,336,011
94,7409591674805,Right,-4,325266,0,93483,-0,6941178,353,4535,261,3748,333,2999
94,7549896240234,Right,-4,33206,0,9310057,-0,6960701,354,5556,261,3802,332,8596
94,7689514160156,Right,-4,35084,0,9198449,-0,7016291,357,9684,261,5366,331,3165
94,7826156616211,Right,-4,366196,0,9066472,-0,7054796,1,405961,261,6223,330,9315
94,7966995239258,Right,-4,375379,0,8969665,-0,7072967,3,407965,261,8668,331,8606
94,8105010986328,Right,-4,391267,0,8770576,-0,7101727,6,179246,262,4991,336,1416
94,82470703125,Right,-4,397302,0,8737741,-0,712513,6,582542,262,5395,337,0272
94,8385925292969,Right,-4,413192,0,8606418,-0,7167082,7,697548,262,8011,339,4994
94,8520812988281,Right,-4,426408,0,8523255,-0,7212099,8,904963,263,0605,340,4063
94,8661727905273,Right,-4,432539,0,8518124,-0,7226813,8,603829,263,5677,338,193
94,8800659179688,Right,-4,44597,0,8450201,-0,7248622,9,226165,264,5299,335,7007
94,8937301635742,Right,-4,449156,0,8420355,-0,7246717,9,576111,264,8287,335,3531
94,9080276489258,Right,-4,462164,0,8322121,-0,7264619,11,19308,265,7479,334,5483
94,9217071533203,Right,-4,470785,0,8201779,-0,7249693,13,46534,266,9807,335,3864
94,9354705810547,Right,-4,476505,0,8164943,-0,7262997,14,15211,267,3034,335,3999
94,94970703125,Right,-4,483037,0,802863,-0,7233562,15,75078,268,1191,337,9407
94,9634170532227,Right,-4,488312,0,7996888,-0,7236948,15,65647,268,666,338,0454
94,9773483276367,Right,-4,492949,0,7963796,-0,7239487,15,76538,269,1432,337,9012
94,9912033081055,Right,-4,50053,0,7901927,-0,7240391,16,10983,270,0865,337,7954
95,0052185058594,Right,-4,503148,0,787474,-0,7239246,16,14013,270,4471,337,9823
95,0189743041992,Right,-4,510649,0,7810708,-0,7237295,15,64257,271,1853,339,0129
95,0327987670898,Right,-4,516115,0,7769375,-0,7233249,14,83715,271,7966,340,1967
95,0470428466797,Right,-4,519098,0,7737187,-0,7221338,14,79728,272,521,340,7516
95,0605926513672,Right,-4,524208,0,7663561,-0,7200773,15,46349,273,7006,341,3846
95,074577331543,Right,-4,525342,0,7637327,-0,7199833,15,79178,273,7708,341,5805
95,0884552001953,Right,-4,530611,0,7556529,-0,7188463,16,50429,274,3871,342,1648
95,1021423339844,Right,-4,534783,0,7501713,-0,7180092,16,70783,274,5659,342,367
95,1163177490234,Right,-4,537262,0,7474978,-0,7170781,16,73705,274,8642,342,3554
95,1303176879883,Right,-4,542094,0,742322,-0,715347,16,10082,275,1613,342,4083
95,1438674926758,Right,-4,543709,0,740581,-0,7150735,15,93359,275,3399,342,5209
95,1579742431641,Right,-4,54791,0,7367908,-0,7134664,14,48237,275,7266,342,6569
95,1719055175781,Right,-4,551198,0,7340167,-0,7109148,12,91985,276,1896,342,3187
95,1856689453125,Right,-4,552396,0,7324299,-0,7104135,12,23563,275,7661,342,109
95,1997222900391,Right,-4,555337,0,7297643,-0,7087151,10,89254,274,7408,340,1376
95,2133941650391,Right,-4,560061,0,7268091,-0,7063444,8,317585,275,183,339,9464
95,2273864746094,Right,-4,56194,0,7247354,-0,7050701,6,925633,276,0511,339,9604
95,2415008544922,Right,-4,563133,0,7222787,-0,7027662,5,489666,276,5657,340,0825
95,2551040649414,Right,-4,563607,0,7210177,-0,7023959,5,154028,276,385,340,0258
95,2694854736328,Right,-4,563987,0,7189317,-0,6996912,5,189769,274,0161,336,5745
95,2833480834961,Right,-4,562535,0,7186046,-0,6985465,1,584259,270,8856,330,4101
95,2968292236328,Right,-4,561952,0,7187653,-0,6980845,358,7944,268,9886,325,7816
95,3107757568359,Right,-4,561194,0,7206904,-0,6994146,355,1682,268,6405,321,986
95,3244400024414,Right,-4,559819,0,7243118,-0,7017165,352,0624,268,0107,320,1601
95,3387145996094,Right,-4,558327,0,728946,-0,7045522,352,4409,268,1959,318,7382
95,352424621582,Right,-4,556644,0,7338309,-0,7076361,352,9693,268,2732,318,4631
95,3662414550781,Right,-4,554676,0,7353367,-0,7090012,353,6449,268,1398,319,1125
95,3802947998047,Right,-4,547493,0,7417066,-0,7126313,353,8109,266,0559,320,6925
95,3945007324219,Right,-4,546194,0,7442882,-0,7135481,352,8146,264,1669,323,236
95,4079284667969,Right,-4,541358,0,7540219,-0,7157847,349,5414,261,3388,323,9822
95,4219589233398,Right,-4,538277,0,7647821,-0,7165433,348,3586,259,893,323,405
95,4356536865234,Right,-4,536737,0,7683032,-0,7158712,348,1014,258,6182,323,6891
95,44970703125,Right,-4,532301,0,7829561,-0,7170789,348,8185,259,13,320,6309
95,4636840820313,Right,-4,537151,0,7925661,-0,7160681,351,6805,270,1172,312,6314
95,4773635864258,Right,-4,530621,0,7959871,-0,7170027,352,2386,268,6329,312,9236
95,4917602539063,Right,-4,532449,0,8072776,-0,7189261,356,6971,272,8385,315,904
95,5054626464844,Right,-4,527709,0,8118168,-0,7200897,354,431,273,6473,319,8989
95,519157409668,Right,-4,5208,0,8247726,-0,7216358,354,756,273,2526,324,0592
95,533203125,Right,-4,515623,0,8367109,-0,7223713,356,5075,272,8038,327,013
95,5467681884766,Right,-4,5137,0,8455568,-0,7231913,356,6722,272,6653,326,6456
95,5607986450195,Right,-4,508239,0,8608746,-0,7233421,353,0423,272,7261,326,8672
95,5747985839844,Right,-4,506104,0,8657923,-0,7240282,351,3164,272,5557,326,9518
95,5884399414063,Right,-4,498917,0,8796236,-0,7247489,348,6915,270,9604,328,768
95,6025466918945,Right,-4,492314,0,890516,-0,7253141,347,9843,269,4447,329,6777
95,6166076660156,Right,-4,488447,0,8964158,-0,7252461,348,7121,268,8936,329,5243
95,6302795410156,Right,-4,480308,0,907254,-0,7247624,350,6604,268,2444,329,0782
95,6442184448242,Right,-4,477883,0,9108134,-0,7245883,351,5549,267,7257,328,7645
95,6579895019531,Right,-4,46891,0,9209599,-0,724072,353,4206,266,8519,328,3503
95,6719589233398,Right,-4,461368,0,9291978,-0,7234014,354,1369,265,8483,328,3973
95,6859512329102,Right,-4,45781,0,9336889,-0,7231651,353,5738,265,4204,328,5343
95,6997375488281,Right,-4,44932,0,9442176,-0,7224256,350,8723,264,9406,328,7351
95,7137985229492,Right,-4,442261,0,9504772,-0,7211333,348,4441,264,9738,328,1857
95,7278060913086,Right,-4,436845,0,9554954,-0,720154,346,9518,265,2098,327,5892
95,7412719726563,Right,-4,428178,0,9618257,-0,7178993,345,1803,265,4628,326,79
95,7553405761719,Right,-4,424231,0,9642329,-0,7165685,344,2759,265,869,326,3372
95,7693328857422,Right,-4,414456,0,9705197,-0,712908,342,7569,267,1695,325,5436
95,7830352783203,Right,-4,406408,0,9723461,-0,7104344,343,3383,266,9392,327,7912
95,7971725463867,Right,-4,401155,0,9746743,-0,7091516,344,1815,266,7139,328,3098
95,8107986450195,Right,-4,391391,0,9770457,-0,7067521,345,4807,265,186,329,436
95,8249282836914,Right,-4,387865,0,9775274,-0,7056123,346,3992,264,081,330,0449
95,8388748168945,Right,-4,376832,0,9789993,-0,7028843,348,0881,261,4478,331,1461
95,8524169921875,Right,-4,368743,0,9800094,-0,7005409,348,8792,259,09,331,4714
95,8665390014648,Right,-4,364338,0,9803993,-0,6987259,349,229,258,1205,331,3323
95,8804626464844,Right,-4,355419,0,9828073,-0,6952135,348,8529,258,0321,330,7607
95,8942337036133,Right,-4,353004,0,9814909,-0,6929765,348,5219,258,5656,330,7428
95,908203125,Right,-4,344775,0,9819328,-0,6882045,348,2199,259,7536,330,5782
95,9219818115234,Right,-4,33752,0,9818786,-0,6844777,348,7345,260,2839,331,1519
95,9362335205078,Right,-4,333612,0,9819662,-0,6823028,349,1799,260,188,331,6015
95,9499816894531,Right,-4,326028,0,9817016,-0,6769139,350,4648,260,167,332,3384
95,9638442993164,Right,-4,32855,0,9819003,-0,6608148,351,0325,260,7562,331,9433
95,9777526855469,Right,-4,325348,0,9820896,-0,6359845,351,9874,261,8083,331,0862
95,9915161132813,Right,-4,322313,0,9820117,-0,5927448,350,8252,261,6453,330,3597
96,0054168701172,Right,-4,320402,0,9822054,-0,5711901,349,8838,261,5147,330,0865
96,0195007324219,Right,-4,314106,0,9824175,-0,5152872,348,4591,260,9974,330,08
96,0332183837891,Right,-4,299335,0,9824186,-0,4750806,347,71,260,2355,330,4276
96,0473556518555,Right,-4,287399,0,9826655,-0,4461295,347,2489,259,7795,330,6757
96,061149597168,Right,-4,264925,0,9829539,-0,3996295,346,4995,259,3338,331,2099
96,0748062133789,Right,-4,254672,0,9823464,-0,3823337,346,4766,259,6547,331,3474
96,0888442993164,Right,-4,223552,0,9809927,-0,3322164,346,8056,260,9809,331,3172
96,102897644043,Right,-4,18931,0,9797101,-0,2999079,347,6888,262,4694,330,9073
96,1164703369141,Right,-4,167285,0,9788927,-0,2846675,348,1418,263,0454,330,8329
96,130485534668,Right,-4,120345,0,9777759,-0,2531235,348,6557,263,6642,330,8667
96,1442337036133,Right,-4,103062,0,9772841,-0,2499552,349,161,263,6663,330,5276
96,1581802368164,Right,-4,049263,0,9760333,-0,2286628,350,1629,263,0016,330,3826
96,1724472045898,Right,-4,00318,0,9746643,-0,2142755,351,3728,261,979,330,4709
96,185905456543,Right,-3,982362,0,9740855,-0,2082555,351,7169,261,9028,330,73
96,1999206542969,Right,-3,929141,0,9737188,-0,1926819,351,7983,262,9172,330,9792
96,2138214111328,Right,-3,890718,0,9738355,-0,1821197,351,3563,264,6323,330,4261
96,2274475097656,Right,-3,862521,0,9739618,-0,1743636,350,9935,266,0418,329,9487
96,2415161132813,Right,-3,813965,0,9737538,-0,1618437,350,5825,268,3048,329,0676
96,2551727294922,Right,-3,794334,0,9733881,-0,1566727,350,6498,269,4928,328,9615
96,269172668457,Right,-3,74011,0,9723909,-0,14341,352,1171,271,4593,328,5425
96,2832870483398,Right,-3,698799,0,9714996,-0,1343222,353,496,272,4203,329,5904
96,2968978881836,Right,-3,673654,0,9716195,-0,1292269,353,7247,272,7065,330,3166
96,3109664916992,Right,-3,624199,0,9720079,-0,1202235,352,7649,272,6054,331,6525
96,3249588012695,Right,-3,605225,0,9704693,-0,1171804,352,1806,272,4996,331,6528
96,3386154174805,Right,-3,553828,0,9673859,-0,1082224,350,2641,272,0972,331,6301
96,3526229858398,Right,-3,513987,0,961688,-0,087277,348,3298,272,548,331,2226
96,3663330078125,Right,-3,495241,0,9559188,-0,0703333,347,5754,273,3531,330,7701
96,3805236816406,Right,-3,456746,0,9457234,-0,03232056,347,718,275,254,330,0113
96,3942947387695,Right,-3,460706,0,9465061,-0,01289248,348,8301,275,5266,330,4308
96,4082336425781,Right,-3,436283,0,9386718,0,03499573,351,9426,275,7787,330,7607
96,422004699707,Right,-3,430574,0,9356024,0,07824713,354,6324,274,7686,331,4488
96,4359130859375,Right,-3,430748,0,9344515,0,1005708,355,8928,273,9197,331,6378
96,4496688842773,Right,-3,430867,0,9300287,0,1509003,358,2639,272,5446,332,0521
96,4636535644531,Right,-3,440494,0,9260603,0,1881666,0,5789606,272,6916,332,2769
96,4775009155273,Right,-3,451018,0,9228646,0,2142543,1,496993,273,5215,332,3425
96,4914855957031,Right,-3,468982,0,9181526,0,2567571,1,863163,275,0627,332,1251
96,5054244995117,Right,-3,482953,0,9156951,0,2655175,1,489132,275,5228,331,6394
96,5191192626953,Right,-3,507049,0,9105459,0,3028211,1,022681,275,521,330,8248
96,533088684082,Right,-3,525334,0,9052489,0,3189782,0,215201,274,7787,330,3909
96,5469970703125,Right,-3,533981,0,9011143,0,3249683,0,06101239,274,1749,330,2974
96,5608062744141,Right,-3,548386,0,8919799,0,3344497,1,639765,273,1749,330,4763
96,5747528076172,Right,-3,546317,0,8891512,0,3335463,3,135718,273,0537,330,6238
96,5886764526367,Right,-3,552653,0,8799994,0,337051,6,858282,273,6476,331,1962
96,6025772094727,Right,-3,555833,0,8744992,0,3367563,9,246343,274,2073,331,3747
96,6165084838867,Right,-3,557993,0,8721215,0,3357435,9,50686,274,1238,331,1731
96,6304397583008,Right,-3,563122,0,8666977,0,3323769,8,299115,273,535,330,313
96,6444091796875,Right,-3,564893,0,8641062,0,3309789,7,239953,273,2681,330,1068
96,6581726074219,Right,-3,569477,0,8565555,0,3273692,5,23384,272,8058,329,9657
96,6719207763672,Right,-3,573186,0,848408,0,322626,5,146601,272,4066,331,1272
96,6861724853516,Right,-3,575127,0,8438841,0,3181046,6,481554,271,8481,332,092
96,6998901367188,Right,-3,578145,0,8342501,0,309629,9,729975,271,2036,332,5339
96,7137985229492,Right,-3,579705,0,8269019,0,3034794,13,44294,270,0447,332,4677
96,7276763916016,Right,-3,581355,0,8215815,0,2986972,15,63641,269,0056,332,6465
96,7413558959961,Right,-3,584394,0,8144088,0,2901583,18,51665,267,4156,332,9075
96,7553863525391,Right,-3,587104,0,8120939,0,2860516,19,65547,266,942,332,6854
96,7694473266602,Right,-3,591344,0,8055962,0,2763641,20,73357,266,5327,332,1055
96,7830810546875,Right,-3,594336,0,8012587,0,2671481,20,77807,266,715,331,2982
96,7971954345703,Right,-3,595963,0,7977879,0,2612982,20,45934,266,0729,331,1109
96,8111419677734,Right,-3,599688,0,7908548,0,2526661,20,48006,264,6711,331,0713
96,8248825073242,Right,-3,601576,0,7879879,0,2500953,21,06834,264,0843,331,5856
96,8388061523438,Right,-3,606891,0,7802619,0,2445221,22,18131,263,3386,333,2722
96,8525085449219,Right,-3,613426,0,7761732,0,2422942,21,7243,264,0121,334,9173
96,866813659668,Right,-3,618956,0,7752723,0,2419813,21,12023,267,4179,334,2808
96,8805923461914,Right,-3,623232,0,7689435,0,2416204,20,6394,270,3999,335,0071
96,8942413330078,Right,-3,623355,0,7693229,0,2433988,19,81638,271,1573,336,0639
96,9083404541016,Right,-3,62677,0,765713,0,2457604,19,22392,272,6915,338,394
96,9221267700195,Right,-3,627898,0,7637237,0,2488385,19,38612,274,0874,340,0412
96,9360275268555,Right,-3,627996,0,764447,0,2505708,19,24137,274,6474,340,2014
96,9500579833984,Right,-3,628438,0,7649876,0,2534642,18,99954,275,5741,340,5552
96,9637145996094,Right,-3,627639,0,7664088,0,2543265,18,68709,275,5927,340,5143
96,977653503418,Right,-3,626858,0,7692566,0,2567809,18,01309,275,9199,340,2658
96,9916763305664,Right,-3,625786,0,7719991,0,2579381,17,30634,275,9189,339,9697
97,0053863525391,Right,-3,62526,0,7729636,0,2582777,17,10535,275,8849,339,7843
97,0195465087891,Right,-3,622184,0,7772373,0,2591676,16,71981,275,318,338,2663
97,0334167480469,Right,-3,620431,0,7783926,0,2604007,16,6674,275,2836,337,5791
97,047119140625,Right,-3,618496,0,7789312,0,2613848,16,7808,275,1998,337,258
97,0611267089844,Right,-3,614664,0,7790873,0,2633913,16,86829,275,0781,337,682
97,0749282836914,Right,-3,615167,0,7784719,0,2629821,16,96193,275,0451,337,8245
97,0888748168945,Right,-3,609683,0,7784673,0,2668415,16,88082,275,3362,339,1292
97,1030578613281,Right,-3,606426,0,7784758,0,2690975,16,84004,275,6827,340,2312
97,1166000366211,Right,-3,604668,0,7787596,0,270463,16,67646,275,9477,340,8166
0,Fill dishwasher end,0,0,0,0,0,0
97,1305160522461,Right,-3,601408,0,7793428,0,2731639,16,29872,276,4644,341,6984
97,1446380615234,Right,-3,600219,0,7797967,0,2736866,16,22913,276,566,341,9109
97,1584014892578,Right,-3,59665,0,7806058,0,2761922,15,64267,276,9043,342,6197
97,1722640991211,Right,-3,593574,0,7813467,0,2779599,15,27543,277,0724,343,2594
97,1863555908203,Right,-3,591832,0,7816907,0,2789482,15,23601,277,1926,343,5142
97,1998901367188,Right,-3,588196,0,7822511,0,2810057,15,32126,277,4512,343,5334
97,2139282226563,Right,-3,585269,0,7823327,0,2820857,15,31577,277,4446,343,5434
97,2279052734375,Right,-3,58295,0,7823497,0,2828049,15,25586,277,3209,343,7028
97,2417373657227,Right,-3,579561,0,7823743,0,2838567,15,09165,277,1163,344,0529
97,2557373046875,Right,-3,57769,0,7819785,0,2846211,15,12196,277,1655,344,4045
97,2696075439453,Right,-3,573483,0,7811452,0,2866682,15,36137,277,4183,344,843
97,2833480834961,Right,-3,570624,0,7807658,0,2877769,15,35413,277,4784,345,067
97,2972869873047,Right,-3,568606,0,7805706,0,2885852,15,35258,277,519,345,2346
97,3112564086914,Right,-3,565311,0,7798183,0,2897731,15,36579,277,5082,345,412
97,3250122070313,Right,-3,564153,0,7794615,0,2902355,15,33524,277,5424,345,4776
97,3389739990234,Right,-3,560758,0,7786191,0,2917582,15,2877,277,6999,345,6306
97,3528289794922,Right,-3,558392,0,77751,0,2923894,15,26661,277,7343,345,6693
97,3667678833008,Right,-3,55697,0,7766844,0,2923838,15,24917,277,5829,345,6938
97,3805694580078,Right,-3,554955,0,7753966,0,2923153,15,35173,277,4611,345,674
97,394775390625,Right,-3,555197,0,77487,0,2920904,15,57852,277,5218,345,4844
97,4084548950195,Right,-3,5501,0,7710317,0,2928882,16,25353,277,5839,345,3984
97,4221801757813,Right,-3,547551,0,7686905,0,2930421,16,53454,277,4563,345,7023
97,4362030029297,Right,-3,546245,0,7670924,0,292426,16,69634,277,1721,346,0841
97,4501571655273,Right,-3,544007,0,7643152,0,2916859,17,14559,277,0523,346,1855
97,4639205932617,Right,-3,543476,0,7636902,0,291559,17,22641,276,9899,346,1651
97,4780807495117,Right,-3,541265,0,761562,0,2908595,17,505,276,773,345,9795
97,491828918457,Right,-3,54007,0,7603663,0,2899486,17,55434,276,422,345,6813
97,5057601928711,Right,-3,539652,0,7600157,0,2895827,17,49954,276,2726,345,4978
97,519905090332,Right,-3,538449,0,7594563,0,2887129,17,49836,276,0395,344,8866
97,5334167480469,Right,-3,537988,0,7593942,0,2883281,17,3694,275,9884,344,2323
97,5474700927734,Right,-3,537549,0,7593673,0,2878432,17,25813,275,8304,343,8584
97,561408996582,Right,-3,536828,0,7593747,0,2870287,17,06489,275,4933,343,2703
97,5752105712891,Right,-3,536722,0,759524,0,2868318,17,15518,275,4328,342,7719
97,5894927978516,Right,-3,53638,0,7596517,0,2865019,17,22029,275,3746,341,7411
97,6029815673828,Right,-3,536207,0,7593504,0,2866372,17,13631,275,2843,341,4367
97,6170043945313,Right,-3,536101,0,7591643,0,2865909,17,05282,275,1717,341,3229
97,6308975219727,Right,-3,536133,0,7587625,0,2869622,17,0804,275,2442,341,2572
97,6445999145508,Right,-3,535967,0,7585136,0,2870002,17,11267,275,2475,341,1354
97,6588668823242,Right,-3,536217,0,7582574,0,2878776,17,20177,275,6425,341,5625
97,672607421875,Right,-3,53645,0,7586204,0,2880166,17,13753,275,673,342,0863
97,686393737793,Right,-3,536574,0,7589365,0,287832,17,12227,275,6615,342,1552
97,7006759643555,Right,-3,536237,0,7588722,0,2878172,17,04874,275,6619,342,2259
97,714111328125,Right,-3,536124,0,7589116,0,2877825,17,04874,275,6619,342,2258
97,7280197143555,Right,-3,535742,0,7592223,0,2875642,16,93501,275,6185,342,1446
97,7421417236328,Right,-3,535246,0,7600489,0,2870805,16,78542,275,5085,341,9057
97,7557678222656,Right,-3,534973,0,7606606,0,2867426,16,70923,275,4163,341,7065
97,7698669433594,Right,-3,534392,0,7621117,0,2858776,16,51104,275,1232,341,2958
97,7837524414063,Right,-3,533954,0,7635735,0,2851233,16,28619,274,7965,340,9903
97,7975234985352,Right,-3,533772,0,7648137,0,2847182,16,261,274,7181,340,4543
97,8116073608398,Right,-3,533693,0,7656462,0,2845623,16,17605,274,6549,340,1356
97,8256301879883,Right,-3,533743,0,7656991,0,2846329,16,09825,274,6155,340,1631
97,8392105102539,Right,-3,533922,0,7665436,0,2842992,15,78535,274,3876,340,1868
97,8531646728516,Right,-3,53411,0,7670293,0,2840472,15,77461,274,3219,339,926
97,8669662475586,Right,-3,534237,0,7671418,0,2840117,15,86389,274,3469,339,663
97,8808364868164,Right,-3,534414,0,7665401,0,2841625,15,9642,274,3495,339,6198
97,8948974609375,Right,-3,534542,0,7663169,0,2841003,15,97359,274,2978,339,7157
97,9086227416992,Right,-3,535044,0,7659425,0,2839704,16,02173,274,2456,339,8484
97,9227752685547,Right,-3,535402,0,7658661,0,2839165,16,0645,274,2744,339,7778
97,9366226196289,Right,-3,535446,0,7657849,0,2839607,16,06124,274,2854,339,8126
97,950309753418,Right,-3,535599,0,7656274,0,2839938,16,05186,274,3029,339,8699
97,9643630981445,Right,-3,536048,0,7655455,0,2839115,16,0114,274,2965,339,9339
97,9781494140625,Right,-3,536536,0,7654759,0,28383,15,99374,274,2673,339,9698
97,9921340942383,Right,-3,537067,0,7654858,0,2837852,15,96966,274,3438,339,9555
98,0060424804688,Right,-3,537171,0,7654845,0,2837362,15,97048,274,3382,339,958
98,0198593139648,Right,-3,537466,0,7655075,0,2836111,15,91752,274,3444,339,9615
98,033935546875,Right,-3,537594,0,7655568,0,2834561,15,91713,274,3444,339,9616
98,0477752685547,Right,-3,537742,0,76565,0,2831973,15,94954,274,3109,339,8974
98,0615921020508,Right,-3,538731,0,7657353,0,2911299,16,00333,274,2453,339,8791
98,0754928588867,Right,-3,540828,0,7657703,0,3153224,16,00607,274,2259,339,8852
98,0895080566406,Right,-3,541963,0,7660892,0,3526166,16,00672,274,2129,339,8889
98,1031951904297,Right,-3,541534,0,7663066,0,3879492,16,00806,274,2053,339,896
98,1173629760742,Right,-3,539782,0,7668606,0,4145716,15,94765,274,2771,339,902
98,1309356689453,Right,-3,536335,0,7678016,0,4573061,15,80018,274,3806,340,0038
98,14501953125,Right,-3,533357,0,7683617,0,4757628,15,71373,274,4362,340,0678
98,1588897705078,Right,-3,526173,0,7696494,0,5234977,15,5818,274,6365,340,1234
98,1726531982422,Right,-3,518119,0,7704865,0,5614777,15,56949,274,7767,340,0708
98,1867446899414,Right,-3,511946,0,7707323,0,5853096,15,56596,274,7704,340,0759
98,200553894043,Right,-3,500272,0,7714982,0,6302046,15,50797,274,8671,340,1654
98,2142181396484,Right,-3,495195,0,771925,0,6442456,15,48707,274,9424,340,171
98,2284088134766,Right,-3,47977,0,773002,0,6934596,15,44166,275,2197,340,1843
98,2423248291016,Right,-3,465579,0,7739062,0,733142,15,33776,275,5413,340,4285
98,2560195922852,Right,-3,457322,0,7744641,0,7533877,15,25084,275,6849,340,5974
98,2699279785156,Right,-3,438837,0,7755822,0,8008091,15,15021,276,074,340,7411
98,283561706543,Right,-3,424949,0,7766708,0,8353571,15,04292,276,6165,340,8114
98,297607421875,Right,-3,413854,0,77725,0,8619763,14,87176,276,7708,340,9551
98,3115158081055,Right,-3,397053,0,778339,0,9037915,14,68913,277,0676,340,9678
98,3253707885742,Right,-3,390227,0,7787665,0,9227221,14,69963,277,3483,340,7232
98,3393249511719,Right,-3,37117,0,7794738,0,9706609,14,59743,277,8176,340,6387
98,3533020019531,Right,-3,35819,0,7799712,1,007688,14,33981,278,0159,340,8507
98,3671112060547,Right,-3,349399,0,7803715,1,032174,14,27685,278,2045,340,8357
98,3810119628906,Right,-3,334601,0,780753,1,077094,14,30508,278,6151,340,5733
98,3951110839844,Right,-3,330199,0,780705,1,096281,14,30488,278,7378,340,5542
98,4086685180664,Right,-3,317188,0,780626,1,143199,14,29511,278,9656,340,6352
98,4228820800781,Right,-3,307624,0,7808298,1,184178,14,29681,279,2306,340,6201
98,4364395141602,Right,-3,304107,0,7808648,1,206613,14,30169,279,3997,340,565
98,4504013061523,Right,-3,297418,0,7809505,1,256009,14,31464,279,7175,340,503
98,4644241333008,Right,-3,295578,0,7810122,1,272584,14,27671,279,834,340,5224
98,478401184082,Right,-3,290443,0,7811576,1,323672,14,21109,280,1095,340,6266
98,4921569824219,Right,-3,287024,0,7813212,1,365069,14,1828,280,262,340,5663
98,5061569213867,Right,-3,287026,0,7814426,1,387939,14,18145,280,3419,340,411
98,5198440551758,Right,-3,285248,0,78153,1,436418,14,1789,280,5009,340,2531
98,533935546875,Right,-3,284914,0,7815675,1,473991,14,21677,280,7863,340,2179
98,5477828979492,Right,-3,285326,0,781634,1,502122,14,14786,280,9175,340,2807
98,5615768432617,Right,-3,286153,0,7817451,1,545296,14,0831,281,0305,340,3649
98,5756072998047,Right,-3,287401,0,7818837,1,566097,14,09876,281,1061,340,279
98,5895767211914,Right,-3,289709,0,7822391,1,616414,14,11079,281,324,340,053
98,6034393310547,Right,-3,292436,0,7825925,1,653762,14,02811,281,4698,339,7435
98,6172561645508,Right,-3,294623,0,7827027,1,679273,13,96912,281,4612,339,6957
98,6310348510742,Right,-3,299168,0,7828094,1,723282,13,93042,281,4791,339,6257
98,6450500488281,Right,-3,302386,0,7827234,1,741512,13,93526,281,4996,339,6309
98,6589050292969,Right,-3,310269,0,7828072,1,790536,13,92378,281,6934,339,4666
98,6726608276367,Right,-3,318157,0,7827895,1,828403,13,92847,281,7873,339,3988
98,6866683959961,Right,-3,325056,0,7827735,1,851492,13,87923,281,8061,339,4158
98,7007293701172,Right,-3,338047,0,7830403,1,896379,13,72774,281,8134,339,465
98,7143402099609,Right,-3,343939,0,7833474,1,91017,13,69968,281,9116,339,3175
98,7285232543945,Right,-3,36151,0,7839018,1,959183,13,60945,282,162,338,8858
98,7420883178711,Right,-3,376926,0,7839464,1,994906,13,51643,282,0948,338,8479
98,7560729980469,Right,-3,386687,0,7839695,2,014591,13,49362,282,0839,338,8196
98,7699737548828,Right,-3,408179,0,7845556,2,057906,13,32391,282,0157,338,5752
98,7838439941406,Right,-3,41616,0,7846522,2,069212,13,27799,282,033,338,4307
98,7981872558594,Right,-3,44254,0,7852948,2,113768,13,10014,282,0664,337,8939
98,811767578125,Right,-3,465263,0,7852278,2,147088,13,03411,282,0327,337,8222
98,8254699707031,Right,-3,477077,0,785179,2,162377,13,02016,282,0405,337,8008
98,8395233154297,Right,-3,506749,0,7850232,2,201787,13,00893,282,0468,337,7836
98,853157043457,Right,-3,528949,0,7848388,2,229836,13,00479,282,0423,337,7629
98,8670196533203,Right,-3,545033,0,7848127,2,248809,13,00893,282,0468,337,7836
98,880973815918,Right,-3,574433,0,7849436,2,283372,12,93766,282,009,337,6684
98,8947677612305,Right,-3,585872,0,7850879,2,295765,12,8706,282,0092,337,6151
98,9089889526367,Right,-3,620431,0,7857754,2,333693,12,62357,281,9884,337,4729
98,9225769042969,Right,-3,64675,0,7863935,2,360961,12,4294,281,9659,337,3122
98,9365081787109,Right,-3,66369,0,7869584,2,377492,12,27869,281,9457,337,0903
98,9501190185547,Right,-3,6971,0,7881495,2,409744,11,95703,281,8652,336,6491
98,9639129638672,Right,-3,707088,0,7881087,2,419501,11,93372,281,8185,336,6184
98,9780578613281,Right,-3,743556,0,7895475,2,452938,11,65122,281,5038,336,2458
98,9919052124023,Right,-3,774445,0,7907637,2,479942,11,47959,281,1263,335,8171
99,0057754516602,Right,-3,789798,0,7911581,2,493553,11,37195,281,0421,335,6125
99,0198440551758,Right,-3,827229,0,7922775,2,526266,11,11695,280,8569,335,2193
99,0337066650391,Right,-3,854251,0,7930275,2,549307,10,83708,280,7725,334,9995
99,04736328125,Right,-3,873779,0,7938374,2,565756,10,60658,280,6826,334,8518
99,0613327026367,Right,-3,907713,0,795272,2,594205,10,25974,280,5304,334,5858
99,0753173828125,Right,-3,92261,0,7962902,2,606405,9,943499,280,531,334,4734
99,0889663696289,Right,-3,959461,0,8070409,2,636733,9,400291,280,4811,334,1772
99,1028442382813,Right,-3,989746,0,8217809,2,661386,8,887777,280,5121,333,8564
99,1165008544922,Right,-4,007508,0,821339,2,675484,8,592182,280,5025,333,6885
99,1304779052734,Right,-4,044641,0,8293639,2,70474,7,699561,280,2606,333,1805
99,1443023681641,Right,-4,056642,0,8306644,2,713738,7,386729,280,1656,332,7897
99,158073425293,Right,-4,095072,0,8355832,2,742961,6,503267,279,9318,331,4245
99,1721649169922,Right,-4,128605,0,8393542,2,768209,5,651206,279,6728,330,3958
99,1859970092773,Right,-4,145441,0,8409019,2,780704,5,265642,279,5463,329,9791
99,199577331543,Right,-4,183134,0,8458257,2,808669,4,27135,279,2541,328,9241
99,2137603759766,Right,-4,212868,0,8494765,2,831148,3,308772,279,1721,328,3046
99,2275390625,Right,-4,233991,0,8528278,2,847071,2,424811,279,1765,327,9933
99,2413787841797,Right,-4,268179,0,8585953,2,874453,0,9494175,279,2235,327,4237
99,2553558349609,Right,-4,282609,0,8616676,2,887777,0,1183485,279,3874,327,0124
99,2689971923828,Right,-4,318719,0,8691981,2,919257,358,5059,279,8143,325,865
99,2833557128906,Right,-4,346745,0,8741467,2,947349,357,3935,280,1435,324,9864
99,2969284057617,Right,-4,362913,0,8782763,2,964221,356,5336,280,351,324,3802
99,3105697631836,Right,-4,394644,0,8850339,2,996453,355,0898,280,6259,323,3745
99,3246459960938,Right,-4,406795,0,8866802,3,008674,354,614,280,7138,323,0356
99,3388290405273,Right,-4,441006,0,8948926,3,044559,352,9843,280,9904,321,8568
99,3523941040039,Right,-4,467174,0,8999394,3,071972,351,8206,281,2316,321,0078
99,3662719726563,Right,-4,482829,0,9027167,3,08803,351,1676,281,3775,320,5272
99,3800811767578,Right,-4,512792,0,9186307,3,118524,347,1483,280,8459,318,0734
99,3943252563477,Right,-4,523482,0,9211016,3,129343,346,1087,280,7516,317,3871
99,4080276489258,Right,-4,554412,0,9320312,3,158937,343,5306,280,8253,315,6994
99,4217529296875,Right,-4,578744,0,9433398,3,177715,340,3668,280,701,313,9258
99,4360427856445,Right,-4,586709,0,9477162,3,178583,339,1022,280,6538,313,0799
99,4497299194336,Right,-4,608111,0,9580576,3,187436,336,9351,280,4299,311,3321
99,4634704589844,Right,-4,617318,0,9639372,3,186321,335,6206,280,1935,310,2408
99,4774932861328,Right,-4,613872,0,9677258,3,18268,334,9779,279,726,309,6891
99,491455078125,Right,-4,615317,0,9728503,3,176512,334,2952,278,5342,309,1252
99,5051574707031,Right,-4,615667,0,9751082,3,173827,333,9294,278,2085,308,8616
99,5191955566406,Right,-4,615905,0,9799089,3,166114,333,5543,277,1874,308,4747
99,5329818725586,Right,-4,617169,0,9838083,3,160343,333,222,276,7291,308,0503
99,5469360351563,Right,-4,617546,0,9869543,3,156551,332,7706,276,5094,307,588
99,5610198974609,Right,-4,61869,0,9928639,3,149725,331,7437,276,1051,306,6819
99,5747909545898,Right,-4,621239,0,9951075,3,148232,331,0804,276,039,306,2203
99,588752746582,Right,-4,622151,1,002158,3,14368,329,3757,275,9274,304,8789
99,6026382446289,Right,-4,623816,1,006357,3,140424,328,5304,275,7981,303,822
99,6163482666016,Right,-4,625384,1,007673,3,138486,328,4613,275,7363,303,4576
99,6304473876953,Right,-4,627725,1,011488,3,133942,328,1545,275,334,302,7625
99,6443862915039,Right,-4,629363,1,011721,3,132259,328,2285,275,0767,302,7666
99,658073425293,Right,-4,632429,1,014464,3,127218,327,9891,274,3812,302,703
99,6722564697266,Right,-4,634459,1,017976,3,122948,327,2813,273,8544,302,4971
99,6859512329102,Right,-4,635031,1,02029,3,120646,326,5453,273,5239,302,1035
99,6999206542969,Right,-4,636512,1,025322,3,115727,325,3204,273,0994,300,9473
99,7137603759766,Right,-4,638797,1,02697,3,112224,325,0756,272,6629,300,3782
99,7275772094727,Right,-4,64126,1,027681,3,10997,325,2369,272,3979,300,085
99,7414932250977,Right,-4,645562,1,028842,3,106623,325,5989,272,2068,299,5993
99,7555618286133,Right,-4,648619,1,028071,3,105164,326,2443,272,0933,299,5991
99,7693481445313,Right,-4,65719,1,023723,3,100304,328,3436,271,1978,300,9351
99,7831802368164,Right,-4,66236,1,022572,3,096316,329,2536,270,3777,301,8648
99,7970504760742,Right,-4,66472,1,023381,3,093888,329,47,270,0612,301,8924
99,8109359741211,Right,-4,670496,1,022178,3,090069,329,5714,269,5388,302,5469
99,8248519897461,Right,-4,673415,1,022273,3,090152,329,8206,270,0352,302,2106
99,8386611938477,Right,-4,681904,1,019707,3,090059,331,1557,271,3796,301,6587
99,8527221679688,Right,-4,687541,1,017546,3,088303,332,2708,271,7255,301,7096
99,8666076660156,Right,-4,690876,1,015914,3,087023,333,0524,271,712,301,8378
99,8802795410156,Right,-4,697411,1,012898,3,084229,334,5977,271,5187,301,7725
99,8943557739258,Right,-4,699591,1,011718,3,083291,335,1039,271,4128,301,8297
99,9086151123047,Right,-4,705888,1,00936,3,079014,335,6293,271,159,301,919
99,9220275878906,Right,-4,71097,1,008599,3,075943,335,9851,271,2619,301,549
99,9360809326172,Right,-4,713763,1,008125,3,075152,336,188,271,6322,301,723
99,9497833251953,Right,-4,720654,1,006959,3,072122,336,5061,272,2848,301,6309
99,9638214111328,Right,-4,725083,1,004781,3,069642,337,1754,272,5302,302,0442
99,9776611328125,Right,-4,728552,1,002848,3,067128,338,0092,272,2318,302,5318
99,991455078125,Right,-4,733872,0,9992276,3,06383,339,1385,272,0339,302,6313
100,005577087402,Right,-4,735863,0,9965235,3,062994,340,4831,271,3938,303,3363
100,019905090332,Right,-4,741067,0,9927629,3,060507,341,7837,271,2639,303,603
100,033157348633,Right,-4,745077,0,9896055,3,059319,342,6068,271,5132,304,2787
100,047218322754,Right,-4,746293,0,9900107,3,058286,342,6568,271,1924,303,8279
100,061103820801,Right,-4,748115,0,9905537,3,056478,342,073,270,7444,302,8463
100,07479095459,Right,-4,749412,0,9899678,3,055737,342,1983,270,6571,302,8205
100,088821411133,Right,-4,750173,0,9913455,3,05376,341,6105,269,9895,301,8896
100,102561950684,Right,-4,750485,0,9929586,3,053472,340,9888,270,0198,300,9197
100,116722106934,Right,-4,750028,0,9946991,3,053619,340,6003,270,0931,299,3338
100,130653381348,Right,-4,748589,0,9971536,3,053967,339,9052,269,8084,297,5364
100,144172668457,Right,-4,748669,0,9976434,3,054056,339,5712,269,4359,297,5086
100,158302307129,Right,-4,746351,1,005515,3,054965,338,0017,269,5991,297,7793
100,172302246094,Right,-4,742797,1,015834,3,05755,335,3976,270,5173,297,5262
100,18595123291,Right,-4,740602,1,021735,3,05946,333,9106,271,703,296,695
100,199859619141,Right,-4,734761,1,033763,3,063573,331,4875,273,1953,295,1718
100,213722229004,Right,-4,730043,1,041738,3,066532,330,3071,274,2983,294,5435
100,22785949707,Right,-4,726028,1,048032,3,068137,329,2476,274,7122,293,7487
100,241668701172,Right,-4,721311,1,056626,3,0708,328,0802,275,6408,292,2534
100,255477905273,Right,-4,71904,1,059946,3,072135,327,6866,276,086,291,6165
100,269432067871,Right,-4,713953,1,067874,3,075434,326,7685,276,713,292,0538
100,283409118652,Right,-4,709968,1,074012,3,07708,326,3337,275,7362,293,2342
100,297050476074,Right,-4,703578,1,079192,3,081244,325,7343,274,986,293,6758
100,311012268066,Right,-4,695872,1,087633,3,086246,324,1251,275,274,292,533
100,325164794922,Right,-4,692702,1,089965,3,088562,323,1872,276,131,291,6684
100,339019775391,Right,-4,68532,1,097268,3,093962,321,1233,278,7104,289,7174
100,352737426758,Right,-4,679061,1,102028,3,098147,319,8589,280,3499,288,4608
100,366386413574,Right,-4,674632,1,104015,3,101363,319,6491,280,8666,288,5178
100,38045501709,Right,-4,66518,1,109076,3,108086,319,1963,281,863,288,2222
100,394386291504,Right,-4,662232,1,109793,3,111056,319,3634,282,365,288,0457
100,408012390137,Right,-4,655163,1,112221,3,119617,319,6906,284,0481,287,4054
100,422050476074,Right,-4,648871,1,113694,3,12659,319,7621,285,3261,286,8224
100,435844421387,Right,-4,645434,1,113897,3,130273,319,6512,285,8049,286,3406
100,450386047363,Right,-4,637201,1,11527,3,138794,319,1515,286,9342,285,0449
100,463973999023,Right,-4,634895,1,114796,3,141494,319,0607,287,3918,284,468
100,477485656738,Right,-4,627513,1,115038,3,149953,318,7394,288,4724,283,3403
100,491561889648,Right,-4,622177,1,113125,3,157703,318,7767,289,5094,282,6966
100,505561828613,Right,-4,619908,1,112223,3,161057,318,9828,289,984,282,5577
100,519248962402,Right,-4,615728,1,10842,3,16921,319,7897,290,9419,282,2899
100,533256530762,Right,-4,611584,1,106241,3,175183,320,3149,291,6662,281,9723
100,547019958496,Right,-4,609221,1,103976,3,178793,320,7339,291,9058,281,6018
100,560874938965,Right,-4,607072,1,096873,3,184456,322,0842,291,5677,281,4125
100,575340270996,Right,-4,605753,1,094848,3,186782,322,4552,291,2541,281,7234
100,588691711426,Right,-4,601898,1,090664,3,192551,323,0983,291,0828,281,6821
100,602729797363,Right,-4,598741,1,086273,3,196158,323,3793,290,7029,281,8403
100,616744995117,Right,-4,596595,1,084038,3,198772,323,5701,290,762,281,8017
100,630310058594,Right,-4,592835,1,079095,3,202761,323,8623,291,028,281,9481
100,644378662109,Right,-4,591418,1,077543,3,204281,324,0391,291,2237,281,9223
100,65828704834,Right,-4,587409,1,072366,3,208016,324,3083,291,1756,282,4303
100,672058105469,Right,-4,584497,1,06816,3,210352,324,4809,291,0858,283,0443
100,686218261719,Right,-4,582977,1,065856,3,211694,324,6732,291,0816,283,1907
100,700134277344,Right,-4,581514,1,060043,3,214015,325,2799,290,893,283,7005
0,Sorting start,0,0,0,0,0,0
100,713760375977,Right,-4,58076,1,058525,3,214747,325,379,290,7653,283,9014
100,727760314941,Right,-4,579745,1,052562,3,2172,326,0849,290,4802,284,177
100,741477966309,Right,-4,577928,1,047642,3,219704,326,5012,290,0286,284,7126
100,755561828613,Right,-4,579358,1,045634,3,219933,326,8444,289,3446,284,8315
100,769744873047,Right,-4,580282,1,040378,3,222362,327,8912,288,4849,285,1753
100,783432006836,Right,-4,581468,1,036102,3,224116,328,5955,287,4494,285,5208
100,797294616699,Right,-4,582844,1,033222,3,225445,329,0916,287,0487,285,5253
100,811004638672,Right,-4,586791,1,028444,3,227727,329,6714,287,0701,284,8794
100,824951171875,Right,-4,589624,1,026453,3,22858,330,3212,287,2394,284,4443
100,838905334473,Right,-4,592952,1,021736,3,23115,331,056,287,4097,283,6128
100,852630615234,Right,-4,596789,1,018082,3,232711,331,5873,287,5085,282,7651
100,866722106934,Right,-4,59906,1,015844,3,233301,331,622,287,3576,282,6692
100,880569458008,Right,-4,602562,1,011435,3,235024,332,0521,287,088,282,7161
100,894523620605,Right,-4,60378,1,01,3,235768,332,2891,287,1743,282,7844
100,908447265625,Right,-4,607561,1,005365,3,237687,333,097,287,744,283,4933
100,922348022461,Right,-4,608998,1,002835,3,238588,333,5942,288,1533,283,9898
100,936088562012,Right,-4,609666,1,001551,3,239021,333,7442,288,2378,284,0974
100,950050354004,Right,-4,610448,0,9995879,3,239433,333,8549,288,3119,284,2132
100,96411895752,Right,-4,610281,0,9993393,3,23936,333,8322,288,2462,284,0934
100,977851867676,Right,-4,609593,0,998318,3,238609,333,6653,287,858,283,8191
100,991706848145,Right,-4,608967,0,9974385,3,237878,333,4018,287,4061,283,6057
101,005676269531,Right,-4,608456,0,9976821,3,2374,333,3585,287,1432,283,862
101,02001953125,Right,-4,606957,0,999029,3,236774,332,9001,286,8062,284,4405
101,03345489502,Right,-4,606866,0,9996624,3,236998,332,8864,286,7142,284,5032
101,047439575195,Right,-4,605945,1,000367,3,23799,332,6432,286,7362,284,7261
101,061187744141,Right,-4,604768,1,000764,3,240246,332,4223,286,9454,284,6093
101,075157165527,Right,-4,604611,1,000715,3,240757,332,4286,287,1494,284,4807
101,088912963867,Right,-4,603127,1,00057,3,246134,332,4555,287,9866,283,7891
101,102890014648,Right,-4,601784,1,00051,3,250027,332,3545,288,9786,283,0363
101,116813659668,Right,-4,600972,1,000605,3,252244,332,1719,289,4486,282,873
101,13069152832,Right,-4,59911,1,001085,3,256102,331,9303,290,4263,282,2776
101,14461517334,Right,-4,598391,1,001027,3,257121,331,8493,290,6456,282,0536
101,158340454102,Right,-4,596894,1,001145,3,260334,331,7916,291,2095,281,4517
101,172393798828,Right,-4,59575,1,000711,3,262169,331,687,291,0535,281,342
101,186332702637,Right,-4,595627,1,000455,3,263026,331,7354,291,2882,281,4121
101,20002746582,Right,-4,594478,1,000149,3,264867,331,8017,291,0504,281,5084
101,214065551758,Right,-4,594368,0,9999896,3,265315,331,8469,291,0159,281,5878
101,227958679199,Right,-4,593932,0,9995446,3,266091,332,0325,291,0474,281,6433
101,241775512695,Right,-4,593201,0,999358,3,267017,332,0829,291,3972,281,4141
101,256088256836,Right,-4,593213,0,9992119,3,266749,332,0109,291,3795,281,5634
101,269500732422,Right,-4,59309,0,9991296,3,26674,332,0145,291,1685,281,779
101,283538818359,Right,-4,591386,0,9988617,3,26865,331,895,291,3178,281,5957
101,297470092773,Right,-4,591145,0,998743,3,2686,331,805,291,3876,281,5292
101,311210632324,Right,-4,590558,0,9986529,3,268938,331,8238,291,6024,281,3176
101,32536315918,Right,-4,589944,0,9985392,3,269266,331,8265,291,6704,281,2182
101,339111328125,Right,-4,588968,0,9985719,3,270074,331,8394,291,8166,280,9868
101,352920532227,Right,-4,587234,0,9987351,3,271393,331,7503,292,1406,280,5782
101,366966247559,Right,-4,58648,0,9989336,3,271868,331,6519,292,3789,280,3834
101,380714416504,Right,-4,585026,0,9993802,3,272704,331,4344,292,7512,280,1399
101,39469909668,Right,-4,584606,0,9994214,3,272788,331,3799,292,7255,280,1755
101,408622741699,Right,-4,583425,0,9999763,3,273206,331,3192,292,7495,280,2523
101,422340393066,Right,-4,582834,1,00045,3,273265,331,3703,292,5808,280,4034
101,436508178711,Right,-4,582344,1,000854,3,273349,331,4062,292,4662,280,5052
101,450241088867,Right,-4,581231,1,001639,3,273411,331,2487,292,1284,280,7812
101,464141845703,Right,-4,580198,1,002593,3,273937,331,1086,292,2213,280,6535
101,478157043457,Right,-4,577256,1,00492,3,275043,330,6739,292,6531,280,2072
101,491790771484,Right,-4,575325,1,006334,3,275833,330,5416,293,0735,279,8107
101,505737304688,Right,-4,575191,1,006081,3,275702,330,4781,293,0462,279,7641
101,519805908203,Right,-4,573751,1,006878,3,276176,330,4263,293,0192,279,8659
101,533477783203,Right,-4,573692,1,006909,3,276289,330,4323,293,1046,279,8919
101,547714233398,Right,-4,571676,1,008168,3,276789,330,4182,293,0541,280,0419
101,561592102051,Right,-4,569799,1,009466,3,277077,330,159,293,0235,279,9337
101,5751953125,Right,-4,569425,1,009701,3,277108,330,0285,293,0329,279,8709
101,589294433594,Right,-4,567769,1,010804,3,277322,329,692,293,0604,279,7575
101,602981567383,Right,-4,56742,1,011149,3,277445,329,5865,293,2129,279,5416
101,616943359375,Right,-4,56713,1,011057,3,277672,329,6441,293,6379,279,2114
101,630928039551,Right,-4,567451,1,010371,3,277603,329,6461,293,8552,279,2838
101,644638061523,Right,-4,567439,1,010328,3,277736,329,8176,294,0104,279,3542
101,658729553223,Right,-4,567235,1,010101,3,278266,329,9281,294,2981,279,3978
101,672698974609,Right,-4,566727,1,00999,3,278806,329,9204,294,5752,279,2926
101,686470031738,Right,-4,566581,1,009951,3,279214,329,9202,294,8138,279,0894
101,700637817383,Right,-4,566741,1,00967,3,279831,329,4671,295,1182,278,8596
101,71427154541,Right,-4,56715,1,00952,3,279882,329,4981,295,0742,278,8567
101,72811126709,Right,-4,567827,1,009261,3,279925,329,6147,294,8137,278,9496
101,741966247559,Right,-4,568936,1,008865,3,279819,329,9364,294,6802,279,179
101,755798339844,Right,-4,5691,1,008874,3,279668,330,0977,294,5386,279,3887
101,769866943359,Right,-4,570085,1,008477,3,279021,330,2285,294,4642,279,3464
101,783966064453,Right,-4,571229,1,007954,3,277677,330,3513,294,3423,279,3255
101,797538757324,Right,-4,571653,1,007803,3,27684,330,3654,294,2566,279,3032
101,811630249023,Right,-4,573428,1,007179,3,274065,330,632,294,118,279,2897
101,825439453125,Right,-4,574824,1,006663,3,26995,330,6817,293,482,279,2166
101,839340209961,Right,-4,576289,1,005894,3,264043,330,7418,292,4462,279,5801
101,853355407715,Right,-4,577137,1,005994,3,261249,330,7679,291,8891,279,4046
101,866928100586,Right,-4,577909,1,005798,3,257788,330,8364,291,2926,279,3618
101,880889892578,Right,-4,57961,1,005227,3,249178,331,1463,289,8754,279,5776
101,894889831543,Right,-4,580548,1,00516,3,24559,331,1398,289,1883,279,7396
101,908569335938,Right,-4,581832,1,005146,3,236698,330,9895,287,6114,280,0152
101,922569274902,Right,-4,583099,1,00527,3,229272,330,6787,286,2323,280,1066
101,93675994873,Right,-4,583961,1,00529,3,224473,330,4956,285,4779,280,3822
101,95027923584,Right,-4,585121,1,005421,3,216093,330,1368,284,3977,281,0323
101,964256286621,Right,-4,585789,1,005774,3,213791,329,9262,284,2631,281,6156
101,97827911377,Right,-4,586746,1,006125,3,206478,329,6581,283,6525,282,8699
101,992134094238,Right,-4,588281,1,00659,3,204046,329,8426,283,7661,283,3973
102,006011962891,Right,-4,588905,1,006475,3,203598,330,126,284,0293,283,3843
102,019744873047,Right,-4,589878,1,006587,3,200612,330,1074,283,9427,283,6673
102,033699035645,Right,-4,590243,1,006807,3,199743,330,0835,284,2509,283,8174
102,047676086426,Right,-4,592017,1,003771,3,198612,331,0043,284,2079,285,6739
102,061584472656,Right,-4,592788,1,003306,3,197164,331,1409,284,4558,286,7286
102,075424194336,Right,-4,592349,1,003546,3,197614,331,1319,284,7809,287,0135
102,089408874512,Right,-4,592147,1,003416,3,197841,330,8994,285,269,287,6651
102,103218078613,Right,-4,591233,1,003851,3,200954,330,479,285,9656,288,3406
102,117164611816,Right,-4,590852,1,004245,3,20354,330,2658,286,5774,288,6008
102,130966186523,Right,-4,59061,1,004823,3,209935,330,0964,287,9453,288,8168
102,144943237305,Right,-4,59018,1,005418,3,214283,330,0451,288,7118,288,6564
102,158851623535,Right,-4,590267,1,006345,3,223547,329,9415,290,3452,288,4975
102,172828674316,Right,-4,590572,1,007923,3,234588,330,0704,292,1664,287,755
102,186698913574,Right,-4,590998,1,008942,3,242851,330,2041,293,6602,286,9041
102,200546264648,Right,-4,591681,1,011631,3,26159,330,2678,297,2085,284,5531
102,214401245117,Right,-4,591384,1,011819,3,26525,330,3674,297,953,284,0934
102,228302001953,Right,-4,591764,1,013757,3,285378,331,0807,301,2677,281,0208
102,242408752441,Right,-4,591157,1,013672,3,301721,331,9571,303,8175,278,2898
102,255973815918,Right,-4,590101,1,013608,3,310815,332,1252,305,1649,276,9521
102,269981384277,Right,-4,587895,1,014822,3,329894,332,3725,308,2103,274,4495
102,283744812012,Right,-4,586749,1,014399,3,335037,332,3814,309,2443,273,6454
102,297698974609,Right,-4,583383,1,015137,3,356324,332,5134,313,0315,271,025
102,311508178711,Right,-4,580638,1,013515,3,374739,332,8629,316,6544,269,4474
102,325386047363,Right,-4,580156,1,012483,3,38214,333,0983,318,1382,269,051
102,339309692383,Right,-4,579032,1,008736,3,404162,333,6649,322,2605,269,1425
102,353187561035,Right,-4,578816,1,004501,3,420241,334,0914,325,2467,270,6989
102,366958618164,Right,-4,579448,1,001407,3,431836,334,5078,327,2499,271,9561
102,381141662598,Right,-4,581102,0,9940792,3,45615,335,7419,331,1046,273,7693
102,394859313965,Right,-4,580386,0,9927207,3,464823,336,2764,332,7056,273,1225
102,408721923828,Right,-4,579852,0,9868933,3,492031,337,7726,337,1026,271,9625
102,422920227051,Right,-4,581874,0,9769093,3,516572,340,9951,340,2639,269,4579
102,436424255371,Right,-4,583379,0,9723674,3,528454,342,6884,341,5506,268,6783
102,450454711914,Right,-4,592086,0,956145,3,555286,348,2871,342,5494,266,44
102,464241027832,Right,-4,596071,0,9512955,3,560678,349,27,343,0358,266,9636
102,478149414063,Right,-4,606216,0,9366534,3,583699,352,3646,344,3945,268,7855
102,492195129395,Right,-4,631158,0,9195005,3,587417,353,5823,341,4422,273,9568
102,505867004395,Right,-4,638678,0,9158605,3,590564,354,3335,339,7353,274,4458
102,519775390625,Right,-4,655106,0,9054976,3,598482,356,6773,337,1134,272,5707
102,533851623535,Right,-4,667786,0,89702,3,599153,358,2607,336,3517,274,0074
102,547462463379,Right,-4,676106,0,8904674,3,601378,359,0453,336,1643,275,4385
102,561447143555,Right,-4,686354,0,8871757,3,599319,359,4686,334,9412,275,8666
102,57527923584,Right,-4,688883,0,8873743,3,598298,359,4106,334,1082,274,4056
102,589065551758,Right,-4,694687,0,8868538,3,598112,0,2737525,332,8199,271,4472
102,603416442871,Right,-4,697047,0,8855152,3,596363,1,581106,331,4957,267,1022
102,617111206055,Right,-4,699029,0,8836055,3,596508,2,586476,330,9365,265,5443
102,630699157715,Right,-4,700204,0,8815925,3,593862,3,666058,331,2595,265,1374
102,644973754883,Right,-4,699263,0,8831784,3,590842,2,941388,331,9901,266,6927
102,658721923828,Right,-4,696613,0,8897789,3,583366,0,4387142,333,0397,269,379
102,672492980957,Right,-4,692854,0,8972052,3,576251,358,8508,332,718,268,5329
102,686462402344,Right,-4,691654,0,8997629,3,573263,358,5797,332,3103,267,2244
102,700157165527,Right,-4,688457,0,9050422,3,565448,358,2325,331,2205,264,319
102,71427154541,Right,-4,687305,0,9059452,3,561109,357,8634,330,5001,263,5889
102,728210449219,Right,-4,684051,0,9101178,3,552003,357,0133,329,2647,262,4558
102,741821289063,Right,-4,681838,0,9128983,3,545285,356,2964,328,3936,261,6156
102,75594329834,Right,-4,679854,0,914643,3,541737,355,7974,328,0488,261,1869
102,770042419434,Right,-4,67222,0,9201156,3,533,354,0826,327,8491,260,2981
102,783592224121,Right,-4,669801,0,9214072,3,530684,353,3042,327,8723,260,564
102,797637939453,Right,-4,662596,0,9259704,3,521932,351,4081,327,493,260,8058
102,811317443848,Right,-4,655595,0,9284034,3,516125,350,177,327,1674,261,3054
102,825241088867,Right,-4,651576,0,9292533,3,515055,349,8737,327,2464,261,0214
102,83960723877,Right,-4,640234,0,9296985,3,512659,349,4966,327,6705,260,1282
102,853019714355,Right,-4,634377,0,9299349,3,509709,349,2508,327,5337,259,6651
102,866996765137,Right,-4,630257,0,9302814,3,507331,349,0633,327,3427,259,3636
102,88117980957,Right,-4,622837,0,9308413,3,50304,348,5425,326,7345,258,8697
102,894622802734,Right,-4,620553,0,9312098,3,501427,348,1116,326,5643,259,0368
102,908699035645,Right,-4,613307,0,9324399,3,495785,346,9507,326,1731,259,8792
102,922569274902,Right,-4,607726,0,9333465,3,491279,346,0912,325,7585,261,0908
102,936531066895,Right,-4,604253,0,9340808,3,488826,345,8993,325,4893,261,22
102,950386047363,Right,-4,597233,0,9352814,3,483489,345,4984,325,0865,261,3864
102,964096069336,Right,-4,595174,0,9357553,3,481662,345,2934,324,7012,261,4029
102,978080749512,Right,-4,58878,0,9369531,3,474971,344,4916,323,3074,262,0934
102,992126464844,Right,-4,583584,0,9378514,3,470158,343,7751,322,2233,262,9019
103,005699157715,Right,-4,580969,0,9386006,3,468228,343,4133,321,8697,263,3947
103,019744873047,Right,-4,57398,0,9402827,3,463012,342,2324,320,931,264,2621
103,033714294434,Right,-4,568883,0,9414606,3,461218,341,6174,320,6796,264,2723
103,047454833984,Right,-4,565599,0,9417155,3,459366,341,4153,320,531,264,6275
103,061889648438,Right,-4,560345,0,9417737,3,456166,341,336,320,2781,265,2112
103,075386047363,Right,-4,558447,0,9420134,3,454452,341,3173,319,9176,265,3134
103,089195251465,Right,-4,553653,0,9427286,3,449076,341,0136,318,8556,265,7282
103,103118896484,Right,-4,550942,0,9438906,3,444675,340,6739,317,8492,266,0772
103,116874694824,Right,-4,54892,0,9446671,3,442115,340,4049,317,4469,266,2328
103,130821228027,Right,-4,5448,0,9463229,3,437973,339,6855,317,2123,266,3531
103,14493560791,Right,-4,543615,0,9466297,3,436777,339,5486,317,2099,266,5485
103,158508300781,Right,-4,539962,0,947102,3,432943,339,2989,317,2487,266,7997
103,172492980957,Right,-4,536824,0,9474047,3,429134,338,9461,316,8831,267,1722
103,1865234375,Right,-4,53664,0,9476492,3,426272,338,5807,316,2988,267,4691
103,200317382813,Right,-4,534083,0,9482267,3,420991,337,9147,315,2489,268,3956
103,214286804199,Right,-4,533721,0,9485992,3,41995,337,7807,314,9178,268,7364
103,228057861328,Right,-4,532927,0,948322,3,415528,337,665,313,9841,269,4921
103,241912841797,Right,-4,532082,0,9481596,3,413927,337,781,313,7801,269,2471
103,255950927734,Right,-4,531137,0,9483515,3,412761,337,6677,313,6951,269,105
103,26978302002,Right,-4,528958,0,94905,3,410583,337,2899,313,7014,268,6388
103,283706665039,Right,-4,527585,0,9494787,3,409063,336,8884,313,6838,268,4331
103,297866821289,Right,-4,526589,0,9497758,3,408765,336,6626,313,9308,268,2042
103,311447143555,Right,-4,525107,0,9501785,3,409327,336,4523,314,5921,267,4851
103,325370788574,Right,-4,524187,0,9505047,3,409043,336,2889,314,7551,267,145
103,339233398438,Right,-4,521881,0,9516668,3,409616,335,9384,315,5346,265,8764
103,35302734375,Right,-4,520594,0,9517814,3,409276,335,7406,315,938,265,2516
103,367118835449,Right,-4,519869,0,9518653,3,409581,335,5721,316,272,264,8889
103,381057739258,Right,-4,518214,0,9521469,3,409586,335,185,316,6681,264,2335
103,394744873047,Right,-4,517991,0,9521911,3,409755,335,1061,316,9095,264,0253
103,408760070801,Right,-4,516619,0,9530708,3,409902,335,0101,317,8563,263,3036
103,422645568848,Right,-4,51587,0,95397,3,408586,334,8169,318,5411,263,0349
103,436508178711,Right,-4,514982,0,9545745,3,407836,334,6398,318,6642,262,6933
103,450424194336,Right,-4,513623,0,9559155,3,406118,334,4896,318,6814,261,7514
103,464126586914,Right,-4,513462,0,9562541,3,405288,334,4291,318,5715,261,4248
103,478118896484,Right,-4,511984,0,9581657,3,402552,334,2456,318,2931,260,6268
103,492111206055,Right,-4,510896,0,9597645,3,399987,333,9702,318,1303,260,2277
103,505836486816,Right,-4,510154,0,961043,3,397907,333,7542,317,9421,260,1587
103,519912719727,Right,-4,508319,0,9641353,3,392467,333,353,317,2118,260,0738
103,533836364746,Right,-4,507308,0,9659865,3,389307,333,1048,316,7836,259,7579
103,547546386719,Right,-4,506258,0,967909,3,385902,332,844,316,2179,259,3779
103,56160736084,Right,-4,505167,0,9710499,3,378847,332,2902,314,7583,259,0167
103,575225830078,Right,-4,505301,0,972358,3,375572,332,0906,313,8749,259,1584
103,589332580566,Right,-4,504839,0,9757074,3,364996,331,616,311,3662,259,9514
103,603378295898,Right,-4,505117,0,9781926,3,358261,331,3085,309,7295,260,5518
103,617141723633,Right,-4,505619,0,9794829,3,352328,331,2766,308,3039,261,1284
103,630989074707,Right,-4,506701,0,9815017,3,341581,331,2483,305,9063,262,2902
103,64485168457,Right,-4,507602,0,9827605,3,336588,331,0082,304,7054,262,7765
103,658638000488,Right,-4,507163,0,9853609,3,326674,330,6763,302,5901,263,2897
103,672676086426,Right,-4,507417,0,9876062,3,319432,330,3279,300,9496,263,7992
103,686408996582,Right,-4,511029,0,9871333,3,30899,330,8039,298,25,264,7182
103,70036315918,Right,-4,515831,0,9867706,3,292051,331,404,293,9864,266,5752
103,714309692383,Right,-4,517559,0,9873827,3,287735,331,6046,292,8391,267,0724
103,728073120117,Right,-4,521616,0,9865131,3,270247,332,2988,289,2023,268,3216
103,7421875,Right,-4,52562,0,9858399,3,255552,332,8626,286,1991,269,6689
103,75617980957,Right,-4,529072,0,9845571,3,245365,333,3746,284,3185,270,8474
103,769836425781,Right,-4,533364,0,982601,3,226314,334,3931,280,8514,272,4951
103,783767700195,Right,-4,537147,0,9815286,3,210994,335,0194,278,0781,273,2786
103,797561645508,Right,-4,539539,0,9805719,3,198455,335,2317,275,913,273,7132
103,811630249023,Right,-4,54319,0,9787202,3,178164,335,4594,272,3815,274,4084
103,825622558594,Right,-4,545727,0,9778085,3,169191,335,5295,270,8361,274,9367
103,83935546875,Right,-4,549744,0,9748781,3,146776,335,9319,267,385,275,8301
103,853256225586,Right,-4,554894,0,97206,3,130047,336,4774,265,4166,275,8053
103,867324829102,Right,-4,557833,0,9701981,3,118942,336,9626,263,8975,276,1386
103,880851745605,Right,-4,563392,0,965629,3,09954,337,9778,261,6606,276,8358
103,894592285156,Right,-4,567154,0,9633366,3,093522,338,4944,261,3592,277,0896
103,908432006836,Right,-4,573497,0,9584071,3,074317,339,7338,259,3444,277,6235
103,922332763672,Right,-4,580375,0,9538803,3,060507,341,081,258,7041,277,7515
103,936332702637,Right,-4,583894,0,951596,3,052282,341,7404,258,1694,278,0327
103,950042724609,Right,-4,59056,0,9465045,3,035395,343,0853,257,4054,278,8104
103,964096069336,Right,-4,592374,0,9458852,3,030792,343,1469,257,2451,279,2991
103,97843170166,Right,-4,597544,0,9428207,3,01379,343,3292,256,3313,280,5836
103,991821289063,Right,-4,602229,0,940312,2,999926,343,6805,255,454,281,5704
104,005767822266,Right,-4,60478,0,9385864,2,993468,344,0278,255,1372,282,481
104,019691467285,Right,-4,610737,0,9331402,2,977984,345,2925,254,4677,284,2962
104,033378601074,Right,-4,615222,0,9294093,2,968404,346,4062,254,2567,285,5526
104,047439575195,Right,-4,618046,0,927329,2,961691,346,9074,253,9267,285,9714
104,061279296875,Right,-4,622513,0,92365,2,949903,347,7094,252,9493,286,401
104,075309753418,Right,-4,624553,0,9223849,2,945291,348,0716,252,4043,286,5042
104,08927154541,Right,-4,629422,0,9196289,2,935821,348,8236,251,6607,285,5155
104,102882385254,Right,-4,63387,0,9173045,2,928315,349,5954,251,7286,285,346
104,116882324219,Right,-4,636463,0,9149953,2,925925,350,0258,252,2401,285,8499
104,130821228027,Right,-4,640826,0,9109436,2,919012,350,7297,252,4655,286,9047
104,144508361816,Right,-4,641673,0,910751,2,916837,350,7405,252,4117,286,9117
104,158531188965,Right,-4,644606,0,9084748,2,910771,351,0517,252,4039,287,2561
104,172248840332,Right,-4,646145,0,9068004,2,906148,351,4372,252,2189,287,2531
104,18620300293,Right,-4,646392,0,9058681,2,903998,351,5564,252,1103,287,4515
104,200462341309,Right,-4,647073,0,9043782,2,899387,351,569,251,9697,287,8531
104,214263916016,Right,-4,647502,0,9037746,2,898083,351,6414,252,0222,288,0508
104,22802734375,Right,-4,648871,0,9007207,2,893259,352,0545,252,0962,288,8406
104,241958618164,Right,-4,649621,0,8980769,2,889246,352,6045,251,9623,289,3018
104,255554199219,Right,-4,650173,0,8968917,2,887325,352,9036,251,9051,289,3472
104,269599914551,Right,-4,650499,0,8943455,2,883976,353,5197,251,5386,288,9574
104,28360748291,Right,-4,651297,0,8928502,2,881557,353,7278,251,2715,288,5576
104,297317504883,Right,-4,652121,0,8911099,2,879874,353,9207,251,1079,288,8333
104,311477661133,Right,-4,653625,0,8880416,2,878534,354,4225,251,5785,290,2773
104,325080871582,Right,-4,654001,0,8872536,2,877995,354,6872,251,7063,290,7959
104,33918762207,Right,-4,65526,0,8841434,2,876784,355,2366,251,9352,292,0381
104,353034973145,Right,-4,655982,0,882468,2,877445,355,6404,252,3017,293,3091
104,36678314209,Right,-4,656384,0,8812748,2,878517,355,7804,252,7214,294,5352
104,380790710449,Right,-4,656412,0,8801185,2,881557,355,8925,253,5863,296,5259
104,394874572754,Right,-4,657105,0,8801328,2,881608,356,1364,253,7405,296,6461
104,408805847168,Right,-4,65604,0,8824161,2,885964,355,8325,254,2141,296,5782
104,422584533691,Right,-4,655827,0,8825458,2,887663,355,8243,254,4586,296,89
104,43675994873,Right,-4,653968,0,8868694,2,892455,355,0026,254,7989,297,0616
104,450424194336,Right,-4,652184,0,8907233,2,89951,354,8305,255,2151,298,0828
104,464279174805,Right,-4,651745,0,8924991,2,90161,354,9688,255,193,298,4318
104,47834777832,Right,-4,651689,0,8963644,2,907215,354,7236,255,7768,299,8017
104,49227142334,Right,-4,651369,0,9035802,2,91229,354,0772,256,0712,300,5787
104,506408691406,Right,-4,651975,0,9106088,2,915745,352,8974,256,6362,300,666
104,519721984863,Right,-4,652799,0,9211307,2,921587,351,4471,257,5266,300,4328
104,533538818359,Right,-4,653863,0,9315381,2,926248,349,8125,258,3947,300,2845
104,547348022461,Right,-4,655172,0,9400029,2,929276,348,5548,259,1088,300,1885
104,561294555664,Right,-4,656837,0,9545613,2,933104,346,2823,260,0508,300,0652
104,575317382813,Right,-4,657164,0,9598867,2,934383,345,5453,260,3094,299,9901
104,589256286621,Right,-4,658487,0,9751101,2,936182,343,4683,260,7199,299,5501
104,603073120117,Right,-4,658984,0,985547,2,936863,342,1349,260,7094,299,2063
104,616996765137,Right,-4,659606,0,9924632,2,935714,341,3672,260,2742,298,7915
104,63094329834,Right,-4,661408,1,003415,2,932977,340,4311,259,3514,298,2239
104,644813537598,Right,-4,662422,1,007126,2,932747,340,0971,259,3052,298,0915
104,658798217773,Right,-4,665226,1,01686,2,92938,339,6646,258,7793,297,6639
104,672607421875,Right,-4,6671,1,024873,2,926908,338,8011,258,4622,297,5286
104,686614990234,Right,-4,66824,1,029558,2,924111,338,0171,258,2292,297,5113
104,700286865234,Right,-4,669923,1,039639,2,921291,336,6807,257,9916,297,2713
104,714218139648,Right,-4,670877,1,042238,2,919526,336,2022,257,8793,297,2776
104,728202819824,Right,-4,67274,1,051605,2,915178,334,7808,257,4474,297,3692
104,742080688477,Right,-4,675082,1,05712,2,909286,334,0691,256,4316,298,2385
104,755912780762,Right,-4,677248,1,0595,2,906461,334,1207,256,0434,298,7283
104,769912719727,Right,-4,682135,1,06468,2,900259,334,4247,255,2691,299,5891
104,783676147461,Right,-4,687624,1,067477,2,894969,335,1763,254,8474,300,0119
104,797637939453,Right,-4,691146,1,07051,2,891184,335,2818,254,5762,300,3115
104,811668395996,Right,-4,696776,1,075333,2,884506,335,3873,254,0481,300,8619
104,825332641602,Right,-4,699726,1,077078,2,880761,335,5667,253,683,301,1116
104,839385986328,Right,-4,70653,1,081619,2,871053,335,9001,252,6449,301,6773
104,853233337402,Right,-4,711812,1,08535,2,863041,336,1912,251,7147,301,7472
104,867095947266,Right,-4,715229,1,087607,2,857308,336,2385,251,0684,301,9929
104,880973815918,Right,-4,720852,1,091864,2,846979,335,9052,249,9954,302,8202
104,895164489746,Right,-4,723315,1,093767,2,842485,335,5081,249,6263,303,3339
104,908821105957,Right,-4,729528,1,096835,2,830628,334,7294,249,0057,304,6376
104,922668457031,Right,-4,735249,1,09757,2,820991,334,6754,248,4775,306,1009
104,936378479004,Right,-4,739179,1,09558,2,814652,335,1906,248,2874,307,5671
104,950485229492,Right,-4,747052,1,090529,2,801803,336,5056,247,6271,310,6645
104,964248657227,Right,-4,749825,1,088867,2,797684,337,1628,247,4118,311,8645
104,978378295898,Right,-4,760036,1,078531,2,785547,339,2244,247,0758,315,6765
104,992393493652,Right,-4,767385,1,070467,2,776146,341,4492,246,706,318,2353
105,005798339844,Right,-4,770055,1,064253,2,771195,343,5479,245,9703,318,5903
105,01985168457,Right,-4,776782,1,053813,2,761342,345,8185,245,2194,319,4773
105,033782958984,Right,-4,780314,1,049532,2,754814,346,4018,244,7333,318,0068
105,047584533691,Right,-4,781708,1,044749,2,751944,346,8592,244,5158,315,6027
105,061584472656,Right,-4,784829,1,039348,2,749492,347,2797,244,996,310,5143
105,075744628906,Right,-4,787351,1,031999,2,750462,345,7326,244,5033,313,2125
105,089279174805,Right,-4,791547,1,029708,2,754451,345,5657,246,364,314,5455
105,103202819824,Right,-4,793444,1,029877,2,759732,345,6589,247,3796,316,9897
105,116973876953,Right,-4,793617,1,035981,2,765484,345,8331,248,3974,317,8547
105,131187438965,Right,-4,793093,1,051852,2,77639,343,438,250,0618,317,4687
105,144950866699,Right,-4,79159,1,060231,2,78191,341,2604,251,0725,315,9861
105,158706665039,Right,-4,790191,1,076955,2,794444,336,5951,253,5035,313,2131
105,172653198242,Right,-4,789193,1,087054,2,80379,332,7935,255,8148,311,1476
105,186882019043,Right,-4,78511,1,098697,2,814866,330,2667,257,1139,309,4481
105,200469970703,Right,-4,781527,1,113531,2,830048,327,1023,259,728,307,2274
105,214294433594,Right,-4,780109,1,117729,2,836905,326,4745,260,984,305,8394
105,228149414063,Right,-4,776632,1,13134,2,854694,325,351,263,0258,304,1021
105,242004394531,Right,-4,773074,1,142408,2,869504,324,3716,265,2253,300,8624
105,255996704102,Right,-4,770254,1,148025,2,87959,323,7342,266,5482,298,9709
105,269889831543,Right,-4,764751,1,158926,2,900928,323,0529,268,2105,297,7457
105,283805847168,Right,-4,760322,1,165331,2,915763,323,7866,268,309,296,7387
105,297966003418,Right,-4,758088,1,169784,2,928531,324,2129,268,6667,296,7701
105,311492919922,Right,-4,753687,1,17606,2,947531,323,2322,270,0895,296,1163
105,325523376465,Right,-4,752087,1,17829,2,956411,322,4133,271,4091,296,1118
105,339576721191,Right,-4,747556,1,184316,2,978119,322,0081,273,7241,295,4443
105,353477478027,Right,-4,743752,1,187935,2,993456,321,9407,275,5983,293,9462
105,367309570313,Right,-4,74197,1,188753,3,004117,321,4906,277,1583,292,1597
105,380905151367,Right,-4,739603,1,18911,3,022156,322,0948,278,572,291,6918
105,394920349121,Right,-4,738745,1,188749,3,029302,322,6153,279,1023,291,5852
105,409027099609,Right,-4,737151,1,188633,3,049645,323,8601,280,6534,291,4066
105,42276763916,Right,-4,735671,1,18682,3,064397,325,1726,281,1342,291,4507
105,436653137207,Right,-4,735396,1,184502,3,072912,326,0841,280,9788,292,0471
105,450653076172,Right,-4,735098,1,182034,3,090366,326,4703,282,6809,292,294
105,464385986328,Right,-4,734596,1,179734,3,095255,326,9691,282,7186,292,7646
105,478424072266,Right,-4,735173,1,173741,3,112654,328,3777,283,3986,294,6612
105,492111206055,Right,-4,734332,1,171681,3,127662,329,0253,284,5834,295,2032
105,506134033203,Right,-4,735296,1,166297,3,134836,330,0711,285,3944,296,4474
105,520156860352,Right,-4,735672,1,159946,3,15236,331,3153,287,0844,297,4376
105,533798217773,Right,-4,73491,1,15822,3,155713,331,5011,287,7236,297,748
105,547813415527,Right,-4,735144,1,153085,3,171361,330,7744,290,672,297,5847
105,561744689941,Right,-4,734413,1,14679,3,181075,330,6561,292,3396,297,9195
105,575897216797,Right,-4,73502,1,142244,3,18299,331,1116,292,3424,299,0003
105,589645385742,Right,-4,735202,1,134744,3,191866,332,2381,292,5864,299,8208
105,603446960449,Right,-4,735663,1,12889,3,196777,333,186,292,2213,300,6631
105,617370605469,Right,-4,73599,1,125102,3,199425,333,3662,292,4958,301,526
105,631370544434,Right,-4,736379,1,1186,3,203473,333,7943,293,0449,302,7738
105,644973754883,Right,-4,736201,1,116444,3,20438,334,2616,292,9217,303,3191
105,659004211426,Right,-4,737329,1,109411,3,20786,334,9109,293,0823,304,6943
105,673095703125,Right,-4,738561,1,104388,3,208698,335,407,292,7077,305,4319
105,68675994873,Right,-4,739916,1,10056,3,209028,335,8729,292,4836,306,1611
105,700721740723,Right,-4,741626,1,093972,3,210156,336,5292,292,2224,307,174
105,71459197998,Right,-4,742296,1,093017,3,209607,336,6004,292,1547,307,3973
105,728576660156,Right,-4,744233,1,08873,3,210025,336,8455,292,2941,307,4604
105,742393493652,Right,-4,746074,1,0855,3,210961,336,8025,292,7568,306,8667
105,756233215332,Right,-4,747283,1,083108,3,21092,337,1093,292,8001,306,9452
105,770027160645,Right,-4,749521,1,079086,3,210963,337,5447,292,7092,307,5983
105,784057617188,Right,-4,749961,1,078839,3,211069,337,4836,292,7465,307,285
105,797843933105,Right,-4,751825,1,07657,3,211772,337,6475,293,001,308,0822
105,812088012695,Right,-4,753335,1,07515,3,211364,337,9784,292,8561,308,6743
105,825744628906,Right,-4,754029,1,074469,3,210533,338,586,292,286,308,7662
105,839729309082,Right,-4,755967,1,073468,3,209551,339,0291,291,6918,308,3942
105,853477478027,Right,-4,758023,1,071981,3,209742,339,1537,291,9287,309,0573
105,867347717285,Right,-4,758754,1,072032,3,209156,339,3078,291,8107,308,6887
105,881118774414,Right,-4,761011,1,069709,3,208296,339,822,291,5251,309,0973
105,895355224609,Right,-4,761692,1,068942,3,206629,340,8773,290,5433,309,0934
105,90909576416,Right,-4,764203,1,065562,3,206007,341,2285,290,5146,310,3626
105,922889709473,Right,-4,765265,1,065224,3,204891,341,3818,290,5216,309,9393
105,936958312988,Right,-4,765707,1,064175,3,20454,341,8996,290,7071,310,0228
105,950889587402,Right,-4,766545,1,062989,3,203791,342,2903,290,6873,310,1011
105,964797973633,Right,-4,766857,1,062768,3,203769,342,0882,291,0658,310,0938
105,978645324707,Right,-4,767453,1,060554,3,203477,342,215,291,411,310,5602
105,992263793945,Right,-4,768011,1,059306,3,203793,341,619,292,1684,310,672
106,006309509277,Right,-4,767205,1,056852,3,203259,343,3546,291,2116,311,0829
106,020317077637,Right,-4,768095,1,054991,3,204167,343,3769,291,663,313,053
106,034126281738,Right,-4,766747,1,056675,3,20265,342,5475,291,1636,313,3769
106,048027038574,Right,-4,76712,1,055904,3,20233,342,1596,291,2971,315,9982
106,061935424805,Right,-4,765811,1,057988,3,199859,345,3818,289,6983,315,7236
106,075828552246,Right,-4,766127,1,060157,3,199738,345,0919,289,635,314,9481
106,08975982666,Right,-4,76341,1,062041,3,195304,345,7573,288,3573,312,5904
106,10343170166,Right,-4,763379,1,059563,3,193983,346,9291,287,4992,311,578
106,117446899414,Right,-4,763019,1,058193,3,193357,347,5027,287,0145,312,2925
106,131286621094,Right,-4,761297,1,058633,3,193549,346,6541,287,1755,313,6185
106,145118713379,Right,-4,760643,1,059413,3,194179,346,5626,287,9632,314,7559
106,159118652344,Right,-4,75718,1,063553,3,195235,345,1585,289,0111,315,1861
106,17310333252,Right,-4,75452,1,066386,3,195513,344,4948,289,429,315,7701
106,186889648438,Right,-4,751677,1,071534,3,195677,343,1752,290,0248,315,8656
106,200706481934,Right,-4,746517,1,079201,3,195446,341,172,291,0306,315,2097
106,214630126953,Right,-4,743926,1,082122,3,194986,340,2627,291,4666,314,8307
106,228469848633,Right,-4,736745,1,091412,3,192576,337,9489,292,1738,314,1411
106,242462158203,Right,-4,730305,1,098145,3,189312,336,0948,292,4569,313,6776
106,256530761719,Right,-4,725163,1,103308,3,185055,334,6491,292,2338,313,3852
106,270385742188,Right,-4,715314,1,113043,3,17558,331,864,291,3345,312,7793
106,284080505371,Right,-4,712198,1,11586,3,171268,331,0478,290,668,312,3889
106,297821044922,Right,-4,701603,1,124781,3,157605,328,6898,288,683,311,1968
106,311782836914,Right,-4,69338,1,13071,3,144852,327,0503,286,504,310,0827
106,32585144043,Right,-4,689865,1,132619,3,137434,326,4618,285,0819,309,6491
106,33952331543,Right,-4,681539,1,139262,3,126399,324,6035,283,4207,308,9087
106,353416442871,Right,-4,674925,1,134867,3,100236,324,6956,277,1476,310,583
106,367156982422,Right,-4,67248,1,133796,3,088099,324,5805,274,4088,311,4372
106,381362915039,Right,-4,666542,1,13215,3,067526,324,2912,269,9775,312,8502
106,395248413086,Right,-4,66554,1,128992,3,056384,324,594,267,5864,313,8465
106,408981323242,Right,-4,65837,1,120622,3,028483,325,1921,261,369,316,5328
106,422897338867,Right,-4,654053,1,112201,3,00411,326,114,255,4491,319,3427
106,43684387207,Right,-4,650055,1,109327,2,992317,326,3682,252,7307,320,3431
106,450508117676,Right,-4,641972,1,093739,2,964034,328,9621,245,5831,323,6658
106,46459197998,Right,-4,641172,1,089314,2,954085,330,0042,243,2855,324,463
106,478340148926,Right,-4,630311,1,073284,2,928634,332,7901,237,0263,326,4091
106,492500305176,Right,-4,622375,1,061653,2,90817,334,9642,232,313,327,1817
106,506401062012,Right,-4,618227,1,054258,2,897778,336,384,229,9686,327,0854
106,519973754883,Right,-4,608671,1,040311,2,878728,337,866,225,9919,328,3045
106,534004211426,Right,-4,607441,1,036951,2,872508,338,2101,224,9425,328,8445
106,547660827637,Right,-4,599125,1,021124,2,856891,340,1723,222,0512,330,4718
106,561325073242,Right,-4,595242,1,004244,2,84451,343,4597,220,4111,332,3683
106,575256347656,Right,-4,595695,0,9972304,2,840075,344,8254,220,2932,333,7477
106,588958740234,Right,-4,591852,0,9785317,2,828995,348,3278,218,9669,336,4233
106,602935791016,Right,-4,591558,0,9625263,2,822243,351,9604,218,4285,339,8824
106,617027282715,Right,-4,591035,0,9553912,2,81806,353,1871,218,5634,339,9067
106,630638122559,Right,-4,590322,0,9429848,2,811507,354,2895,218,7366,338,5884
106,644584655762,Right,-4,596084,0,9376919,2,816038,356,4874,219,7688,342,8161
106,658561706543,Right,-4,599373,0,9313571,2,814006,358,7675,221,5007,345,323
106,672241210938,Right,-4,601936,0,9288291,2,812841,0,2353442,222,4423,345,0577
106,68627166748,Right,-4,604606,0,9308728,2,813151,359,7766,223,0402,344,7305
106,7001953125,Right,-4,60795,0,9357643,2,812595,359,5734,223,4737,344,1085
106,713882446289,Right,-4,609448,0,9386356,2,812114,358,9075,223,4773,344,044
106,72826385498,Right,-4,613227,0,9503242,2,809672,356,9539,223,3241,342,9915
106,741737365723,Right,-4,61649,0,9592676,2,807198,355,2523,223,4201,342,7149
106,755752563477,Right,-4,61862,0,9655007,2,806751,354,0043,223,5982,342,6364
106,769805908203,Right,-4,623542,0,9847526,2,804102,350,7957,224,046,341,7559
106,783386230469,Right,-4,626314,0,9975803,2,802984,348,002,224,3045,341,1577
106,79744720459,Right,-4,628187,1,008336,2,801898,345,9882,224,6238,340,4092
106,811096191406,Right,-4,63186,1,024495,2,800633,342,9108,225,0595,339,7139
106,825157165527,Right,-4,6337,1,031737,2,800783,341,4837,225,3441,340,1797
106,839096069336,Right,-4,6385,1,050624,2,79953,337,904,226,0467,340,0023
106,852767944336,Right,-4,642123,1,063736,2,799425,335,3557,227,0485,339,2372
106,86678314209,Right,-4,644522,1,071689,2,799797,335,1579,227,7643,337,7345
106,880752563477,Right,-4,650091,1,087027,2,799224,333,9182,229,1997,334,1157
106,894470214844,Right,-4,653351,1,089547,2,799904,333,3607,229,4032,333,8242
106,908485412598,Right,-4,661409,1,101413,2,800517,333,9844,230,5797,333,8538
106,922393798828,Right,-4,670494,1,111688,2,801511,333,3868,233,0459,331,9404
106,936294555664,Right,-4,675665,1,114698,2,802619,333,1689,234,3313,332,4179
106,950233459473,Right,-4,686954,1,122975,2,80403,333,3433,236,7856,333,3458
106,96410369873,Right,-4,688633,1,124921,2,804294,333,592,237,1707,333,4764
106,977722167969,Right,-4,698061,1,133086,2,805018,333,882,238,6575,332,9612
106,991691589355,Right,-4,705167,1,137202,2,805043,334,3707,239,4472,331,7383
107,005516052246,Right,-4,707835,1,139442,2,804562,334,2946,239,6381,331,0917
107,019645690918,Right,-4,714644,1,14465,2,803562,334,5127,239,8358,330,2284
107,033462524414,Right,-4,71964,1,146755,2,802162,334,793,240,2452,329,221
107,047386169434,Right,-4,72379,1,150443,2,801867,335,0919,240,7815,328,4557
107,061470031738,Right,-4,729957,1,145292,2,79957,335,8789,241,2216,327,6754
107,075225830078,Right,-4,733211,1,143388,2,798897,336,58,241,4903,328,1393
107,08903503418,Right,-4,740855,1,139727,2,797326,337,0029,242,3951,328,3808
107,102935791016,Right,-4,744813,1,137921,2,795792,337,3188,242,3752,330,2475
107,116729736328,Right,-4,746243,1,136782,2,794483,337,869,242,0704,331,3374
107,130416870117,Right,-4,750231,1,134089,2,792644,339,2972,241,911,333,0328
107,144546508789,Right,-4,750216,1,132025,2,791188,340,001,241,7566,333,1683
107,158317565918,Right,-4,754042,1,129164,2,789084,341,4244,241,7208,334,2522
107,172592163086,Right,-4,75549,1,125653,2,786242,342,1765,241,2951,334,4536
107,186256408691,Right,-4,756488,1,123168,2,78473,342,8277,241,2058,334,3651
107,199851989746,Right,-4,758512,1,117078,2,781718,343,9731,240,7663,334,5974
107,213897705078,Right,-4,760231,1,113113,2,779834,345,0786,240,4291,334,1889
107,227813720703,Right,-4,76252,1,109678,2,779272,345,8758,240,8183,334,8789
107,241424560547,Right,-4,765677,1,104509,2,778314,347,1251,241,1964,335,4724
107,255584716797,Right,-4,767065,1,101942,2,777713,347,5916,241,0875,335,8969
107,26927947998,Right,-4,770519,1,097274,2,775852,348,485,241,1655,336,602
107,283393859863,Right,-4,772582,1,09259,2,774535,347,8168,241,0333,338,4718
107,297264099121,Right,-4,77282,1,090851,2,773581,347,9762,240,9471,338,4058
107,31103515625,Right,-4,774261,1,087853,2,77143,348,2645,240,8023,337,5882
107,32495880127,Right,-4,775205,1,085364,2,771193,348,9766,240,7047,338,3104
107,3388671875,Right,-4,777582,1,079632,2,770288,350,3765,240,511,339,4923
107,352600097656,Right,-4,77976,1,077738,2,768979,351,295,240,7511,340,125
107,366638183594,Right,-4,781081,1,076051,2,768294,351,7144,240,7732,340,426
107,380218505859,Right,-4,783633,1,071925,2,767828,352,2443,241,0246,341,0133
107,394317626953,Right,-4,784302,1,070369,2,767668,352,508,241,0746,341,3592
107,408401489258,Right,-4,785824,1,066893,2,767582,352,5822,241,2479,341,8246
107,421943664551,Right,-4,787407,1,064876,2,76685,352,3569,241,2784,341,675
107,435920715332,Right,-4,78729,1,065517,2,766865,352,0581,241,2216,341,221
107,449836730957,Right,-4,78737,1,065697,2,76784,352,5704,240,8792,342,1742
107,46363067627,Right,-4,787562,1,067471,2,767446,352,7941,240,9097,340,9217
107,477600097656,Right,-4,787059,1,069567,2,767426,352,4478,241,0795,339,7364
107,491813659668,Right,-4,78633,1,070555,2,769204,353,0271,240,7743,340,9068
107,50528717041,Right,-4,78714,1,073631,2,769483,352,5077,240,9742,340,871
107,519256591797,Right,-4,788085,1,075568,2,76997,351,7523,241,0048,340,2332
107,53295135498,Right,-4,78764,1,077029,2,771279,350,6664,240,7757,340,9097
107,547012329102,Right,-4,787146,1,076828,2,771561,350,8663,240,6661,341,5779
107,560989379883,Right,-4,787016,1,076375,2,772012,350,9883,240,5956,342,3686
107,574699401855,Right,-4,786211,1,079979,2,772581,350,8431,240,863,340,6631
107,588676452637,Right,-4,785159,1,083469,2,774433,350,8623,241,1081,338,0303
107,602638244629,Right,-4,785081,1,08561,2,776282,350,2334,241,2936,337,5576
107,616500854492,Right,-4,784507,1,087654,2,777375,349,7159,241,3359,337,2588
107,630470275879,Right,-4,783628,1,091282,2,779332,348,871,241,407,336,7749
107,644104003906,Right,-4,783113,1,092381,2,780308,348,4966,241,4181,336,6535
107,658126831055,Right,-4,781745,1,096485,2,78246,347,4643,241,4343,336,256
107,672012329102,Right,-4,780146,1,099963,2,784329,346,5575,241,3522,335,7649
107,685935974121,Right,-4,779376,1,101964,2,785513,346,1034,241,4021,335,3253
107,69995880127,Right,-4,778027,1,106653,2,788211,345,1296,241,7237,334,2953
107,713790893555,Right,-4,777457,1,107518,2,78926,344,8114,241,7776,334,0935
107,727508544922,Right,-4,775829,1,112051,2,791754,343,7079,241,8733,333,5488
107,74146270752,Right,-4,774169,1,115764,2,794467,342,7869,241,9919,333,1102
107,755226135254,Right,-4,773494,1,117007,2,795824,342,6019,242,0666,332,8592
107,76929473877,Right,-4,772172,1,120566,2,799113,342,113,242,2672,332,2805
107,783142089844,Right,-4,771368,1,122655,2,80211,341,987,242,4386,332,0142
107,796951293945,Right,-4,771008,1,124615,2,80406,341,825,242,6423,331,6787
107,810958862305,Right,-4,770316,1,128417,2,80757,341,3373,242,9459,330,9342
107,825035095215,Right,-4,770148,1,129832,2,809265,341,1104,243,0033,330,6358
107,838600158691,Right,-4,769426,1,134014,2,812911,340,5268,243,2618,329,8662
107,852890014648,Right,-4,769272,1,137112,2,817118,340,1591,243,8452,328,8079
107,866600036621,Right,-4,76897,1,138624,2,819358,339,9246,244,1426,328,362
107,880195617676,Right,-4,768183,1,140986,2,823977,339,4569,244,9246,327,5522
107,89429473877,Right,-4,767286,1,14092,2,825291,339,1845,245,0771,327,5936
107,907981872559,Right,-4,765079,1,142154,2,828459,338,4227,245,4273,327,6772
107,922027587891,Right,-4,761712,1,141668,2,830116,337,9688,245,4208,328,2203
107,936058044434,Right,-4,758823,1,138493,2,830276,338,0304,245,0142,328,9869
107,949729919434,Right,-4,751595,1,131307,2,828735,338,7347,243,6465,331,3082
107,963745117188,Right,-4,745757,1,124727,2,826756,339,945,242,1812,333,3352
107,977684020996,Right,-4,741115,1,120071,2,826412,340,6526,241,2332,334,3771
107,991317749023,Right,-4,732939,1,113722,2,824881,341,7636,239,4691,335,4331
108,005393981934,Right,-4,72987,1,111721,2,82433,342,0278,238,9188,335,4672
108,019149780273,Right,-4,720221,1,105517,2,823599,342,6061,237,5069,335,2373
108,033226013184,Right,-4,712281,1,099885,2,822512,343,099,236,0534,335,3027
108,047164916992,Right,-4,708824,1,096979,2,822419,343,3928,235,4367,335,5738
108,060890197754,Right,-4,697782,1,084686,2,821844,345,1121,233,2211,336,7149
108,074836730957,Right,-4,695705,1,08184,2,821413,345,756,232,8574,336,7578
108,089088439941,Right,-4,687923,1,069633,2,823711,348,0583,232,2421,336,8957
108,102630615234,Right,-4,682258,1,060615,2,824844,349,3541,231,3424,337,9316
108,116577148438,Right,-4,678565,1,056059,2,825096,350,0151,230,7599,338,3777
108,130447387695,Right,-4,671174,1,044685,2,826285,350,8919,229,2518,340,8642
108,14429473877,Right,-4,668764,1,042418,2,82566,351,2178,228,8736,341,1572
108,158721923828,Right,-4,66057,1,031193,2,826501,352,6285,227,7536,341,5214
108,171905517578,Right,-4,655247,1,020138,2,826131,354,6939,226,8789,341,159
108,185974121094,Right,-4,652222,1,014065,2,825827,355,8759,226,3082,341,3442
108,199836730957,Right,-4,645542,0,9957,2,825821,359,7588,225,0532,342,0074
108,213607788086,Right,-4,641089,0,9826043,2,825932,2,35039,224,1639,343,1629
108,227592468262,Right,-4,637711,0,9709966,2,826968,4,635814,223,485,344,8598
108,241821289063,Right,-4,633214,0,9543088,2,829262,8,127155,223,017,346,8255
108,255439758301,Right,-4,632165,0,9473519,2,830314,9,74419,223,1482,347,4463
108,269233703613,Right,-4,628743,0,9298092,2,836954,13,4466,223,4623,349,7664
108,282920837402,Right,-4,624742,0,9184005,2,840659,16,20797,223,022,351,5951
108,297035217285,Right,-4,621753,0,9132084,2,842945,17,15079,222,2312,352,5709
108,31079864502,Right,-4,615535,0,9061101,2,84765,19,03857,220,9387,352,6238
108,324905395508,Right,-4,613632,0,9035543,2,849236,20,03009,220,4045,352,1193
108,338623046875,Right,-4,607572,0,8956485,2,855876,22,74626,219,1818,351,6566
108,352432250977,Right,-4,604483,0,8930646,2,861319,24,01851,218,0024,351,6439
108,366287231445,Right,-4,60304,0,8912008,2,864967,24,77193,217,5145,352,1501
108,380378723145,Right,-4,597835,0,8840354,2,871624,26,9838,216,4879,352,8296
108,394050598145,Right,-4,59924,0,8864613,2,873556,26,63538,216,4616,353,4758
108,408134460449,Right,-4,598989,0,8894531,2,881409,26,97707,216,2228,354,2884
108,422065734863,Right,-4,598329,0,8911612,2,886108,27,91791,216,049,353,7112
108,435737609863,Right,-4,598213,0,892171,2,888253,28,48222,215,9653,352,9001
108,449821472168,Right,-4,598619,0,8944427,2,892508,28,86135,215,8825,351,6412
108,463607788086,Right,-4,598912,0,8947366,2,89566,29,34601,215,9152,351,0781
108,477416992188,Right,-4,599579,0,8954039,2,897472,29,44687,215,9717,350,6844
108,491546630859,Right,-4,600097,0,8956885,2,900962,29,68037,215,8316,350,6228
108,505165100098,Right,-4,600201,0,8954797,2,902031,29,73263,215,6649,350,7776
108,519142150879,Right,-4,598834,0,8938877,2,906206,30,72814,215,1536,350,7081
108,533088684082,Right,-4,596301,0,8891394,2,910503,32,78305,214,5434,350,2204
108,546936035156,Right,-4,594197,0,8847126,2,914151,34,51553,214,2221,350,212
108,560958862305,Right,-4,590024,0,8756612,2,922586,38,71352,214,2769,350,299
108,574798583984,Right,-4,590269,0,8709885,2,92545,39,99722,215,0989,351,3119
108,588516235352,Right,-4,589959,0,8631861,2,934393,42,75747,216,8437,354,2255
108,602737426758,Right,-4,592057,0,859512,2,938514,43,97974,219,1049,356,4393
108,616439819336,Right,-4,595494,0,8592504,2,939659,43,67741,220,3559,358,8068
108,630233764648,Right,-4,602739,0,8639664,2,934446,38,68716,221,7691,358,101
108,64427947998,Right,-4,605427,0,8694918,2,933682,35,63385,221,302,356,6574
108,65803527832,Right,-4,609374,0,8745969,2,931544,32,06695,221,2339,355,866
108,672019958496,Right,-4,607407,0,8801148,2,932052,31,26595,219,3869,354,3543
108,68595123291,Right,-4,604962,0,8811271,2,932387,32,11531,218,5639,352,8816
108,699821472168,Right,-4,601393,0,8824291,2,933859,32,35315,217,0594,350,7455
108,71395111084,Right,-4,598767,0,8850675,2,933823,32,14222,214,8871,350,0208
108,727478027344,Right,-4,598902,0,8886992,2,932113,31,18129,213,4688,349,9654
108,741416931152,Right,-4,599896,0,8981516,2,9268,27,6576,212,3864,348,8254
108,755325317383,Right,-4,602397,0,9072491,2,921173,24,21619,212,5785,346,8675
108,769104003906,Right,-4,606839,0,9232932,2,913677,18,39637,212,6336,344,4312
108,783424377441,Right,-4,609486,0,9329165,2,911305,15,32047,213,0517,343,7949
108,797172546387,Right,-4,611463,0,9405242,2,908007,12,20462,212,8451,344,5516
108,811180114746,Right,-4,612808,0,9566321,2,902065,8,877179,213,8613,341,292
108,824806213379,Right,-4,615859,0,962215,2,900848,5,526659,213,511,343,0236
108,838706970215,Right,-4,61915,0,981856,2,894629,0,2635079,214,5069,341,1624
108,852478027344,Right,-4,622315,0,9965126,2,89133,355,9086,215,4591,340,8085
108,866592407227,Right,-4,623925,1,005394,2,889195,353,052,216,0374,340,7588
108,88020324707,Right,-4,627455,1,021474,2,885921,348,8781,217,8273,339,5599
108,894309997559,Right,-4,627955,1,024795,2,885768,347,4425,218,2825,339,455
108,908226013184,Right,-4,631625,1,039294,2,88262,342,5427,219,7618,340,0727
108,922050476074,Right,-4,632764,1,053334,2,880463,337,0875,220,6491,341,413
108,93595123291,Right,-4,632655,1,063811,2,879072,333,4906,221,5772,340,8235
108,949867248535,Right,-4,632894,1,085483,2,877423,325,8842,223,2368,340,1207
108,963623046875,Right,-4,631855,1,096873,2,877624,321,6296,224,5972,339,1839
108,977600097656,Right,-4,632714,1,102578,2,877756,320,1891,226,2845,337,6708
108,991348266602,Right,-4,634628,1,106333,2,876954,319,5102,228,6356,336,1183
109,005714416504,Right,-4,634138,1,104137,2,875177,319,3907,228,0219,337,8878
109,019355773926,Right,-4,634148,1,104694,2,870143,318,3516,226,8602,341,157
109,033142089844,Right,-4,6324,1,104336,2,864053,317,5952,224,4668,345,3253
109,046989440918,Right,-4,632826,1,10652,2,860792,315,8933,223,5364,347,6512
109,060958862305,Right,-4,633492,1,112081,2,855955,313,694,224,1849,346,791
109,07462310791,Right,-4,635613,1,11226,2,854936,313,4586,225,1637,345,5803
109,088684082031,Right,-4,641246,1,11464,2,850798,312,7236,227,0567,344,2546
109,102607727051,Right,-4,645306,1,114059,2,846509,312,31,227,1297,345,4549
109,116416931152,Right,-4,648283,1,112534,2,843515,312,3806,226,9441,346,5587
109,130546569824,Right,-4,654896,1,110918,2,837549,312,3622,226,6109,348,9969
109,144142150879,Right,-4,656595,1,110282,2,835341,312,6132,226,5348,349,549
109,158042907715,Right,-4,665397,1,10695,2,829166,313,8195,227,0224,350,3248
109,172096252441,Right,-4,673245,1,103284,2,823237,315,3398,227,367,351,0066
109,185707092285,Right,-4,677228,1,100992,2,81987,316,2995,227,1937,351,8463
109,199737548828,Right,-4,68689,1,094953,2,812516,318,5629,226,8546,353,535
109,213760375977,Right,-4,693628,1,091786,2,806945,320,3052,226,7636,353,8784
109,227584838867,Right,-4,698612,1,089977,2,803439,321,2116,226,6982,353,9813
109,241554260254,Right,-4,706132,1,088447,2,798644,322,2105,226,7151,353,6548
109,255325317383,Right,-4,709504,1,088985,2,796944,322,2633,226,8277,353,348
109,269218444824,Right,-4,717915,1,08832,2,792633,322,9683,227,1399,352,8713
109,283088684082,Right,-4,724598,1,087848,2,789518,323,7763,227,3344,352,7173
109,296882629395,Right,-4,728752,1,087869,2,787442,324,0848,227,4058,352,8849
109,31086730957,Right,-4,7363,1,090045,2,784806,324,081,227,8018,352,8551
109,324920654297,Right,-4,738797,1,092491,2,785386,323,5787,228,2368,352,9357
109,33861541748,Right,-4,746076,1,093878,2,783854,323,7139,228,6588,353,7882
109,352615356445,Right,-4,751342,1,093703,2,781602,324,7594,228,9091,354,226
109,366355895996,Right,-4,754052,1,093344,2,780238,325,5571,228,9804,354,2504
109,380294799805,Right,-4,758113,1,092701,2,777781,326,8101,228,8627,354,4945
109,394165039063,Right,-4,759248,1,093072,2,776672,326,9798,228,7183,354,5833
109,40811920166,Right,-4,762596,1,092428,2,773815,327,6664,228,3958,355,2056
109,422164916992,Right,-4,76353,1,092836,2,770923,327,8238,227,7033,356,0168
109,435752868652,Right,-4,765329,1,09343,2,769653,327,9466,227,7629,356,0974
109,449981689453,Right,-4,768183,1,094423,2,767217,327,7779,227,7141,356,7799
109,464019775391,Right,-4,768389,1,09432,2,766559,327,993,227,705,357,2003
109,477561950684,Right,-4,770658,1,093737,2,764159,328,5223,227,4396,358,1534
109,491439819336,Right,-4,77283,1,093601,2,762056,329,0966,227,3836,358,5635
109,505142211914,Right,-4,773884,1,093845,2,761103,329,2428,227,4272,358,6393
109,519050598145,Right,-4,776633,1,093228,2,759258,329,6852,227,4848,358,7408
109,533088684082,Right,-4,778628,1,092545,2,757657,330,127,227,4242,359,0172
109,54679107666,Right,-4,779706,1,092357,2,756737,330,2912,227,4119,359,037
109,560890197754,Right,-4,781791,1,091936,2,755076,330,6112,227,2794,359,4104
109,574783325195,Right,-4,782059,1,092034,2,754601,330,5991,227,2583,359,2827
109,588645935059,Right,-4,783804,1,09144,2,753397,330,8828,227,0926,359,5203
109,602531433105,Right,-4,785358,1,0914,2,752031,330,7985,226,9843,359,5836
109,616638183594,Right,-4,786423,1,090907,2,751689,330,6416,227,1262,359,5336
109,630142211914,Right,-4,788452,1,089869,2,750889,330,513,227,3574,359,7115
109,644241333008,Right,-4,788857,1,089226,2,750659,330,6029,227,4733,359,7496
109,657775878906,Right,-4,790819,1,087037,2,749845,330,8416,227,5713,359,9554
109,671714782715,Right,-4,792381,1,084897,2,749146,331,3138,227,4678,0,5585306
109,685813903809,Right,-4,792966,1,084289,2,748631,331,4683,227,5627,0,4787721
109,699562072754,Right,-4,795042,1,0822,2,748002,331,8721,227,8192,0,2669301
109,713363647461,Right,-4,796463,1,080624,2,747297,331,9619,227,8903,0,2490671
109,727478027344,Right,-4,797482,1,078543,2,747174,332,1636,227,9221,0,4245134
109,741020202637,Right,-4,799521,1,075609,2,746884,332,5858,228,03,0,9795619
109,754943847656,Right,-4,800317,1,073902,2,746816,332,8922,228,0786,1,542973
109,768737792969,Right,-4,802636,1,06904,2,747303,333,6707,228,2327,3,203473
109,782745361328,Right,-4,80437,1,065507,2,747274,334,6667,228,7308,4,029859
109,79670715332,Right,-4,804669,1,064256,2,746428,334,6703,229,3527,2,910531
109,810615539551,Right,-4,802767,1,065302,2,746504,332,9583,229,0119,2,324073
109,824424743652,Right,-4,80255,1,064979,2,746565,332,8929,229,0096,2,131246
109,83837890625,Right,-4,801036,1,066572,2,747185,332,2924,228,9799,1,374525
109,852111816406,Right,-4,800726,1,065974,2,747739,331,9331,229,0024,1,322004
109,866104125977,Right,-4,800208,1,065369,2,748423,332,2739,229,2626,1,025451
109,879829406738,Right,-4,80044,1,062855,2,749926,332,1078,229,7431,1,16885
109,893928527832,Right,-4,8002,1,061174,2,75121,332,08,229,9515,1,693453
109,907897949219,Right,-4,79967,1,060091,2,752386,332,4169,229,9335,2,487757
109,921714782715,Right,-4,798499,1,059726,2,753781,332,7976,229,8812,3,518109
109,935684204102,Right,-4,797693,1,060247,2,754197,332,8267,229,9282,3,760941
109,949516296387,Right,-4,795225,1,062753,2,755775,332,266,229,8937,3,36221
109,963233947754,Right,-4,793786,1,064022,2,757236,331,8052,229,9193,3,056156
109,97713470459,Right,-4,79349,1,064822,2,758033,331,8627,230,0673,2,431506
109,990867614746,Right,-4,791567,1,06715,2,762084,331,4865,230,5688,1,311626
110,004844665527,Right,-4,79144,1,067834,2,764059,331,4901,230,8483,0,8475804
110,019004821777,Right,-4,790682,1,070761,2,76923,330,9963,231,5502,0,01951814
110,032623291016,Right,-4,790345,1,073797,2,775053,330,2277,232,3394,359,4906
110,046531677246,Right,-4,790272,1,075772,2,779088,329,9104,233,0038,358,8984
110,060508728027,Right,-4,791058,1,080414,2,787911,329,03,234,3989,357,8621
110,07421875,Right,-4,791918,1,082458,2,793395,328,6403,235,2123,357,4164
110,088340759277,Right,-4,79357,1,087667,2,804321,327,8099,237,0549,356,1541
110,102058410645,Right,-4,795408,1,091632,2,815466,327,2958,239,1862,354,594
110,116073608398,Right,-4,79785,1,093905,2,823483,327,1984,240,8977,353,5059
110,129989624023,Right,-4,802739,1,098377,2,839345,327,0324,244,1234,351,6276
110,143798828125,Right,-4,803926,1,099096,2,844192,327,0354,245,0678,351,137
110,157676696777,Right,-4,810857,1,102107,2,862283,327,642,248,8808,349,047
110,171630859375,Right,-4,816662,1,103233,2,878296,328,7907,252,4573,346,8793
110,185287475586,Right,-4,820445,1,102624,2,886364,329,8256,254,5005,345,6941
110,199501037598,Right,-4,83028,1,100014,2,906384,332,7206,259,201,343,3228
110,213287353516,Right,-4,837516,1,095641,2,920656,335,2856,262,3081,342,4148
110,227081298828,Right,-4,843577,1,091286,2,930607,337,5554,264,6327,342,0879
110,241195678711,Right,-4,85516,1,077426,2,948494,343,1733,268,6134,342,5867
110,254760742188,Right,-4,857267,1,077439,2,95412,343,8725,269,789,342,2243
110,268753051758,Right,-4,867006,1,060818,2,972363,349,6222,273,2327,343,9736
110,282859802246,Right,-4,874096,1,04154,2,983958,355,6779,275,5789,346,7409
110,296455383301,Right,-4,877502,1,034177,2,989411,357,886,276,508,348,3932
110,310409545898,Right,-4,881549,1,018466,2,996797,1,665595,276,7699,352,5753
110,32438659668,Right,-4,883677,1,016208,2,997069,2,71542,276,7928,352,5549
110,338165283203,Right,-4,885396,1,00768,2,994329,5,719527,275,556,348,5636
110,352264404297,Right,-4,888372,1,001579,2,994352,7,946244,275,5245,342,983
110,365776062012,Right,-4,890332,0,9966967,2,997858,8,815769,275,9316,340,8213
110,379943847656,Right,-4,886467,0,9876257,2,987269,12,40583,272,5,335,5291
110,393669128418,Right,-4,887789,0,9829313,2,98725,14,19093,271,4669,335,2601
110,407325744629,Right,-4,887042,0,9766741,2,981491,14,88225,269,2859,332,1005
110,421295166016,Right,-4,884329,0,9728201,2,976794,16,31908,266,9818,332,2518
110,435302734375,Right,-4,885125,0,9732644,2,975411,15,75418,266,6497,332,3644
110,449089050293,Right,-4,885102,0,9779615,2,977261,13,4011,267,8529,333,0747
110,463111877441,Right,-4,887115,0,9826941,2,980408,10,38057,269,4127,334,7083
110,477149963379,Right,-4,887615,0,9885646,2,982987,7,135321,270,3742,336,4212
110,490715026855,Right,-4,888968,0,9995677,2,98715,1,831686,271,7802,338,9991
110,504753112793,Right,-4,887124,1,009154,2,986715,358,7486,272,467,338,3046
110,518539428711,Right,-4,886117,1,027416,2,988069,351,579,274,0765,335,5877
110,532371520996,Right,-4,877954,1,044712,2,986728,345,4146,274,1319,332,1219
110,546615600586,Right,-4,873506,1,054011,2,986028,341,2448,273,9652,331,0672
110,56014251709,Right,-4,865281,1,071507,2,985448,334,3071,274,1917,328,7288
110,574142456055,Right,-4,860943,1,076782,2,98603,330,9568,274,5904,327,9557
110,588104248047,Right,-4,849761,1,093955,2,986758,321,7478,276,3476,325,7289
110,601974487305,Right,-4,837289,1,098926,2,988135,314,3643,278,183,324,9108
110,616142272949,Right,-4,831812,1,098692,2,988982,311,7115,278,7761,325,8219
110,629814147949,Right,-4,821183,1,097419,2,988446,307,427,277,493,328,3652
110,643424987793,Right,-4,815049,1,091688,2,987479,306,2571,274,6467,331,8769
110,657470703125,Right,-4,81157,1,08825,2,987623,305,9333,272,9681,333,5787
110,671333312988,Right,-4,807734,1,083771,2,988694,304,7145,270,5262,336,1338
110,685218811035,Right,-4,806512,1,082911,2,99006,303,4819,270,5596,335,7338
110,699249267578,Right,-4,801645,1,082454,2,993155,299,3121,271,399,334,648
110,712936401367,Right,-4,799842,1,078466,2,998162,296,8442,272,1894,334,5968
110,727005004883,Right,-4,800148,1,074576,3,002686,296,8012,272,0111,335,9892
110,740837097168,Right,-4,800819,1,069275,3,009741,296,141,272,4926,337,8824
110,754577636719,Right,-4,801222,1,06691,3,011801,296,0717,272,4899,339,1231
110,768669128418,Right,-4,803518,1,060704,3,019451,296,017,272,7007,341,335
110,782455444336,Right,-4,803153,1,058047,3,024072,295,2684,272,6822,341,9025
110,796485900879,Right,-4,802281,1,056845,3,026238,294,6419,271,8316,342,3169
110,81031036377,Right,-4,800745,1,054943,3,031541,292,2795,271,1874,343,2553
110,824203491211,Right,-4,800607,1,053264,3,032989,291,7191,270,7172,344,2589
110,838150024414,Right,-4,800649,1,050247,3,038041,290,5633,270,959,345,0847
110,85196685791,Right,-4,800187,1,047966,3,042548,289,9878,272,3052,344,5798
110,865951538086,Right,-4,799427,1,047205,3,044713,290,1364,273,5967,343,6424
110,87971496582,Right,-4,796804,1,047158,3,04938,289,7219,275,6969,341,9305
110,893653869629,Right,-4,794286,1,047556,3,051812,289,1321,276,8239,341,373
110,907447814941,Right,-4,79349,1,047079,3,05427,288,6002,277,0714,342,503
110,921340942383,Right,-4,790569,1,0478,3,05438,288,5919,277,8947,341,1443
110,935134887695,Right,-4,790859,1,047524,3,055133,288,3797,278,1476,340,6113
110,949180603027,Right,-4,790364,1,046812,3,057407,288,1905,278,842,340,6433
110,96312713623,Right,-4,788471,1,046956,3,059359,288,5838,280,2687,339,8658
110,977127075195,Right,-4,786881,1,047665,3,060437,288,3082,282,0235,338,151
110,990821838379,Right,-4,784012,1,048338,3,061819,287,6267,284,3004,335,8065
111,004821777344,Right,-4,782753,1,048041,3,061373,287,3694,284,5651,334,9974
111,018653869629,Right,-4,780325,1,047221,3,060886,286,9351,284,7608,333,9232
111,032485961914,Right,-4,779014,1,046293,3,061223,286,1719,285,4838,333,5567
111,046333312988,Right,-4,77797,1,045809,3,061181,285,8032,286,6882,332,4692
111,060470581055,Right,-4,775654,1,045127,3,061019,284,9847,288,6989,329,8251
111,074172973633,Right,-4,775511,1,044214,3,061005,284,2784,288,4145,330,3203
111,087928771973,Right,-4,774061,1,042728,3,060497,283,5668,289,6072,329,0346
111,101974487305,Right,-4,773922,1,040265,3,060291,283,4124,288,3473,330,9834
111,115936279297,Right,-4,774114,1,038982,3,06011,283,6819,287,0284,332,5894
111,12979888916,Right,-4,774304,1,0367,3,060628,284,3308,286,1033,333,8272
111,143661499023,Right,-4,773893,1,03565,3,061156,284,5709,286,2361,333,9032
111,157524108887,Right,-4,773772,1,034638,3,062008,284,7313,287,6619,332,4651
111,171211242676,Right,-4,773729,1,032761,3,063242,284,8067,289,7425,330,1852
111,185302734375,Right,-4,77395,1,031794,3,063679,284,6241,290,9856,328,9196
111,199089050293,Right,-4,774737,1,028889,3,064325,284,6412,292,5632,326,7964
111,213081359863,Right,-4,775108,1,026309,3,064712,284,9445,293,1176,325,7256
111,227066040039,Right,-4,775878,1,024332,3,065293,285,4729,293,4876,325,327
111,240989685059,Right,-4,77697,1,020889,3,066207,286,3484,293,3484,325,5422
111,254661560059,Right,-4,776107,1,020684,3,066093,285,8566,294,4395,324,3941
111,268615722656,Right,-4,773594,1,019571,3,067456,284,7412,300,7155,317,4933
111,282447814941,Right,-4,772633,1,014958,3,0666,286,1083,295,1321,322,9378
111,296615600586,Right,-4,770947,1,014575,3,066788,286,8261,293,2484,324,9945
111,310287475586,Right,-4,768495,1,012208,3,066672,287,2058,291,5414,326,9146
111,324089050293,Right,-4,768323,1,011532,3,067054,287,8343,291,2048,327,566
111,33821105957,Right,-4,767225,1,011968,3,066797,287,6124,289,7913,329,107
111,351852416992,Right,-4,762037,1,009508,3,066313,287,9577,289,4993,328,6518
111,365783691406,Right,-4,759904,1,009582,3,067156,287,5863,290,5868,327,4983
111,379760742188,Right,-4,755243,1,00979,3,067631,287,1791,291,9684,325,7236
111,393547058105,Right,-4,751954,1,010042,3,067767,286,6167,292,3782,325,0801
111,407516479492,Right,-4,749547,1,010527,3,067598,286,2376,292,248,325,0402
111,421463012695,Right,-4,746135,1,011697,3,068005,285,8561,292,8728,324,2566
111,435165405273,Right,-4,744526,1,012354,3,068155,285,6414,293,3746,323,6493
111,449440002441,Right,-4,739176,1,015062,3,067989,285,1678,294,3713,321,8948
111,463226318359,Right,-4,735519,1,018522,3,0688,284,4958,296,8379,319,5649
111,476997375488,Right,-4,733458,1,019814,3,068725,284,3152,297,4282,318,8332
111,49080657959,Right,-4,7303,1,02278,3,06872,284,2011,298,1945,317,7619
111,504653930664,Right,-4,729576,1,025304,3,068958,284,3038,298,8214,316,9081
111,518676757813,Right,-4,725631,1,030599,3,069339,284,2405,301,2518,313,9555
111,532752990723,Right,-4,721547,1,035509,3,069782,284,0038,304,9286,309,809
111,546325683594,Right,-4,718414,1,039016,3,069234,283,6988,306,9722,307,2555
111,560333251953,Right,-4,7119,1,045869,3,067845,283,1038,310,9207,302,3452
111,574310302734,Right,-4,70998,1,048162,3,067183,282,7938,312,4669,300,498
111,58797454834,Right,-4,703587,1,055676,3,064636,282,1073,316,3816,295,7735
111,602027893066,Right,-4,698801,1,06204,3,061728,281,4398,319,6654,292,2496
111,615730285645,Right,-4,696757,1,064852,3,060377,281,2227,321,1855,290,6422
111,62979888916,Right,-4,693052,1,071979,3,056778,281,1434,323,6935,287,6586
111,643707275391,Right,-4,691847,1,076327,3,054916,281,4147,324,3573,286,5441
111,657447814941,Right,-4,691468,1,079504,3,053726,281,7344,324,619,285,9801
111,671424865723,Right,-4,691508,1,08428,3,051885,282,3359,324,5421,285,6061
111,685539245605,Right,-4,692918,1,085625,3,050991,282,7398,323,2795,286,7314
111,699127197266,Right,-4,695851,1,088678,3,048241,283,4364,320,2319,289,5271
111,713188171387,Right,-4,699908,1,089791,3,045215,284,1031,315,4689,293,7728
111,727096557617,Right,-4,703114,1,089958,3,042966,284,6345,311,8546,297,0265
111,740867614746,Right,-4,70904,1,090325,3,039097,285,949,305,8497,302,2297
111,754913330078,Right,-4,714795,1,088551,3,037378,287,3899,301,2382,306,4272
111,768669128418,Right,-4,722986,1,08692,3,033277,289,8573,295,5942,311,3607
111,782623291016,Right,-4,733624,1,083355,3,029751,293,4518,290,2258,316,3544
111,79663848877,Right,-4,742044,1,079348,3,026968,296,3786,286,345,320,6281
111,81022644043,Right,-4,756319,1,070587,3,0225,301,1376,281,7138,326,8046
111,824272155762,Right,-4,76235,1,06761,3,020173,303,3514,279,9285,329,9299
111,838218688965,Right,-4,776699,1,053123,3,013902,309,5503,275,9164,336,3635
111,851905822754,Right,-4,787615,1,037981,3,00871,315,7767,273,4081,340,8466
111,866020202637,Right,-4,792555,1,033567,3,006603,318,361,272,9212,341,7577
111,879844665527,Right,-4,801422,1,013562,3,004087,326,0845,272,466,342,7164
111,893829345703,Right,-4,808043,1,00388,3,003089,329,4679,272,9695,344,5406
111,907707214355,Right,-4,81083,0,9969488,3,003852,330,7688,273,9438,345,2659
111,921455383301,Right,-4,813225,0,986523,3,002793,332,5696,274,3716,346,2382
111,935417175293,Right,-4,815274,0,9826472,3,000865,333,7129,274,1674,345,9819
111,949462890625,Right,-4,813658,0,9752969,2,997395,333,4138,271,9756,344,6101
111,963111877441,Right,-4,815452,0,9690458,2,995875,334,7236,270,7843,346,6277
111,977149963379,Right,-4,814152,0,9744864,2,994948,332,9103,270,8206,346,0275
111,991310119629,Right,-4,810432,0,9802695,2,994589,330,7121,271,4898,341,8698
112,004913330078,Right,-4,810466,0,9777958,2,997329,330,992,272,148,341,2296
112,018844604492,Right,-4,812931,0,9726436,3,000189,332,3241,272,1458,340,9418
112,032493591309,Right,-4,814818,0,9703672,3,002681,332,7822,272,5693,341,8387
112,04655456543,Right,-4,815464,0,9713274,3,004771,332,5463,273,4111,342,6631
112,06046295166,Right,-4,815386,0,9767272,3,008466,331,0786,275,4213,341,3812
112,074348449707,Right,-4,814089,0,9786492,3,008494,330,1693,275,7725,340,9361
112,088264465332,Right,-4,810605,0,9903212,3,009594,327,0024,276,9731,336,5948
112,102180480957,Right,-4,806833,1,00065,3,012156,322,5754,278,7451,331,9347
112,116333007813,Right,-4,804437,1,004726,3,014513,319,9315,279,6576,330,618
112,130043029785,Right,-4,800605,1,014187,3,019959,315,8365,282,3929,328,9062
112,143882751465,Right,-4,798961,1,015666,3,020333,314,8178,282,9565,328,1715
112,157638549805,Right,-4,793543,1,02707,3,025315,311,6749,286,6722,324,562
112,171615600586,Right,-4,78607,1,036047,3,029021,307,8997,290,2491,319,6129
112,185485839844,Right,-4,782277,1,038663,3,030262,306,1855,290,6663,318,5857
112,199325561523,Right,-4,775595,1,047397,3,034028,302,4143,293,5886,314,0715
112,213401794434,Right,-4,772834,1,045635,3,036643,299,4765,293,8882,314,722
112,227409362793,Right,-4,770758,1,048017,3,038689,297,7174,296,4583,312,0765
112,241111755371,Right,-4,769234,1,046955,3,041875,296,2046,299,7917,307,8966
112,254913330078,Right,-4,769197,1,045609,3,043116,296,007,300,657,306,387
112,26879119873,Right,-4,766812,1,046712,3,04677,294,9406,304,171,301,5785
112,282722473145,Right,-4,76962,1,04042,3,050125,296,4209,304,8865,298,9189
112,296737670898,Right,-4,771653,1,036916,3,052623,297,9212,304,7804,297,9647
112,310829162598,Right,-4,776562,1,029176,3,056996,301,1793,304,073,296,3577
112,32438659668,Right,-4,777047,1,027769,3,058399,301,517,304,381,295,6438
112,338310241699,Right,-4,778791,1,021707,3,061923,302,8452,304,6477,294,0667
112,352180480957,Right,-4,77993,1,015488,3,063891,303,3555,304,1529,293,9179
112,366119384766,Right,-4,780633,1,012055,3,064244,302,6586,304,0378,293,6709
112,379875183105,Right,-4,781936,1,005636,3,065385,302,112,303,5925,294,0322
112,393920898438,Right,-4,78406,0,9996392,3,065001,301,6646,302,39,295,1078
112,407836914063,Right,-4,78596,0,9948464,3,065028,301,8038,301,3595,295,7716
112,42155456543,Right,-4,787586,0,98877,3,066207,302,3044,300,8551,295,4052
112,435806274414,Right,-4,788882,0,9853275,3,067301,303,0213,300,7003,295,1287
112,449668884277,Right,-4,791755,0,9778334,3,069741,304,2903,300,6628,295,0927
112,463356018066,Right,-4,792894,0,9733573,3,07152,306,4393,298,5992,297,737
112,47730255127,Right,-4,792495,0,9716819,3,072738,307,1903,298,4729,298,1401
112,491088867188,Right,-4,790832,0,9692254,3,074507,307,6665,299,072,298,1523
112,505157470703,Right,-4,789619,0,9700919,3,074322,306,623,299,8757,297,9232
112,518905639648,Right,-4,786593,0,9650093,3,073414,306,669,299,6373,299,156
112,532661437988,Right,-4,783833,0,962973,3,071476,305,0688,299,007,300,2854
112,546813964844,Right,-4,781942,0,9617882,3,070505,304,3672,298,4192,300,8304
112,560791015625,Right,-4,778838,0,9600029,3,069694,303,2003,298,3971,301,1525
112,574317932129,Right,-4,778204,0,9590393,3,069513,302,7757,298,3608,301,2961
112,588371276855,Right,-4,776357,0,9564607,3,067908,301,7847,297,1933,302,7996
112,602203369141,Right,-4,775323,0,9543058,3,066155,300,8554,295,5984,304,7451
112,616264343262,Right,-4,774845,0,9534628,3,065146,300,2604,294,7893,305,8087
112,630035400391,Right,-4,773631,0,9515284,3,063861,299,1786,293,6517,307,4123
112,643775939941,Right,-4,773288,0,951535,3,063848,298,9359,293,9183,307,3088
112,65779876709,Right,-4,772054,0,9496259,3,063134,298,4712,293,5164,307,8317
112,671913146973,Right,-4,771421,0,9482132,3,062905,298,662,293,0597,308,0331
112,68571472168,Right,-4,771349,0,946608,3,063288,299,0222,294,2585,306,7745
112,69947052002,Right,-4,77149,0,9464973,3,063423,298,0393,296,5963,305,6961
112,713394165039,Right,-4,770757,0,9449399,3,06258,297,0301,295,7715,307,0962
112,727119445801,Right,-4,77074,0,945736,3,062672,296,7384,295,9923,306,993
112,741195678711,Right,-4,769598,0,9448395,3,062266,294,942,297,6794,306,0732
112,754859924316,Right,-4,769008,0,9451026,3,06214,293,9853,298,3101,305,4369
112,768997192383,Right,-4,767189,0,9454663,3,062209,292,3445,300,1069,302,9906
112,783073425293,Right,-4,765971,0,9456645,3,062276,291,4526,301,5341,301,1662
112,796676635742,Right,-4,765371,0,9457137,3,062359,290,6867,303,2417,299,548
112,810585021973,Right,-4,764174,0,9451775,3,062244,289,8318,304,9469,297,8871
112,824523925781,Right,-4,76414,0,9453624,3,062138,289,0288,305,6497,297,2144
112,838317871094,Right,-4,760842,0,9444689,3,06181,286,8065,308,8427,293,2198
112,852310180664,Right,-4,759808,0,9445889,3,061766,285,1286,313,0273,288,739
112,866165161133,Right,-4,759091,0,9441717,3,06164,284,2994,315,8685,286,12
112,879943847656,Right,-4,758615,0,9441143,3,061704,283,4952,319,2573,282,879
112,894081115723,Right,-4,758585,0,9439763,3,06152,283,1209,319,8882,282,36
112,908042907715,Right,-4,758934,0,9439402,3,061409,283,2565,319,1258,283,3443
112,921661376953,Right,-4,758152,0,9438566,3,061447,282,7162,321,9378,280,3687
112,93563079834,Right,-4,756865,0,9431282,3,061417,281,8443,326,5485,275,5855
112,949432373047,Right,-4,755556,0,9429784,3,061183,280,5531,335,2228,266,7746
112,96337890625,Right,-4,755346,0,9427863,3,061102,280,114,340,9526,261,4666
112,977325439453,Right,-4,754988,0,9415984,3,060696,279,786,345,5691,257,3289
112,991035461426,Right,-4,755336,0,940925,3,060133,279,1121,354,3058,249,7473
113,005172729492,Right,-4,754696,0,9401625,3,059533,278,3791,357,3219,246,8028
113,018966674805,Right,-4,753538,0,9390659,3,059168,277,679,5,032259,239,1904
113,032806396484,Right,-4,752718,0,9375578,3,058937,276,2316,1,565178,241,8413
113,046760559082,Right,-4,752823,0,9358913,3,059284,276,4345,334,2009,268,0507
113,060577392578,Right,-4,752193,0,9343963,3,060595,279,1384,318,1576,282,2751
113,074485778809,Right,-4,75208,0,9336706,3,061229,280,9893,318,1,282,1239
113,088455200195,Right,-4,750943,0,9310934,3,06172,284,9241,314,494,284,9052
113,102279663086,Right,-4,750964,0,9271481,3,060506,288,0583,299,593,299,1276
113,116439819336,Right,-4,748355,0,9272586,3,061083,292,5177,298,3939,299,4731
113,130088806152,Right,-4,737523,0,9278454,3,061752,297,8997,297,271,297,4588
113,144035339355,Right,-4,735727,0,9280726,3,061641,299,1183,296,8524,297,0489
113,157783508301,Right,-4,732113,0,929594,3,062317,300,0869,296,7611,295,745
113,171852111816,Right,-4,728487,0,9316476,3,062735,299,4179,297,7941,294,639
113,185493469238,Right,-4,727112,0,9322348,3,062933,299,2076,298,2043,294,2247
113,19947052002,Right,-4,723161,0,9344891,3,063083,298,6254,299,3251,293,0892
113,213317871094,Right,-4,72074,0,9358075,3,062658,298,6709,299,255,292,377
113,227180480957,Right,-4,719364,0,9367511,3,062464,298,4936,299,4072,292,1271
113,241111755371,Right,-4,716232,0,938931,3,062239,297,9067,300,2366,291,4366
113,254936218262,Right,-4,71471,0,9400398,3,062071,297,5435,300,71,291,0099
113,268913269043,Right,-4,710865,0,9429064,3,061884,296,921,301,7584,289,7448
113,28279876709,Right,-4,70821,0,945119,3,061172,296,6503,302,1055,288,6836
113,296630859375,Right,-4,707057,0,946381,3,060503,296,3782,302,0894,288,614
113,310516357422,Right,-4,703705,0,9497695,3,059426,295,7216,302,7332,287,8885
113,324394226074,Right,-4,702215,0,9510563,3,059024,295,4812,303,0153,287,4484
113,338012695313,Right,-4,696989,0,9554197,3,057793,294,608,304,0403,285,8609
113,351867675781,Right,-4,691868,0,9597282,3,056518,293,4277,305,6274,284,2247
113,365745544434,Right,-4,689361,0,9618329,3,055573,292,9601,306,2031,283,5404
113,379692077637,Right,-4,682667,0,9673777,3,052965,291,9527,307,1649,281,6571
113,393547058105,Right,-4,67811,0,9713505,3,051157,291,1087,308,4186,279,9728
113,407333374023,Right,-4,673904,0,9751665,3,049543,290,4948,309,9929,277,8527
113,421257019043,Right,-4,668245,0,980155,3,047552,289,6722,312,0405,275,2361
113,43537902832,Right,-4,666147,0,9826534,3,046191,289,4413,312,8527,274,0906
113,448989868164,Right,-4,660484,0,9892615,3,041814,288,8317,314,0568,272,075
113,462959289551,Right,-4,656407,0,9938986,3,038941,288,2698,315,319,270,3397
113,476791381836,Right,-4,654546,0,9971595,3,035483,287,9868,315,0668,270,3918
113,490676879883,Right,-4,650872,1,003177,3,028651,287,4522,314,2108,270,6752
113,50463104248,Right,-4,649942,1,005446,3,026019,287,2805,314,0323,270,5773
113,518432617188,Right,-4,646191,1,011272,3,019056,286,8656,313,7337,270,1365
113,532402038574,Right,-4,644432,1,015826,3,011884,286,756,312,5742,270,686
113,546409606934,Right,-4,644274,1,018232,3,006768,286,9328,310,2849,272,4461
113,560119628906,Right,-4,643114,1,023039,2,997353,287,1404,306,4612,275,405
113,574119567871,Right,-4,643165,1,025065,2,993156,287,1492,305,1805,276,3785
113,588020324707,Right,-4,640427,1,030261,2,982766,287,0406,302,563,278,0179
113,602142333984,Right,-4,638377,1,034855,2,973844,287,0018,300,0289,279,4237
113,615814208984,Right,-4,637278,1,036825,2,968106,287,2425,297,598,280,5338
113,629524230957,Right,-4,6348,1,041378,2,956381,287,6563,293,1563,282,6415
113,643478393555,Right,-4,635889,1,043915,2,942136,288,0363,287,8037,287,0035
113,657722473145,Right,-4,638321,1,045749,2,922766,287,9855,284,0066,290,7358
113,67113494873,Right,-4,639116,1,049299,2,898849,287,8138,279,3012,294,9751
113,684944152832,Right,-4,640676,1,050827,2,881384,287,4761,277,3661,296,8044
113,698928833008,Right,-4,642665,1,053646,2,840659,287,1237,272,1371,301,391
113,712615966797,Right,-4,645432,1,056067,2,80581,287,2702,268,1418,305,0754
113,726791381836,Right,-4,64717,1,0574,2,781646,287,4559,265,2108,307,6845
113,740386962891,Right,-4,649478,1,059595,2,738592,287,8983,259,9389,312,0775
113,754241943359,Right,-4,650827,1,061121,2,724021,288,0648,258,3705,313,4094
113,768363952637,Right,-4,653241,1,063043,2,679031,288,6516,254,0524,317,2753
113,782035827637,Right,-4,654948,1,065342,2,642979,289,2563,250,8012,320,2
113,795875549316,Right,-4,657661,1,065807,2,629986,289,9482,249,819,321,2844
113,809761047363,Right,-4,662092,1,065815,2,599911,290,9025,248,3575,322,7078
113,82349395752,Right,-4,662936,1,068009,2,587629,290,7743,247,343,323,4678
113,837715148926,Right,-4,663703,1,067998,2,585093,291,0966,245,9715,324,9565
113,851409912109,Right,-4,667074,1,068914,2,576826,291,8876,244,6,327,1292
113,86506652832,Right,-4,669195,1,069019,2,573684,292,4881,244,0517,328,438
113,879058837891,Right,-4,679221,1,067215,2,566649,294,6898,243,9037,332,0689
113,892692565918,Right,-4,684212,1,067004,2,560579,296,4268,243,6166,334,5768
113,906646728516,Right,-4,693127,1,063427,2,557928,299,2961,243,9946,336,0545
113,920524597168,Right,-4,704528,1,059503,2,551644,303,119,244,4927,338,0042
113,934310913086,Right,-4,71076,1,057794,2,550573,304,8102,245,5112,338,3788
113,948272705078,Right,-4,727675,1,049858,2,547924,309,3183,247,9495,339,6217
113,962219238281,Right,-4,741146,1,043674,2,547482,312,8615,250,6555,340,5793
113,975952148438,Right,-4,750301,1,039373,2,551005,314,7182,253,193,341,28
113,990104675293,Right,-4,767401,1,029683,2,558712,317,7356,257,692,344,7553
114,003860473633,Right,-4,767569,1,029826,2,559725,317,9747,259,1154,344,2078
114,017631530762,Right,-4,770663,1,02858,2,567621,317,7983,260,9524,343,1538
114,031631469727,Right,-4,768685,1,031649,2,574403,317,2636,262,7105,337,5237
114,045455932617,Right,-4,771422,1,029804,2,577208,317,0918,263,2966,336,5616
114,05940246582,Right,-4,778949,1,026621,2,58153,317,5245,264,8637,336,9002
114,07332611084,Right,-4,783484,1,024535,2,583398,319,0355,266,5179,336,2204
114,08731842041,Right,-4,776619,1,018974,2,587503,320,9104,265,232,337,3521
114,101150512695,Right,-4,780041,1,008959,2,591317,323,2169,264,3311,341,9457
114,11491394043,Right,-4,780194,1,007312,2,589725,324,571,263,4433,342,9601
114,128967285156,Right,-4,775637,1,008372,2,586893,325,7501,261,2656,340,4194
114,142715454102,Right,-4,768714,1,018354,2,585585,324,439,260,0381,332,7513
114,156509399414,Right,-4,762681,1,027092,2,586775,321,3307,259,5957,327,9706
114,170265197754,Right,-4,752426,1,044062,2,590926,314,5051,261,8916,321,6836
114,184288024902,Right,-4,752336,1,043302,2,593203,312,7325,262,2068,321,7695
114,198051452637,Right,-4,744737,1,055943,2,598383,305,5439,262,9494,325,5913
114,212242126465,Right,-4,73526,1,067963,2,603536,301,2438,264,6107,325,56
114,225967407227,Right,-4,730456,1,073614,2,606087,299,9221,265,4306,324,6292
114,239608764648,Right,-4,719918,1,087806,2,6117,297,4074,266,2777,322,065
114,253692626953,Right,-4,713024,1,09734,2,61695,294,4568,267,4525,320,2712
114,267585754395,Right,-4,706782,1,1053,2,621076,292,09,270,2235,316,9569
114,281349182129,Right,-4,693023,1,119884,2,62932,288,6479,278,2324,306,226
114,295486450195,Right,-4,68487,1,125098,2,633338,286,5303,282,002,299,9452
114,309646606445,Right,-4,666731,1,138566,2,644006,282,0751,290,7859,289,184
114,323059082031,Right,-4,653787,1,147208,2,651567,279,3455,307,4719,269,8883
114,337005615234,Right,-4,650047,1,150554,2,656761,278,1416,314,9784,264,4676
114,350769042969,Right,-4,640619,1,158304,2,665809,277,1694,330,4078,251,6288
114,364868164063,Right,-4,635714,1,161776,2,668807,277,0247,340,4365,240,9272
114,378692626953,Right,-4,62622,1,170533,2,682031,277,9305,356,7215,224,3105
114,392440795898,Right,-4,62018,1,17616,2,693479,279,0047,3,945994,217,6116
114,406585693359,Right,-4,617806,1,178667,2,700863,279,3115,2,475889,219,4972
114,420524597168,Right,-4,613742,1,183914,2,715233,280,1349,0,1398999,222,9146
114,434288024902,Right,-4,613483,1,184888,2,719868,280,4487,358,4932,225,5925
114,448188781738,Right,-4,612909,1,188223,2,733661,280,6251,353,9271,232,575
114,462005615234,Right,-4,613747,1,19024,2,744929,280,6848,350,5153,239,1625
114,475814819336,Right,-4,614764,1,190594,2,751288,281,0207,348,7222,242,8302
114,489944458008,Right,-4,616155,1,192049,2,767065,281,8772,350,1793,244,5616
114,503730773926,Right,-4,615558,1,191899,2,770508,281,906,351,0855,244,523
114,517730712891,Right,-4,618367,1,190924,2,786542,282,4279,353,7958,245,0837
114,531829833984,Right,-4,620661,1,188995,2,799036,282,4172,353,6823,248,0168
114,545364379883,Right,-4,622172,1,187958,2,803995,282,1958,352,2474,250,8674
114,559371948242,Right,-4,628293,1,184869,2,816903,282,1985,350,1026,255,4397
114,573356628418,Right,-4,634879,1,180802,2,824608,282,3469,337,4236,269,1858
114,587120056152,Right,-4,6381,1,179139,2,830267,282,3529,331,7634,275,148
114,60099029541,Right,-4,646584,1,174053,2,84025,282,4149,322,6201,285,7307
114,614761352539,Right,-4,649824,1,172477,2,843595,282,6841,318,638,290,8326
114,628746032715,Right,-4,659787,1,166031,2,852428,283,8372,307,9208,303,3988
114,642860412598,Right,-4,666519,1,16166,2,858345,284,9843,300,5273,311,5309
114,656463623047,Right,-4,671638,1,158065,2,859744,285,7537,295,6783,315,6736
114,670547485352,Right,-4,682552,1,149258,2,864284,287,9913,287,2574,323,6153
114,684349060059,Right,-4,686506,1,147069,2,865816,288,7636,285,5164,325,7251
114,698127746582,Right,-4,697306,1,136321,2,869981,290,9982,280,0425,332,4424
114,71216583252,Right,-4,705056,1,127715,2,871839,292,8654,275,4291,339,1316
114,726043701172,Right,-4,707701,1,12426,2,872498,294,0207,273,6187,341,646
114,739822387695,Right,-4,714433,1,115474,2,876207,296,2082,271,361,344,9684
114,754333496094,Right,-4,719156,1,110346,2,879961,297,7793,272,3832,345,1655
114,767807006836,Right,-4,723065,1,105347,2,882607,299,2574,273,3798,345,3241
114,781608581543,Right,-4,729198,1,096685,2,884917,301,5007,273,2772,344,9097
114,795471191406,Right,-4,732658,1,092469,2,885843,302,9072,272,8521,344,8651
114,809371948242,Right,-4,73942,1,081214,2,886814,306,3246,271,2941,344,9093
114,823204040527,Right,-4,744023,1,075367,2,888795,308,5643,270,837,344,8828
114,836990356445,Right,-4,745438,1,073238,2,890213,309,4599,271,0641,344,4366
114,851089477539,Right,-4,746498,1,070587,2,892679,309,3492,271,9778,343,5246
114,864929199219,Right,-4,747733,1,068453,2,893491,309,3846,271,942,343,1364
114,878791809082,Right,-4,749504,1,063977,2,895448,309,9537,271,8914,343,6356
114,892707824707,Right,-4,751359,1,061104,2,897545,310,6688,271,9907,344,6846
114,906433105469,Right,-4,751582,1,061051,2,898474,310,2447,272,2618,344,4712
114,920440673828,Right,-4,752642,1,059341,2,901895,310,1422,272,6845,344,9783
114,934356689453,Right,-4,752518,1,059533,2,90232,310,3196,273,5268,344,3489
114,94815826416,Right,-4,752185,1,058542,2,902763,310,8247,274,3212,342,489
114,962120056152,Right,-4,752919,1,057064,2,903278,310,7982,274,2802,342,3286
114,976226806641,Right,-4,753284,1,05627,2,90316,310,8684,274,3344,342,1776
114,98999786377,Right,-4,754063,1,054565,2,902759,311,3968,274,6556,341,6304
115,003952026367,Right,-4,754179,1,053423,2,902567,312,446,274,5698,341,222
115,017654418945,Right,-4,755104,1,050966,2,901279,314,4436,274,2057,340,3278
115,031463623047,Right,-4,755883,1,049835,2,899591,314,5858,273,5698,340,9112
115,045562744141,Right,-4,755636,1,050086,2,89854,314,4082,273,2853,341,4441
115,059280395508,Right,-4,755578,1,048908,2,896691,314,6472,272,6742,341,9159
115,073310852051,Right,-4,756023,1,048154,2,895615,315,1874,272,5604,341,3843
115,087272644043,Right,-4,756078,1,04766,2,89424,315,6063,272,3416,341,1222
115,100959777832,Right,-4,756546,1,046245,2,893126,315,8462,271,9294,341,2155
115,114936828613,Right,-4,756601,1,046455,2,892332,315,9012,271,9744,341,5748
115,128898620605,Right,-4,756279,1,046961,2,890933,316,2129,272,1094,341,6291
115,142616271973,Right,-4,756637,1,046958,2,890532,316,5097,272,3124,341,7796
115,156715393066,Right,-4,756948,1,046701,2,889862,316,8357,272,5396,341,7983
115,170463562012,Right,-4,757679,1,045744,2,888557,317,5548,272,6371,341,9453
115,18424987793,Right,-4,757892,1,045745,2,888246,317,644,272,6903,341,8464
115,198402404785,Right,-4,759942,1,042804,2,885464,318,3093,272,5443,342,3052
115,212188720703,Right,-4,761212,1,040611,2,884167,318,9458,272,2836,342,3949
115,226051330566,Right,-4,762,1,039647,2,883799,319,1544,272,1605,342,3359
115,239898681641,Right,-4,763492,1,037695,2,883555,319,0412,272,1863,342,6472
115,253814697266,Right,-4,764341,1,036406,2,883553,318,6061,272,3521,343,5108
115,267738342285,Right,-4,764995,1,035028,2,883721,319,8894,272,65,344,1909
115,28150177002,Right,-4,764663,1,035899,2,88326,320,4808,273,3476,343,8281
115,295364379883,Right,-4,764012,1,037335,2,88396,320,1489,273,4337,343,42
115,309539794922,Right,-4,762984,1,037728,2,884327,319,7787,273,9751,342,6632
115,32315826416,Right,-4,762243,1,037496,2,884087,319,4676,274,1115,342,9372
115,337219238281,Right,-4,76159,1,037822,2,883764,319,0951,274,2326,342,7173
115,351058959961,Right,-4,760105,1,03808,2,883566,318,2675,274,7974,342,9678
115,364807128906,Right,-4,759617,1,038194,2,883405,318,5136,274,8489,343,0145
115,378746032715,Right,-4,758275,1,038941,2,882967,318,634,274,9426,342,6946
115,392730712891,Right,-4,757078,1,039849,2,882289,318,547,274,9878,342,4735
115,406578063965,Right,-4,75571,1,04129,2,881961,318,1625,275,4272,341,9691
115,420433044434,Right,-4,754185,1,042443,2,881481,318,1091,275,8658,341,1264
115,434074401855,Right,-4,753988,1,042655,2,881401,317,9362,275,7941,341,3675
115,448287963867,Right,-4,752208,1,044998,2,880667,316,9755,275,9312,341,8706
115,462028503418,Right,-4,750753,1,046766,2,880492,316,3339,276,3516,342,4554
115,47575378418,Right,-4,749777,1,047552,2,879984,316,0805,276,3912,342,7589
115,489707946777,Right,-4,747883,1,049493,2,878827,315,5679,276,3361,343,4749
115,503608703613,Right,-4,745981,1,05172,2,877538,315,1881,276,4305,343,4391
115,517417907715,Right,-4,744375,1,053859,2,87675,314,7474,276,6713,343,1374
115,531463623047,Right,-4,741242,1,057268,2,875232,313,9755,276,9457,342,619
115,545135498047,Right,-4,738418,1,060104,2,873527,313,392,276,937,341,9184
115,559173583984,Right,-4,73383,1,065401,2,870745,312,407,277,0354,341,0245
115,573165893555,Right,-4,729355,1,070001,2,867986,311,2937,277,1132,340,578
115,586952209473,Right,-4,726769,1,072827,2,866321,310,632,277,1772,340,3026
115,600929260254,Right,-4,721239,1,07858,2,862147,309,2093,276,9653,340,1377
115,614898681641,Right,-4,719752,1,079839,2,861398,308,8515,277,0291,339,962
115,628852844238,Right,-4,713181,1,086903,2,856286,307,2511,277,1501,338,9758
115,642601013184,Right,-4,707963,1,091658,2,852374,306,0898,277,4128,337,8221
115,65641784668,Right,-4,705343,1,094027,2,850217,305,5118,277,3853,337,4601
115,67041015625,Right,-4,699732,1,099186,2,844853,304,2761,277,0856,336,8058
115,684509277344,Right,-4,698208,1,100417,2,843149,303,8799,276,9559,336,5837
115,697998046875,Right,-4,693695,1,104519,2,837559,302,9318,276,4828,335,8934
115,712043762207,Right,-4,690434,1,107432,2,83335,302,1558,276,0001,335,5609
115,72599029541,Right,-4,689633,1,108023,2,830954,301,9596,275,4651,335,9486
115,739929199219,Right,-4,687368,1,1103,2,82536,301,5577,274,5212,336,3986
115,753662109375,Right,-4,687312,1,110659,2,823922,301,4876,274,2581,336,5266
115,767555236816,Right,-4,685854,1,112228,2,818163,301,2552,273,3096,336,8686
115,781433105469,Right,-4,685478,1,112786,2,812793,301,3849,272,2767,337,1383
115,795440673828,Right,-4,685805,1,112802,2,810226,301,5623,271,6878,337,2927
115,809257507324,Right,-4,686102,1,112797,2,80333,302,0051,270,3271,337,3458
115,823219299316,Right,-4,687222,1,1127,2,798246,302,4796,269,5837,336,7973
115,837173461914,Right,-4,688741,1,111591,2,794085,303,1663,269,0287,336,3119
115,851509094238,Right,-4,690373,1,110769,2,787333,303,8856,268,0669,335,8593
115,865036010742,Right,-4,692272,1,10947,2,784009,304,3737,267,7527,335,6683
115,87866973877,Right,-4,695171,1,106273,2,774044,305,2426,266,4464,335,8345
115,892837524414,Right,-4,697406,1,103128,2,76388,305,7269,264,1782,337,0165
115,906593322754,Right,-4,698213,1,101775,2,758103,306,013,262,8309,337,6834
115,920516967773,Right,-4,699193,1,09847,2,74603,306,8522,260,5378,338,1366
115,93433380127,Right,-4,70045,1,097234,2,741795,307,1016,259,7989,338,4116
115,948081970215,Right,-4,701294,1,093152,2,728859,307,9639,257,7831,338,9751
115,96215057373,Right,-4,70266,1,089519,2,717544,308,8858,255,9634,339,3898
115,976402282715,Right,-4,703487,1,086796,2,710362,309,8032,254,7049,339,3651
115,989921569824,Right,-4,704581,1,081327,2,695838,311,5226,252,0765,339,5134
116,003898620605,Right,-4,706714,1,07991,2,691139,312,3889,251,4818,338,6608
116,017677307129,Right,-4,707544,1,075107,2,676917,314,1546,249,4742,337,7682
116,031471252441,Right,-4,71064,1,070457,2,664399,315,7836,247,7541,337,0504
116,045700073242,Right,-4,713573,1,067935,2,65846,316,329,246,8698,337,5484
116,059478759766,Right,-4,717179,1,062549,2,644591,317,4305,244,9046,338,6102
116,073150634766,Right,-4,720876,1,059321,2,634548,317,9577,243,7407,339,5461
116,087203979492,Right,-4,724023,1,056951,2,628034,318,17,243,2136,340,4436
116,10083770752,Right,-4,728436,1,052589,2,616535,318,7755,242,2882,341,9628
116,114868164063,Right,-4,730306,1,051275,2,611893,319,098,241,8866,342,5073
116,128768920898,Right,-4,735136,1,046094,2,599379,319,9924,240,4747,344,1861
116,142807006836,Right,-4,738895,1,043272,2,589266,320,8655,239,2717,344,8849
116,15665435791,Right,-4,741218,1,042382,2,58388,321,1695,238,8752,344,6342
116,170249938965,Right,-4,745124,1,039497,2,57283,321,9089,237,9655,344,5283
116,184272766113,Right,-4,747001,1,038862,2,569584,322,2021,237,8034,344,2584
116,1982421875,Right,-4,751033,1,035602,2,558578,323,2951,237,0973,343,7104
116,211982727051,Right,-4,755289,1,033876,2,55068,323,9361,236,864,343,293
116,226226806641,Right,-4,757164,1,032757,2,546661,324,2336,236,6208,343,4032
116,240051269531,Right,-4,760649,1,029891,2,537187,324,9412,235,9241,343,8351
116,253715515137,Right,-4,761674,1,029414,2,534881,325,2903,235,797,343,7234
116,267929077148,Right,-4,76403,1,026215,2,52632,326,2762,235,0331,343,683
116,281463623047,Right,-4,766217,1,023202,2,519147,327,1625,234,214,343,6823
116,295600891113,Right,-4,766771,1,021966,2,516402,327,8641,233,8648,343,9309
116,309577941895,Right,-4,768071,1,018741,2,509068,329,2084,233,2177,343,2831
116,323135375977,Right,-4,769961,1,015185,2,505687,331,2297,233,3016,342,5916
116,337211608887,Right,-4,771476,1,013968,2,502917,331,9322,233,7259,341,5006
116,35107421875,Right,-4,772504,1,011087,2,498724,333,0466,233,6876,339,3491
116,364768981934,Right,-4,773659,1,010121,2,497155,333,1518,233,6199,338,3512
116,378868103027,Right,-4,772701,1,011552,2,495809,332,747,233,705,336,7309
116,392883300781,Right,-4,7726,1,014358,2,497787,332,5623,234,0364,336,5348
116,406600952148,Right,-4,772583,1,018983,2,499953,331,0699,234,7144,337,474
116,420829772949,Right,-4,771905,1,026393,2,501919,329,2208,235,5768,337,6125
116,434173583984,Right,-4,771182,1,028706,2,502865,328,4744,235,6449,337,5016
116,448303222656,Right,-4,768341,1,038947,2,507918,325,4841,236,4319,336,5904
116,462265014648,Right,-4,76509,1,045385,2,511968,323,5183,236,818,335,7057
116,475975036621,Right,-4,762215,1,050613,2,514761,322,0086,237,1966,334,4361
116,490036010742,Right,-4,758456,1,061031,2,519225,318,1872,238,6726,332,311
116,503868103027,Right,-4,755551,1,063898,2,522511,316,7485,239,1072,331,9043
116,517951965332,Right,-4,750567,1,074702,2,529623,313,1778,240,7142,330,0856
116,531684875488,Right,-4,745276,1,083178,2,53546,310,0565,241,6618,329,187
116,545448303223,Right,-4,741958,1,08802,2,541329,308,8212,242,8637,329,0639
116,559524536133,Right,-4,732897,1,101092,2,553391,306,5824,244,7162,328,0301
116,573394775391,Right,-4,726947,1,108448,2,561391,304,5616,245,7602,327,8845
116,587158203125,Right,-4,722398,1,11413,2,567082,303,6295,246,1798,328,1329
116,60124206543,Right,-4,714424,1,124713,2,576449,301,6246,247,7881,325,7425
116,615097045898,Right,-4,712151,1,127778,2,5806,300,6476,248,9396,324,0002
116,629188537598,Right,-4,70647,1,135433,2,590942,298,7096,251,6774,321,0447
116,642890930176,Right,-4,702138,1,139382,2,597358,297,8075,252,4771,320,6093
116,65665435791,Right,-4,699556,1,141605,2,601,297,9143,252,2444,321,0995
116,670677185059,Right,-4,694183,1,14774,2,60881,297,0678,253,2178,320,2829
116,684577941895,Right,-4,69235,1,148875,2,611218,296,7461,253,4466,320,0527
116,698265075684,Right,-4,687041,1,153691,2,618629,296,1752,253,8174,320,09
116,712303161621,Right,-4,682771,1,156862,2,624355,295,7825,254,2899,320,1698
116,726432800293,Right,-4,681022,1,15809,2,626994,295,8241,254,2612,320,606
116,740196228027,Right,-4,678138,1,159975,2,631657,296,1718,253,7212,322,102
116,754096984863,Right,-4,677803,1,159522,2,631971,296,6923,252,885,323,261
116,767669677734,Right,-4,677007,1,159498,2,635183,297,7856,251,9305,325,3808
116,781639099121,Right,-4,676004,1,160161,2,638159,298,4534,251,8098,326,3292
116,795761108398,Right,-4,675756,1,159675,2,638642,298,5403,251,6833,326,5621
116,809524536133,Right,-4,674608,1,15895,2,640161,298,2212,251,2678,326,8288
116,823440551758,Right,-4,6738,1,158429,2,641208,297,6858,251,2106,326,5151
116,83757019043,Right,-4,673421,1,157953,2,64211,297,3179,251,3021,326,2807
116,851234436035,Right,-4,673218,1,156849,2,64354,296,8618,251,4482,326,1194
116,865135192871,Right,-4,673742,1,15599,2,644132,296,8124,251,6425,326,0883
116,878936767578,Right,-4,674934,1,154142,2,645876,296,9081,251,8868,326,2586
116,892913818359,Right,-4,676673,1,152484,2,647123,297,2332,252,3556,326,5417
116,906867980957,Right,-4,677576,1,151528,2,647874,297,4572,252,5888,326,767
116,920738220215,Right,-4,679222,1,149951,2,649402,297,8149,252,8875,327,0272
116,934585571289,Right,-4,679793,1,149431,2,649781,297,9981,252,9583,326,9311
116,94898223877,Right,-4,681855,1,147583,2,651324,298,5856,253,239,326,8641
116,96248626709,Right,-4,683569,1,146073,2,652426,299,2701,253,257,327,0715
116,976333618164,Right,-4,685008,1,145254,2,653345,299,5927,253,5052,326,8983
116,990295410156,Right,-4,68727,1,1435,2,654991,300,0258,253,7774,326,6754
117,003944396973,Right,-4,688323,1,142819,2,655342,300,2558,253,8918,326,4482
117,017990112305,Right,-4,690828,1,141065,2,65713,300,2917,254,4981,325,7285
117,031753540039,Right,-4,69349,1,13941,2,658924,300,3263,255,5312,324,8339
117,045677185059,Right,-4,694438,1,138564,2,659699,300,2365,255,9917,324,3698
117,059936523438,Right,-4,696352,1,136469,2,661438,300,304,256,2625,323,8887
117,07381439209,Right,-4,696919,1,135986,2,661764,300,2533,256,3839,323,7042
117,08748626709,Right,-4,699037,1,134174,2,662971,300,2433,256,9671,323,1116
117,101249694824,Right,-4,701166,1,131778,2,663747,300,7319,257,2364,323,3744
117,115142822266,Right,-4,701449,1,130886,2,663945,301,2225,256,7939,324,0123
117,129302978516,Right,-4,703018,1,128618,2,66483,302,1995,256,06,325,0901
117,142959594727,Right,-4,704025,1,127079,2,665209,303,0167,255,4288,326,015
117,156806945801,Right,-4,704787,1,126101,2,665558,303,4038,255,2562,326,4097
117,170944213867,Right,-4,706044,1,124382,2,666201,303,837,255,3176,326,6953
117,184677124023,Right,-4,706208,1,124149,2,66645,303,8155,255,5369,326,4451
117,198738098145,Right,-4,706468,1,123199,2,667338,303,4904,255,9403,325,8799
117,212707519531,Right,-4,706122,1,122642,2,667958,303,122,255,7427,325,9734
117,226364135742,Right,-4,705792,1,122757,2,667926,303,0268,255,489,326,2307
117,240348815918,Right,-4,70622,1,121711,2,668803,303,2278,254,9669,327,0528
117,254089355469,Right,-4,706516,1,121576,2,669056,303,3979,255,0321,327,2523
117,26806640625,Right,-4,707257,1,120489,2,669742,303,83,254,9394,327,7634
117,28197479248,Right,-4,707576,1,120236,2,670144,303,929,255,0701,327,836
117,295845031738,Right,-4,707479,1,120332,2,670163,303,9101,255,0873,327,7277
117,310066223145,Right,-4,707633,1,120434,2,670376,303,6332,255,3848,327,2206
117,323783874512,Right,-4,707733,1,120326,2,670393,303,5165,255,4855,327,0376
117,337615966797,Right,-4,707883,1,120431,2,670433,303,2707,255,8305,326,5274
117,351509094238,Right,-4,708179,1,120107,2,670562,303,2152,256,0474,326,2584
117,365341186523,Right,-4,708291,1,119948,2,6706,303,2822,256,0192,326,3139
117,37915802002,Right,-4,708678,1,119751,2,670738,303,3663,256,0707,326,2411
117,393592834473,Right,-4,708845,1,119652,2,670872,303,4614,256,1935,326,2292
117,407028198242,Right,-4,708796,1,119584,2,670944,303,5386,256,2041,326,3014
117,420860290527,Right,-4,708646,1,119475,2,671109,303,678,256,1936,326,3752
117,43473815918,Right,-4,708582,1,11946,2,671137,303,7036,256,1491,326,4109
117,448577880859,Right,-4,708591,1,119093,2,67122,304,0168,255,8427,326,871
117,462532043457,Right,-4,708726,1,118948,2,671149,304,4467,255,4624,327,438
117,476463317871,Right,-4,708797,1,119144,2,671089,304,5385,255,4233,327,5529
117,490249633789,Right,-4,708718,1,119453,2,670983,304,4648,255,6051,327,367
117,504364013672,Right,-4,708637,1,119447,2,670989,304,4017,255,6652,327,2629
117,518173217773,Right,-4,708263,1,119814,2,671035,303,9499,255,946,326,7458
117,532066345215,Right,-4,708048,1,119938,2,671185,303,4959,256,2244,326,2408
117,546081542969,Right,-4,708026,1,119892,2,671258,303,3076,256,3689,326,0159
117,559791564941,Right,-4,707971,1,120201,2,671631,303,1264,256,5327,325,8507
117,573829650879,Right,-4,707992,1,120111,2,671716,303,3119,256,482,326,019
117,587623596191,Right,-4,707991,1,120252,2,672024,303,5357,256,4292,326,2024
117,601387023926,Right,-4,707929,1,120486,2,672275,303,7438,256,3725,326,38
117,615547180176,Right,-4,707824,1,120752,2,67248,303,7147,256,4067,326,3164
117,629615783691,Right,-4,707659,1,121797,2,67409,303,3793,257,0862,325,5367
117,643096923828,Right,-4,707478,1,122102,2,674627,302,8763,257,6635,324,7589
117,657493591309,Right,-4,70715,1,12239,2,675369,302,5085,258,1332,324,1512
117,670806884766,Right,-4,706617,1,122718,2,6762,302,1655,258,6408,323,3472
117,684761047363,Right,-4,706538,1,122685,2,676799,302,1176,258,7585,323,145
117,698669433594,Right,-4,706399,1,122957,2,67885,302,2491,259,2288,322,7133
117,712448120117,Right,-4,706449,1,122732,2,679425,302,6674,259,0706,323,1207
117,726631164551,Right,-4,706482,1,122738,2,679917,302,9431,259,0227,323,3717
117,740386962891,Right,-4,70657,1,12255,2,681273,303,4457,259,0877,323,6318
117,75439453125,Right,-4,706433,1,122624,2,681357,303,5482,259,0177,323,7534
117,76823425293,Right,-4,706258,1,122558,2,682292,303,5886,259,2051,323,4885
117,781814575195,Right,-4,70587,1,122623,2,683302,303,295,259,6248,322,8241
117,795928955078,Right,-4,705844,1,12245,2,683379,303,1109,259,8217,322,5498
117,809875488281,Right,-4,705769,1,122265,2,683728,302,9626,260,1201,322,1712
117,823509216309,Right,-4,705861,1,121767,2,684231,303,1859,260,267,322,1302
117,837745666504,Right,-4,705988,1,121454,2,684299,303,4862,260,1422,322,3998
117,851486206055,Right,-4,706173,1,120923,2,684683,304,0117,259,985,322,8475
117,865219116211,Right,-4,706092,1,120898,2,684774,304,198,259,8587,323,0813
117,879508972168,Right,-4,705862,1,120635,2,684967,304,3745,259,6424,323,3448
117,893196105957,Right,-4,705562,1,12039,2,685406,304,3022,259,6888,323,0981
117,907012939453,Right,-4,705446,1,12043,2,685574,304,0941,259,8801,322,7536
117,920974731445,Right,-4,705213,1,120236,2,68592,303,8265,260,199,322,2186
117,934722900391,Right,-4,70521,1,120026,2,686007,303,7795,260,2896,322,1068
117,948913574219,Right,-4,704999,1,120185,2,686275,303,5372,260,5697,321,7143
117,962898254395,Right,-4,704798,1,120152,2,686698,303,332,260,8889,321,3559
117,976432800293,Right,-4,704531,1,120197,2,686966,303,2193,261,0245,321,2037
117,990539550781,Right,-4,7038,1,120633,2,687856,303,0379,261,2537,321,0425
118,004348754883,Right,-4,703568,1,120907,2,68823,303,0829,261,3248,320,9903
118,018035888672,Right,-4,702012,1,122676,2,690499,303,1623,261,596,320,7835
118,032035827637,Right,-4,701204,1,123553,2,691365,303,4175,261,3329,321,1462
118,04598236084,Right,-4,700768,1,124016,2,691908,303,5891,261,1427,321,4539
118,059814453125,Right,-4,699031,1,126103,2,693805,303,9166,260,8427,322,1411
118,073905944824,Right,-4,696942,1,128729,2,69564,303,7054,261,1734,321,863
118,087539672852,Right,-4,695395,1,130509,2,69689,303,2218,261,6644,321,2298
118,101402282715,Right,-4,693394,1,13268,2,698649,302,3141,262,6276,319,9339
118,115478515625,Right,-4,692392,1,133356,2,699523,301,7712,263,0251,319,4109
118,129112243652,Right,-4,689982,1,135758,2,701536,300,5752,264,0196,318,0355
118,143112182617,Right,-4,688245,1,137359,2,703275,299,697,265,0164,316,7468
118,157104492188,Right,-4,687161,1,138393,2,704449,299,2685,265,7012,316,0281
118,171112060547,Right,-4,685049,1,140416,2,706629,298,6737,266,7166,314,9588
118,184989929199,Right,-4,684063,1,141058,2,707657,298,5614,267,0491,314,5774
118,198699951172,Right,-4,681992,1,143018,2,709808,298,4635,267,4414,314,2882
118,21248626709,Right,-4,679934,1,144738,2,711751,298,3249,267,5096,314,236
118,226661682129,Right,-4,678485,1,145991,2,712909,297,9922,267,6614,314,0747
118,240219116211,Right,-4,675663,1,148428,2,715301,297,2345,268,2459,313,4327
118,254325866699,Right,-4,674791,1,149119,2,716357,296,9499,268,8385,312,9202
118,268157958984,Right,-4,671828,1,151815,2,719619,296,2116,270,4693,311,2761
118,282028198242,Right,-4,669049,1,153883,2,722524,295,686,271,8987,309,7524
118,295883178711,Right,-4,667665,1,154917,2,723818,295,4123,272,4106,309,1825
118,312812805176,Right,-4,663846,1,158076,2,727762,294,7982,274,0011,307,5279
118,326629638672,Right,-4,662177,1,159411,2,729731,294,6391,274,6105,307,0398
118,340782165527,Right,-4,659077,1,161874,2,733209,294,3638,275,5615,306,321
118,35440826416,Right,-4,658047,1,162494,2,734155,294,3384,275,6315,306,3955
118,368576049805,Right,-4,654215,1,165351,2,73787,294,0132,275,8217,306,5663
118,382446289063,Right,-4,651176,1,167753,2,740934,293,5995,276,6793,305,9067
118,396301269531,Right,-4,648841,1,16967,2,743814,293,1783,278,4153,304,3684
118,420234680176,Right,-4,64394,1,172652,2,748698,292,1952,282,3698,300,2897
118,435035705566,Right,-4,642673,1,173951,2,75023,291,9453,283,4376,299,2516
118,448944091797,Right,-4,636092,1,17895,2,757742,291,2567,287,1395,295,925
118,46265411377,Right,-4,632389,1,181239,2,761784,290,8218,289,8619,293,4229
118,476554870605,Right,-4,630798,1,182323,2,764008,290,7682,290,6392,292,8922
118,490455627441,Right,-4,627386,1,184976,2,768739,290,7216,292,558,291,7956
118,504501342773,Right,-4,626327,1,185509,2,770137,290,7007,292,9096,291,9893
118,518363952637,Right,-4,622874,1,188212,2,774863,290,248,295,7665,289,6802
118,532135009766,Right,-4,62092,1,189818,2,778957,290,0308,298,6978,287,4667
118,545883178711,Right,-4,619921,1,190466,2,78105,290,1269,299,9898,286,3864
118,559944152832,Right,-4,617707,1,192356,2,785989,290,368,302,0859,284,6592
118,573822021484,Right,-4,617546,1,192164,2,786917,290,6433,301,8631,284,9361
118,58763885498,Right,-4,615784,1,19347,2,791128,291,122,301,7661,285,6045
118,601715087891,Right,-4,614624,1,194276,2,7941,291,5531,301,3013,286,4364
118,615814208984,Right,-4,614173,1,194512,2,795052,291,5501,301,1396,286,768
118,62922668457,Right,-4,612288,1,195591,2,797878,291,3346,302,3989,285,7726
118,643325805664,Right,-4,610493,1,196158,2,799565,290,9184,303,6046,284,5093
118,657089233398,Right,-4,60965,1,19632,2,800666,290,7907,303,8472,284,3121
118,671028137207,Right,-4,608095,1,196805,2,802835,290,6226,304,3608,283,8688
118,685165405273,Right,-4,607764,1,19665,2,803444,290,5741,304,0355,284,0199
118,698722839355,Right,-4,607538,1,196332,2,805213,290,543,303,3522,284,9095
118,712837219238,Right,-4,607445,1,19641,2,806528,290,6968,302,5377,286,1923
118,726593017578,Right,-4,607261,1,196594,2,807371,290,8108,302,3904,286,6318
118,740409851074,Right,-4,607566,1,196363,2,80795,291,0847,301,5913,287,688
118,75439453125,Right,-4,608149,1,196039,2,807116,291,2772,300,6128,288,7191
118,768112182617,Right,-4,608638,1,195734,2,807218,291,7171,299,2781,290,2017
118,78214263916,Right,-4,608927,1,195712,2,807437,291,9588,298,8264,290,7586
118,79615020752,Right,-4,608829,1,195777,2,807615,291,9266,299,1123,290,4875
118,810165405273,Right,-4,60849,1,195732,2,807885,291,6081,299,9901,289,5304
118,824005126953,Right,-4,608415,1,195656,2,807848,291,5063,300,3302,288,9979
118,837852478027,Right,-4,608133,1,19548,2,808262,291,1745,301,2902,287,775
118,851539611816,Right,-4,608271,1,195129,2,80862,290,872,302,3427,286,48
118,865516662598,Right,-4,60829,1,195073,2,808735,290,8729,303,0912,285,4512
118,879249572754,Right,-4,6087,1,194935,2,809045,290,8361,304,0389,284,2853
118,893264770508,Right,-4,609442,1,194617,2,809006,290,8295,304,7165,283,894
118,907257080078,Right,-4,610181,1,193942,2,808709,291,1065,303,4781,285,3746
118,921104431152,Right,-4,610999,1,193368,2,808325,291,5088,301,2163,287,9881
118,935005187988,Right,-4,611301,1,193417,2,808083,291,6724,300,3315,288,9203
118,94889831543,Right,-4,612636,1,192677,2,807294,292,053,298,5284,290,8654
118,962562561035,Right,-4,613381,1,192504,2,806741,292,2643,297,5582,291,8179
118,976638793945,Right,-4,613939,1,192445,2,806229,292,3766,297,5029,291,6524
118,990203857422,Right,-4,614983,1,19237,2,805344,292,2487,298,5449,290,3242
119,00431060791,Right,-4,615941,1,191881,2,804623,292,2703,298,9161,289,8315
119,018173217773,Right,-4,617181,1,191336,2,803431,292,2831,299,4785,289,052
119,031898498535,Right,-4,61885,1,190385,2,801701,292,4594,298,6104,289,7875
119,046035766602,Right,-4,619576,1,190062,2,800706,292,4987,297,9762,290,3385
119,059944152832,Right,-4,620741,1,189412,2,798945,292,7007,296,759,291,4235
119,073585510254,Right,-4,621119,1,189445,2,798356,292,7601,296,6192,291,4865
119,087623596191,Right,-4,621792,1,189162,2,796421,292,6115,296,8224,291,0411
119,101417541504,Right,-4,623151,1,188419,2,793508,292,5365,296,7369,290,8127
119,115394592285,Right,-4,62395,1,18789,2,792092,292,6398,296,2944,291,2042
119,129547119141,Right,-4,625216,1,186723,2,788711,292,9313,294,9568,292,3732
119,143440246582,Right,-4,625617,1,186307,2,786602,293,0367,293,9885,293,2179
119,157417297363,Right,-4,625486,1,186207,2,785013,292,91,293,8269,293,1523
119,171020507813,Right,-4,625217,1,185717,2,782362,292,5609,293,7554,292,6743
119,184913635254,Right,-4,625493,1,185452,2,781509,292,4402,293,7598,292,479
119,198837280273,Right,-4,625618,1,184906,2,778737,292,3483,293,3956,292,4102
119,212738037109,Right,-4,626151,1,184522,2,776429,292,5027,293,0659,292,6027
119,226524353027,Right,-4,626698,1,184119,2,774647,292,6664,292,2566,293,452
119,240478515625,Right,-4,627629,1,183409,2,771425,293,1263,290,2784,295,4843
119,254280090332,Right,-4,628191,1,183457,2,770125,293,3079,289,5078,296,3013
119,26838684082,Right,-4,629745,1,182712,2,765842,293,739,287,8753,297,9522
119,282371520996,Right,-4,630515,1,182443,2,762251,293,8122,286,8286,298,5742
119,296119689941,Right,-4,630873,1,182374,2,760234,293,6597,286,5201,298,366
119,309867858887,Right,-4,631613,1,18223,2,755586,293,2214,286,3411,297,468
119,323745727539,Right,-4,632802,1,181841,2,752215,292,9944,286,3243,296,9142
119,337562561035,Right,-4,633553,1,181542,2,749676,292,9636,286,1048,296,8236
119,351570129395,Right,-4,63503,1,181225,2,744205,292,8212,285,7164,296,5479
119,365463256836,Right,-4,635724,1,180878,2,741609,292,7504,285,2731,296,7008
119,379470825195,Right,-4,637095,1,180075,2,734719,292,7054,283,691,297,5597
119,393287658691,Right,-4,63833,1,179615,2,729848,292,7894,282,3637,298,3768
119,407180786133,Right,-4,639209,1,179431,2,726023,292,8486,281,3978,298,8679
119,421096801758,Right,-4,640693,1,178841,2,719403,292,963,279,4965,300,135
119,435249328613,Right,-4,641542,1,178671,2,716157,292,9474,278,3703,301,0832
119,448692321777,Right,-4,642968,1,17783,2,708578,293,0763,275,9866,302,9797
119,462623596191,Right,-4,644585,1,177283,2,701886,293,3293,273,9067,304,5163
119,476455688477,Right,-4,645466,1,176887,2,698216,293,3598,272,7459,305,3885
119,490768432617,Right,-4,646788,1,176333,2,690684,293,4898,271,2458,305,8217
119,504425048828,Right,-4,647758,1,176202,2,688355,293,4229,270,8773,305,9211
119,518180847168,Right,-4,649141,1,175699,2,681082,293,4379,269,7979,306,059
119,532104492188,Right,-4,650701,1,175269,2,674875,293,5566,268,4113,306,5942
119,546180725098,Right,-4,651639,1,175266,2,671734,293,6434,267,6436,306,9263
119,559883117676,Right,-4,653103,1,174972,2,664711,293,7563,265,949,307,8104
119,573783874512,Right,-4,654621,1,175056,2,659905,293,8374,264,6062,308,5259
119,58757019043,Right,-4,655631,1,175035,2,656162,293,9214,263,6552,308,9422
119,601905822754,Right,-4,657733,1,175127,2,649997,294,2019,262,2284,309,3366
119,615478515625,Right,-4,659208,1,175082,2,647125,294,4433,261,6383,309,4401
119,629173278809,Right,-4,662117,1,174604,2,639645,295,1946,259,9445,309,8449
119,643196105957,Right,-4,664921,1,174253,2,633422,295,9044,258,2638,310,4267
119,657173156738,Right,-4,667067,1,173803,2,628489,296,6321,256,8478,311,0121
119,670913696289,Right,-4,670166,1,172956,2,619799,297,8704,254,2523,312,3099
119,684844970703,Right,-4,672003,1,172842,2,615641,298,4139,253,0974,312,7261
119,698997497559,Right,-4,67505,1,171582,2,604078,299,591,250,4042,313,4473
119,712768554688,Right,-4,677661,1,170595,2,594136,300,0925,248,4918,313,5725
119,726791381836,Right,-4,679326,1,169281,2,587021,300,4241,247,0965,313,9005
119,740440368652,Right,-4,682004,1,166203,2,573115,301,0769,244,6135,314,7756
119,75431060791,Right,-4,683726,1,165333,2,568578,301,3138,243,978,315,2712
119,768325805664,Right,-4,685862,1,161726,2,554616,301,8289,241,5524,317,5556
119,781967163086,Right,-4,686688,1,159285,2,542917,302,207,239,463,319,9339
119,795997619629,Right,-4,687879,1,158599,2,537567,302,8014,238,3897,320,7663
119,810005187988,Right,-4,689963,1,156142,2,525023,303,6857,236,319,322,1945
119,823707580566,Right,-4,690196,1,155313,2,520567,303,5494,235,7778,322,7808
119,838073730469,Right,-4,689537,1,149947,2,50515,303,9688,234,3652,323,1863
119,851722717285,Right,-4,690538,1,145703,2,493799,305,0761,232,7213,323,751
119,865600585938,Right,-4,691029,1,144061,2,488719,305,6902,231,6949,324,2534
119,879348754883,Right,-4,691434,1,139924,2,47684,307,096,229,5076,325,3354
119,893524169922,Right,-4,692694,1,137737,2,468785,307,8755,228,7333,325,2803
119,907073974609,Right,-4,693954,1,136313,2,463816,308,1528,228,8687,324,7318
119,921165466309,Right,-4,696294,1,13333,2,455185,308,3705,229,1904,323,8346
119,934997558594,Right,-4,697834,1,131851,2,452199,308,4232,229,4435,323,6616
119,94881439209,Right,-4,701393,1,128091,2,443791,308,5128,229,856,323,4838
119,96272277832,Right,-4,705687,1,124722,2,438644,308,6237,230,4554,324,1486
119,9765625,Right,-4,707569,1,122736,2,435616,308,778,230,6158,324,6432
119,99055480957,Right,-4,711846,1,118213,2,429301,309,0656,230,5709,325,9149
120,004409790039,Right,-4,712998,1,116765,2,427941,309,113,230,6025,326,1293
120,018241882324,Right,-4,717291,1,111568,2,422852,309,4642,231,1247,325,3794
120,032363891602,Right,-4,721129,1,106301,2,418613,309,9477,231,8728,323,6409
120,046585083008,Right,-4,72367,1,102345,2,416414,310,3149,232,265,322,7497
120,060089111328,Right,-4,727953,1,095025,2,411368,310,9893,232,5932,322,0074
120,07398223877,Right,-4,729246,1,092745,2,409883,311,0802,232,4962,322,1084
120,087577819824,Right,-4,733632,1,085226,2,405257,311,5123,232,4557,322,5988
120,101951599121,Right,-4,737143,1,079218,2,401965,311,8326,232,5958,323,4002
120,115669250488,Right,-4,738065,1,076831,2,40074,311,9275,232,5247,323,7935
120,129241943359,Right,-4,740904,1,071067,2,397921,311,9871,232,3592,324,8419
120,143447875977,Right,-4,742971,1,067231,2,395809,312,0202,232,3564,325,6372
120,157295227051,Right,-4,744215,1,065365,2,395265,311,8944,232,3437,326,4115
120,171005249023,Right,-4,739442,1,062579,2,398254,311,5435,232,3367,327,1173
120,185111999512,Right,-4,727314,1,062994,2,406771,311,2469,232,4288,326,8946
120,199020385742,Right,-4,699654,1,061806,2,428439,310,5016,232,9145,326,1493
120,212669372559,Right,-4,674006,1,060597,2,450619,309,9836,233,7533,325,4374
120,22679901123,Right,-4,656235,1,061281,2,467041,309,4905,234,5188,324,5307
120,240379333496,Right,-4,624495,1,058546,2,493998,308,8699,235,4361,323,7556
120,254623413086,Right,-4,611941,1,057214,2,504863,308,7238,235,6318,323,5744
120,268455505371,Right,-4,578456,1,055366,2,534243,308,5828,236,2241,323,181
120,28247833252,Right,-4,550664,1,058156,2,561086,308,285,237,408,322,7393
120,296165466309,Right,-4,534477,1,059459,2,573552,307,6448,237,8022,322,5168
120,310035705566,Right,-4,49765,1,059366,2,599236,306,7233,238,4134,322,1717
120,323829650879,Right,-4,488983,1,058876,2,6025,306,6434,238,4853,322,2676
120,33772277832,Right,-4,472497,1,057623,2,611932,306,3375,238,617,322,3253
120,35147857666,Right,-4,469491,1,056082,2,613021,306,5354,238,4726,322,5313
120,365386962891,Right,-4,470665,1,055528,2,612334,306,6691,238,5114,322,6088
120,379203796387,Right,-4,474193,1,054715,2,611065,307,1501,238,614,322,4046
120,392791748047,Right,-4,476903,1,054291,2,610064,307,1449,239,1297,322,0973
120,406829833984,Right,-4,479089,1,0544,2,609734,307,0064,239,8646,321,6786
120,420509338379,Right,-4,482625,1,054544,2,608808,306,5318,241,1197,320,8558
120,434089660645,Right,-4,483185,1,054475,2,608515,306,359,241,2923,320,5928
120,448173522949,Right,-4,486412,1,054947,2,607506,305,9275,242,1284,319,6638
120,462226867676,Right,-4,488946,1,055345,2,606904,305,8479,242,6162,318,8466
120,475875854492,Right,-4,490284,1,055515,2,606574,305,9348,242,7061,318,4818
120,489891052246,Right,-4,493783,1,055696,2,605533,306,1697,242,963,318,0092
120,503570556641,Right,-4,496437,1,055632,2,604647,306,3975,243,2159,317,8997
120,517791748047,Right,-4,498637,1,055714,2,603937,306,9736,243,295,318,0551
120,53157043457,Right,-4,501198,1,056078,2,603039,307,3542,243,2748,318,424
120,545143127441,Right,-4,501956,1,056474,2,602926,307,3456,243,374,318,3435
120,559272766113,Right,-4,504185,1,057485,2,602671,307,0384,243,8282,317,9117
120,573219299316,Right,-4,505576,1,058025,2,602615,306,7409,244,3553,317,3735
120,58699798584,Right,-4,505662,1,058251,2,602781,306,638,244,5502,317,1603
120,600860595703,Right,-4,506941,1,058864,2,602747,306,6497,244,9673,316,7762
120,614677429199,Right,-4,510826,1,058799,2,5976,306,7963,244,9578,316,864
120,628616333008,Right,-4,520207,1,059329,2,585061,307,4778,244,8565,317,1327
120,64249420166,Right,-4,532856,1,059491,2,56341,307,9919,244,3038,317,858
120,65641784668,Right,-4,543797,1,059577,2,541431,308,0095,244,0657,318,1371
120,670379638672,Right,-4,564122,1,060139,2,503573,307,6247,243,9943,318,1078
120,684280395508,Right,-4,571434,1,060343,2,490395,307,4077,244,1323,317,8907
120,698204040527,Right,-4,594915,1,061161,2,448009,306,8641,244,4014,317,4971
120,712059020996,Right,-4,614565,1,061257,2,412733,306,7834,244,3963,317,577
120,725944519043,Right,-4,626221,1,061008,2,397173,306,976,244,1828,317,894
120,739822387695,Right,-4,648887,1,060541,2,364036,307,573,243,5541,318,7574
120,753723144531,Right,-4,659198,1,06071,2,350147,307,9006,243,1666,319,3001
120,767517089844,Right,-4,656712,1,06088,2,353244,307,8672,243,1054,319,4711
120,781478881836,Right,-4,658393,1,060925,2,350072,307,3564,242,9238,320,0125
120,795265197754,Right,-4,657712,1,061151,2,350296,306,9667,242,7496,320,338
120,809226989746,Right,-4,657222,1,06126,2,350747,305,9989,242,5878,320,8513
120,823081970215,Right,-4,657575,1,060815,2,350825,305,9055,242,5939,320,9944
120,837104797363,Right,-4,65795,1,060483,2,350877,306,0412,242,5716,321,1257
120,850799560547,Right,-4,658797,1,05993,2,351164,306,1299,242,4609,321,78
120,864814758301,Right,-4,659143,1,059723,2,351546,306,0313,242,3921,322,2315
120,878608703613,Right,-4,659821,1,059166,2,352646,305,7299,242,4727,322,9163
120,892562866211,Right,-4,660226,1,05862,2,35409,305,522,242,4665,323,6242
120,906509399414,Right,-4,660358,1,058359,2,355372,305,4183,242,4848,324,0468
120,920356750488,Right,-4,660248,1,05811,2,357691,305,0228,242,37,324,8619
120,934371948242,Right,-4,659794,1,058103,2,358695,304,824,242,2512,325,2633
120,948295593262,Right,-4,659877,1,05749,2,360847,304,5594,241,9499,326,3376
120,962196350098,Right,-4,660416,1,057319,2,36328,304,2124,242,1026,327,1021
120,975944519043,Right,-4,660706,1,05757,2,364566,303,8991,242,5337,327,0114
120,989776611328,Right,-4,661751,1,057818,2,367176,303,2794,243,5084,326,4229
121,003730773926,Right,-4,662684,1,057193,2,368263,303,2272,243,8145,326,0215
121,017501831055,Right,-4,663809,1,056286,2,36857,303,4772,243,6854,326,2036
121,031402587891,Right,-4,665767,1,055095,2,36913,303,8632,243,5075,326,772
121,045204162598,Right,-4,666675,1,05471,2,369018,304,0719,243,3089,327,0296
121,059280395508,Right,-4,669236,1,053469,2,369224,304,5121,242,978,327,6714
121,072982788086,Right,-4,671377,1,052953,2,36942,304,7354,243,1306,327,7823
121,087188720703,Right,-4,672863,1,052543,2,369327,304,7896,243,3198,327,6703
121,101066589355,Right,-4,675534,1,051619,2,369203,304,6718,243,713,327,5479
121,114654541016,Right,-4,676324,1,051154,2,368981,304,5533,243,7203,327,7476
121,12873840332,Right,-4,678756,1,050244,2,368641,304,1325,243,8737,327,8964
121,142852783203,Right,-4,680397,1,050137,2,368523,303,7065,244,3847,327,1327
121,156326293945,Right,-4,679938,1,050836,2,368444,303,4651,244,8812,326,0338
121,170440673828,Right,-4,683681,1,050442,2,368612,302,86,246,2542,324,3439
121,184188842773,Right,-4,685822,1,049402,2,368545,302,8945,246,6486,324,2259
121,198440551758,Right,-4,689086,1,048341,2,367965,303,0487,247,1403,324,1727
121,212074279785,Right,-4,69112,1,047133,2,367177,303,3957,246,957,324,6506
121,225791931152,Right,-4,692469,1,045974,2,36609,303,6646,246,7236,325,1617
121,239967346191,Right,-4,694023,1,044548,2,365146,304,5293,245,9598,326,5016
121,253852844238,Right,-4,696921,1,042936,2,36371,304,9111,245,9831,326,9051
121,267555236816,Right,-4,701411,1,039093,2,361429,305,7911,245,7085,328,2009
121,281578063965,Right,-4,70421,1,036516,2,359402,306,1313,245,5502,328,9128
121,295272827148,Right,-4,705494,1,035334,2,358661,305,9991,245,6747,328,7146
121,309417724609,Right,-4,709234,1,032047,2,357108,305,4365,246,1748,328,1131
121,32332611084,Right,-4,711908,1,029322,2,356009,304,9095,246,5435,327,7581
121,336944580078,Right,-4,713757,1,027189,2,355187,304,4445,246,6971,327,754
121,351112365723,Right,-4,717805,1,022568,2,353724,303,8172,247,0093,327,9549
121,36506652832,Right,-4,719366,1,020795,2,353226,303,7587,247,1595,327,9571
121,378677368164,Right,-4,724936,1,015178,2,352425,304,006,247,9762,327,6213
121,392639160156,Right,-4,729218,1,01046,2,351912,304,6684,248,4413,327,9265
121,40650177002,Right,-4,731526,1,007823,2,351811,305,0795,248,5594,328,2773
0,Sorting end,0,0,0,0,0,0
121,420501708984,Right,-4,735809,1,001718,2,351444,306,0877,248,576,328,9477
121,434265136719,Right,-4,736812,0,9997949,2,351323,306,6392,248,5986,329,1835
121,448059082031,Right,-4,740544,0,9925652,2,350951,308,7991,248,496,330,5284
121,462097167969,Right,-4,739764,0,9893155,2,351375,309,8304,248,4684,330,1965
121,476181030273,Right,-4,737681,0,9890341,2,353275,309,4529,248,6555,329,726
121,489860534668,Right,-4,733909,0,9888741,2,357817,308,3473,249,8147,328,7429
121,503883361816,Right,-4,730067,0,9896666,2,361301,306,8616,250,7825,328,1425
121,517684936523,Right,-4,725486,0,9912789,2,364212,305,8684,250,9523,328,0798
121,531494140625,Right,-4,721375,0,99147,2,367795,305,3688,251,4413,328,0989
121,54566192627,Right,-4,718852,0,9920663,2,36987,305,5764,251,7904,327,6408
121,559272766113,Right,-4,713398,0,994499,2,375304,305,9992,253,3925,324,998
121,573249816895,Right,-4,709547,0,9958078,2,379684,306,2176,254,7839,322,7682
121,587326049805,Right,-4,705327,0,9979026,2,383563,305,9061,255,912,320,9406
121,600982666016,Right,-4,69733,1,000896,2,389538,305,178,257,0199,319,0004
121,615005493164,Right,-4,695322,1,00108,2,391424,305,0245,257,4428,318,3785
121,62899017334,Right,-4,684336,1,005622,2,39793,303,5198,258,1095,316,9289
121,642868041992,Right,-4,67668,1,00857,2,402611,302,4297,258,6345,315,7329
121,656761169434,Right,-4,67283,1,009412,2,404814,302,4249,258,3171,315,4614
121,670509338379,Right,-4,665477,1,012038,2,409793,301,466,258,4615,315,1716
121,684387207031,Right,-4,663248,1,012543,2,41153,301,4792,258,5552,314,8569
121,698547363281,Right,-4,656761,1,015352,2,418278,301,6686,259,6453,312,8929
121,712173461914,Right,-4,651839,1,01778,2,425053,301,771,261,4865,309,9439
121,726387023926,Right,-4,649197,1,019382,2,429155,301,9244,262,7672,307,9687
121,740089416504,Right,-4,643426,1,022891,2,437844,302,3235,265,3657,303,8313
121,75407409668,Right,-4,642023,1,022979,2,440352,302,3485,266,1085,302,6857
121,767875671387,Right,-4,635647,1,025906,2,447651,302,0354,267,8924,299,9653
121,781845092773,Right,-4,629847,1,027453,2,452716,301,4755,268,9557,298,3388
121,79557800293,Right,-4,62726,1,028432,2,45545,301,4246,269,6281,297,2848
121,809608459473,Right,-4,619486,1,029203,2,459163,300,3156,269,4736,297,1698
121,8232421875,Right,-4,61446,1,030765,2,462992,299,7136,270,268,296,1897
121,83723449707,Right,-4,61134,1,0314,2,465571,299,5964,270,7289,295,4259
121,85124206543,Right,-4,606211,1,032424,2,469655,299,4897,271,3346,294,1414
121,865020751953,Right,-4,604253,1,032696,2,471244,299,4268,271,5978,293,6629
121,879302978516,Right,-4,59864,1,033747,2,475234,299,212,272,2157,292,6101
121,893096923828,Right,-4,594672,1,034079,2,476987,298,8634,271,7684,292,8475
121,906784057617,Right,-4,592017,1,034521,2,47797,298,5798,271,3266,293,0258
121,92064666748,Right,-4,586963,1,035592,2,480721,298,0452,271,1692,292,8802
121,934608459473,Right,-4,585303,1,035931,2,481848,297,9053,271,2249,292,7131
121,948379516602,Right,-4,580143,1,037097,2,485957,297,5107,272,0241,291,5695
121,962371826172,Right,-4,575598,1,037876,2,489881,297,286,272,7569,290,0773
121,976135253906,Right,-4,573515,1,038249,2,492073,297,1687,273,3067,289,1266
121,990158081055,Right,-4,568231,1,038923,2,496337,296,8919,273,7539,287,8409
122,004470825195,Right,-4,566649,1,038732,2,497331,296,7415,273,5988,287,9028
122,018089294434,Right,-4,560707,1,038987,2,50091,296,179,273,6631,287,5725
122,031913757324,Right,-4,554695,1,039119,2,504084,295,5658,273,535,287,2491
122,045806884766,Right,-4,551737,1,039152,2,505599,295,261,273,4129,287,0341
122,059509277344,Right,-4,544086,1,038674,2,509127,294,5059,272,9746,286,5302
122,073455810547,Right,-4,539149,1,0383,2,511684,293,9866,272,7307,286,2652
122,08740234375,Right,-4,534704,1,036727,2,513156,293,5811,272,0122,286,6036
122,101318359375,Right,-4,527983,1,03529,2,516075,293,0667,271,3417,286,4428
122,115165710449,Right,-4,525608,1,033501,2,516696,293,1105,270,7072,286,5902
122,129119873047,Right,-4,518505,1,030389,2,519171,292,9466,269,4055,286,7361
122,143165588379,Right,-4,513313,1,026745,2,519909,292,9203,267,2361,287,6521
122,156982421875,Right,-4,509445,1,023829,2,519984,292,8427,265,2275,288,5934
122,170967102051,Right,-4,502725,1,01828,2,519871,292,557,261,4449,290,8044
122,18465423584,Right,-4,501328,1,01591,2,519224,292,6165,259,8588,291,9186
122,198692321777,Right,-4,496345,1,008335,2,51856,293,1234,256,3273,294,2235
122,212532043457,Right,-4,49425,1,001968,2,517714,294,1207,254,2465,295,5223
122,226356506348,Right,-4,493629,0,9973252,2,516826,295,1085,252,9472,296,1251
122,240180969238,Right,-4,492001,0,9873848,2,515143,297,0643,250,5794,297,0891
122,254066467285,Right,-4,492732,0,9829234,2,513682,297,7845,249,8874,297,4519
122,268051147461,Right,-4,488587,0,9715738,2,51929,299,3098,247,2672,298,765
122,281784057617,Right,-4,485173,0,9616268,2,52425,300,549,244,7701,300,3217
122,295890808105,Right,-4,477981,0,9555607,2,547709,301,3201,243,392,301,6931
122,309844970703,Right,-4,467043,0,9422303,2,58053,303,0117,240,6343,304,1795
122,323448181152,Right,-4,458426,0,9321305,2,610587,304,3647,239,0014,306,0166
122,33765411377,Right,-4,452143,0,9229489,2,634791,305,8065,237,8806,307,2216
122,351547241211,Right,-4,442716,0,9094042,2,671894,308,3085,236,5732,308,428
122,365180969238,Right,-4,438725,0,9032285,2,687038,309,5713,236,0776,308,6294
122,379203796387,Right,-4,426945,0,8871627,2,730079,313,1279,234,8995,308,82
122,392936706543,Right,-4,417598,0,8760459,2,76292,315,2252,234,3356,308,4824
122,40699005127,Right,-4,410982,0,8677864,2,786165,317,0339,234,142,306,5352
122,420928955078,Right,-4,397325,0,8534855,2,826156,319,8004,233,1796,305,4446
122,434585571289,Right,-4,391265,0,8468367,2,838253,321,1102,232,9442,305,4356
122,448860168457,Right,-4,370952,0,8304633,2,881338,324,332,231,7668,305,8775
122,46280670166,Right,-4,353673,0,8188806,2,913873,326,5377,230,8309,306,3647
122,476379394531,Right,-4,341063,0,8124726,2,932122,327,5811,230,0891,306,7402
122,490592956543,Right,-4,315718,0,7997452,2,972821,330,5211,228,2035,306,7008
122,504203796387,Right,-4,309255,0,7961544,2,98489,330,8058,228,435,306,2454
122,518051147461,Right,-4,284207,0,785763,3,027878,332,5476,228,328,304,9738
122,532081604004,Right,-4,261715,0,7768334,3,064206,334,0804,228,5236,303,1917
122,545860290527,Right,-4,249213,0,7713535,3,079887,335,3912,228,6911,302,2244
122,559852600098,Right,-4,221305,0,7609041,3,120498,338,4603,228,7608,299,5153
122,573890686035,Right,-4,199621,0,7519112,3,147394,341,2112,228,6954,296,9709
122,587516784668,Right,-4,181516,0,7432181,3,165192,342,9528,228,5477,295,7904
122,601524353027,Right,-4,151829,0,7292086,3,196794,345,7947,228,3636,293,7586
122,615539550781,Right,-4,136919,0,7206209,3,209992,346,928,228,3565,292,4574
122,629211425781,Right,-4,100632,0,7031309,3,242263,349,5152,227,7993,289,6107
122,643272399902,Right,-4,070195,0,6879928,3,266119,351,4102,227,0027,287,8803
122,657081604004,Right,-4,048508,0,6840786,3,279278,352,4781,226,4865,287,3849
122,67098236084,Right,-4,008628,0,6737297,3,302652,354,3312,225,6781,286,5562
122,685119628906,Right,-3,991301,0,669313,3,311226,354,9748,225,3462,286,2218
122,698760986328,Right,-3,946626,0,6615348,3,331066,356,5461,224,4335,285,2393
122,712745666504,Right,-3,907393,0,6554592,3,340013,357,6444,223,8923,283,9977
122,726715087891,Right,-3,883069,0,6512401,3,340026,358,4221,223,7067,282,9979
122,740356445313,Right,-3,838233,0,6448107,3,345193,0,1201926,223,77,280,7108
122,754440307617,Right,-3,82196,0,6413235,3,34161,0,7213109,223,9387,279,6847
122,768394470215,Right,-3,774901,0,6344652,3,336257,2,721491,223,8508,276,8781
122,782135009766,Right,-3,736554,0,6284871,3,328428,4,459437,223,6467,273,6675
122,796310424805,Right,-3,71565,0,6241708,3,318637,5,482133,223,2772,271,5357
122,809928894043,Right,-3,673423,0,6168492,3,299944,7,738997,222,4768,267,6972
122,823875427246,Right,-3,66025,0,6127695,3,292264,8,253694,222,1881,266,7891
122,837882995605,Right,-3,617931,0,606469,3,266671,10,02635,220,9713,263,2
122,851577758789,Right,-3,581676,0,5997053,3,24185,11,41182,219,8567,260,6802
122,865631103516,Right,-3,563781,0,5958224,3,228009,11,92302,219,302,259,9518
122,879539489746,Right,-3,521331,0,5908574,3,196099,12,72869,217,45,257,9499
122,893356323242,Right,-3,489661,0,586931,3,171133,13,17858,215,8218,256,3367
122,907447814941,Right,-3,466483,0,5843171,3,152309,13,51343,214,5996,255,17
122,921211242676,Right,-3,429054,0,5814574,3,122159,13,94542,212,8721,253,6721
122,935035705566,Right,-3,414336,0,5790809,3,10958,14,16187,212,4105,253,0414
122,94905090332,Right,-3,374537,0,5760458,3,076236,14,69067,211,4778,251,7105
122,962715148926,Right,-3,345303,0,5725457,3,050712,15,30521,211,4251,251,1942
122,976844787598,Right,-3,326282,0,5700418,3,0339,15,6849,211,5198,250,9919
122,990676879883,Right,-3,292067,0,5658333,3,003259,16,48939,211,3778,250,1176
123,004676818848,Right,-3,279729,0,5637107,2,991783,16,82652,211,3745,249,5562
123,018508911133,Right,-3,244939,0,5590783,2,959578,17,79103,211,0008,247,8068
123,032333374023,Right,-3,215536,0,5546929,2,932066,18,60127,210,2214,246,4788
123,046112060547,Right,-3,200096,0,5517123,2,916499,19,17151,209,6059,246,2225
123,060150146484,Right,-3,165571,0,545996,2,881671,20,72153,208,2727,245,6557
123,073974609375,Right,-3,156774,0,5438815,2,871263,21,33281,207,968,245,4567
123,087875366211,Right,-3,125578,0,5381396,2,835688,23,37229,206,7599,244,4651
123,101821899414,Right,-3,099841,0,5340574,2,805306,24,86229,205,4873,242,3461
123,11572265625,Right,-3,095826,0,5320148,2,800789,25,42595,205,1579,241,147
123,12964630127,Right,-3,092093,0,5280779,2,791608,26,64947,204,5411,237,8683
123,143516540527,Right,-3,094601,0,5246254,2,79184,27,49858,204,0315,235,4143
123,157287597656,Right,-3,097623,0,5223094,2,792459,28,07337,203,7114,233,4932
123,171356201172,Right,-3,101944,0,5180484,2,793415,29,04049,202,9695,230,1452
123,18522644043,Right,-3,102813,0,5160237,2,793514,29,59356,202,6697,228,7908
123,199012756348,Right,-3,106952,0,511626,2,793837,30,8804,202,0042,225,6757
123,213119506836,Right,-3,108241,0,5090083,2,793909,31,6324,201,5471,223,8171
123,226928710938,Right,-3,109164,0,5076459,2,793791,32,06428,201,284,222,9604
123,240692138672,Right,-3,109354,0,5080438,2,792943,32,20296,201,5374,223,193
123,254653930664,Right,-3,109404,0,5092614,2,792448,32,01455,201,8553,223,9748
123,268424987793,Right,-3,109484,0,5097554,2,791375,32,21278,202,4221,225,0664
123,282371520996,Right,-3,109837,0,5126739,2,79098,31,48446,203,2833,226,6659
123,296577453613,Right,-3,107527,0,5150335,2,791215,30,67837,203,6572,228,0281
123,310089111328,Right,-3,107061,0,5189039,2,78925,29,67133,204,9241,231,0146
123,324111938477,Right,-3,106989,0,5196477,2,788977,29,54,205,0857,231,8876
123,33805847168,Right,-3,103579,0,5206099,2,787967,29,39042,205,377,234,229
123,351806640625,Right,-3,101126,0,5205709,2,787489,29,56934,205,4525,236,0623
123,365852355957,Right,-3,100087,0,5204664,2,787437,29,67181,205,4503,236,7546
123,379692077637,Right,-3,096949,0,519732,2,786948,29,88511,205,4388,238,1408
123,39380645752,Right,-3,094473,0,5188653,2,786606,30,29459,204,8033,238,7295
123,407539367676,Right,-3,092877,0,5181893,2,78635,30,59079,204,3562,239,0166
123,421394348145,Right,-3,091294,0,5177234,2,78595,30,8099,204,0058,239,5652
123,435317993164,Right,-3,091434,0,5178219,2,785916,30,82135,203,9974,239,7377
123,449287414551,Right,-3,090836,0,5179611,2,785664,30,79634,204,0356,240,3051
123,46297454834,Right,-3,091228,0,5183224,2,785559,30,76131,204,1498,240,5019
123,477043151855,Right,-3,091769,0,518557,2,785478,30,76016,204,1897,240,3628
123,490837097168,Right,-3,092268,0,5188261,2,785069,30,78601,204,1135,240,0403
123,504615783691,Right,-3,092033,0,5188385,2,784936,30,81259,204,0851,240,1543
123,518630981445,Right,-3,092937,0,5190383,2,784705,30,8224,203,9607,239,545
123,532508850098,Right,-3,092736,0,5189807,2,784455,30,83639,203,8774,239,4321
123,546714782715,Right,-3,091915,0,5184934,2,783657,31,09855,203,8138,239,8482
123,560600280762,Right,-3,091842,0,5187937,2,783799,31,06733,203,6646,239,7693
123,574081420898,Right,-3,091467,0,5185221,2,783437,31,09973,203,5872,239,8616
123,588081359863,Right,-3,090742,0,5181178,2,782819,31,23565,203,4129,240,161
123,601989746094,Right,-3,089754,0,5171713,2,781953,31,55291,203,4371,240,9504
123,615798950195,Right,-3,089453,0,5168574,2,781819,31,74406,203,5954,241,4064
123,629837036133,Right,-3,088531,0,516777,2,78164,31,80134,203,5437,241,7463
123,643547058105,Right,-3,08779,0,5168388,2,781178,31,82445,203,4383,241,9636
123,657577514648,Right,-3,087234,0,5170592,2,780747,31,79104,203,3654,242,1195
123,671577453613,Right,-3,086308,0,5169552,2,780006,31,98199,203,3014,242,5829
123,68531036377,Right,-3,08597,0,5175769,2,779769,31,83483,203,2967,242,8072
123,699256896973,Right,-3,084515,0,5186879,2,779163,31,53725,202,9769,243,0899
123,713188171387,Right,-3,083588,0,5191836,2,778342,31,46505,202,9232,243,6306
123,726943969727,Right,-3,083264,0,5196519,2,777874,31,36094,203,0315,244,0805
123,741035461426,Right,-3,082673,0,5205606,2,777253,31,09596,203,1391,244,6927
123,754913330078,Right,-3,082409,0,5208112,2,776761,31,0334,203,0416,244,8392
123,768783569336,Right,-3,081057,0,5207519,2,775535,31,12881,202,9833,245,5722
123,782852172852,Right,-3,080364,0,5211219,2,774919,31,03441,202,7889,245,6578
123,79663848877,Right,-3,07968,0,5209964,2,774291,31,04549,202,6253,245,7439
123,810585021973,Right,-3,078431,0,5206646,2,773206,31,1757,202,3523,246,0344
123,824424743652,Right,-3,078249,0,5205342,2,772904,31,26413,202,2719,246,1139
123,838203430176,Right,-3,077291,0,5193383,2,771764,31,78007,202,2448,246,6821
123,852256774902,Right,-3,076795,0,5187138,2,771084,32,08234,202,2749,247,0786
123,866233825684,Right,-3,076656,0,5180838,2,770618,32,3127,202,2671,247,3005
123,880027770996,Right,-3,07605,0,5170554,2,769627,32,6842,202,2915,247,7768
123,893920898438,Right,-3,076104,0,5170233,2,769535,32,81683,202,3083,247,8929
123,907730102539,Right,-3,075636,0,5165194,2,768798,33,11917,202,2635,248,1587
123,921318054199,Right,-3,075323,0,5165977,2,76823,33,18211,202,0561,248,1094
123,935440063477,Right,-3,075083,0,5163053,2,767775,33,29035,202,0169,248,218
123,949035644531,Right,-3,074337,0,5161614,2,766983,33,30462,201,6727,248,1069
123,963188171387,Right,-3,073803,0,5159755,2,766303,33,37685,201,4369,248,1408
123,977027893066,Right,-3,073673,0,5159025,2,766006,33,42913,201,3106,248,1221
123,990852355957,Right,-3,073514,0,5158703,2,765693,33,49437,201,1513,248,0933
124,005058288574,Right,-3,073617,0,5159587,2,765782,33,47044,201,1449,248,0606
124,019119262695,Right,-3,072659,0,5152011,2,76446,33,76851,200,8698,248,3473
124,032524108887,Right,-3,072407,0,5146127,2,763895,34,03765,200,9538,248,7103
124,046867370605,Right,-3,068606,0,5149122,2,760883,33,92867,200,8727,248,5138
124,060546875,Right,-3,064666,0,5148073,2,75759,33,90194,200,7208,248,3839
124,074203491211,Right,-3,058492,0,5146181,2,752444,33,94458,200,6617,248,3614
124,08837890625,Right,-3,042981,0,514136,2,740084,34,03803,200,4491,248,2598
124,101951599121,Right,-3,027531,0,5136929,2,728154,34,15552,200,2912,248,1873
124,116058349609,Right,-3,01211,0,5135077,2,717228,34,21776,200,2174,248,1732
124,129852294922,Right,-2,985394,0,5129168,2,698182,34,44247,199,8692,248,1124
124,143814086914,Right,-2,959592,0,5128704,2,679517,34,51134,199,5344,248,3356
124,157592773438,Right,-2,937173,0,5128825,2,663245,34,51553,199,3317,248,6062
124,171646118164,Right,-2,90207,0,5129676,2,637548,34,45307,199,1637,249,0379
124,185272216797,Right,-2,88711,0,5130494,2,627101,34,39543,199,0971,249,3148
124,199462890625,Right,-2,845134,0,5129758,2,597375,34,12757,198,7797,249,5804
124,213554382324,Right,-2,814519,0,5127386,2,575657,33,96741,198,32,249,5
124,227195739746,Right,-2,794211,0,5125313,2,561133,33,90236,198,0018,249,2825
124,24097442627,Right,-2,757463,0,512237,2,535783,33,78382,197,3981,248,6395
124,254936218262,Right,-2,742761,0,5121765,2,525895,33,7,197,2624,248,3385
124,268814086914,Right,-2,702447,0,5122231,2,498618,33,61351,196,8799,248,0528
124,28263092041,Right,-2,66985,0,5124372,2,477194,33,37503,196,5981,247,8433
124,296401977539,Right,-2,650741,0,5124767,2,464379,33,24123,196,4481,247,8354
124,310333251953,Right,-2,610213,0,5120907,2,436797,33,32757,196,3364,248,4087
124,324523925781,Right,-2,596426,0,5124664,2,427801,33,13565,196,1518,248,2738
124,338066101074,Right,-2,558131,0,5126003,2,4015,33,07641,196,0503,248,1526
124,352088928223,Right,-2,523664,0,5124755,2,377227,33,01174,195,9015,248,1443
124,365875244141,Right,-2,507413,0,5125216,2,364584,32,93248,195,7534,248,1348
124,379760742188,Right,-2,468068,0,5126002,2,335414,32,92719,195,6718,247,9738
124,393653869629,Right,-2,440399,0,5126323,2,312742,32,94597,195,7132,247,8923
124,407447814941,Right,-2,421369,0,5126469,2,294741,32,9445,195,7128,247,8591
124,421478271484,Right,-2,388696,0,5127054,2,265403,32,95697,195,7052,247,8877
124,435470581055,Right,-2,375579,0,5127092,2,25093,32,97655,195,743,247,9182
124,449310302734,Right,-2,34235,0,5127504,2,215492,33,09699,195,8711,248,0794
124,463485717773,Right,-2,318929,0,5127696,2,185371,33,38645,196,1961,248,2667
124,476989746094,Right,-2,304725,0,5127098,2,16675,33,60932,196,463,248,3049
124,490837097168,Right,-2,278096,0,5127567,2,130225,33,69449,196,538,248,3324
124,50505065918,Right,-2,267318,0,5127625,2,114871,33,70621,196,5482,248,3257
124,518569946289,Right,-2,240933,0,5125415,2,092685,33,89531,196,6906,248,4423
124,532562255859,Right,-2,218806,0,5121048,2,088329,34,21309,196,9177,248,7869
124,546722412109,Right,-2,210016,0,5118507,2,08746,34,69979,197,9915,248,6365
124,56029510498,Right,-2,18672,0,5117415,2,088126,34,65406,197,6725,249,0602
124,574310302734,Right,-2,189233,0,5109715,2,08724,35,48184,198,0114,250,2548
124,588523864746,Right,-2,181957,0,5123957,2,087581,34,85489,198,2636,248,8674
124,60205078125,Right,-2,178731,0,5104383,2,087495,35,44243,197,4106,250,9097
124,616050720215,Right,-2,18014,0,5110112,2,087226,35,6433,197,4837,251,2385
124,629730224609,Right,-2,180227,0,5108387,2,086995,35,60269,197,4162,251,2657
124,64421081543,Right,-2,180293,0,5107092,2,08687,35,64256,197,4345,251,3269
124,657981872559,Right,-2,180213,0,5107704,2,086717,35,6448,197,443,251,3234
124,671585083008,Right,-2,180067,0,5107916,2,08655,35,64961,197,445,251,334
124,685516357422,Right,-2,18003,0,510691,2,086394,35,67015,197,4657,251,3706
124,699752807617,Right,-2,179946,0,5105596,2,086151,35,69987,197,4854,251,4193
124,713066101074,Right,-2,179896,0,5104328,2,085927,35,72015,197,5069,251,4691
124,727279663086,Right,-2,17978,0,5103584,2,085926,35,72146,197,4751,251,5262
124,741035461426,Right,-2,179668,0,5102281,2,085871,35,75456,197,4583,251,6515
124,754875183105,Right,-2,179667,0,5102299,2,08588,35,7504,197,4434,251,6769
124,768997192383,Right,-2,17962,0,5101511,2,085769,35,79778,197,5108,251,7674
124,782852172852,Right,-2,179631,0,5102406,2,085628,35,85555,197,6306,251,8364
124,796501159668,Right,-2,179623,0,5102727,2,085602,35,89113,197,7084,251,89
124,810470581055,Right,-2,179656,0,5102895,2,085598,35,91926,197,7937,251,9604
124,82430267334,Right,-2,17967,0,5103353,2,085635,35,91102,197,7946,251,9516
124,838485717773,Right,-2,179763,0,5103458,2,085691,35,91148,197,8682,251,9832
124,852210998535,Right,-2,179852,0,5103478,2,085732,35,90801,197,9204,251,9988
124,865837097168,Right,-2,179957,0,5103433,2,08575,35,90172,197,939,252,0022
124,880187988281,Right,-2,180186,0,5103629,2,085765,35,87675,198,0503,252,0393
124,89387512207,Right,-2,18019,0,5104054,2,085835,35,8704,198,0776,252,0501
124,907768249512,Right,-2,180306,0,5105369,2,085984,35,84818,198,1638,252,0938
124,921585083008,Right,-2,180377,0,5106371,2,086105,35,8337,198,2355,252,1428
124,935684204102,Right,-2,180457,0,5106317,2,08614,35,81419,198,2788,252,1868
124,949417114258,Right,-2,180683,0,5105698,2,086217,35,77339,198,4155,252,3514
124,963439941406,Right,-2,180799,0,5105644,2,086285,35,77705,198,5038,252,4502
124,97713470459,Right,-2,180818,0,5105823,2,086379,35,80322,198,5165,252,4984
124,991203308105,Right,-2,180859,0,5107098,2,086526,35,8098,198,6345,252,6933
125,004997253418,Right,-2,180912,0,5107785,2,086596,35,81154,198,6638,252,7774
125,018844604492,Right,-2,181087,0,5107204,2,086795,35,80827,198,7247,253,0281
125,032737731934,Right,-2,181327,0,5107549,2,087005,35,72816,198,6458,253,1366
125,04704284668,Right,-2,181273,0,5107251,2,087025,35,77525,198,6845,253,334
125,060447692871,Right,-2,18108,0,5107861,2,086761,35,94455,199,0664,253,7609
125,074371337891,Right,-2,180741,0,5106224,2,086772,36,21836,199,3029,254,3009
125,08821105957,Right,-2,180315,0,5108904,2,087011,36,07161,199,127,254,0586
125,102256774902,Right,-2,180898,0,5110334,2,086993,35,97089,199,0237,253,6306
125,116149902344,Right,-2,180693,0,511027,2,087132,35,9306,198,9908,253,5552
125,129829406738,Right,-2,180433,0,5114053,2,087316,35,8161,198,8909,253,3165
125,144302368164,Right,-2,180252,0,5114776,2,087336,35,81221,198,8777,253,2722
125,157974243164,Right,-2,180097,0,5115232,2,087327,35,80409,198,8744,253,2661
125,171524047852,Right,-2,179973,0,5115626,2,087576,35,78446,198,8386,253,2323
125,185432434082,Right,-2,179867,0,5114703,2,087665,35,82756,198,8327,253,3257
125,19930267334,Right,-2,178786,0,5110716,2,088768,35,86936,198,1952,254,0464
125,213455200195,Right,-2,178819,0,5115438,2,088274,35,91396,198,1011,254,1485
125,227409362793,Right,-2,178365,0,5114293,2,088578,35,8022,197,9149,254,5056
125,240928649902,Right,-2,178016,0,5112245,2,088084,35,9436,198,0469,254,8563
125,255012512207,Right,-2,177908,0,5113654,2,088189,35,95803,198,083,254,9146
125,268882751465,Right,-2,17766,0,5114189,2,088194,35,91209,197,9327,254,8735
125,282707214355,Right,-2,177407,0,5114833,2,088246,35,8489,197,7707,254,803
125,296646118164,Right,-2,177192,0,5114584,2,088155,35,80501,197,6615,254,7834
125,310516357422,Right,-2,176691,0,5115449,2,087921,35,75372,197,4489,254,8156
125,324417114258,Right,-2,176739,0,5115726,2,087629,35,74857,197,5355,254,7821
125,338371276855,Right,-2,176585,0,5115887,2,087433,35,70805,197,498,254,7936
125,352081298828,Right,-2,176362,0,5115507,2,087444,35,63874,197,2622,254,8853
125,366142272949,Right,-2,176454,0,5115483,2,087308,35,63031,197,2833,254,8684
125,380256652832,Right,-2,176567,0,5115836,2,087062,35,60761,197,3583,254,8089
125,393836975098,Right,-2,17635,0,5115206,2,087197,35,60566,197,2289,254,851
125,407806396484,Right,-2,176213,0,5113901,2,087164,35,59635,197,1252,254,8314
125,421806335449,Right,-2,176446,0,5113499,2,087031,35,54979,197,1025,254,6618
125,435440063477,Right,-2,176198,0,5110902,2,087171,35,56111,196,8418,254,7366
125,449562072754,Right,-2,175735,0,5107569,2,087409,35,55818,196,3147,254,8363
125,463096618652,Right,-2,175799,0,5107249,2,087383,35,42292,195,9518,254,8552
125,477348327637,Right,-2,175014,0,510328,2,087783,35,47619,194,9541,255,4258
125,491096496582,Right,-2,17439,0,5100325,2,088174,35,51059,193,7902,256,3315
125,504814147949,Right,-2,174024,0,5098472,2,08838,35,67865,192,7771,257,4934
125,518898010254,Right,-2,173288,0,5096074,2,088874,35,79242,191,5018,258,9035
125,532997131348,Right,-2,172576,0,5092498,2,089303,35,92465,189,894,260,4971
125,546585083008,Right,-2,171311,0,508624,2,090509,36,01168,187,3983,262,8245
125,560546875,Right,-2,170601,0,5078238,2,09062,35,68653,185,7519,266,4851
125,574279785156,Right,-2,173267,0,50802,2,08772,36,75812,188,0687,267,4039
125,588226318359,Right,-2,171847,0,5079222,2,089105,37,53132,187,2579,268,8103
125,602394104004,Right,-2,171762,0,508454,2,088989,37,65206,186,4604,269,7224
125,616134643555,Right,-2,171865,0,5087117,2,088861,37,53795,186,0281,270,062
125,62996673584,Right,-2,172016,0,5090501,2,088825,37,42924,186,3605,270,5138
125,644309997559,Right,-2,172034,0,509148,2,088818,37,47461,186,3793,270,5479
125,657653808594,Right,-2,172196,0,5092688,2,088978,37,34122,186,6029,270,8645
125,671653747559,Right,-2,172421,0,5093857,2,089181,37,21772,186,6751,271,4289
125,685523986816,Right,-2,172657,0,509563,2,089274,37,18366,186,6798,271,9182
125,699264526367,Right,-2,173259,0,5100387,2,089664,37,00077,187,011,272,7372
125,713363647461,Right,-2,173208,0,5105377,2,090564,37,16385,185,9962,273,3064
125,727081298828,Right,-2,174057,0,5107591,2,089975,36,90975,186,819,273,7428
125,741188049316,Right,-2,17517,0,5117204,2,090072,36,73917,187,3171,274,1742
125,755325317383,Right,-2,174818,0,5117559,2,090745,37,04812,186,5058,274,6588
125,768783569336,Right,-2,175392,0,5124273,2,09154,37,04285,185,2179,275,4526
125,782722473145,Right,-2,177802,0,5134268,2,090645,36,47235,186,1077,276,8462
125,79655456543,Right,-2,179008,0,5142367,2,090749,36,39727,186,5168,277,0702
125,810485839844,Right,-2,180616,0,5149201,2,091011,36,28281,186,6809,277,1349
125,824523925781,Right,-2,181497,0,5151504,2,090852,36,32291,186,9799,276,781
125,838218688965,Right,-2,183608,0,5153347,2,090604,36,2208,187,4537,275,5899
125,85213470459,Right,-2,187391,0,5164958,2,089735,35,83213,189,217,271,1272
125,866104125977,Right,-2,192282,0,518685,2,087977,34,2585,194,5081,263,6899
125,879981994629,Right,-2,197607,0,520375,2,086055,32,8027,202,2932,253,026
125,894104003906,Right,-2,189943,0,516284,2,088716,32,82613,202,6279,252,7561
125,907791137695,Right,-2,188784,0,5157211,2,088645,32,95148,202,3856,253,2119
125,921508789063,Right,-2,188782,0,5158881,2,088622,32,99535,202,2941,253,4545
125,93537902832,Right,-2,188886,0,515945,2,088608,32,99535,202,2941,253,4545
125,949226379395,Right,-2,188944,0,5159942,2,088624,32,92428,202,4022,253,6277
125,963256835938,Right,-2,189378,0,5160591,2,088744,32,818,202,607,253,9325
125,977294921875,Right,-2,189453,0,5160407,2,088811,32,8038,202,6543,254,0279
125,990936279297,Right,-2,189641,0,5159388,2,089094,32,79882,202,7316,254,2422
126,004981994629,Right,-2,189754,0,5159301,2,089227,32,81326,202,7392,254,2613
126,018623352051,Right,-2,18997,0,5158091,2,089553,32,83236,202,7942,254,297
126,032531738281,Right,-2,190617,0,5156453,2,090317,32,83525,202,9907,254,3398
126,046836853027,Right,-2,191207,0,5154461,2,090868,32,8303,203,1631,254,3634
126,060272216797,Right,-2,192139,0,5151839,2,091796,32,81933,203,4807,254,4376
126,074424743652,Right,-2,192905,0,5151795,2,092556,32,76201,203,736,254,4269
126,088356018066,Right,-2,19409,0,5152284,2,093944,32,65135,204,1763,254,3981
126,102012634277,Right,-2,194333,0,5155449,2,094743,32,53833,204,3066,254,338
126,116027832031,Right,-2,194246,0,5158111,2,095059,32,43206,204,2963,254,2904
126,129959106445,Right,-2,194137,0,5164848,2,095383,32,22526,204,3026,254,2513
126,143455505371,Right,-2,194151,0,5164258,2,095325,32,22526,204,3026,254,2513
126,157623291016,Right,-2,193786,0,5172122,2,095321,32,06209,204,3067,254,3885
126,171417236328,Right,-2,193791,0,5173901,2,095236,31,98835,204,3259,254,5116
126,185401916504,Right,-2,193805,0,5173292,2,095196,31,99965,204,3254,254,5384
126,199440002441,Right,-2,19377,0,517091,2,095062,32,04997,204,3105,254,607
126,213165283203,Right,-2,193823,0,5170081,2,094854,32,0825,204,3209,254,6673
126,22730255127,Right,-2,193899,0,5169026,2,094622,32,11744,204,3244,254,7041
126,241104125977,Right,-2,193981,0,5168059,2,094399,32,12977,204,3256,254,717
126,25464630127,Right,-2,194002,0,5165749,2,094206,32,18972,204,3179,254,7458
126,26872253418,Right,-2,194055,0,5162963,2,09394,32,25636,204,3093,254,7778
126,28288269043,Right,-2,194119,0,5157511,2,093187,32,37969,204,2818,254,8197
126,296394348145,Right,-2,194158,0,5156872,2,093001,32,37969,204,2818,254,8197
126,310539245605,Right,-2,194183,0,5153949,2,092451,32,44946,204,3014,254,8922
126,324180603027,Right,-2,194208,0,5154274,2,092413,32,44946,204,3014,254,8922
126,338218688965,Right,-2,193945,0,5148912,2,091543,32,49675,204,3275,255,0954
126,352203369141,Right,-2,193712,0,5145171,2,090907,32,57169,204,3032,255,2796
126,365699768066,Right,-2,193687,0,5144608,2,09079,32,59254,204,2895,255,3098
126,379592895508,Right,-2,193233,0,5138813,2,090361,32,68584,204,167,255,5092
126,393447875977,Right,-2,193202,0,5136167,2,090129,32,7508,204,0939,255,668
126,407249450684,Right,-2,193183,0,513361,2,089938,32,80114,204,0928,255,7862
126,42113494873,Right,-2,192991,0,5129546,2,089742,32,77353,203,9344,255,9922
126,434799194336,Right,-2,192991,0,5127528,2,089614,32,77267,203,8674,256,1464
126,448844909668,Right,-2,192743,0,5122128,2,089305,32,78679,203,7831,256,5562
126,462715148926,Right,-2,192747,0,5119143,2,089126,32,87533,203,8165,256,9095
126,476470947266,Right,-2,192722,0,5117756,2,089153,32,93574,203,817,257,136
126,490829467773,Right,-2,192763,0,5116367,2,089165,32,98697,203,8568,257,4478
126,504516601563,Right,-2,192889,0,5115208,2,089111,33,11487,204,0306,257,613
126,518020629883,Right,-2,192815,0,511387,2,089208,33,19672,204,1078,257,808
126,532241821289,Right,-2,192352,0,5109348,2,089564,33,28465,204,0177,258,2542
126,545837402344,Right,-2,192345,0,5109632,2,08972,33,31167,203,946,258,4864
126,559661865234,Right,-2,191982,0,5107811,2,090088,33,35585,203,7781,258,9449
126,573684692383,Right,-2,191799,0,5106189,2,090403,33,4618,203,6221,259,6925
126,587417602539,Right,-2,192071,0,5108722,2,090413,33,46231,203,708,259,9281
126,601417541504,Right,-2,192178,0,5114236,2,090611,33,23206,203,8863,260,1027
126,615310668945,Right,-2,192703,0,5121085,2,090401,32,90907,204,0957,259,3767
126,629341125488,Right,-2,193295,0,5129254,2,08992,32,30402,204,5298,258,3602
126,643127441406,Right,-2,193411,0,5130385,2,089283,32,01612,204,9594,257,4763
126,656967163086,Right,-2,193161,0,512877,2,088995,31,93324,205,1022,257,1701
126,670677185059,Right,-2,193236,0,5128839,2,088665,31,88066,205,1742,257,0037
126,684745788574,Right,-2,193162,0,5128522,2,088513,31,85844,205,2323,256,9366
126,69847869873,Right,-2,192926,0,5127987,2,088404,31,83294,205,2717,256,9213
126,712440490723,Right,-2,192662,0,5127456,2,088405,31,78847,205,2241,256,8964
126,72679901123,Right,-2,192683,0,5126803,2,088294,31,76981,205,1937,256,8948
126,740425109863,Right,-2,19283,0,5122531,2,087632,31,73356,205,2001,256,9948
126,754180908203,Right,-2,192835,0,5122812,2,087624,31,71488,205,1688,256,9632
126,768142700195,Right,-2,192745,0,5119862,2,087267,31,65557,205,1031,257,0216
126,781913757324,Right,-2,192565,0,5118823,2,087173,31,56884,204,9869,256,9985
126,795883178711,Right,-2,192497,0,5118173,2,087121,31,53349,204,9218,256,973
126,809722900391,Right,-2,192395,0,5116921,2,087026,31,49309,204,8469,256,9612
126,823455810547,Right,-2,192312,0,5114484,2,086864,31,48584,204,7811,256,99
126,837577819824,Right,-2,192342,0,5114171,2,086812,31,48727,204,7724,256,9909
126,851425170898,Right,-2,1923,0,5115405,2,086926,31,46995,204,7485,256,9618
126,865325927734,Right,-2,192262,0,5117192,2,087128,31,45296,204,7398,256,9377
126,879096984863,Right,-2,192344,0,5119932,2,087452,31,40884,204,7664,256,9085
126,89281463623,Right,-2,192614,0,5120566,2,087521,31,37172,204,8689,256,9002
126,906745910645,Right,-2,192785,0,5120708,2,087575,31,36872,204,9517,256,8929
126,920745849609,Right,-2,192991,0,5119826,2,087657,31,40652,205,0958,256,8864
126,934364318848,Right,-2,192943,0,5119704,2,08771,31,41421,205,1143,256,882
126,948402404785,Right,-2,192802,0,5117542,2,087726,31,40385,205,0983,256,8204
126,962181091309,Right,-2,192728,0,5114859,2,087703,31,45411,205,1367,256,8269
126,976432800293,Right,-2,192745,0,5113149,2,087698,31,53049,205,2247,256,8784
126,990142822266,Right,-2,192747,0,5110388,2,087803,31,62507,205,3217,256,93
127,003852844238,Right,-2,192711,0,511032,2,087888,31,63397,205,3303,256,9427
127,017799377441,Right,-2,192656,0,5110621,2,088136,31,61999,205,3201,256,9615
127,031799316406,Right,-2,192616,0,5111592,2,088405,31,60839,205,3361,257,0276
127,045463562012,Right,-2,192636,0,5111116,2,08848,31,62664,205,3767,257,0744
127,059516906738,Right,-2,192626,0,5110292,2,088687,31,63255,205,4356,257,161
127,073463439941,Right,-2,192704,0,5110935,2,088901,31,59313,205,4608,257,1928
127,08740234375,Right,-2,192843,0,511283,2,089154,31,46355,205,3979,257,1026
127,101379394531,Right,-2,193116,0,511436,2,089323,31,31945,205,3782,257,041
127,114959716797,Right,-2,19336,0,5116143,2,089465,31,17601,205,3633,256,9164
127,12882232666,Right,-2,193828,0,5113061,2,08987,31,13856,205,5472,257,2604
127,142951965332,Right,-2,193663,0,5106229,2,091263,31,11516,204,9725,258,4983
127,156532287598,Right,-2,193356,0,5104475,2,091927,31,10049,203,9489,259,5395
127,170593261719,Right,-2,194251,0,5095351,2,09402,30,78736,202,4371,260,6081
127,184532165527,Right,-2,194413,0,508854,2,094999,30,72894,200,8966,261,7169
127,198417663574,Right,-2,194648,0,5072574,2,097803,30,71925,198,5951,263,5638
127,212509155273,Right,-2,19501,0,506803,2,09963,31,1864,195,9137,265,1434
127,226318359375,Right,-2,199905,0,5088924,2,09818,31,62579,197,5098,263,0942
127,240165710449,Right,-2,200148,0,5074859,2,100438,30,91019,200,9659,263,66
127,25399017334,Right,-2,199537,0,5074362,2,10175,31,14833,199,8439,265,3065
127,267623901367,Right,-2,200149,0,5077071,2,103748,31,227,198,4348,267,6398
127,281639099121,Right,-2,201293,0,5077859,2,105371,31,51116,197,4973,269,4896
127,295639038086,Right,-2,201501,0,5080914,2,106224,31,78187,196,331,270,2955
127,309425354004,Right,-2,202524,0,5080016,2,108044,31,72256,195,4679,270,9959
127,323371887207,Right,-2,203322,0,5086172,2,10774,31,63499,195,5817,271,102
127,337333679199,Right,-2,205576,0,5088953,2,108626,31,42995,197,2563,270,7051
127,351058959961,Right,-2,208818,0,5092412,2,111075,31,70124,199,4993,270,2146
127,365081787109,Right,-2,210371,0,5096038,2,112108,31,96671,201,5385,268,6283
127,378868103027,Right,-2,210989,0,5095067,2,114846,31,82502,202,0111,267,7933
127,392944335938,Right,-2,211717,0,5089596,2,116981,31,65143,201,6165,267,6323
127,406867980957,Right,-2,212272,0,5086011,2,118238,31,63688,201,2248,267,6743
127,420600891113,Right,-2,213212,0,5077023,2,120614,31,70904,200,7077,268,3471
127,434638977051,Right,-2,213824,0,5077074,2,121144,31,85716,200,5624,268,8328
127,448387145996,Right,-2,214662,0,5081145,2,122666,32,02945,200,8237,269,8464
127,462059020996,Right,-2,216954,0,5113501,2,12297,31,5441,202,0818,268,6876
127,476089477539,Right,-2,218122,0,5123281,2,123396,31,23359,204,0708,266,6643
127,490074157715,Right,-2,219419,0,5141665,2,125444,30,56966,205,8596,264,5707
127,504043579102,Right,-2,222527,0,5170245,2,124256,29,08931,208,9252,258,7812
127,517974853516,Right,-2,223226,0,5153853,2,123932,29,38476,213,3591,255,9444
127,531539916992,Right,-2,221059,0,5139092,2,124324,29,95175,214,73,255,6494
127,54557800293,Right,-2,219975,0,5134592,2,124263,30,06055,214,4508,255,8011
127,559547424316,Right,-2,220184,0,5132359,2,124549,29,95501,214,3565,255,2195
127,573204040527,Right,-2,220377,0,5130827,2,124705,29,82156,214,4111,254,6705
127,587303161621,Right,-2,220125,0,5126382,2,125085,29,85495,214,281,254,8926
127,601188659668,Right,-2,220418,0,5126255,2,1257,29,76035,214,0503,255,1636
127,615028381348,Right,-2,220137,0,5124416,2,125835,29,77119,213,6372,255,6725
127,62914276123,Right,-2,220493,0,5125569,2,12622,29,73968,213,434,256,3346
127,642807006836,Right,-2,220793,0,5127918,2,126534,29,6641,213,263,256,9633
127,657089233398,Right,-2,221083,0,5129141,2,126669,29,64177,213,1051,257,3658
127,670822143555,Right,-2,221398,0,513037,2,126967,29,59336,212,7649,257,7445
127,684371948242,Right,-2,221592,0,5130569,2,127076,29,57354,212,5123,257,9365
127,698371887207,Right,-2,221984,0,5129105,2,127565,29,53065,212,0748,257,8658
127,712341308594,Right,-2,222092,0,5127054,2,12784,29,43385,211,6809,257,8262
127,725959777832,Right,-2,222198,0,5126186,2,127906,29,3772,211,5053,257,8541
127,740158081055,Right,-2,222403,0,5124344,2,12816,29,38836,211,3307,257,9858
127,754180908203,Right,-2,22242,0,512423,2,128247,29,43236,211,2156,258,229
127,767852783203,Right,-2,22256,0,5125311,2,128247,29,35115,211,2489,258,4566
127,781768798828,Right,-2,222684,0,5127505,2,128239,29,22624,211,1803,258,3812
127,795539855957,Right,-2,222741,0,5128673,2,128189,29,09593,211,0974,258,2189
127,809494018555,Right,-2,222615,0,5136019,2,127973,29,0381,211,1249,257,8008
127,82347869873,Right,-2,22241,0,5149,2,127603,29,37578,211,9495,257,4256
127,837425231934,Right,-2,223393,0,5155101,2,127347,29,89322,213,5122,256,6007
127,851287841797,Right,-2,222333,0,5159425,2,127432,29,9383,214,1473,255,5521
127,865158081055,Right,-2,221791,0,5158705,2,127097,29,78919,214,1373,255,1018
127,878936767578,Right,-2,220889,0,5160264,2,125862,29,54685,213,7615,254,52
127,893173217773,Right,-2,220348,0,5166315,2,12514,29,35654,213,8383,253,7987
127,907173156738,Right,-2,220103,0,5169697,2,12467,29,27722,214,1243,253,1908
127,920570373535,Right,-2,218923,0,5174145,2,124097,29,09641,214,0649,252,7437
127,934524536133,Right,-2,21807,0,5175032,2,123665,28,85239,213,5536,252,7198
127,94849395752,Right,-2,216905,0,5178845,2,122456,28,51198,212,968,252,5313
127,962516784668,Right,-2,214767,0,5179716,2,12096,28,09089,211,6387,252,9481
127,976387023926,Right,-2,214734,0,5180196,2,120604,28,02502,211,3708,253,0877
127,989936828613,Right,-2,212838,0,5186244,2,118566,27,66286,211,0027,252,6609
128,004058837891,Right,-2,211744,0,5184661,2,118083,27,40459,210,3314,252,8315
128,017974853516,Right,-2,210545,0,5189132,2,116611,26,99957,209,8752,252,5375
128,031784057617,Right,-2,209073,0,5189053,2,115286,26,78331,209,5162,252,5796
128,045684814453,Right,-2,207883,0,518337,2,114673,26,92944,208,9863,253,5433
128,059585571289,Right,-2,206147,0,5181301,2,113332,27,22608,208,282,255,0869
128,073501586914,Right,-2,204864,0,5182058,2,11253,27,30355,207,1963,256,3476
128,087417602539,Right,-2,204371,0,5180184,2,112567,27,3958,206,1764,257,5516
128,101211547852,Right,-2,202923,0,5178769,2,111177,27,65746,205,4952,259,4008
128,115356445313,Right,-2,203348,0,5181567,2,110725,28,02782,205,4641,260,2119
128,129104614258,Right,-2,203614,0,5188091,2,109758,28,4468,206,2182,260,2949
128,14289855957,Right,-2,203569,0,519471,2,109206,28,77093,206,8667,260,0774
128,156860351563,Right,-2,203334,0,5197204,2,108926,29,05821,207,27,260,0074
128,170883178711,Right,-2,202999,0,52066,2,108176,29,02772,207,6216,259,3831
128,184677124023,Right,-2,202953,0,520861,2,107887,28,90033,208,0411,258,7307
128,198547363281,Right,-2,202312,0,5215317,2,106718,28,6932,208,5868,257,8071
128,212265014648,Right,-2,200745,0,5217195,2,106084,28,52411,208,4284,257,8898
128,226364135742,Right,-2,200484,0,5219907,2,105735,28,45947,208,3336,258,0092
128,24040222168,Right,-2,200082,0,522337,2,105308,28,41009,208,2281,258,1839
128,254211425781,Right,-2,199813,0,5225081,2,104805,28,35433,208,0854,258,2589
128,268051147461,Right,-2,199317,0,5224946,2,104258,28,33015,207,9007,258,3369
128,281860351563,Right,-2,198935,0,5222793,2,103586,28,36007,207,6768,258,3456
128,295776367188,Right,-2,198884,0,5220928,2,103428,28,42178,207,5998,258,3008
128,309753417969,Right,-2,198562,0,5216807,2,102851,28,53704,207,3922,258,2039
128,323394775391,Right,-2,198392,0,5213908,2,102431,28,63914,207,242,258,0838
128,337661743164,Right,-2,198093,0,5211681,2,102007,28,71969,207,0781,257,9915
128,351486206055,Right,-2,197213,0,5208021,2,100896,28,79782,206,6847,257,9391
128,365005493164,Right,-2,197135,0,5207332,2,100594,28,8101,206,6193,257,9752
128,379165649414,Right,-2,195925,0,5203602,2,099328,28,85808,206,2663,258,2179
128,393051147461,Right,-2,195375,0,5201688,2,098452,28,91285,206,0278,258,3725
128,406860351563,Right,-2,194948,0,5199623,2,097908,28,95216,205,8285,258,404
128,420883178711,Right,-2,194229,0,5194054,2,097021,29,07455,205,4673,258,3703
128,434722900391,Right,-2,194324,0,5194156,2,097063,29,07959,205,4863,258,3451
128,448425292969,Right,-2,193444,0,5192031,2,096209,29,16749,205,1492,258,1641
128,462615966797,Right,-2,192721,0,5193928,2,095651,29,08665,204,7888,257,9196
128,476165771484,Right,-2,192123,0,5195411,2,095206,29,00702,204,5108,257,7708
128,490127563477,Right,-2,191187,0,519698,2,094419,28,86082,203,9492,257,4441
128,504257202148,Right,-2,191079,0,5196378,2,094193,28,75782,203,7557,257,351
128,517974853516,Right,-2,189549,0,5195984,2,092693,28,74975,203,3585,257,4952
128,531814575195,Right,-2,188799,0,5193222,2,091496,29,06343,203,6348,257,9168
128,545761108398,Right,-2,18835,0,519513,2,091107,29,20844,203,7716,258,1354
128,559555053711,Right,-2,186855,0,5198128,2,090023,29,18894,203,4747,258,2335
128,573852539063,Right,-2,186207,0,5198132,2,089469,29,16534,203,2229,258,2746
128,587631225586,Right,-2,185548,0,5197154,2,088984,29,17617,203,004,258,3271
128,601272583008,Right,-2,185007,0,5196453,2,088342,29,21264,202,8797,258,3487
128,615417480469,Right,-2,184875,0,5196226,2,08813,29,23543,202,8838,258,3507
128,629028320313,Right,-2,184096,0,5195052,2,08758,29,24632,202,7424,258,4241
128,642990112305,Right,-2,183733,0,5194579,2,087168,29,27535,202,6549,258,4534
128,656997680664,Right,-2,183717,0,5194588,2,087089,29,28613,202,6603,258,455
128,670928955078,Right,-2,18367,0,5194556,2,087085,29,28893,202,6544,258,4598
128,684768676758,Right,-2,182863,0,5194701,2,086763,29,25687,202,4502,258,4865
128,698776245117,Right,-2,181443,0,5196066,2,085761,29,21538,202,0977,258,4464
128,712417602539,Right,-2,180975,0,5196735,2,085405,29,22869,201,9807,258,3305
128,726654052734,Right,-2,180477,0,5195881,2,085242,29,23383,201,6632,258,6113
128,740264892578,Right,-2,180398,0,5197884,2,084641,29,21616,201,6478,258,5084
128,754135131836,Right,-2,180123,0,5198115,2,084432,29,20193,201,6446,258,4793
128,768112182617,Right,-2,179501,0,5199267,2,083914,29,17191,201,5473,258,5083
128,781936645508,Right,-2,178501,0,5206698,2,083064,29,07948,201,2943,258,504
128,795974731445,Right,-2,178339,0,5207868,2,082765,29,05746,201,2275,258,5025
128,810089111328,Right,-2,177219,0,5210509,2,081788,28,96355,200,9219,258,5232
128,823715209961,Right,-2,177253,0,5209781,2,081637,28,96409,200,9147,258,5346
128,837844848633,Right,-2,176455,0,5207756,2,08082,28,96651,200,7012,258,591
128,851623535156,Right,-2,176036,0,5207021,2,08024,28,97216,200,5233,258,5645
128,865203857422,Right,-2,175824,0,520614,2,079919,28,98822,200,468,258,6058
128,879318237305,Right,-2,175028,0,5201364,2,07896,29,11637,200,3235,258,8185
128,893051147461,Right,-2,174122,0,5195642,2,077989,29,24533,200,1309,259,0975
128,907012939453,Right,-2,174118,0,5195828,2,077764,29,26405,200,0709,259,0708
128,921157836914,Right,-2,17374,0,519393,2,077179,29,28523,199,9922,259,1216
128,934661865234,Right,-2,17379,0,5194231,2,077112,29,26821,200,0063,259,1266
128,948822021484,Right,-2,173768,0,5194541,2,076691,29,25862,200,0182,259,1653
128,962905883789,Right,-2,173571,0,5193005,2,076216,29,26512,200,0341,259,3312
128,976654052734,Right,-2,173473,0,5193045,2,076048,29,22671,200,0208,259,3661
128,990341186523,Right,-2,173414,0,5193374,2,075669,29,20633,200,0207,259,4005
129,004318237305,Right,-2,173408,0,5193478,2,075661,29,18451,200,0116,259,3896
129,018295288086,Right,-2,175097,0,5192792,2,075313,29,14684,199,9783,259,3728
129,032180786133,Right,-2,177767,0,5192004,2,075028,29,15481,199,9549,259,3344
129,046096801758,Right,-2,179274,0,5191475,2,074944,29,15481,199,9549,259,3344
129,059921264648,Right,-2,183727,0,5189419,2,074587,29,15481,199,9549,259,3344
129,07389831543,Right,-2,186174,0,5187546,2,074348,29,16122,199,9492,259,3252
129,087524414063,Right,-2,192187,0,5183525,2,073817,29,19936,199,9077,259,2616
129,101501464844,Right,-2,198138,0,5179988,2,07344,29,24466,199,8618,259,1883
129,115493774414,Right,-2,201142,0,5178919,2,073475,29,16843,199,6336,259,1758
129,129318237305,Right,-2,207609,0,5173198,2,075333,28,64697,197,8061,259,8419
129,143280029297,Right,-2,212512,0,5156823,2,076645,28,66454,195,0064,262,5324
129,1572265625,Right,-2,216231,0,5147777,2,077701,28,89294,192,357,265,2494
129,171234130859,Right,-2,222179,0,5141386,2,079869,29,01812,187,3341,268,9864
129,185028076172,Right,-2,226787,0,5155334,2,077952,28,74163,185,3635,269,826
129,198883056641,Right,-2,235146,0,5157152,2,07706,28,51585,184,6958,269,8316
129,212631225586,Right,-2,241011,0,515604,2,076765,28,37864,184,33,269,968
129,22673034668,Right,-2,244659,0,5157121,2,076445,28,24503,184,1631,269,6626
129,240707397461,Right,-2,251292,0,5154821,2,076217,28,12484,183,9742,269,5363
129,254501342773,Right,-2,253206,0,5154516,2,076139,28,05731,183,8893,269,4854
129,268493652344,Right,-2,259808,0,5153643,2,075916,27,98719,183,7479,269,337
129,282119750977,Right,-2,265016,0,5151713,2,075679,27,91424,183,6382,269,254
129,296112060547,Right,-2,268056,0,5151287,2,075602,27,84152,183,5433,269,1821
129,309967041016,Right,-2,274521,0,5149407,2,07536,27,75381,183,3905,269,0778
129,32373046875,Right,-2,276285,0,5148404,2,075216,27,7039,183,3195,269,0486
129,338027954102,Right,-2,283086,0,5145912,2,074868,27,70075,183,2356,269,0524
129,351623535156,Right,-2,288884,0,514531,2,074695,27,72,183,1968,269,1251
129,365753173828,Right,-2,292075,0,5145228,2,074602,27,72527,183,1598,269,1538
129,379470825195,Right,-2,299321,0,514506,2,074477,27,65567,183,0864,269,1108
129,393310546875,Right,-2,305023,0,5145082,2,074418,27,59817,183,0379,269,08
129,407211303711,Right,-2,309029,0,5145026,2,074385,27,58852,183,0485,269,0863
129,421279907227,Right,-2,31604,0,5145251,2,074416,27,65548,183,1495,269,1833
129,434860229492,Right,-2,318937,0,5145383,2,074455,27,73571,183,2236,269,2576
129,448974609375,Right,-2,327044,0,5145834,2,07454,27,82568,183,3485,269,3651
129,463088989258,Right,-2,333482,0,5146378,2,074643,27,87592,183,4511,269,4366
129,476867675781,Right,-2,337484,0,5146658,2,074725,27,91662,183,5307,269,4986
129,490859985352,Right,-2,345428,0,5146061,2,074873,27,95378,183,6324,269,649
129,504516601563,Right,-2,348179,0,5145811,2,074921,27,99908,183,6482,269,7184
129,51823425293,Right,-2,356833,0,5144579,2,075013,27,99884,183,6412,269,8138
129,532211303711,Right,-2,36476,0,5143694,2,075123,28,1184,183,7643,270,0098
129,545989990234,Right,-2,368908,0,5143403,2,075207,28,26033,183,8645,270,1668
129,560028076172,Right,-2,378525,0,5142213,2,075367,28,49604,184,0586,270,4632
129,573974609375,Right,-2,380213,0,5141987,2,075456,28,67841,184,1399,270,6537
129,587753295898,Right,-2,388587,0,5142419,2,075599,28,80063,184,1564,270,8223
129,601699829102,Right,-2,389954,0,5143825,2,075753,28,73465,184,034,270,7821
129,615875244141,Right,-2,39005,0,5143681,2,075737,28,69419,183,9965,270,7493
129,629425048828,Right,-2,390172,0,5143408,2,075755,28,67973,183,9619,270,7424
129,643585205078,Right,-2,390154,0,5143121,2,07577,28,72625,184,0206,270,7884
129,657211303711,Right,-2,390104,0,5143113,2,075805,28,78201,184,0643,270,8503
129,671234130859,Right,-2,390031,0,5143458,2,075873,28,87009,184,1232,270,9453
129,685165405273,Right,-2,390035,0,5143447,2,0759,28,91745,184,1416,270,9799
129,699127197266,Right,-2,390021,0,5142274,2,075876,28,95335,184,1794,270,9955
129,713012695313,Right,-2,389995,0,5141226,2,075854,28,97735,184,1946,270,9914
129,727020263672,Right,-2,389982,0,5141999,2,075876,28,99592,184,2122,271,0017
129,740570068359,Right,-2,389938,0,5143234,2,0759,29,05402,184,254,271,0582
129,75456237793,Right,-2,389925,0,5143537,2,075886,29,09408,184,2673,271,0974
129,768753051758,Right,-2,389897,0,5144609,2,075844,29,11457,184,2679,271,115
129,782257080078,Right,-2,389876,0,5145168,2,075732,29,07217,184,2282,271,089
129,796432495117,Right,-2,389863,0,5145504,2,075647,29,04134,184,2172,271,1093
129,810028076172,Right,-2,389925,0,5146905,2,075581,28,95249,184,2225,271,1954
129,824264526367,Right,-2,390048,0,5147794,2,075592,28,89306,184,2157,271,2197
129,837966918945,Right,-2,390289,0,5149161,2,075672,28,80423,184,2292,271,3274
129,851715087891,Right,-2,390347,0,5148745,2,075665,28,77985,184,2001,271,4688
129,865737915039,Right,-2,390438,0,5149639,2,075651,28,78284,184,2337,271,6642
129,879653930664,Right,-2,390529,0,5150487,2,075487,28,8432,184,4569,272,3403
129,893417358398,Right,-2,391,0,5150783,2,075488,28,88193,184,6784,273,5757
129,907470703125,Right,-2,390996,0,5146186,2,075373,29,06696,185,7921,276,2531
129,921447753906,Right,-2,391243,0,5156554,2,075538,28,9382,185,8213,277,0658
129,935531616211,Right,-2,391437,0,5159112,2,075428,29,13389,184,9443,275,4692
129,949295043945,Right,-2,391393,0,5155924,2,075446,29,23267,184,2957,273,906
129,962829589844,Right,-2,391219,0,5152993,2,075634,28,8168,184,3165,274,1433
129,976821899414,Right,-2,391375,0,5156635,2,075659,28,6089,184,5998,274,8994
129,990859985352,Right,-2,391716,0,5170924,2,075459,28,4637,185,0066,276,0826
130,004547119141,Right,-2,392024,0,5179477,2,075464,28,45355,185,1669,276,7071
130,018646240234,Right,-2,392517,0,5188653,2,075653,28,4213,185,5016,277,6831
130,032531738281,Right,-2,39325,0,5200402,2,07569,28,36179,185,8138,278,6823
130,046432495117,Right,-2,393613,0,5206668,2,075792,28,40586,185,9189,279,414
130,060394287109,Right,-2,395481,0,5233858,2,076207,27,50848,186,1484,280,5824
130,074203491211,Right,-2,397761,0,5275345,2,074419,25,65737,187,1277,277,1142
130,087905883789,Right,-2,400052,0,5284247,2,073335,24,07212,191,0115,275,5012
130,101989746094,Right,-2,401209,0,5292515,2,074568,24,15179,192,7074,275,5125
130,115737915039,Right,-2,401876,0,5301512,2,075213,24,30351,193,2898,275,6756
130,12971496582,Right,-2,403913,0,5335005,2,076167,23,49761,193,4589,275,2861
130,143814086914,Right,-2,410851,0,5427887,2,076554,20,39645,196,0049,268,9044
130,157608032227,Right,-2,411412,0,5430338,2,076503,19,69664,198,7755,268,2668
130,17155456543,Right,-2,4148,0,5485716,2,078392,18,79399,200,5984,269,079
130,185241699219,Right,-2,418283,0,5541021,2,078497,17,23258,202,9576,266,2947
130,198928833008,Right,-2,420228,0,5594715,2,079865,15,78394,205,739,267,2254
130,21305847168,Right,-2,422141,0,5641122,2,081577,15,52742,206,8443,270,3832
130,226913452148,Right,-2,424694,0,5693294,2,08363,15,16521,207,8159,272,9348
130,240646362305,Right,-2,429717,0,5790547,2,087029,13,99803,209,2858,275,7243
130,254913330078,Right,-2,434805,0,590163,2,089913,11,37015,210,6824,268,9695
130,268600463867,Right,-2,437981,0,5991373,2,09306,8,664299,211,7433,264,8822
130,282608032227,Right,-2,44232,0,6068562,2,096138,7,758695,213,1575,264,7844
130,296401977539,Right,-2,44477,0,6125089,2,0983,7,235947,213,8077,264,3804
130,310119628906,Right,-2,449188,0,623997,2,102404,5,873713,214,9066,263,7831
130,324081420898,Right,-2,450271,0,6277542,2,103493,5,383221,215,1586,263,6965
130,337936401367,Right,-2,454611,0,6388252,2,107427,3,856752,216,1929,263,47
130,351791381836,Right,-2,45838,0,6474978,2,110627,2,573706,217,1452,263,2681
130,365936279297,Right,-2,457858,0,6569567,2,113515,1,207047,216,8383,263,4468
130,379898071289,Right,-2,457976,0,6739364,2,118372,358,6927,216,0565,263,4774
130,393905639648,Right,-2,458477,0,6835795,2,120407,357,1668,215,7367,263,7677
130,407455444336,Right,-2,457359,0,6916838,2,122353,355,699,215,2621,264,3541
130,421234130859,Right,-2,457474,0,7048456,2,124994,353,8781,215,746,265,9268
130,435623168945,Right,-2,458362,0,7104492,2,12599,353,0904,215,957,266,1423
130,449462890625,Right,-2,458736,0,7237686,2,130122,351,4811,216,6052,267,0783
130,463104248047,Right,-2,459664,0,7338517,2,13312,350,2561,217,0641,267,5058
130,47721862793,Right,-2,46091,0,7404291,2,135314,349,5957,217,8237,267,691
130,490921020508,Right,-2,463122,0,7515563,2,140159,348,4742,219,3789,267,4107
130,505126953125,Right,-2,463581,0,7561432,2,142021,347,9272,219,7409,267,3621
130,518524169922,Right,-2,464671,0,7675084,2,146892,346,6152,220,925,267,017
130,532318115234,Right,-2,465475,0,7764531,2,150326,345,8258,221,7688,266,7614
130,546356201172,Right,-2,466232,0,780629,2,152082,345,6091,222,473,266,6801
130,560333251953,Right,-2,465893,0,7882169,2,15602,344,9501,223,1194,266,8726
130,574005126953,Right,-2,465863,0,7910615,2,157421,344,6407,223,2559,266,755
130,588439941406,Right,-2,464638,0,7985164,2,160955,343,8795,223,1405,266,9305
130,602355957031,Right,-2,463817,0,8042284,2,163509,343,2493,223,0145,267,0099
130,616104125977,Right,-2,463135,0,8054097,2,163989,343,2253,222,734,267,0607
130,629928588867,Right,-2,46255,0,8094695,2,165799,343,0263,222,6672,267,1294
130,643432617188,Right,-2,462634,0,8095585,2,165844,343,1742,222,646,267,1582
130,657730102539,Right,-2,463039,0,8116204,2,166857,343,4556,222,8085,267,2054
130,671432495117,Right,-2,463947,0,8140259,2,168146,343,4468,223,5679,267,4991
130,685195922852,Right,-2,464294,0,8148311,2,168711,343,4704,223,7794,267,4572
130,699264526367,Right,-2,464643,0,8172987,2,171126,342,8115,224,3326,266,9835
130,713562011719,Right,-2,464561,0,8184153,2,172354,342,7224,224,0384,266,705
130,72688293457,Right,-2,464808,0,8188242,2,172615,342,7018,224,0432,266,6012
130,740829467773,Right,-2,465545,0,8195537,2,173172,343,025,224,0656,266,4073
130,75456237793,Right,-2,465602,0,8183527,2,172592,343,2658,223,9937,266,3516
130,768585205078,Right,-2,466005,0,8183055,2,172775,343,6018,223,9695,266,1414
130,782577514648,Right,-2,466151,0,8184842,2,173417,343,695,224,0569,266,0178
130,796371459961,Right,-2,466257,0,8184198,2,173779,343,6741,224,1455,266,0396
130,810836791992,Right,-2,466688,0,8183882,2,17413,343,7087,224,2619,266,0594
130,824584960938,Right,-2,466622,0,8184008,2,174229,343,7087,224,2619,266,0594
130,838272094727,Right,-2,466622,0,8184008,2,174229,343,7087,224,2619,266,0594
130,852523803711,Right,-2,466622,0,8184007,2,174229,343,7087,224,2619,266,0594
130,866073608398,Right,-2,466622,0,8184008,2,174229,343,7087,224,2619,266,0594
130,879852294922,Right,-2,466622,0,8184008,2,174229,343,7087,224,2619,266,0594
130,893981933594,Right,-2,466622,0,8184008,2,174229,343,7087,224,2619,266,0594
130,907470703125,Right,-2,466622,0,8184008,2,174229,343,7087,224,2619,266,0594
130,921264648438,Right,-2,466622,0,8184008,2,174229,343,7087,224,2619,266,0594
130,935043334961,Right,-2,466622,0,8184008,2,174229,343,7087,224,2619,266,0594
130,948684692383,Right,-2,466622,0,8184008,2,174229,343,7087,224,2619,266,0594
130,96257019043,Right,-2,466622,0,8184008,2,174229,343,7087,224,2619,266,0594
130,976547241211,Right,-2,466622,0,8184008,2,174229,343,7087,224,2619,266,0594
130,990356445313,Right,-2,466622,0,8184008,2,174229,343,7087,224,2619,266,0594
131,004425048828,Right,-2,466622,0,8184007,2,174229,343,7087,224,2619,266,0594
